analysis_id,recording_key,voice_id,user_id,sales_name,group_name,call_time,call_status,call_stage,stage_confidence,summary_ar,attendance_intent,attendance_risk,cancel_absence_reason,cancel_absence_reason_ar,need_reschedule,reschedule_time,teacher_preference,level_signal,price_sensitivity,parent_involvement_needed,trial_satisfaction,student_level_summary_ar,learning_goal_ar,pain_points_ar,purchase_intent,purchase_intent_reason_ar,main_objection,main_objection_ar,payment_blocker,other_reason_ar,other_objection_ar,manual_review_reason_ar,next_action_ar,target_pool,priority,should_create_task,analysis_status,analysis_error,raw_ai_json,analyzed_at,created_at,updated_at,play_url,down_url,oss_object_key,oss_signed_url,transcript_text,transcript_status,transcript_error,asr_task_id,asr_model,transcribed_at,lead_quality,course_feedback,fraud_risk,followup_issue,next_action,reason_ar
analysis_voice_599280297,voice_599280297,599280297,62955965,EGCC-maiwaheed,2313(Maqsam),2026-04-22 00:03:37,双方接通,unknown,low,المكالمة غير واضحة ومتقطعة للغاية، تحتوي على جمل غير مترابطة وعبارات لا تتعلق بخدمة التعليم الإنجليزية. لا يمكن تحديد الغرض منها أو مرحلة العميل بشكل دقيق.,unclear,unclear,not_applicable,,unclear,,unclear,unclear,unclear,unclear,unclear,,,,unclear,,unknown,,not_applicable,,,"المكالمة غير واضحة ومتقطعة للغاية، تحتوي على جمل غير مترابطة وعبارات لا تتعلق بخدمة التعليم الإنجليزية (مثل ""أجرب تويتر في الماركت""). لا يمكن تحديد مرحلة العميل أو غرض المكالمة.",يجب مراجعة المكالمة يدوياً لفهم السياق أو تحديد ما إذا كانت مكالمة خاطئة أو غير ذات صلة.,manual_review_pool,medium,true,success,,"{""call_stage"": ""unknown"", ""stage_confidence"": ""low"", ""summary_ar"": ""المكالمة غير واضحة ومتقطعة للغاية، تحتوي على جمل غير مترابطة وعبارات لا تتعلق بخدمة التعليم الإنجليزية. لا يمكن تحديد الغرض منها أو مرحلة العميل بشكل دقيق."", ""attendance_intent"": ""unclear"", ""attendance_risk"": ""unclear"", ""cancel_absence_reason"": ""not_applicable"", ""cancel_absence_reason_ar"": """", ""need_reschedule"": ""unclear"", ""reschedule_time"": """", ""teacher_preference"": ""unclear"", ""level_signal"": ""unclear"", ""price_sensitivity"": ""unclear"", ""parent_involvement_needed"": ""unclear"", ""trial_satisfaction"": ""unclear"", ""student_level_summary_ar"": """", ""learning_goal_ar"": """", ""pain_points_ar"": """", ""purchase_intent"": ""unclear"", ""purchase_intent_reason_ar"": """", ""main_objection"": ""unknown"", ""main_objection_ar"": """", ""payment_blocker"": ""not_applicable"", ""other_reason_ar"": """", ""other_objection_ar"": """", ""manual_review_reason_ar"": ""المكالمة غير واضحة ومتقطعة للغاية، تحتوي على جمل غير مترابطة وعبارات لا تتعلق بخدمة التعليم الإنجليزية (مثل \""أجرب تويتر في الماركت\""). لا يمكن تحديد مرحلة العميل أو غرض المكالمة."", ""next_action_ar"": ""يجب مراجعة المكالمة يدوياً لفهم السياق أو تحديد ما إذا كانت مكالمة خاطئة أو غير ذات صلة."", ""target_pool"": ""manual_review_pool"", ""priority"": ""medium"", ""should_create_task"": true}",2026-04-26 00:35:06,2026-04-26 00:35:06,2026-04-26 00:35:06,,,,,,,,,,,,,,,,
analysis_voice_599281493,voice_599281493,599281493,62979667,EGCC-fatmamohamed,2310(Maqsam),2026-04-22 00:14:35,双方接通,unknown,low,,,,,,,,,,,,,,,,,,,,,,,فشل تحليل المكالمة آليًا، وتحتاج إلى مراجعة يدوية.,,manual_review_pool,medium,true,failed,"No JSON object found in Gemini response: { ""call_stage"": ""unknown"", ""stage_confidence"": ""medium"", ""summary_ar"": ""العميل يتحدث عن رغبته في تحسين مهارة التحدث باللغة الإنجليزية ويريد تقييم مستواه. ذكر أنه يعرف الحروف ويستطيع القراءة، لكنه يهدف إلى التحدث بطلاقة. في نهاية المكالمة، ذكر أنه مشغول حالياً ويرغب في التحدث في وقت آخر. كان هناك بعض التشويش في الصوت خلال المكالمة."", ""attendance_intent"": ""not_applicable"", ""attendance_risk"": ""not_applicable"", ""cancel_absence_reason"": ""not_applicable"",",,2026-04-26 00:39:00,2026-04-26 00:39:00,2026-04-26 00:39:00,,,,,,,,,,,,,,,,
analysis_voice_599283551,voice_599283551,599283551,62969756,EGCC-maiwaheed,2313(Maqsam),2026-04-22 00:26:18,双方接通,post_class_followup,medium,الأب قرر إحضار معلمة للمنزل ويرى أن التعليم الحضوري أفضل من التعليم عن بعد. الأب مشغول بالعمل.,not_applicable,not_applicable,online_mode_concern,الأب يفضل التعليم الحضوري في المنزل على التعليم عن بعد.,no,,not_applicable,not_applicable,not_applicable,yes,low,not_applicable,not_applicable,not_applicable,low,الأب يفضل التعليم الحضوري في المنزل على التعليم عن بعد.,online_mode_concern,الأب يفضل التعليم الحضوري في المنزل ويرى أنه أفضل من التعليم عن بعد.,not_applicable,,,,لا يوجد اهتمام بالتعليم عن بعد، يمكن إغلاق الفرصة أو محاولة فهم إمكانية تغيير الرأي مستقبلاً.,low_priority_pool,low,true,success,,"{""call_stage"": ""post_class_followup"", ""stage_confidence"": ""medium"", ""summary_ar"": ""الأب قرر إحضار معلمة للمنزل ويرى أن التعليم الحضوري أفضل من التعليم عن بعد. الأب مشغول بالعمل."", ""attendance_intent"": ""not_applicable"", ""attendance_risk"": ""not_applicable"", ""cancel_absence_reason"": ""online_mode_concern"", ""cancel_absence_reason_ar"": ""الأب يفضل التعليم الحضوري في المنزل على التعليم عن بعد."", ""need_reschedule"": ""no"", ""reschedule_time"": null, ""teacher_preference"": ""not_applicable"", ""level_signal"": ""not_applicable"", ""price_sensitivity"": ""not_applicable"", ""parent_involvement_needed"": ""yes"", ""trial_satisfaction"": ""low"", ""student_level_summary_ar"": ""not_applicable"", ""learning_goal_ar"": ""not_applicable"", ""pain_points_ar"": ""not_applicable"", ""purchase_intent"": ""low"", ""purchase_intent_reason_ar"": ""الأب يفضل التعليم الحضوري في المنزل على التعليم عن بعد."", ""main_objection"": ""online_mode_concern"", ""main_objection_ar"": ""الأب يفضل التعليم الحضوري في المنزل ويرى أنه أفضل من التعليم عن بعد."", ""payment_blocker"": ""not_applicable"", ""other_reason_ar"": null, ""other_objection_ar"": null, ""manual_review_reason_ar"": null, ""next_action_ar"": ""لا يوجد اهتمام بالتعليم عن بعد، يمكن إغلاق الفرصة أو محاولة فهم إمكانية تغيير الرأي مستقبلاً."", ""target_pool"": ""low_priority_pool"", ""priority"": ""low"", ""should_create_task"": true}",2026-04-26 00:39:13,2026-04-26 00:39:13,2026-04-26 00:39:13,,,,,,,,,,,,,,,,
analysis_voice_599284902,voice_599284902,599284902,61875055,EGCC-maiwaheed,2313(Maqsam),2026-04-22 00:34:03,双方接通,no_answer_or_voicemail,high,المكالمة قصيرة جداً وغير واضحة، لا يوجد محادثة حقيقية مع العميل. يبدو أنها مجرد تحية متكررة.,not_applicable,not_applicable,not_applicable,,not_applicable,,not_applicable,not_applicable,not_applicable,not_applicable,not_applicable,,,,not_applicable,,not_applicable,,not_applicable,,,,إعادة الاتصال بالعميل لمحاولة التواصل وفهم الغرض من المكالمة.,callback_pool,medium,true,success,,"{""call_stage"": ""no_answer_or_voicemail"", ""stage_confidence"": ""high"", ""summary_ar"": ""المكالمة قصيرة جداً وغير واضحة، لا يوجد محادثة حقيقية مع العميل. يبدو أنها مجرد تحية متكررة."", ""attendance_intent"": ""not_applicable"", ""attendance_risk"": ""not_applicable"", ""cancel_absence_reason"": ""not_applicable"", ""cancel_absence_reason_ar"": null, ""need_reschedule"": ""not_applicable"", ""reschedule_time"": null, ""teacher_preference"": ""not_applicable"", ""level_signal"": ""not_applicable"", ""price_sensitivity"": ""not_applicable"", ""parent_involvement_needed"": ""not_applicable"", ""trial_satisfaction"": ""not_applicable"", ""student_level_summary_ar"": null, ""learning_goal_ar"": null, ""pain_points_ar"": null, ""purchase_intent"": ""not_applicable"", ""purchase_intent_reason_ar"": null, ""main_objection"": ""not_applicable"", ""main_objection_ar"": null, ""payment_blocker"": ""not_applicable"", ""other_reason_ar"": null, ""other_objection_ar"": null, ""manual_review_reason_ar"": null, ""next_action_ar"": ""إعادة الاتصال بالعميل لمحاولة التواصل وفهم الغرض من المكالمة."", ""target_pool"": ""callback_pool"", ""priority"": ""medium"", ""should_create_task"": true}",2026-04-26 00:40:44,2026-04-26 00:40:44,2026-04-26 00:40:44,,,,,,,,,,,,,,,,
analysis_voice_599284994,voice_599284994,599284994,62803877,EGCC-maiwaheed,2313(Maqsam),2026-04-22 00:39:02,双方接通,post_class_followup,high,المكالمة بعد تجربة أو استفسار مبدئي. العميل مهتم بالخدمة ولكن لديه عائق مادي يمنعه من الاشتراك حالياً، ويطلب معرفة الأقساط الشهرية ويؤجل القرار للشهر القادم.,not_applicable,not_applicable,not_applicable,,not_applicable,,not_applicable,not_applicable,high,unclear,high,,,,medium,العميل مهتم بالخدمة ويسأل عن الأقساط، لكن لديه عائق مادي حالياً.,price,العائق المادي وعدم القدرة على الدفع حالياً.,insufficient_cash,,,,متابعة العميل الشهر القادم للاستفسار عن تحسن الوضع المادي وإمكانية الاشتراك. يمكن تقديم عروض مرنة للدفع إذا كانت متاحة.,payment_blocked_pool,medium,true,success,,"{""call_stage"": ""post_class_followup"", ""stage_confidence"": ""high"", ""summary_ar"": ""المكالمة بعد تجربة أو استفسار مبدئي. العميل مهتم بالخدمة ولكن لديه عائق مادي يمنعه من الاشتراك حالياً، ويطلب معرفة الأقساط الشهرية ويؤجل القرار للشهر القادم."", ""attendance_intent"": ""not_applicable"", ""attendance_risk"": ""not_applicable"", ""cancel_absence_reason"": ""not_applicable"", ""cancel_absence_reason_ar"": null, ""need_reschedule"": ""not_applicable"", ""reschedule_time"": null, ""teacher_preference"": ""not_applicable"", ""level_signal"": ""not_applicable"", ""price_sensitivity"": ""high"", ""parent_involvement_needed"": ""unclear"", ""trial_satisfaction"": ""high"", ""student_level_summary_ar"": null, ""learning_goal_ar"": null, ""pain_points_ar"": null, ""purchase_intent"": ""medium"", ""purchase_intent_reason_ar"": ""العميل مهتم بالخدمة ويسأل عن الأقساط، لكن لديه عائق مادي حالياً."", ""main_objection"": ""price"", ""main_objection_ar"": ""العائق المادي وعدم القدرة على الدفع حالياً."", ""payment_blocker"": ""insufficient_cash"", ""other_reason_ar"": null, ""other_objection_ar"": null, ""manual_review_reason_ar"": null, ""next_action_ar"": ""متابعة العميل الشهر القادم للاستفسار عن تحسن الوضع المادي وإمكانية الاشتراك. يمكن تقديم عروض مرنة للدفع إذا كانت متاحة."", ""target_pool"": ""payment_blocked_pool"", ""priority"": ""medium"", ""should_create_task"": true}",2026-04-26 00:40:58,2026-04-26 00:40:58,2026-04-26 00:40:58,,,,,,,,,,,,,,,,
analysis_voice_599286079,voice_599286079,599286079,62977465,EGCC-fatmamohamed,2310(Maqsam),2026-04-22 00:48:03,双方接通,post_class_followup,medium,العميل مشغول جدًا ولم يتمكن من التنسيق مع زوجته لاتخاذ قرار بخصوص الخدمة بعد.,not_applicable,not_applicable,not_applicable,,not_applicable,,not_applicable,not_applicable,unclear,yes,unclear,,,,unclear,,need_parent_approval,يحتاج العميل لمناقشة الأمر مع زوجته لاتخاذ القرار النهائي بخصوص الخدمة.,not_applicable,العميل مشغول جدًا ولم يجد الوقت الكافي للتنسيق مع زوجته لاتخاذ القرار.,,,يجب إعادة الاتصال بالعميل في وقت لاحق بعد أن يتمكن من التنسيق مع زوجته لاتخاذ القرار.,parent_approval_pool,medium,true,success,,"{""call_stage"": ""post_class_followup"", ""stage_confidence"": ""medium"", ""summary_ar"": ""العميل مشغول جدًا ولم يتمكن من التنسيق مع زوجته لاتخاذ قرار بخصوص الخدمة بعد."", ""attendance_intent"": ""not_applicable"", ""attendance_risk"": ""not_applicable"", ""cancel_absence_reason"": ""not_applicable"", ""cancel_absence_reason_ar"": null, ""need_reschedule"": ""not_applicable"", ""reschedule_time"": null, ""teacher_preference"": ""not_applicable"", ""level_signal"": ""not_applicable"", ""price_sensitivity"": ""unclear"", ""parent_involvement_needed"": ""yes"", ""trial_satisfaction"": ""unclear"", ""student_level_summary_ar"": null, ""learning_goal_ar"": null, ""pain_points_ar"": null, ""purchase_intent"": ""unclear"", ""purchase_intent_reason_ar"": null, ""main_objection"": ""need_parent_approval"", ""main_objection_ar"": ""يحتاج العميل لمناقشة الأمر مع زوجته لاتخاذ القرار النهائي بخصوص الخدمة."", ""payment_blocker"": ""not_applicable"", ""other_reason_ar"": ""العميل مشغول جدًا ولم يجد الوقت الكافي للتنسيق مع زوجته لاتخاذ القرار."", ""other_objection_ar"": null, ""manual_review_reason_ar"": null, ""next_action_ar"": ""يجب إعادة الاتصال بالعميل في وقت لاحق بعد أن يتمكن من التنسيق مع زوجته لاتخاذ القرار."", ""target_pool"": ""parent_approval_pool"", ""priority"": ""medium"", ""should_create_task"": true}",2026-04-26 00:42:30,2026-04-26 00:42:30,2026-04-26 00:42:30,,,,,,,,,,,,,,,,
analysis_voice_599287856,voice_599287856,599287856,62697778,EGCC-maiwaheed,2313(Maqsam),2026-04-22 00:59:35,双方接通,unknown,high,العميل يوضح أن الطالب (عبد الله) مسجل بالفعل في برنامج تعليمي آخر عن طريق المدرسة ومنصة 'نون للأيتام' بسبب ظروفه الخاصة (يتيم). كما ذكرت العميل أنها لا تملك المال لتسجيله في منصتنا بسبب الظروف الصعبة.,not_applicable,not_applicable,already_joined_other_course,الطالب مسجل بالفعل في برنامج تعليمي آخر عن طريق المدرسة ومنصة 'نون للأيتام'. بالإضافة إلى ذلك، العميل ذكرت عدم قدرتها المالية على التسجيل.,not_applicable,,not_applicable,not_applicable,high,yes,not_applicable,,,,low,الطالب مسجل بالفعل في برنامج آخر، والعميل ذكرت عدم قدرتها المالية على التسجيل في منصتنا.,already_has_course,الطالب مسجل بالفعل في برنامج تعليمي آخر. بالإضافة إلى ذلك، هناك اعتراض على السعر وعدم القدرة المالية.,insufficient_cash,,,,لا يوجد إجراء متابعة مطلوب. الطالب مسجل بالفعل في برنامج آخر والعميل ليس لديها القدرة المالية. يجب إغلاق هذا العميل كـ 'غير مؤهل'.,no_task,low,false,success,,"{""call_stage"": ""unknown"", ""stage_confidence"": ""high"", ""summary_ar"": ""العميل يوضح أن الطالب (عبد الله) مسجل بالفعل في برنامج تعليمي آخر عن طريق المدرسة ومنصة 'نون للأيتام' بسبب ظروفه الخاصة (يتيم). كما ذكرت العميل أنها لا تملك المال لتسجيله في منصتنا بسبب الظروف الصعبة."", ""attendance_intent"": ""not_applicable"", ""attendance_risk"": ""not_applicable"", ""cancel_absence_reason"": ""already_joined_other_course"", ""cancel_absence_reason_ar"": ""الطالب مسجل بالفعل في برنامج تعليمي آخر عن طريق المدرسة ومنصة 'نون للأيتام'. بالإضافة إلى ذلك، العميل ذكرت عدم قدرتها المالية على التسجيل."", ""need_reschedule"": ""not_applicable"", ""reschedule_time"": null, ""teacher_preference"": ""not_applicable"", ""level_signal"": ""not_applicable"", ""price_sensitivity"": ""high"", ""parent_involvement_needed"": ""yes"", ""trial_satisfaction"": ""not_applicable"", ""student_level_summary_ar"": null, ""learning_goal_ar"": null, ""pain_points_ar"": null, ""purchase_intent"": ""low"", ""purchase_intent_reason_ar"": ""الطالب مسجل بالفعل في برنامج آخر، والعميل ذكرت عدم قدرتها المالية على التسجيل في منصتنا."", ""main_objection"": ""already_has_course"", ""main_objection_ar"": ""الطالب مسجل بالفعل في برنامج تعليمي آخر. بالإضافة إلى ذلك، هناك اعتراض على السعر وعدم القدرة المالية."", ""payment_blocker"": ""insufficient_cash"", ""other_reason_ar"": null, ""other_objection_ar"": null, ""manual_review_reason_ar"": null, ""next_action_ar"": ""لا يوجد إجراء متابعة مطلوب. الطالب مسجل بالفعل في برنامج آخر والعميل ليس لديها القدرة المالية. يجب إغلاق هذا العميل كـ 'غير مؤهل'."", ""target_pool"": ""no_task"", ""priority"": ""low"", ""should_create_task"": false}",2026-04-26 00:44:15,2026-04-26 00:44:15,2026-04-26 00:44:15,,,,,,,,,,,,,,,,
analysis_voice_599288080,voice_599288080,599288080,62981834,51nadamuhammad,2245(Maqsam),2026-04-22 01:01:42,双方接通,pre_class_confirm,high,العميل يطلب معلم/ة عربي/ة، ويطلب تغيير موعد الدرس إلى الصباح (9 أو 10 صباحاً). يستفسر عن الرسوم ويذكر أن والده هو المسؤول عن الدفع وليس لديه جوال، وسيوافق الوالد على الخطة قبل المتابعة. العميل طلب التواصل معه في المنزل لمناقشة الأمر مع الوالد.,unclear,unclear,not_applicable,غير منطبق,yes,صباحاً (9 أو 10 صباحاً),arabic_teacher,unclear,high,yes,not_applicable,غير واضح,غير مذكور بوضوح، لكن ضمنياً تحسين اللغة الإنجليزية مع معلم عربي.,الحاجة لمعلم عربي، الحاجة لتغيير موعد الدرس، الحاجة لموافقة الوالد على الدفع.,medium,العميل يستفسر عن الرسوم ويناقش آلية الدفع، مما يدل على اهتمام مبدئي، لكن القرار النهائي يعتمد على موافقة الوالد وتوفر المعلم والوقت المناسبين.,need_parent_approval,الحاجة لموافقة الوالد على الدفع.,parent_controls_payment,غير منطبق,غير منطبق,غير منطبق,المتابعة مع العميل بعد موافقة الوالد لعرض الخطة وتأكيد الموعد والمعلم العربي.,parent_approval_pool,high,true,success,,"{""call_stage"": ""pre_class_confirm"", ""stage_confidence"": ""high"", ""summary_ar"": ""العميل يطلب معلم/ة عربي/ة، ويطلب تغيير موعد الدرس إلى الصباح (9 أو 10 صباحاً). يستفسر عن الرسوم ويذكر أن والده هو المسؤول عن الدفع وليس لديه جوال، وسيوافق الوالد على الخطة قبل المتابعة. العميل طلب التواصل معه في المنزل لمناقشة الأمر مع الوالد."", ""attendance_intent"": ""unclear"", ""attendance_risk"": ""unclear"", ""cancel_absence_reason"": ""not_applicable"", ""cancel_absence_reason_ar"": ""غير منطبق"", ""need_reschedule"": ""yes"", ""reschedule_time"": ""صباحاً (9 أو 10 صباحاً)"", ""teacher_preference"": ""arabic_teacher"", ""level_signal"": ""unclear"", ""price_sensitivity"": ""high"", ""parent_involvement_needed"": ""yes"", ""trial_satisfaction"": ""not_applicable"", ""student_level_summary_ar"": ""غير واضح"", ""learning_goal_ar"": ""غير مذكور بوضوح، لكن ضمنياً تحسين اللغة الإنجليزية مع معلم عربي."", ""pain_points_ar"": ""الحاجة لمعلم عربي، الحاجة لتغيير موعد الدرس، الحاجة لموافقة الوالد على الدفع."", ""purchase_intent"": ""medium"", ""purchase_intent_reason_ar"": ""العميل يستفسر عن الرسوم ويناقش آلية الدفع، مما يدل على اهتمام مبدئي، لكن القرار النهائي يعتمد على موافقة الوالد وتوفر المعلم والوقت المناسبين."", ""main_objection"": ""need_parent_approval"", ""main_objection_ar"": ""الحاجة لموافقة الوالد على الدفع."", ""payment_blocker"": ""parent_controls_payment"", ""other_reason_ar"": ""غير منطبق"", ""other_objection_ar"": ""غير منطبق"", ""manual_review_reason_ar"": ""غير منطبق"", ""next_action_ar"": ""المتابعة مع العميل بعد موافقة الوالد لعرض الخطة وتأكيد الموعد والمعلم العربي."", ""target_pool"": ""parent_approval_pool"", ""priority"": ""high"", ""should_create_task"": true}",2026-04-26 00:44:30,2026-04-26 00:44:30,2026-04-26 00:44:30,,,,,,,,,,,,,,,,
analysis_voice_599289473,voice_599289473,599289473,61235918,EGCC-eman.amr,2289(Maqsam),2026-04-22 01:10:50,双方接通,pre_class_reschedule,high,تتحدث الأم عن مسار ابنها التعليمي الحالي مع المعلمين المختلفين (مس نور، زوز، أستاذ أحمد) وتذكر أن ابنها لاحظ خطأ بسيطًا من معلمة سابقة. الهدف الرئيسي من المكالمة هو طلب إعادة جدولة الحصة الثالثة من يوم الخميس إلى يوم الأربعاء في نفس الموعد (3 مساءً) بسبب تعارض مع دوام الأم، كما ذكرت أن هناك اختبارًا لابنها الأسبوع القادم.,high,low,work_conflict,تعارض مع وقت دوام الأم,yes,الأربعاء الظهر نفس الموعد ثلاثة,no_preference,unclear,not_applicable,yes,not_applicable,الطالب (عزوز) يتابع دروسه حاليًا وسيخضع لاختبار الأسبوع القادم. درس مع مس نور وزوز، وسيستمر مع أستاذ أحمد. لاحظ الطالب خطأ بسيطًا من معلمة سابقة.,مواصلة تعلم اللغة الإنجليزية وتقييم مستوى الطالب عبر اختبار الأسبوع القادم. الأم مهتمة بفعالية أسلوب الشرح.,الأم تحتاج للتواجد مع ابنها أثناء الحصة، وهذا يتعارض مع دوامها يوم الخميس. لديها أيضًا قلق بسيط بشأن جودة المعلم ودقته.,not_applicable,not_applicable,schedule,تعارض في المواعيد بسبب دوام الأم,not_applicable,,,,تغيير موعد الحصة الثالثة من الخميس إلى الأربعاء الظهر (نفس موعد 3 مساءً) بسبب تعارض مع دوام الأم.,reschedule_pool,high,true,success,,"{""call_stage"": ""pre_class_reschedule"", ""stage_confidence"": ""high"", ""summary_ar"": ""تتحدث الأم عن مسار ابنها التعليمي الحالي مع المعلمين المختلفين (مس نور، زوز، أستاذ أحمد) وتذكر أن ابنها لاحظ خطأ بسيطًا من معلمة سابقة. الهدف الرئيسي من المكالمة هو طلب إعادة جدولة الحصة الثالثة من يوم الخميس إلى يوم الأربعاء في نفس الموعد (3 مساءً) بسبب تعارض مع دوام الأم، كما ذكرت أن هناك اختبارًا لابنها الأسبوع القادم."", ""attendance_intent"": ""high"", ""attendance_risk"": ""low"", ""cancel_absence_reason"": ""work_conflict"", ""cancel_absence_reason_ar"": ""تعارض مع وقت دوام الأم"", ""need_reschedule"": ""yes"", ""reschedule_time"": ""الأربعاء الظهر نفس الموعد ثلاثة"", ""teacher_preference"": ""no_preference"", ""level_signal"": ""unclear"", ""price_sensitivity"": ""not_applicable"", ""parent_involvement_needed"": ""yes"", ""trial_satisfaction"": ""not_applicable"", ""student_level_summary_ar"": ""الطالب (عزوز) يتابع دروسه حاليًا وسيخضع لاختبار الأسبوع القادم. درس مع مس نور وزوز، وسيستمر مع أستاذ أحمد. لاحظ الطالب خطأ بسيطًا من معلمة سابقة."", ""learning_goal_ar"": ""مواصلة تعلم اللغة الإنجليزية وتقييم مستوى الطالب عبر اختبار الأسبوع القادم. الأم مهتمة بفعالية أسلوب الشرح."", ""pain_points_ar"": ""الأم تحتاج للتواجد مع ابنها أثناء الحصة، وهذا يتعارض مع دوامها يوم الخميس. لديها أيضًا قلق بسيط بشأن جودة المعلم ودقته."", ""purchase_intent"": ""not_applicable"", ""purchase_intent_reason_ar"": ""not_applicable"", ""main_objection"": ""schedule"", ""main_objection_ar"": ""تعارض في المواعيد بسبب دوام الأم"", ""payment_blocker"": ""not_applicable"", ""other_reason_ar"": null, ""other_objection_ar"": null, ""manual_review_reason_ar"": null, ""next_action_ar"": ""تغيير موعد الحصة الثالثة من الخميس إلى الأربعاء الظهر (نفس موعد 3 مساءً) بسبب تعارض مع دوام الأم."", ""target_pool"": ""reschedule_pool"", ""priority"": ""high"", ""should_create_task"": true}",2026-04-26 00:45:49,2026-04-26 00:45:49,2026-04-26 00:45:49,,,,,,,,,,,,,,,,
analysis_voice_599293315,voice_599293315,599293315,0,EGCC-fatmamohamed,2310(Maqsam),2026-04-22 01:40:09,双方接通,unknown,low,,,,,,,,,,,,,,,,,,,,,,,فشل تحليل المكالمة آليًا، وتحتاج إلى مراجعة يدوية.,,manual_review_pool,medium,true,failed,"No JSON object found in Gemini response: { ""call_stage"": ""pre_class_confirm"", ""stage_confidence"": ""medium"", ""summary_ar"": ""المتصلة الفرداس، 21 سنة، مهتمة جداً بتعلم اللغة الإنجليزية من الصفر لتتمكن من التحدث والكتابة والفهم. لم تلتحق بالجامعة أو المدرسة وترغب في التعلم الذاتي. متاحة في المساء بعد الساعة 5 مساءً. يوجد تناقض في تفضيلها للمعلم (عربي أم أجنبي)."", ""attendance_intent"": ""high"", ""attendance_risk"": ""low"", ""cancel_absence_reason"": ""not_applicable",,2026-04-26 00:48:46,2026-04-26 00:48:46,2026-04-26 00:48:46,,,,,,,,,,,,,,,,
analysis_voice_599293870,voice_599293870,599293870,62979787,EGCC-tasneemmahmoud,2311(Maqsam),2026-04-22 01:44:29,双方接通,post_class_followup,high,المكالمة تدور حول مناقشة تفاصيل الدورة بعد التجربة. العميل يستفسر عن الأسعار (2270 و 50) وخيارات الدفع، مع التركيز على إمكانية الدفع الشهري بدلاً من التقسيط. لديه امتحان آيلتس في شهر يونيو ويفضل معلمة أجنبية لتطوير اللغة بشكل أسرع.,not_applicable,not_applicable,not_applicable,,not_applicable,,foreign_teacher,intermediate,high,no,medium,العميل يستعد لدخول امتحان آيلتس في شهر يونيو، ويسعى لتطوير لغته الإنجليزية بسرعة.,الاستعداد لامتحان الآيلتس وتطوير اللغة الإنجليزية بشكل أسرع، مع التركيز على معلم أجنبي.,العميل لديه موعد نهائي للامتحان (يونيو) ويحتاج إلى خطة دراسية مكثفة. يبحث عن مرونة في الدفع (دفع شهري بدلاً من تقسيط).,high,العميل يستفسر عن تفاصيل الأسعار وخيارات الدفع، ويبحث عن طريقة للدفع الشهري، مما يدل على اهتمام جاد بالاشتراك.,payment_method,العميل يستفسر عن إمكانية الدفع الشهري بدلاً من الدفع الكلي أو التقسيط، مما يشير إلى أن طريقة الدفع هي العائق الرئيسي.,other,,يرغب العميل في خيارات دفع مرنة، تحديداً الدفع الشهري، بدلاً من الدفع الكلي أو التقسيط المعتاد.,,تزويد العميل بخيارات دفع واضحة، خاصة إمكانية الدفع الشهري، ومناقشة خطة دراسية تركز على الآيلتس مع معلم أجنبي.,payment_blocked_pool,high,true,success,,"{""call_stage"": ""post_class_followup"", ""stage_confidence"": ""high"", ""summary_ar"": ""المكالمة تدور حول مناقشة تفاصيل الدورة بعد التجربة. العميل يستفسر عن الأسعار (2270 و 50) وخيارات الدفع، مع التركيز على إمكانية الدفع الشهري بدلاً من التقسيط. لديه امتحان آيلتس في شهر يونيو ويفضل معلمة أجنبية لتطوير اللغة بشكل أسرع."", ""attendance_intent"": ""not_applicable"", ""attendance_risk"": ""not_applicable"", ""cancel_absence_reason"": ""not_applicable"", ""cancel_absence_reason_ar"": null, ""need_reschedule"": ""not_applicable"", ""reschedule_time"": null, ""teacher_preference"": ""foreign_teacher"", ""level_signal"": ""intermediate"", ""price_sensitivity"": ""high"", ""parent_involvement_needed"": ""no"", ""trial_satisfaction"": ""medium"", ""student_level_summary_ar"": ""العميل يستعد لدخول امتحان آيلتس في شهر يونيو، ويسعى لتطوير لغته الإنجليزية بسرعة."", ""learning_goal_ar"": ""الاستعداد لامتحان الآيلتس وتطوير اللغة الإنجليزية بشكل أسرع، مع التركيز على معلم أجنبي."", ""pain_points_ar"": ""العميل لديه موعد نهائي للامتحان (يونيو) ويحتاج إلى خطة دراسية مكثفة. يبحث عن مرونة في الدفع (دفع شهري بدلاً من تقسيط)."", ""purchase_intent"": ""high"", ""purchase_intent_reason_ar"": ""العميل يستفسر عن تفاصيل الأسعار وخيارات الدفع، ويبحث عن طريقة للدفع الشهري، مما يدل على اهتمام جاد بالاشتراك."", ""main_objection"": ""payment_method"", ""main_objection_ar"": ""العميل يستفسر عن إمكانية الدفع الشهري بدلاً من الدفع الكلي أو التقسيط، مما يشير إلى أن طريقة الدفع هي العائق الرئيسي."", ""payment_blocker"": ""other"", ""other_reason_ar"": null, ""other_objection_ar"": ""يرغب العميل في خيارات دفع مرنة، تحديداً الدفع الشهري، بدلاً من الدفع الكلي أو التقسيط المعتاد."", ""manual_review_reason_ar"": null, ""next_action_ar"": ""تزويد العميل بخيارات دفع واضحة، خاصة إمكانية الدفع الشهري، ومناقشة خطة دراسية تركز على الآيلتس مع معلم أجنبي."", ""target_pool"": ""payment_blocked_pool"", ""priority"": ""high"", ""should_create_task"": true}",2026-04-26 00:49:01,2026-04-26 00:49:01,2026-04-26 00:49:01,,,,,,,,,,,,,,,,
analysis_voice_599298496,voice_599298496,599298496,62984076,EGCC-tasneemmahmoud,2311(Maqsam),2026-04-22 02:23:06,双方接通,post_class_followup,high,الطالبة تتحدث عن تجربتها الإيجابية السابقة ورغبتها في تطوير لغتها الإنجليزية للوصول إلى مستوى متقدم (B2). تسأل عن إمكانية تعديل الجدول الزمني أو مدة الحصص (ساعة، أربع أيام) وتستفسر عن السعر. تذكر أن والدها يدعمها وأن لديها دورة قدرات أخرى. تبدو مهتمة ولكن لديها بعض التساؤلات حول الجدول الزمني.,not_applicable,not_applicable,not_applicable,,unclear,,no_preference,beginner,unclear,yes,high,الطالبة في بداية تعلم اللغة الإنجليزية (أول سنة) وتطمح للوصول إلى مستوى B2.,تطوير اللغة الإنجليزية للوصول إلى مستوى B2.,تحديات محتملة في التوفيق بين الجدول الزمني لدورة الإنجليزية ودورة قدرات أخرى، بالإضافة إلى الحاجة لمناقشة تفاصيل الجدول الزمني المناسب.,medium,رغبة قوية في تطوير اللغة الإنجليزية والوصول لمستوى متقدم (B2)، وتجربة سابقة جيدة.,schedule,تساؤلات حول الجدول الزمني المناسب (عدد الأيام ومدة الحصة) وإمكانية التوفيق مع دورة أخرى.,not_applicable,,,,متابعة مع الطالبة لتحديد الجدول الزمني المناسب لها، ومناقشة تفاصيل الباقة والأسعار، والتأكد من موافقة ولي الأمر.,medium_followup_pool,medium,true,success,,"{""call_stage"": ""post_class_followup"", ""stage_confidence"": ""high"", ""summary_ar"": ""الطالبة تتحدث عن تجربتها الإيجابية السابقة ورغبتها في تطوير لغتها الإنجليزية للوصول إلى مستوى متقدم (B2). تسأل عن إمكانية تعديل الجدول الزمني أو مدة الحصص (ساعة، أربع أيام) وتستفسر عن السعر. تذكر أن والدها يدعمها وأن لديها دورة قدرات أخرى. تبدو مهتمة ولكن لديها بعض التساؤلات حول الجدول الزمني."", ""attendance_intent"": ""not_applicable"", ""attendance_risk"": ""not_applicable"", ""cancel_absence_reason"": ""not_applicable"", ""need_reschedule"": ""unclear"", ""reschedule_time"": null, ""teacher_preference"": ""no_preference"", ""level_signal"": ""beginner"", ""price_sensitivity"": ""unclear"", ""parent_involvement_needed"": ""yes"", ""trial_satisfaction"": ""high"", ""student_level_summary_ar"": ""الطالبة في بداية تعلم اللغة الإنجليزية (أول سنة) وتطمح للوصول إلى مستوى B2."", ""learning_goal_ar"": ""تطوير اللغة الإنجليزية للوصول إلى مستوى B2."", ""pain_points_ar"": ""تحديات محتملة في التوفيق بين الجدول الزمني لدورة الإنجليزية ودورة قدرات أخرى، بالإضافة إلى الحاجة لمناقشة تفاصيل الجدول الزمني المناسب."", ""purchase_intent"": ""medium"", ""purchase_intent_reason_ar"": ""رغبة قوية في تطوير اللغة الإنجليزية والوصول لمستوى متقدم (B2)، وتجربة سابقة جيدة."", ""main_objection"": ""schedule"", ""main_objection_ar"": ""تساؤلات حول الجدول الزمني المناسب (عدد الأيام ومدة الحصة) وإمكانية التوفيق مع دورة أخرى."", ""payment_blocker"": ""not_applicable"", ""other_reason_ar"": null, ""other_objection_ar"": null, ""manual_review_reason_ar"": null, ""next_action_ar"": ""متابعة مع الطالبة لتحديد الجدول الزمني المناسب لها، ومناقشة تفاصيل الباقة والأسعار، والتأكد من موافقة ولي الأمر."", ""target_pool"": ""medium_followup_pool"", ""priority"": ""medium"", ""should_create_task"": true}",2026-04-26 00:52:41,2026-04-26 00:52:41,2026-04-26 00:52:41,,,,,,,,,,,,,,,,
analysis_voice_599299928,voice_599299928,599299928,59046293,51nadamuhammad,2245(Maqsam),2026-04-22 02:30:41,双方接通,post_class_followup,high,العميل يتصل للاستفسار عن تفاصيل الاشتراك بعد تجربة محتملة. يسأل عن خيارات الدراسة (فردي/مجموعات)، كيفية اختيار المعلم، الرسوم الشهرية وعدد الحصص، وإمكانية البدء قريباً. كما يستفسر عن توفر الدعم عبر الواتساب بعد بدء الدروس.,not_applicable,not_applicable,not_applicable,,not_applicable,,no_preference,unclear,low,unclear,high,غير واضح، لم يتم مناقشة مستوى الطالب بشكل مباشر.,غير واضح، لم يتم ذكر أهداف تعلم محددة.,لا توجد نقاط ألم واضحة تم ذكرها.,high,العميل يستفسر عن تفاصيل البدء الفوري (من بكرة)، الرسوم، وعدد الحصص، مما يدل على اهتمام جاد بالاشتراك.,no_objection,,none,,,,إرسال تفاصيل الرسوم وخطط الاشتراك للعميل، وتوضيح كيفية اختيار المعلم والبدء بالدراسة، والتأكيد على توفر الدعم الفني عبر الواتساب.,high_potential_pool,high,true,success,,"{""call_stage"": ""post_class_followup"", ""stage_confidence"": ""high"", ""summary_ar"": ""العميل يتصل للاستفسار عن تفاصيل الاشتراك بعد تجربة محتملة. يسأل عن خيارات الدراسة (فردي/مجموعات)، كيفية اختيار المعلم، الرسوم الشهرية وعدد الحصص، وإمكانية البدء قريباً. كما يستفسر عن توفر الدعم عبر الواتساب بعد بدء الدروس."", ""attendance_intent"": ""not_applicable"", ""attendance_risk"": ""not_applicable"", ""cancel_absence_reason"": ""not_applicable"", ""cancel_absence_reason_ar"": null, ""need_reschedule"": ""not_applicable"", ""reschedule_time"": null, ""teacher_preference"": ""no_preference"", ""level_signal"": ""unclear"", ""price_sensitivity"": ""low"", ""parent_involvement_needed"": ""unclear"", ""trial_satisfaction"": ""high"", ""student_level_summary_ar"": ""غير واضح، لم يتم مناقشة مستوى الطالب بشكل مباشر."", ""learning_goal_ar"": ""غير واضح، لم يتم ذكر أهداف تعلم محددة."", ""pain_points_ar"": ""لا توجد نقاط ألم واضحة تم ذكرها."", ""purchase_intent"": ""high"", ""purchase_intent_reason_ar"": ""العميل يستفسر عن تفاصيل البدء الفوري (من بكرة)، الرسوم، وعدد الحصص، مما يدل على اهتمام جاد بالاشتراك."", ""main_objection"": ""no_objection"", ""main_objection_ar"": null, ""payment_blocker"": ""none"", ""other_reason_ar"": null, ""other_objection_ar"": null, ""manual_review_reason_ar"": null, ""next_action_ar"": ""إرسال تفاصيل الرسوم وخطط الاشتراك للعميل، وتوضيح كيفية اختيار المعلم والبدء بالدراسة، والتأكيد على توفر الدعم الفني عبر الواتساب."", ""target_pool"": ""high_potential_pool"", ""priority"": ""high"", ""should_create_task"": true}",2026-04-26 00:53:00,2026-04-26 00:53:00,2026-04-26 00:53:00,,,,,,,,,,,,,,,,
analysis_voice_599302982,voice_599302982,599302982,62987783,51nadamuhammad,2245(Maqsam),2026-04-22 03:06:47,双方接通,unknown,low,,,,,,,,,,,,,,,,,,,,,,,فشل تحليل المكالمة آليًا، وتحتاج إلى مراجعة يدوية.,,manual_review_pool,medium,true,failed,"No JSON object found in Gemini response: { ""call_stage"": ""unknown"", ""stage_confidence"": ""low"", ""summary_ar"": ""المكالمة تحتوي على الكثير من الضوضاء واللغات المتعددة وأجزاء غير ذات صلة. يبدو أن العميل يستفسر عن دورة لغة إنجليزية للمبتدئين ويرغب في تعلم الكتابة بالإنجليزية دون ترجمة. لديه حساسية عالية للسعر ويقارن تكلفة الدورة (2500 لمدة شهرين/ثلاثة) بتكلفة جامعة كاملة (2500 لمدة سنة أو 12 شهرًا). يرى أن سعر الدورة المقترحة مرتفع جداً مقارنة بالجامعة التي يدرس بها حالياً."", ""attendance_intent"": ""not_applicable"", ""attendance_risk"": ""not_ap",,2026-04-26 00:53:19,2026-04-26 00:53:19,2026-04-26 00:53:19,,,,,,,,,,,,,,,,
analysis_voice_599335262,voice_599335262,599335262,62986235,EGCC-maiwaheed,2313(Maqsam),2026-04-22 17:54:01,双方接通,unknown,low,"المكالمة قصيرة جداً وغير واضحة. يبدو أن العميل رد على المكالمة بـ ""تمام بإذن الله"" بعد التحية، ولكن لا يوجد سياق كافٍ لتحديد الغرض من المكالمة أو محتواها.",unclear,unclear,not_applicable,not_applicable,unclear,,not_applicable,not_applicable,not_applicable,unclear,not_applicable,,,,unclear,,not_applicable,not_applicable,not_applicable,,,"المكالمة قصيرة جداً وتحتوي على تحيات وعبارة ""تمام بإذن الله"" فقط. لا يوجد سياق كافٍ لتحديد مرحلة المكالمة أو غرضها أو أي تفاصيل أخرى. تحتاج إلى مراجعة يدوية لفهم ما إذا كان هناك جزء مفقود أو إذا كانت المكالمة لم تتطور.",يجب مراجعة المكالمة يدوياً لتحديد السياق أو محاولة الاتصال بالعميل مرة أخرى للحصول على معلومات أوضح.,manual_review_pool,medium,true,success,,"{""call_stage"": ""unknown"", ""stage_confidence"": ""low"", ""summary_ar"": ""المكالمة قصيرة جداً وغير واضحة. يبدو أن العميل رد على المكالمة بـ \""تمام بإذن الله\"" بعد التحية، ولكن لا يوجد سياق كافٍ لتحديد الغرض من المكالمة أو محتواها."", ""attendance_intent"": ""unclear"", ""attendance_risk"": ""unclear"", ""cancel_absence_reason"": ""not_applicable"", ""cancel_absence_reason_ar"": ""not_applicable"", ""need_reschedule"": ""unclear"", ""reschedule_time"": null, ""teacher_preference"": ""not_applicable"", ""level_signal"": ""not_applicable"", ""price_sensitivity"": ""not_applicable"", ""parent_involvement_needed"": ""unclear"", ""trial_satisfaction"": ""not_applicable"", ""student_level_summary_ar"": null, ""learning_goal_ar"": null, ""pain_points_ar"": null, ""purchase_intent"": ""unclear"", ""purchase_intent_reason_ar"": null, ""main_objection"": ""not_applicable"", ""main_objection_ar"": ""not_applicable"", ""payment_blocker"": ""not_applicable"", ""other_reason_ar"": null, ""other_objection_ar"": null, ""manual_review_reason_ar"": ""المكالمة قصيرة جداً وتحتوي على تحيات وعبارة \""تمام بإذن الله\"" فقط. لا يوجد سياق كافٍ لتحديد مرحلة المكالمة أو غرضها أو أي تفاصيل أخرى. تحتاج إلى مراجعة يدوية لفهم ما إذا كان هناك جزء مفقود أو إذا كانت المكالمة لم تتطور."", ""next_action_ar"": ""يجب مراجعة المكالمة يدوياً لتحديد السياق أو محاولة الاتصال بالعميل مرة أخرى للحصول على معلومات أوضح."", ""target_pool"": ""manual_review_pool"", ""priority"": ""medium"", ""should_create_task"": true}",2026-04-26 00:54:29,2026-04-26 00:54:29,2026-04-26 00:54:29,,,,,,,,,,,,,,,,
analysis_voice_599346711,voice_599346711,599346711,62949507,EGCC-tasneemmahmoud,2311(Maqsam),2026-04-22 18:46:40,双方接通,pre_class_reschedule,high,المكالمة كانت لإعادة جدولة حصة تجريبية. الطالبة ذكرت أنها لا تستطيع الحضور في الموعد الأصلي بسبب اختبارات مدرسية وضغط مذاكرة، ووافقت على إعادة الجدولة ليوم غد بعد المغرب. كما أوضحت أنها تواجه صعوبة في القراءة والنطق وبعض الكلمات الطويلة، بينما القواعد سهلة جدًا بالنسبة لها. هذه أول مرة لها مع المنصة.,high,low,exam_pressure,ضغط اختبارات مدرسية ومذاكرة.,yes,Tomorrow after Maghrib,not_applicable,beginner,not_applicable,unclear,not_applicable,الطالبة تواجه صعوبة في القراءة والنطق وفهم الكلمات الطويلة، بينما القواعد سهلة جدًا بالنسبة لها.,تحسين القراءة والنطق وفهم الكلمات الطويلة لتسهيل دراستها واختباراتها.,صعوبة في القراءة، النطق، وفهم الكلمات الطويلة.,not_applicable,not_applicable,no_objection,not_applicable,not_applicable,,,,تأكيد موعد الحصة التجريبية الجديد (غدًا بعد المغرب) ومتابعة الحضور.,reschedule_pool,high,true,success,,"{""call_stage"": ""pre_class_reschedule"", ""stage_confidence"": ""high"", ""summary_ar"": ""المكالمة كانت لإعادة جدولة حصة تجريبية. الطالبة ذكرت أنها لا تستطيع الحضور في الموعد الأصلي بسبب اختبارات مدرسية وضغط مذاكرة، ووافقت على إعادة الجدولة ليوم غد بعد المغرب. كما أوضحت أنها تواجه صعوبة في القراءة والنطق وبعض الكلمات الطويلة، بينما القواعد سهلة جدًا بالنسبة لها. هذه أول مرة لها مع المنصة."", ""attendance_intent"": ""high"", ""attendance_risk"": ""low"", ""cancel_absence_reason"": ""exam_pressure"", ""cancel_absence_reason_ar"": ""ضغط اختبارات مدرسية ومذاكرة."", ""need_reschedule"": ""yes"", ""reschedule_time"": ""Tomorrow after Maghrib"", ""teacher_preference"": ""not_applicable"", ""level_signal"": ""beginner"", ""price_sensitivity"": ""not_applicable"", ""parent_involvement_needed"": ""unclear"", ""trial_satisfaction"": ""not_applicable"", ""student_level_summary_ar"": ""الطالبة تواجه صعوبة في القراءة والنطق وفهم الكلمات الطويلة، بينما القواعد سهلة جدًا بالنسبة لها."", ""learning_goal_ar"": ""تحسين القراءة والنطق وفهم الكلمات الطويلة لتسهيل دراستها واختباراتها."", ""pain_points_ar"": ""صعوبة في القراءة، النطق، وفهم الكلمات الطويلة."", ""purchase_intent"": ""not_applicable"", ""purchase_intent_reason_ar"": ""not_applicable"", ""main_objection"": ""no_objection"", ""main_objection_ar"": ""not_applicable"", ""payment_blocker"": ""not_applicable"", ""other_reason_ar"": null, ""other_objection_ar"": null, ""manual_review_reason_ar"": null, ""next_action_ar"": ""تأكيد موعد الحصة التجريبية الجديد (غدًا بعد المغرب) ومتابعة الحضور."", ""target_pool"": ""reschedule_pool"", ""priority"": ""high"", ""should_create_task"": true}",2026-04-26 00:58:47,2026-04-26 00:58:47,2026-04-26 00:58:47,,,,,,,,,,,,,,,,
analysis_voice_599346896,voice_599346896,599346896,0,EGCC-eman.amr,2289(Maqsam),2026-04-22 18:48:16,双方接通,unknown,low,المكالمة تحتوي على أجزاء غير واضحة ولغات متعددة. العميل يسأل إذا كانت المنصة مجانية. الموظف يتحدث عن متابعة طالب اسمه سالم بعد دخوله للمنصة أمس، ويخطط لمتابعة استمراره. هناك تضارب بين سؤال العميل ومحادثة الموظف.,unclear,unclear,not_applicable,,not_applicable,,unclear,unclear,unclear,unclear,unclear,,,,unclear,,unclear,,not_applicable,,,المكالمة تحتوي على أجزاء غير مفهومة ولغات متعددة. هناك تضارب بين سؤال العميل الأساسي (هل المنصة مجانية؟) وبين حديث الموظف عن متابعة طالب دخل المنصة بالفعل. يصعب تحديد الغرض الحقيقي للمكالمة أو المرحلة التي تمر بها.,مراجعة يدوية لتحديد سياق المكالمة والغرض منها.,manual_review_pool,high,true,success,,"{""call_stage"": ""unknown"", ""stage_confidence"": ""low"", ""summary_ar"": ""المكالمة تحتوي على أجزاء غير واضحة ولغات متعددة. العميل يسأل إذا كانت المنصة مجانية. الموظف يتحدث عن متابعة طالب اسمه سالم بعد دخوله للمنصة أمس، ويخطط لمتابعة استمراره. هناك تضارب بين سؤال العميل ومحادثة الموظف."", ""attendance_intent"": ""unclear"", ""attendance_risk"": ""unclear"", ""cancel_absence_reason"": ""not_applicable"", ""cancel_absence_reason_ar"": """", ""need_reschedule"": ""not_applicable"", ""reschedule_time"": """", ""teacher_preference"": ""unclear"", ""level_signal"": ""unclear"", ""price_sensitivity"": ""unclear"", ""parent_involvement_needed"": ""unclear"", ""trial_satisfaction"": ""unclear"", ""student_level_summary_ar"": """", ""learning_goal_ar"": """", ""pain_points_ar"": """", ""purchase_intent"": ""unclear"", ""purchase_intent_reason_ar"": """", ""main_objection"": ""unclear"", ""main_objection_ar"": """", ""payment_blocker"": ""not_applicable"", ""other_reason_ar"": """", ""other_objection_ar"": """", ""manual_review_reason_ar"": ""المكالمة تحتوي على أجزاء غير مفهومة ولغات متعددة. هناك تضارب بين سؤال العميل الأساسي (هل المنصة مجانية؟) وبين حديث الموظف عن متابعة طالب دخل المنصة بالفعل. يصعب تحديد الغرض الحقيقي للمكالمة أو المرحلة التي تمر بها."", ""next_action_ar"": ""مراجعة يدوية لتحديد سياق المكالمة والغرض منها."", ""target_pool"": ""manual_review_pool"", ""priority"": ""high"", ""should_create_task"": true}",2026-04-26 00:59:01,2026-04-26 00:59:01,2026-04-26 00:59:01,,,,,,,,,,,,,,,,
analysis_voice_599348520,voice_599348520,599348520,62865944,EGCC-fatmamohamed,2310(Maqsam),2026-04-22 18:52:07,双方接通,post_class_followup,high,تواصل العميل (ولي أمر الطالبة جمانة) لإبلاغنا بأنهم في طريق العودة من السفر، وأن الطالبة جمانة تحتاج لإرسال ورقة مدرسية أو كتاب للأستاذة. المشكلة أن الطالبة تواجه مشكلة في الواتساب بسبب تغيير الجوال. وعد العميل بحل مشكلة الواتساب وإرسال المطلوب فور وصولهم للمنزل.,not_applicable,not_applicable,other,العميل في طريق سفر والعودة للمنزل، بالإضافة إلى مشكلة تقنية في واتساب الطالبة تمنع التواصل وإرسال الملفات حالياً.,no,,unclear,unclear,unclear,yes,unclear,,,مشكلة تقنية في واتساب الطالبة تمنعها من التواصل مع الأستاذة وإرسال ورقة المدرسة أو الكتاب.,unclear,,technical_issue,مشكلة في واتساب الطالبة تمنعها من إرسال ورقة المدرسة للأستاذة.,not_applicable,العميل في طريق سفر، مما يؤخر إمكانية حل مشكلة الواتساب وإرسال الملفات.,,,متابعة مع العميل بعد فترة للتأكد من وصولهم للمنزل وحل مشكلة واتساب الطالبة، ومن ثم التأكد من إرسال ورقة المدرسة أو الكتاب للأستاذة.,callback_pool,medium,true,success,,"{""call_stage"": ""post_class_followup"", ""stage_confidence"": ""high"", ""summary_ar"": ""تواصل العميل (ولي أمر الطالبة جمانة) لإبلاغنا بأنهم في طريق العودة من السفر، وأن الطالبة جمانة تحتاج لإرسال ورقة مدرسية أو كتاب للأستاذة. المشكلة أن الطالبة تواجه مشكلة في الواتساب بسبب تغيير الجوال. وعد العميل بحل مشكلة الواتساب وإرسال المطلوب فور وصولهم للمنزل."", ""attendance_intent"": ""not_applicable"", ""attendance_risk"": ""not_applicable"", ""cancel_absence_reason"": ""other"", ""cancel_absence_reason_ar"": ""العميل في طريق سفر والعودة للمنزل، بالإضافة إلى مشكلة تقنية في واتساب الطالبة تمنع التواصل وإرسال الملفات حالياً."", ""need_reschedule"": ""no"", ""reschedule_time"": null, ""teacher_preference"": ""unclear"", ""level_signal"": ""unclear"", ""price_sensitivity"": ""unclear"", ""parent_involvement_needed"": ""yes"", ""trial_satisfaction"": ""unclear"", ""student_level_summary_ar"": null, ""learning_goal_ar"": null, ""pain_points_ar"": ""مشكلة تقنية في واتساب الطالبة تمنعها من التواصل مع الأستاذة وإرسال ورقة المدرسة أو الكتاب."", ""purchase_intent"": ""unclear"", ""purchase_intent_reason_ar"": null, ""main_objection"": ""technical_issue"", ""main_objection_ar"": ""مشكلة في واتساب الطالبة تمنعها من إرسال ورقة المدرسة للأستاذة."", ""payment_blocker"": ""not_applicable"", ""other_reason_ar"": ""العميل في طريق سفر، مما يؤخر إمكانية حل مشكلة الواتساب وإرسال الملفات."", ""other_objection_ar"": null, ""manual_review_reason_ar"": null, ""next_action_ar"": ""متابعة مع العميل بعد فترة للتأكد من وصولهم للمنزل وحل مشكلة واتساب الطالبة، ومن ثم التأكد من إرسال ورقة المدرسة أو الكتاب للأستاذة."", ""target_pool"": ""callback_pool"", ""priority"": ""medium"", ""should_create_task"": true}",2026-04-26 00:59:56,2026-04-26 00:59:56,2026-04-26 00:59:56,,,,,,,,,,,,,,,,
analysis_voice_599348877,voice_599348877,599348877,62949507,EGCC-tasneemmahmoud,2311(Maqsam),2026-04-22 18:55:21,双方接通,unknown,low,المكالمة تحتوي على أجزاء غير واضحة ولغات متعددة. يبدو أن العميل ذكر أنه لا يستطيع إعطاء رقم عمل ووعد بالتحقق والاتصال لاحقًا. السياق العام غير مفهوم.,unclear,unclear,not_applicable,غير منطبق,unclear,,not_applicable,not_applicable,not_applicable,unclear,not_applicable,غير منطبق,غير منطبق,غير منطبق,unclear,غير منطبق,unknown,غير معروف,not_applicable,,,المكالمة غير واضحة ومتقطعة وتحتوي على لغات متعددة (عربية، ألمانية، هندية/أوردو، صينية)، مما يجعل فهم سياق المحادثة والغرض منها مستحيلاً. لا يمكن تصنيفها ضمن أي مرحلة عمل محددة.,مراجعة يدوية للمكالمة لفهم السياق وتحديد الخطوة التالية.,manual_review_pool,medium,true,success,,"{""call_stage"": ""unknown"", ""stage_confidence"": ""low"", ""summary_ar"": ""المكالمة تحتوي على أجزاء غير واضحة ولغات متعددة. يبدو أن العميل ذكر أنه لا يستطيع إعطاء رقم عمل ووعد بالتحقق والاتصال لاحقًا. السياق العام غير مفهوم."", ""attendance_intent"": ""unclear"", ""attendance_risk"": ""unclear"", ""cancel_absence_reason"": ""not_applicable"", ""cancel_absence_reason_ar"": ""غير منطبق"", ""need_reschedule"": ""unclear"", ""reschedule_time"": null, ""teacher_preference"": ""not_applicable"", ""level_signal"": ""not_applicable"", ""price_sensitivity"": ""not_applicable"", ""parent_involvement_needed"": ""unclear"", ""trial_satisfaction"": ""not_applicable"", ""student_level_summary_ar"": ""غير منطبق"", ""learning_goal_ar"": ""غير منطبق"", ""pain_points_ar"": ""غير منطبق"", ""purchase_intent"": ""unclear"", ""purchase_intent_reason_ar"": ""غير منطبق"", ""main_objection"": ""unknown"", ""main_objection_ar"": ""غير معروف"", ""payment_blocker"": ""not_applicable"", ""other_reason_ar"": null, ""other_objection_ar"": null, ""manual_review_reason_ar"": ""المكالمة غير واضحة ومتقطعة وتحتوي على لغات متعددة (عربية، ألمانية، هندية/أوردو، صينية)، مما يجعل فهم سياق المحادثة والغرض منها مستحيلاً. لا يمكن تصنيفها ضمن أي مرحلة عمل محددة."", ""next_action_ar"": ""مراجعة يدوية للمكالمة لفهم السياق وتحديد الخطوة التالية."", ""target_pool"": ""manual_review_pool"", ""priority"": ""medium"", ""should_create_task"": true}",2026-04-26 01:00:06,2026-04-26 01:00:06,2026-04-26 01:00:06,,,,,,,,,,,,,,,,
analysis_voice_599354763,voice_599354763,599354763,62988488,EGCC-maiwaheed,2313(Maqsam),2026-04-22 19:16:57,双方接通,pre_class_reschedule,high,المتصل، عزام (17 عاماً)، طالب مبتدئ جداً في اللغة الإنجليزية ويرغب في التعلم للمدرسة والاختبارات، بدءاً من الحروف. اتصل لتأكيد رابط الحصة التجريبية وطلب إعادة جدولة الحصة من فترة العصر إلى الساعة 7 مساءً بسبب احتمالية وجود ظروف لديه في الموعد الأصلي. كما قدم رقم والده.,high,low,time_conflict,تعارض في الموعد الأصلي للحصة.,yes,7 PM evening,no_preference,zero_beginner,not_applicable,yes,not_applicable,مبتدئ جداً، يعرف بعض الحروف فقط ولا يستطيع القراءة أو الكتابة بشكل جيد. يرغب في البدء من أساسيات الحروف.,تعلم اللغة الإنجليزية للمدرسة والاختبارات، القدرة على القراءة والكتابة، ومعرفة الحروف كاملة.,ضعف شديد في اللغة الإنجليزية، عدم القدرة على القراءة أو الكتابة، الحاجة إلى البدء من الأساسيات.,not_applicable,لم يتم إجراء الحصة التجريبية بعد.,not_applicable,لم يتم إجراء الحصة التجريبية بعد.,not_applicable,,,,تأكيد موعد الحصة الجديد الساعة 7 مساءً، والتأكد من حصول الطالب على الرابط الصحيح وكيفية الدخول. متابعة مع ولي الأمر إذا لزم الأمر.,reschedule_pool,high,true,success,,"{""call_stage"": ""pre_class_reschedule"", ""stage_confidence"": ""high"", ""summary_ar"": ""المتصل، عزام (17 عاماً)، طالب مبتدئ جداً في اللغة الإنجليزية ويرغب في التعلم للمدرسة والاختبارات، بدءاً من الحروف. اتصل لتأكيد رابط الحصة التجريبية وطلب إعادة جدولة الحصة من فترة العصر إلى الساعة 7 مساءً بسبب احتمالية وجود ظروف لديه في الموعد الأصلي. كما قدم رقم والده."", ""attendance_intent"": ""high"", ""attendance_risk"": ""low"", ""cancel_absence_reason"": ""time_conflict"", ""cancel_absence_reason_ar"": ""تعارض في الموعد الأصلي للحصة."", ""need_reschedule"": ""yes"", ""reschedule_time"": ""7 PM evening"", ""teacher_preference"": ""no_preference"", ""level_signal"": ""zero_beginner"", ""price_sensitivity"": ""not_applicable"", ""parent_involvement_needed"": ""yes"", ""trial_satisfaction"": ""not_applicable"", ""student_level_summary_ar"": ""مبتدئ جداً، يعرف بعض الحروف فقط ولا يستطيع القراءة أو الكتابة بشكل جيد. يرغب في البدء من أساسيات الحروف."", ""learning_goal_ar"": ""تعلم اللغة الإنجليزية للمدرسة والاختبارات، القدرة على القراءة والكتابة، ومعرفة الحروف كاملة."", ""pain_points_ar"": ""ضعف شديد في اللغة الإنجليزية، عدم القدرة على القراءة أو الكتابة، الحاجة إلى البدء من الأساسيات."", ""purchase_intent"": ""not_applicable"", ""purchase_intent_reason_ar"": ""لم يتم إجراء الحصة التجريبية بعد."", ""main_objection"": ""not_applicable"", ""main_objection_ar"": ""لم يتم إجراء الحصة التجريبية بعد."", ""payment_blocker"": ""not_applicable"", ""other_reason_ar"": """", ""other_objection_ar"": """", ""manual_review_reason_ar"": """", ""next_action_ar"": ""تأكيد موعد الحصة الجديد الساعة 7 مساءً، والتأكد من حصول الطالب على الرابط الصحيح وكيفية الدخول. متابعة مع ولي الأمر إذا لزم الأمر."", ""target_pool"": ""reschedule_pool"", ""priority"": ""high"", ""should_create_task"": true}",2026-04-26 01:02:31,2026-04-26 01:02:31,2026-04-26 01:02:31,,,,,,,,,,,,,,,,
analysis_voice_599355119,voice_599355119,599355119,62973007,EGCC-tasneemmahmoud,2311(Maqsam),2026-04-22 19:17:49,双方接通,unknown,low,العميل يستفسر عن آلية التسجيل وبدء الحصص التجريبية ثم الدفع. يذكر أنه ضعيف في الإنجليزية ويرغب في تطوير الطلاقة والقواعد. يفضل التعليم الفردي ولديه تجربة سابقة سلبية مع الدورات الجماعية. يذكر وجود طالبتين (13 و 16 سنة) لديهما صعوبات في التعلم، مما يشير إلى أنه قد يكون ولي أمر.,not_applicable,not_applicable,not_applicable,غير منطبق,not_applicable,,no_preference,beginner,unclear,yes,not_applicable,العميل يصف نفسه بأنه ضعيف في الإنجليزية، ويحتاج إلى تطوير الطلاقة والقواعد. يذكر أن الحروف سهلة لكنه يحتاج إلى تدريب وتكرار ومحادثات بسيطة. كما يذكر وجود طالبتين (13 و 16 سنة) لديهما صعوبات في التعلم.,تطوير الطلاقة في اللغة الإنجليزية وإتقان القواعد، والقدرة على إجراء محادثات بسيطة. كما يبحث عن حلول تعليمية للطالبتين اللتين لديهما صعوبات.,ضعف في اللغة الإنجليزية، وتجربة سابقة سلبية مع الدورات الجماعية حيث لم يتمكن من الفهم بشكل جيد. يبحث عن تعليم فردي يناسب احتياجاته واحتياجات الطالبتين.,medium,العميل يستفسر عن آلية الحجز والدفع بعد الحصة التجريبية، ويعبر عن رغبته في تطوير لغته الإنجليزية، ويسأل عن حلول تعليمية لأبنائه.,no_objection,لا يوجد اعتراض واضح في هذه المرحلة، العميل يستفسر عن الخدمة.,not_applicable,,,العديد من المقاطع الصوتية بلغات أجنبية متداخلة مع الحديث العربي، مما يجعل فهم السياق العام وتحديد مرحلة المكالمة بدقة صعبًا للغاية. هناك معلومات قيمة متفرقة ولكن يصعب ربطها بسياق واضح.,نظرًا للضوضاء اللغوية العالية وعدم وضوح المكالمة، يفضل إعادة الاتصال بالعميل لتحديد احتياجاته ومرحلة اهتمامه بشكل أوضح، وتقديم معلومات مفصلة عن الحصص التجريبية والتعليم الفردي.,manual_review_pool,medium,true,success,,"{""call_stage"": ""unknown"", ""stage_confidence"": ""low"", ""summary_ar"": ""العميل يستفسر عن آلية التسجيل وبدء الحصص التجريبية ثم الدفع. يذكر أنه ضعيف في الإنجليزية ويرغب في تطوير الطلاقة والقواعد. يفضل التعليم الفردي ولديه تجربة سابقة سلبية مع الدورات الجماعية. يذكر وجود طالبتين (13 و 16 سنة) لديهما صعوبات في التعلم، مما يشير إلى أنه قد يكون ولي أمر."", ""attendance_intent"": ""not_applicable"", ""attendance_risk"": ""not_applicable"", ""cancel_absence_reason"": ""not_applicable"", ""cancel_absence_reason_ar"": ""غير منطبق"", ""need_reschedule"": ""not_applicable"", ""reschedule_time"": null, ""teacher_preference"": ""no_preference"", ""level_signal"": ""beginner"", ""price_sensitivity"": ""unclear"", ""parent_involvement_needed"": ""yes"", ""trial_satisfaction"": ""not_applicable"", ""student_level_summary_ar"": ""العميل يصف نفسه بأنه ضعيف في الإنجليزية، ويحتاج إلى تطوير الطلاقة والقواعد. يذكر أن الحروف سهلة لكنه يحتاج إلى تدريب وتكرار ومحادثات بسيطة. كما يذكر وجود طالبتين (13 و 16 سنة) لديهما صعوبات في التعلم."", ""learning_goal_ar"": ""تطوير الطلاقة في اللغة الإنجليزية وإتقان القواعد، والقدرة على إجراء محادثات بسيطة. كما يبحث عن حلول تعليمية للطالبتين اللتين لديهما صعوبات."", ""pain_points_ar"": ""ضعف في اللغة الإنجليزية، وتجربة سابقة سلبية مع الدورات الجماعية حيث لم يتمكن من الفهم بشكل جيد. يبحث عن تعليم فردي يناسب احتياجاته واحتياجات الطالبتين."", ""purchase_intent"": ""medium"", ""purchase_intent_reason_ar"": ""العميل يستفسر عن آلية الحجز والدفع بعد الحصة التجريبية، ويعبر عن رغبته في تطوير لغته الإنجليزية، ويسأل عن حلول تعليمية لأبنائه."", ""main_objection"": ""no_objection"", ""main_objection_ar"": ""لا يوجد اعتراض واضح في هذه المرحلة، العميل يستفسر عن الخدمة."", ""payment_blocker"": ""not_applicable"", ""other_reason_ar"": null, ""other_objection_ar"": null, ""manual_review_reason_ar"": ""العديد من المقاطع الصوتية بلغات أجنبية متداخلة مع الحديث العربي، مما يجعل فهم السياق العام وتحديد مرحلة المكالمة بدقة صعبًا للغاية. هناك معلومات قيمة متفرقة ولكن يصعب ربطها بسياق واضح."", ""next_action_ar"": ""نظرًا للضوضاء اللغوية العالية وعدم وضوح المكالمة، يفضل إعادة الاتصال بالعميل لتحديد احتياجاته ومرحلة اهتمامه بشكل أوضح، وتقديم معلومات مفصلة عن الحصص التجريبية والتعليم الفردي."", ""target_pool"": ""manual_review_pool"", ""priority"": ""medium"", ""should_create_task"": true}",2026-04-26 01:02:48,2026-04-26 01:02:48,2026-04-26 01:02:48,,,,,,,,,,,,,,,,
analysis_voice_599355920,voice_599355920,599355920,62967845,51habiba.hassan,2244(Maqsam),2026-04-22 19:20:26,双方接通,unknown,low,المكالمة تحتوي على حديث متقطع وغير مترابط بلغات متعددة (إنجليزية، عربية، فرنسية). لا يوجد سياق واضح للمكالمة أو غرض تجاري محدد يمكن استنتاجه.,unclear,unclear,unknown,,unclear,,unclear,unclear,unclear,unclear,unclear,,,,unclear,,unknown,,unknown,,,المكالمة تحتوي على حديث متقطع وغير مفهوم بلغات مختلفة (إنجليزية، عربية، فرنسية). لا يمكن استنتاج أي غرض تجاري أو مرحلة مكالمة واضحة من المحادثة. تحتاج إلى مراجعة يدوية لتحديد السياق.,مراجعة يدوية للمكالمة لتحديد السياق والغرض.,manual_review_pool,high,true,success,,"{""call_stage"": ""unknown"", ""stage_confidence"": ""low"", ""summary_ar"": ""المكالمة تحتوي على حديث متقطع وغير مترابط بلغات متعددة (إنجليزية، عربية، فرنسية). لا يوجد سياق واضح للمكالمة أو غرض تجاري محدد يمكن استنتاجه."", ""attendance_intent"": ""unclear"", ""attendance_risk"": ""unclear"", ""cancel_absence_reason"": ""unknown"", ""cancel_absence_reason_ar"": """", ""need_reschedule"": ""unclear"", ""reschedule_time"": null, ""teacher_preference"": ""unclear"", ""level_signal"": ""unclear"", ""price_sensitivity"": ""unclear"", ""parent_involvement_needed"": ""unclear"", ""trial_satisfaction"": ""unclear"", ""student_level_summary_ar"": """", ""learning_goal_ar"": """", ""pain_points_ar"": """", ""purchase_intent"": ""unclear"", ""purchase_intent_reason_ar"": """", ""main_objection"": ""unknown"", ""main_objection_ar"": """", ""payment_blocker"": ""unknown"", ""other_reason_ar"": """", ""other_objection_ar"": """", ""manual_review_reason_ar"": ""المكالمة تحتوي على حديث متقطع وغير مفهوم بلغات مختلفة (إنجليزية، عربية، فرنسية). لا يمكن استنتاج أي غرض تجاري أو مرحلة مكالمة واضحة من المحادثة. تحتاج إلى مراجعة يدوية لتحديد السياق."", ""next_action_ar"": ""مراجعة يدوية للمكالمة لتحديد السياق والغرض."", ""target_pool"": ""manual_review_pool"", ""priority"": ""high"", ""should_create_task"": true}",2026-04-26 01:02:59,2026-04-26 01:02:59,2026-04-26 01:02:59,,,,,,,,,,,,,,,,
analysis_voice_599357538,voice_599357538,599357538,59940612,51habiba.hassan,2244(Maqsam),2026-04-22 19:26:25,双方接通,no_answer_or_voicemail,high,المكالمة ذهبت إلى البريد الصوتي ولم يتم التحدث مع العميل.,not_applicable,not_applicable,not_applicable,,not_applicable,,not_applicable,not_applicable,not_applicable,not_applicable,not_applicable,,,,not_applicable,,not_applicable,,not_applicable,,,,إعادة الاتصال بالعميل في وقت لاحق.,callback_pool,medium,true,success,,"{""call_stage"": ""no_answer_or_voicemail"", ""stage_confidence"": ""high"", ""summary_ar"": ""المكالمة ذهبت إلى البريد الصوتي ولم يتم التحدث مع العميل."", ""attendance_intent"": ""not_applicable"", ""attendance_risk"": ""not_applicable"", ""cancel_absence_reason"": ""not_applicable"", ""cancel_absence_reason_ar"": null, ""need_reschedule"": ""not_applicable"", ""reschedule_time"": null, ""teacher_preference"": ""not_applicable"", ""level_signal"": ""not_applicable"", ""price_sensitivity"": ""not_applicable"", ""parent_involvement_needed"": ""not_applicable"", ""trial_satisfaction"": ""not_applicable"", ""student_level_summary_ar"": null, ""learning_goal_ar"": null, ""pain_points_ar"": null, ""purchase_intent"": ""not_applicable"", ""purchase_intent_reason_ar"": null, ""main_objection"": ""not_applicable"", ""main_objection_ar"": null, ""payment_blocker"": ""not_applicable"", ""other_reason_ar"": null, ""other_objection_ar"": null, ""manual_review_reason_ar"": null, ""next_action_ar"": ""إعادة الاتصال بالعميل في وقت لاحق."", ""target_pool"": ""callback_pool"", ""priority"": ""medium"", ""should_create_task"": true}",2026-04-26 01:04:07,2026-04-26 01:04:07,2026-04-26 01:04:07,,,,,,,,,,,,,,,,
analysis_voice_599359832,voice_599359832,599359832,0,EGCC-tasneemmahmoud,2311(Maqsam),2026-04-22 19:36:02,双方接通,no_answer_or_voicemail,high,المكالمة قصيرة جداً وغير واضحة، يبدو أن الطرف الآخر رد بـ 'عليكم السلام' و 'أيوة موجودة تفضلي' ولكن لم يتم أي حوار ذي معنى أو مناقشة لأي غرض من أغراض المكالمة.,not_applicable,not_applicable,not_applicable,,not_applicable,,not_applicable,not_applicable,not_applicable,not_applicable,not_applicable,,,,not_applicable,,not_applicable,,not_applicable,,,,إعادة الاتصال بالعميل حيث لم يتم إجراء محادثة ذات معنى.,callback_pool,medium,true,success,,"{""call_stage"": ""no_answer_or_voicemail"", ""stage_confidence"": ""high"", ""summary_ar"": ""المكالمة قصيرة جداً وغير واضحة، يبدو أن الطرف الآخر رد بـ 'عليكم السلام' و 'أيوة موجودة تفضلي' ولكن لم يتم أي حوار ذي معنى أو مناقشة لأي غرض من أغراض المكالمة."", ""attendance_intent"": ""not_applicable"", ""attendance_risk"": ""not_applicable"", ""cancel_absence_reason"": ""not_applicable"", ""cancel_absence_reason_ar"": null, ""need_reschedule"": ""not_applicable"", ""reschedule_time"": null, ""teacher_preference"": ""not_applicable"", ""level_signal"": ""not_applicable"", ""price_sensitivity"": ""not_applicable"", ""parent_involvement_needed"": ""not_applicable"", ""trial_satisfaction"": ""not_applicable"", ""student_level_summary_ar"": null, ""learning_goal_ar"": null, ""pain_points_ar"": null, ""purchase_intent"": ""not_applicable"", ""purchase_intent_reason_ar"": null, ""main_objection"": ""not_applicable"", ""main_objection_ar"": null, ""payment_blocker"": ""not_applicable"", ""other_reason_ar"": null, ""other_objection_ar"": null, ""manual_review_reason_ar"": null, ""next_action_ar"": ""إعادة الاتصال بالعميل حيث لم يتم إجراء محادثة ذات معنى."", ""target_pool"": ""callback_pool"", ""priority"": ""medium"", ""should_create_task"": true}",2026-04-26 01:04:15,2026-04-26 01:04:15,2026-04-26 01:04:15,,,,,,,,,,,,,,,,
analysis_voice_599360742,voice_599360742,599360742,0,EGCC-tasneemmahmoud,2311(Maqsam),2026-04-22 19:37:20,双方接通,duplicate_or_wrong,high,المكالمة كانت مع والدة الطالبة التي ذكرت أن الرقم الذي تم الاتصال به هو رقم جوال ابنتها وليس رقمها أو رقم والد الطالبة. طلبت من الموظفة معاودة المحاولة أو الاتصال بالرقم الصحيح للوالد.,not_applicable,not_applicable,wrong_number,تم الاتصال برقم خاطئ (جوال الابنة بدلاً من الوالد/الوالدة).,not_applicable,,not_applicable,not_applicable,not_applicable,yes,not_applicable,,,,not_applicable,,not_applicable,,not_applicable,,,,إعادة الاتصال بالرقم الصحيح للوالد/الوالدة أو الرقم الذي تم تزويده من قبل الأم.,wrong_number_pool,medium,true,success,,"{""call_stage"": ""duplicate_or_wrong"", ""stage_confidence"": ""high"", ""summary_ar"": ""المكالمة كانت مع والدة الطالبة التي ذكرت أن الرقم الذي تم الاتصال به هو رقم جوال ابنتها وليس رقمها أو رقم والد الطالبة. طلبت من الموظفة معاودة المحاولة أو الاتصال بالرقم الصحيح للوالد."", ""attendance_intent"": ""not_applicable"", ""attendance_risk"": ""not_applicable"", ""cancel_absence_reason"": ""wrong_number"", ""cancel_absence_reason_ar"": ""تم الاتصال برقم خاطئ (جوال الابنة بدلاً من الوالد/الوالدة)."", ""need_reschedule"": ""not_applicable"", ""reschedule_time"": null, ""teacher_preference"": ""not_applicable"", ""level_signal"": ""not_applicable"", ""price_sensitivity"": ""not_applicable"", ""parent_involvement_needed"": ""yes"", ""trial_satisfaction"": ""not_applicable"", ""student_level_summary_ar"": null, ""learning_goal_ar"": null, ""pain_points_ar"": null, ""purchase_intent"": ""not_applicable"", ""purchase_intent_reason_ar"": null, ""main_objection"": ""not_applicable"", ""main_objection_ar"": null, ""payment_blocker"": ""not_applicable"", ""other_reason_ar"": null, ""other_objection_ar"": null, ""manual_review_reason_ar"": null, ""next_action_ar"": ""إعادة الاتصال بالرقم الصحيح للوالد/الوالدة أو الرقم الذي تم تزويده من قبل الأم."", ""target_pool"": ""wrong_number_pool"", ""priority"": ""medium"", ""should_create_task"": true}",2026-04-26 01:05:31,2026-04-26 01:05:31,2026-04-26 01:05:31,,,,,,,,,,,,,,,,
analysis_voice_599361381,voice_599361381,599361381,62463101,51nadamuhammad,2245(Maqsam),2026-04-22 19:41:42,双方接通,no_answer_or_voicemail,high,المكالمة وصلت لبريد صوتي للعميل، ولم يتم التحدث مع العميل.,not_applicable,not_applicable,not_applicable,,not_applicable,,not_applicable,not_applicable,not_applicable,not_applicable,not_applicable,,,,not_applicable,,not_applicable,,not_applicable,,,,إعادة الاتصال بالعميل في وقت لاحق.,callback_pool,medium,true,success,,"{""call_stage"": ""no_answer_or_voicemail"", ""stage_confidence"": ""high"", ""summary_ar"": ""المكالمة وصلت لبريد صوتي للعميل، ولم يتم التحدث مع العميل."", ""attendance_intent"": ""not_applicable"", ""attendance_risk"": ""not_applicable"", ""cancel_absence_reason"": ""not_applicable"", ""cancel_absence_reason_ar"": """", ""need_reschedule"": ""not_applicable"", ""reschedule_time"": null, ""teacher_preference"": ""not_applicable"", ""level_signal"": ""not_applicable"", ""price_sensitivity"": ""not_applicable"", ""parent_involvement_needed"": ""not_applicable"", ""trial_satisfaction"": ""not_applicable"", ""student_level_summary_ar"": """", ""learning_goal_ar"": """", ""pain_points_ar"": """", ""purchase_intent"": ""not_applicable"", ""purchase_intent_reason_ar"": """", ""main_objection"": ""not_applicable"", ""main_objection_ar"": """", ""payment_blocker"": ""not_applicable"", ""other_reason_ar"": """", ""other_objection_ar"": """", ""manual_review_reason_ar"": """", ""next_action_ar"": ""إعادة الاتصال بالعميل في وقت لاحق."", ""target_pool"": ""callback_pool"", ""priority"": ""medium"", ""should_create_task"": true}",2026-04-26 01:05:37,2026-04-26 01:05:37,2026-04-26 01:05:37,,,,,,,,,,,,,,,,
analysis_voice_599367561,voice_599367561,599367561,62946072,EGCC-fatmamohamed,2310(Maqsam),2026-04-22 20:00:37,双方接通,pre_class_confirm,high,مكالمة استفسار من ولية أمر لطالبة (15 سنة، ثالث متوسط) عن برنامج تعليم اللغة الإنجليزية. الطالبة مبتدئة وترغب في تأسيس قوي لتحقيق هدفها بأن تصبح طبيبة. ناقشت ولية الأمر تفاصيل البرنامج، طريقة التدريس عن بعد، تفضيلها لمعلمة تتحدث العربية في البداية ثم معلمة أجنبية، واستفسرت بشكل مكثف عن الأسعار. تم الاتفاق على تحديد موعد مبدئي لأول حصة غداً مساءً، وإرسال التفاصيل والسعر عبر الواتساب لولية الأمر لمناقشتها مع الأب قبل تأكيد الحجز النهائي.,medium,medium,not_applicable,غير منطبق,yes,غداً مساءً,arabic_teacher,beginner,high,yes,not_applicable,الطالبة عمرها 15 سنة، في الصف الثالث متوسط. مستواها في الإنجليزية تأسيسي/مبتدئ، تعرف بعض الحروف والكلمات وتحتاج لتقوية الأساسيات.,الطالبة ترغب في تطوير لغتها الإنجليزية لتصبح طبيبة في المستقبل.,الطالبة تحتاج لتأسيس قوي في اللغة الإنجليزية من البداية.,medium,ولية الأمر مهتمة جداً بالبرنامج، ناقشت التفاصيل والأسعار، ووافقت على استلام تفاصيل الحجز ومناقشتها مع الأب قبل التأكيد النهائي.,need_parent_approval,تحتاج لموافقة الأب على السعر والتفاصيل النهائية قبل تأكيد الحجز.,parent_controls_payment,,,,إرسال تفاصيل الحجز والسعر للأم عبر الواتساب، ومتابعة معها بعد موافقة الأب لتأكيد الحجز وبدء الدراسة.,parent_approval_pool,high,true,success,,"{""call_stage"": ""pre_class_confirm"", ""stage_confidence"": ""high"", ""summary_ar"": ""مكالمة استفسار من ولية أمر لطالبة (15 سنة، ثالث متوسط) عن برنامج تعليم اللغة الإنجليزية. الطالبة مبتدئة وترغب في تأسيس قوي لتحقيق هدفها بأن تصبح طبيبة. ناقشت ولية الأمر تفاصيل البرنامج، طريقة التدريس عن بعد، تفضيلها لمعلمة تتحدث العربية في البداية ثم معلمة أجنبية، واستفسرت بشكل مكثف عن الأسعار. تم الاتفاق على تحديد موعد مبدئي لأول حصة غداً مساءً، وإرسال التفاصيل والسعر عبر الواتساب لولية الأمر لمناقشتها مع الأب قبل تأكيد الحجز النهائي."", ""attendance_intent"": ""medium"", ""attendance_risk"": ""medium"", ""cancel_absence_reason"": ""not_applicable"", ""cancel_absence_reason_ar"": ""غير منطبق"", ""need_reschedule"": ""yes"", ""reschedule_time"": ""غداً مساءً"", ""teacher_preference"": ""arabic_teacher"", ""level_signal"": ""beginner"", ""price_sensitivity"": ""high"", ""parent_involvement_needed"": ""yes"", ""trial_satisfaction"": ""not_applicable"", ""student_level_summary_ar"": ""الطالبة عمرها 15 سنة، في الصف الثالث متوسط. مستواها في الإنجليزية تأسيسي/مبتدئ، تعرف بعض الحروف والكلمات وتحتاج لتقوية الأساسيات."", ""learning_goal_ar"": ""الطالبة ترغب في تطوير لغتها الإنجليزية لتصبح طبيبة في المستقبل."", ""pain_points_ar"": ""الطالبة تحتاج لتأسيس قوي في اللغة الإنجليزية من البداية."", ""purchase_intent"": ""medium"", ""purchase_intent_reason_ar"": ""ولية الأمر مهتمة جداً بالبرنامج، ناقشت التفاصيل والأسعار، ووافقت على استلام تفاصيل الحجز ومناقشتها مع الأب قبل التأكيد النهائي."", ""main_objection"": ""need_parent_approval"", ""main_objection_ar"": ""تحتاج لموافقة الأب على السعر والتفاصيل النهائية قبل تأكيد الحجز."", ""payment_blocker"": ""parent_controls_payment"", ""other_reason_ar"": null, ""other_objection_ar"": null, ""manual_review_reason_ar"": null, ""next_action_ar"": ""إرسال تفاصيل الحجز والسعر للأم عبر الواتساب، ومتابعة معها بعد موافقة الأب لتأكيد الحجز وبدء الدراسة."", ""target_pool"": ""parent_approval_pool"", ""priority"": ""high"", ""should_create_task"": true}",2026-04-26 01:08:40,2026-04-26 01:08:40,2026-04-26 01:08:40,,,,,,,,,,,,,,,,
analysis_voice_599369954,voice_599369954,599369954,59940612,51habiba.hassan,2244(Maqsam),2026-04-22 20:11:14,双方接通,no_answer_or_voicemail,high,المكالمة ذهبت إلى البريد الصوتي للعميل. لم يتم التواصل مع العميل.,not_applicable,not_applicable,not_applicable,,not_applicable,,not_applicable,not_applicable,not_applicable,not_applicable,not_applicable,,,,not_applicable,,not_applicable,,not_applicable,,,,إعادة الاتصال بالعميل في وقت لاحق.,callback_pool,medium,true,success,,"{""call_stage"": ""no_answer_or_voicemail"", ""stage_confidence"": ""high"", ""summary_ar"": ""المكالمة ذهبت إلى البريد الصوتي للعميل. لم يتم التواصل مع العميل."", ""attendance_intent"": ""not_applicable"", ""attendance_risk"": ""not_applicable"", ""cancel_absence_reason"": ""not_applicable"", ""cancel_absence_reason_ar"": """", ""need_reschedule"": ""not_applicable"", ""reschedule_time"": """", ""teacher_preference"": ""not_applicable"", ""level_signal"": ""not_applicable"", ""price_sensitivity"": ""not_applicable"", ""parent_involvement_needed"": ""not_applicable"", ""trial_satisfaction"": ""not_applicable"", ""student_level_summary_ar"": """", ""learning_goal_ar"": """", ""pain_points_ar"": """", ""purchase_intent"": ""not_applicable"", ""purchase_intent_reason_ar"": """", ""main_objection"": ""not_applicable"", ""main_objection_ar"": """", ""payment_blocker"": ""not_applicable"", ""other_reason_ar"": """", ""other_objection_ar"": """", ""manual_review_reason_ar"": """", ""next_action_ar"": ""إعادة الاتصال بالعميل في وقت لاحق."", ""target_pool"": ""callback_pool"", ""priority"": ""medium"", ""should_create_task"": true}",2026-04-26 01:08:47,2026-04-26 01:08:47,2026-04-26 01:08:47,,,,,,,,,,,,,,,,
analysis_voice_599370728,voice_599370728,599370728,59940612,51habiba.hassan,2244(Maqsam),2026-04-22 20:13:36,双方接通,no_answer_or_voicemail,high,المكالمة ذهبت إلى البريد الصوتي ولم يتم التواصل مع العميل.,not_applicable,not_applicable,not_applicable,,not_applicable,,not_applicable,not_applicable,not_applicable,not_applicable,not_applicable,,,,not_applicable,,not_applicable,,not_applicable,,,,إعادة الاتصال بالعميل في وقت لاحق.,callback_pool,medium,true,success,,"{""call_stage"": ""no_answer_or_voicemail"", ""stage_confidence"": ""high"", ""summary_ar"": ""المكالمة ذهبت إلى البريد الصوتي ولم يتم التواصل مع العميل."", ""attendance_intent"": ""not_applicable"", ""attendance_risk"": ""not_applicable"", ""cancel_absence_reason"": ""not_applicable"", ""cancel_absence_reason_ar"": """", ""need_reschedule"": ""not_applicable"", ""reschedule_time"": null, ""teacher_preference"": ""not_applicable"", ""level_signal"": ""not_applicable"", ""price_sensitivity"": ""not_applicable"", ""parent_involvement_needed"": ""not_applicable"", ""trial_satisfaction"": ""not_applicable"", ""student_level_summary_ar"": """", ""learning_goal_ar"": """", ""pain_points_ar"": """", ""purchase_intent"": ""not_applicable"", ""purchase_intent_reason_ar"": """", ""main_objection"": ""not_applicable"", ""main_objection_ar"": """", ""payment_blocker"": ""not_applicable"", ""other_reason_ar"": """", ""other_objection_ar"": """", ""manual_review_reason_ar"": """", ""next_action_ar"": ""إعادة الاتصال بالعميل في وقت لاحق."", ""target_pool"": ""callback_pool"", ""priority"": ""medium"", ""should_create_task"": true}",2026-04-26 01:10:06,2026-04-26 01:10:06,2026-04-26 01:10:06,,,,,,,,,,,,,,,,
analysis_voice_599374386,voice_599374386,599374386,62959478,EGCC-fatmamohamed,2310(Maqsam),2026-04-22 20:28:05,双方接通,pre_class_reschedule,high,الطالبة نادين حربي (16 سنة، أولى ثانوي) فاتتها الحصة التجريبية السابقة بسبب انشغالها. تم إعادة جدولة الحصة ليوم غد الساعة 6 مساءً. الطالبة لديها اهتمام كبير بتعلم الإنجليزية لاختبار SAT والالتحاق بتخصصات مثل الهندسة أو الطب. مستواها ليس مبتدئًا تمامًا، تستطيع القراءة وفهم بعض الكلمات لكن تعاني من القواعد والتمييز بين الحروف المتشابهة. أكدت حضورها للحصة الجديدة عبر الآيباد. تم أخذ رقم والدتها للتواصل.,high,low,busy,انشغال الطالبة عن الحصة السابقة.,yes,بكرة الساعة 6 مساءً,not_applicable,beginner,not_applicable,yes,not_applicable,الطالبة ليست مبتدئة تمامًا، تستطيع القراءة وتعرف بعض الكلمات، لكنها تعاني من القواعد وتخلط بين الحروف المتشابهة (مثل B و P، I و E). تقدر مستواها بـ 40-50% في الفهم.,ترغب الطالبة في تعلم اللغة الإنجليزية لاجتياز اختبار SAT للالتحاق بتخصصات جامعية مثل الهندسة أو الطب، وتدرك أهمية اللغة في سوق العمل.,ضعف في القواعد، صعوبة في التمييز بين الحروف المتشابهة، وعدم فهم كامل لما تقرأه رغم قدرتها على القراءة.,unclear,لم يتم تحديد نية الشراء بعد، حيث أن الطالبة ستجرب الحصة أولاً وتقرر بناءً على ذلك.,not_applicable,لا يوجد اعتراض حالي، الطالبة تعيد جدولة الحصة التجريبية.,not_applicable,,,,تأكيد الحصة التجريبية للطالبة نادين حربي غدًا الساعة 6 مساءً، والتواصل مع والدتها لتأكيد الحضور وتفاصيل الدورة.,reschedule_pool,high,true,success,,"{""call_stage"": ""pre_class_reschedule"", ""stage_confidence"": ""high"", ""summary_ar"": ""الطالبة نادين حربي (16 سنة، أولى ثانوي) فاتتها الحصة التجريبية السابقة بسبب انشغالها. تم إعادة جدولة الحصة ليوم غد الساعة 6 مساءً. الطالبة لديها اهتمام كبير بتعلم الإنجليزية لاختبار SAT والالتحاق بتخصصات مثل الهندسة أو الطب. مستواها ليس مبتدئًا تمامًا، تستطيع القراءة وفهم بعض الكلمات لكن تعاني من القواعد والتمييز بين الحروف المتشابهة. أكدت حضورها للحصة الجديدة عبر الآيباد. تم أخذ رقم والدتها للتواصل."", ""attendance_intent"": ""high"", ""attendance_risk"": ""low"", ""cancel_absence_reason"": ""busy"", ""cancel_absence_reason_ar"": ""انشغال الطالبة عن الحصة السابقة."", ""need_reschedule"": ""yes"", ""reschedule_time"": ""بكرة الساعة 6 مساءً"", ""teacher_preference"": ""not_applicable"", ""level_signal"": ""beginner"", ""price_sensitivity"": ""not_applicable"", ""parent_involvement_needed"": ""yes"", ""trial_satisfaction"": ""not_applicable"", ""student_level_summary_ar"": ""الطالبة ليست مبتدئة تمامًا، تستطيع القراءة وتعرف بعض الكلمات، لكنها تعاني من القواعد وتخلط بين الحروف المتشابهة (مثل B و P، I و E). تقدر مستواها بـ 40-50% في الفهم."", ""learning_goal_ar"": ""ترغب الطالبة في تعلم اللغة الإنجليزية لاجتياز اختبار SAT للالتحاق بتخصصات جامعية مثل الهندسة أو الطب، وتدرك أهمية اللغة في سوق العمل."", ""pain_points_ar"": ""ضعف في القواعد، صعوبة في التمييز بين الحروف المتشابهة، وعدم فهم كامل لما تقرأه رغم قدرتها على القراءة."", ""purchase_intent"": ""unclear"", ""purchase_intent_reason_ar"": ""لم يتم تحديد نية الشراء بعد، حيث أن الطالبة ستجرب الحصة أولاً وتقرر بناءً على ذلك."", ""main_objection"": ""not_applicable"", ""main_objection_ar"": ""لا يوجد اعتراض حالي، الطالبة تعيد جدولة الحصة التجريبية."", ""payment_blocker"": ""not_applicable"", ""other_reason_ar"": null, ""other_objection_ar"": null, ""manual_review_reason_ar"": null, ""next_action_ar"": ""تأكيد الحصة التجريبية للطالبة نادين حربي غدًا الساعة 6 مساءً، والتواصل مع والدتها لتأكيد الحضور وتفاصيل الدورة."", ""target_pool"": ""reschedule_pool"", ""priority"": ""high"", ""should_create_task"": true}",2026-04-26 01:10:25,2026-04-26 01:10:25,2026-04-26 01:10:25,,,,,,,,,,,,,,,,
analysis_voice_599376652,voice_599376652,599376652,62935607,EGCC-eman.amr,2289(Maqsam),2026-04-22 20:37:50,双方接通,unknown,high,العميل يفضل التعليم الحضوري (أوفلاين) حالياً ويرغب في الاحتكاك المباشر مع الناس. يذكر أنه قد يفكر في التعليم عبر الإنترنت بعد شهر من تجربة التعليم الحضوري.,not_applicable,not_applicable,other,تفضيل التعليم الحضوري (أوفلاين) على التعليم عبر الإنترنت والرغبة في التفاعل المباشر.,not_applicable,,not_applicable,not_applicable,unclear,unclear,unclear,,تعلم اللغة الإنجليزية مع الرغبة في التفاعل الاجتماعي المباشر.,عدم وجود تفاعل مباشر مع الآخرين في التعليم عبر الإنترنت.,low,العميل يفضل التعليم الحضوري حالياً ولا يرى التعليم عبر الإنترنت كخيار مفضل في هذه المرحلة.,online_mode_concern,العميل يفضل التعليم الحضوري ويرغب في التفاعل المباشر، ولا يفضل التعليم عبر الإنترنت حالياً.,not_applicable,,,,يمكن التواصل مع العميل لاحقاً (بعد شهر تقريباً) لمعرفة مدى رضاه عن تجربة التعليم الحضوري وما إذا كان مستعداً لتجربة التعليم عبر الإنترنت.,low_priority_pool,low,true,success,,"{""call_stage"": ""unknown"", ""stage_confidence"": ""high"", ""summary_ar"": ""العميل يفضل التعليم الحضوري (أوفلاين) حالياً ويرغب في الاحتكاك المباشر مع الناس. يذكر أنه قد يفكر في التعليم عبر الإنترنت بعد شهر من تجربة التعليم الحضوري."", ""attendance_intent"": ""not_applicable"", ""attendance_risk"": ""not_applicable"", ""cancel_absence_reason"": ""other"", ""cancel_absence_reason_ar"": ""تفضيل التعليم الحضوري (أوفلاين) على التعليم عبر الإنترنت والرغبة في التفاعل المباشر."", ""need_reschedule"": ""not_applicable"", ""reschedule_time"": null, ""teacher_preference"": ""not_applicable"", ""level_signal"": ""not_applicable"", ""price_sensitivity"": ""unclear"", ""parent_involvement_needed"": ""unclear"", ""trial_satisfaction"": ""unclear"", ""student_level_summary_ar"": null, ""learning_goal_ar"": ""تعلم اللغة الإنجليزية مع الرغبة في التفاعل الاجتماعي المباشر."", ""pain_points_ar"": ""عدم وجود تفاعل مباشر مع الآخرين في التعليم عبر الإنترنت."", ""purchase_intent"": ""low"", ""purchase_intent_reason_ar"": ""العميل يفضل التعليم الحضوري حالياً ولا يرى التعليم عبر الإنترنت كخيار مفضل في هذه المرحلة."", ""main_objection"": ""online_mode_concern"", ""main_objection_ar"": ""العميل يفضل التعليم الحضوري ويرغب في التفاعل المباشر، ولا يفضل التعليم عبر الإنترنت حالياً."", ""payment_blocker"": ""not_applicable"", ""other_reason_ar"": null, ""other_objection_ar"": null, ""manual_review_reason_ar"": null, ""next_action_ar"": ""يمكن التواصل مع العميل لاحقاً (بعد شهر تقريباً) لمعرفة مدى رضاه عن تجربة التعليم الحضوري وما إذا كان مستعداً لتجربة التعليم عبر الإنترنت."", ""target_pool"": ""low_priority_pool"", ""priority"": ""low"", ""should_create_task"": true}",2026-04-26 01:12:04,2026-04-26 01:12:04,2026-04-26 01:12:04,,,,,,,,,,,,,,,,
analysis_voice_599377730,voice_599377730,599377730,62980476,EGCC-tasneemmahmoud,2311(Maqsam),2026-04-22 20:42:02,双方接通,pre_class_reschedule,high,تواصل الطالب لطلب إعادة جدولة الحصة التجريبية المحددة الساعة 8 مساءً بسبب تعارضها مع وقت صلاة العشاء. اقترح الطالب موعداً جديداً يوم الخميس الساعة 9 أو 9:30 مساءً. ذكر الطالب أنه يرى الوقت مبكراً لتطوير اللغة حالياً وقد يؤجل ذلك للسنة القادمة، ووصف مستواه بأنه مبتدئ مع معرفة بعض الكلمات والقواعد لكنه لا يستطيع التحدث. كما قام بتزويد رقم ولي أمره.,high,not_applicable,time_conflict,تعارض مع وقت صلاة العشاء,yes,الخميس 9:00-9:30 مساءً,not_applicable,beginner,not_applicable,yes,not_applicable,الطالب يصف مستواه بأنه بين المبتدئ والجيد قليلاً، يعرف أكثر من 100 كلمة وبعض القواعد التي درسها في الثانوية، لكنه لا يستطيع التحدث بطلاقة.,تطوير اللغة الإنجليزية بشكل عام، مع التركيز على مهارة التحدث التي يفتقر إليها حالياً.,عدم القدرة على التحدث باللغة الإنجليزية رغم معرفته ببعض الكلمات والقواعد الأساسية.,low,يرى الطالب أنه من المبكر البدء بتطوير اللغة حالياً، وقد يؤجل ذلك للسنة القادمة.,low_interest,يرى الطالب أن الوقت مبكر جداً للبدء بتطوير اللغة حالياً.,not_applicable,,,,إعادة جدولة الحصة التجريبية حسب الوقت المقترح (الخميس 9:00-9:30 مساءً). التواصل مع ولي الأمر لمناقشة اهتمام الطالب وخططه المستقبلية ومعالجة اعتراضه بشأن التوقيت.,reschedule_pool,high,true,success,,"{""call_stage"": ""pre_class_reschedule"", ""stage_confidence"": ""high"", ""summary_ar"": ""تواصل الطالب لطلب إعادة جدولة الحصة التجريبية المحددة الساعة 8 مساءً بسبب تعارضها مع وقت صلاة العشاء. اقترح الطالب موعداً جديداً يوم الخميس الساعة 9 أو 9:30 مساءً. ذكر الطالب أنه يرى الوقت مبكراً لتطوير اللغة حالياً وقد يؤجل ذلك للسنة القادمة، ووصف مستواه بأنه مبتدئ مع معرفة بعض الكلمات والقواعد لكنه لا يستطيع التحدث. كما قام بتزويد رقم ولي أمره."", ""attendance_intent"": ""high"", ""attendance_risk"": ""not_applicable"", ""cancel_absence_reason"": ""time_conflict"", ""cancel_absence_reason_ar"": ""تعارض مع وقت صلاة العشاء"", ""need_reschedule"": ""yes"", ""reschedule_time"": ""الخميس 9:00-9:30 مساءً"", ""teacher_preference"": ""not_applicable"", ""level_signal"": ""beginner"", ""price_sensitivity"": ""not_applicable"", ""parent_involvement_needed"": ""yes"", ""trial_satisfaction"": ""not_applicable"", ""student_level_summary_ar"": ""الطالب يصف مستواه بأنه بين المبتدئ والجيد قليلاً، يعرف أكثر من 100 كلمة وبعض القواعد التي درسها في الثانوية، لكنه لا يستطيع التحدث بطلاقة."", ""learning_goal_ar"": ""تطوير اللغة الإنجليزية بشكل عام، مع التركيز على مهارة التحدث التي يفتقر إليها حالياً."", ""pain_points_ar"": ""عدم القدرة على التحدث باللغة الإنجليزية رغم معرفته ببعض الكلمات والقواعد الأساسية."", ""purchase_intent"": ""low"", ""purchase_intent_reason_ar"": ""يرى الطالب أنه من المبكر البدء بتطوير اللغة حالياً، وقد يؤجل ذلك للسنة القادمة."", ""main_objection"": ""low_interest"", ""main_objection_ar"": ""يرى الطالب أن الوقت مبكر جداً للبدء بتطوير اللغة حالياً."", ""payment_blocker"": ""not_applicable"", ""other_reason_ar"": null, ""other_objection_ar"": null, ""manual_review_reason_ar"": null, ""next_action_ar"": ""إعادة جدولة الحصة التجريبية حسب الوقت المقترح (الخميس 9:00-9:30 مساءً). التواصل مع ولي الأمر لمناقشة اهتمام الطالب وخططه المستقبلية ومعالجة اعتراضه بشأن التوقيت."", ""target_pool"": ""reschedule_pool"", ""priority"": ""high"", ""should_create_task"": true}",2026-04-26 01:13:33,2026-04-26 01:13:33,2026-04-26 01:13:33,,,,,,,,,,,,,,,,
analysis_voice_599378554,voice_599378554,599378554,0,EGCC-maiwaheed,2313(Maqsam),2026-04-22 20:46:36,双方接通,unknown,low,المحادثة قصيرة جداً ومتكررة، تحتوي على عبارات متناقضة مثل 'سأفعل' و 'ما ناسب'، مما يجعل تحديد الغرض من المكالمة أو أي تفاصيل أخرى مستحيلاً.,unclear,unclear,unknown,غير واضح بسبب غموض المحادثة وتناقض العبارات.,unclear,,unclear,unclear,unclear,unclear,unclear,غير واضح.,غير واضح.,غير واضح.,unclear,غير واضح بسبب غموض المحادثة.,unknown,غير واضح بسبب غموض المحادثة وتناقض العبارات.,unknown,,,المحادثة قصيرة جداً، متكررة، وتحتوي على عبارات متناقضة مثل 'سأفعل' و 'لم يناسب' مما يجعل تحديد الغرض من المكالمة أو أي تفاصيل أخرى مستحيلاً.,يجب مراجعة المكالمة يدوياً لتحديد السياق أو محاولة الاتصال مرة أخرى إذا كان هناك رقم اتصال.,manual_review_pool,medium,true,success,,"{""call_stage"": ""unknown"", ""stage_confidence"": ""low"", ""summary_ar"": ""المحادثة قصيرة جداً ومتكررة، تحتوي على عبارات متناقضة مثل 'سأفعل' و 'ما ناسب'، مما يجعل تحديد الغرض من المكالمة أو أي تفاصيل أخرى مستحيلاً."", ""attendance_intent"": ""unclear"", ""attendance_risk"": ""unclear"", ""cancel_absence_reason"": ""unknown"", ""cancel_absence_reason_ar"": ""غير واضح بسبب غموض المحادثة وتناقض العبارات."", ""need_reschedule"": ""unclear"", ""reschedule_time"": null, ""teacher_preference"": ""unclear"", ""level_signal"": ""unclear"", ""price_sensitivity"": ""unclear"", ""parent_involvement_needed"": ""unclear"", ""trial_satisfaction"": ""unclear"", ""student_level_summary_ar"": ""غير واضح."", ""learning_goal_ar"": ""غير واضح."", ""pain_points_ar"": ""غير واضح."", ""purchase_intent"": ""unclear"", ""purchase_intent_reason_ar"": ""غير واضح بسبب غموض المحادثة."", ""main_objection"": ""unknown"", ""main_objection_ar"": ""غير واضح بسبب غموض المحادثة وتناقض العبارات."", ""payment_blocker"": ""unknown"", ""other_reason_ar"": null, ""other_objection_ar"": null, ""manual_review_reason_ar"": ""المحادثة قصيرة جداً، متكررة، وتحتوي على عبارات متناقضة مثل 'سأفعل' و 'لم يناسب' مما يجعل تحديد الغرض من المكالمة أو أي تفاصيل أخرى مستحيلاً."", ""next_action_ar"": ""يجب مراجعة المكالمة يدوياً لتحديد السياق أو محاولة الاتصال مرة أخرى إذا كان هناك رقم اتصال."", ""target_pool"": ""manual_review_pool"", ""priority"": ""medium"", ""should_create_task"": true}",2026-04-26 01:13:42,2026-04-26 01:13:42,2026-04-26 01:13:42,,,,,,,,,,,,,,,,
analysis_voice_599380911,voice_599380911,599380911,62911050,EGCC-maiwaheed,2313(Maqsam),2026-04-22 21:05:28,双方接通,unknown,low,,,,,,,,,,,,,,,,,,,,,,,فشل تحليل المكالمة آليًا، وتحتاج إلى مراجعة يدوية.,,manual_review_pool,medium,true,failed,"No JSON object found in Gemini response: { ""call_stage"": ""pre_class_reschedule"", ""stage_confidence"": ""high"", ""summary_ar"": ""العميل ذكر أن لديه ترتيبات شخصية ومالية، بالإضافة إلى احتمال السفر للسودان، مما يمنعه من الالتزام حالياً. أبدى نية للتواصل مع الشركة لاحقاً بعد الانتهاء من ترتيب أموره."", ""attendance_intent"": ""low"", ""attendance_risk"": ""high"", ""cancel_absence_reason"": ""travel"", ""cancel_absence_reason_ar"": ""احتمال السفر للسودان."", ""need_reschedule"": ""yes",,2026-04-26 01:15:19,2026-04-26 01:15:19,2026-04-26 01:15:19,,,,,,,,,,,,,,,,
analysis_voice_599381639,voice_599381639,599381639,62133156,EGCC-eman.amr,2289(Maqsam),2026-04-22 21:11:37,双方接通,post_class_followup,high,العميلة مشغولة جداً حالياً بسبب دخولها في برنامج دراسي آخر غير اللغة الإنجليزية، وتتوقع أن يستغرق هذا البرنامج سنة كاملة. ذكرت أنها ستقوم بالتواصل مع الشركة بعد الانتهاء من برنامجها الحالي حيث أن الرقم موجود لديها.,not_applicable,not_applicable,other,مشغولة ببرنامج دراسي آخر يستغرق سنة كاملة.,no,,not_applicable,not_applicable,not_applicable,not_applicable,not_applicable,,,,low,العميلة مشغولة ببرنامج دراسي آخر يستغرق سنة كاملة، وذكرت أنها ستتواصل بعد الانتهاء منه.,schedule,مشغولة ببرنامج دراسي آخر يستغرق سنة كاملة.,not_applicable,,,,إعادة التواصل مع العميلة بعد سنة أو وضعها في قائمة متابعة طويلة الأمد.,low_priority_pool,low,true,success,,"{""call_stage"": ""post_class_followup"", ""stage_confidence"": ""high"", ""summary_ar"": ""العميلة مشغولة جداً حالياً بسبب دخولها في برنامج دراسي آخر غير اللغة الإنجليزية، وتتوقع أن يستغرق هذا البرنامج سنة كاملة. ذكرت أنها ستقوم بالتواصل مع الشركة بعد الانتهاء من برنامجها الحالي حيث أن الرقم موجود لديها."", ""attendance_intent"": ""not_applicable"", ""attendance_risk"": ""not_applicable"", ""cancel_absence_reason"": ""other"", ""cancel_absence_reason_ar"": ""مشغولة ببرنامج دراسي آخر يستغرق سنة كاملة."", ""need_reschedule"": ""no"", ""reschedule_time"": null, ""teacher_preference"": ""not_applicable"", ""level_signal"": ""not_applicable"", ""price_sensitivity"": ""not_applicable"", ""parent_involvement_needed"": ""not_applicable"", ""trial_satisfaction"": ""not_applicable"", ""student_level_summary_ar"": null, ""learning_goal_ar"": null, ""pain_points_ar"": null, ""purchase_intent"": ""low"", ""purchase_intent_reason_ar"": ""العميلة مشغولة ببرنامج دراسي آخر يستغرق سنة كاملة، وذكرت أنها ستتواصل بعد الانتهاء منه."", ""main_objection"": ""schedule"", ""main_objection_ar"": ""مشغولة ببرنامج دراسي آخر يستغرق سنة كاملة."", ""payment_blocker"": ""not_applicable"", ""other_reason_ar"": null, ""other_objection_ar"": null, ""manual_review_reason_ar"": null, ""next_action_ar"": ""إعادة التواصل مع العميلة بعد سنة أو وضعها في قائمة متابعة طويلة الأمد."", ""target_pool"": ""low_priority_pool"", ""priority"": ""low"", ""should_create_task"": true}",2026-04-26 01:15:32,2026-04-26 01:15:32,2026-04-26 01:15:32,,,,,,,,,,,,,,,,
analysis_voice_599382034,voice_599382034,599382034,62274473,EGCC-fatmamohamed,2310(Maqsam),2026-04-22 21:12:51,双方接通,unknown,low,,,,,,,,,,,,,,,,,,,,,,,فشل تحليل المكالمة آليًا، وتحتاج إلى مراجعة يدوية.,,manual_review_pool,medium,true,failed,"No JSON object found in Gemini response: { ""call_stage"": ""post_class_followup"", ""stage_confidence"": ""high"", ""summary_ar"": ""الطالب مهتم بتحسين مهارات التحدث والكتابة باللغة الإنجليزية، ويفضل معلمًا عربيًا نظرًا لصعوبة التواصل بالإنجليزية. لديه قيود زمنية بسبب المدرسة (يفضل بعد عيد الأضحى). ذكر رقم والده مما يشير إلى مشاركته في القرار. السعر (187 ريال شهرياً) يعتبر عائقاً كبيراً بالنسبة له، وطلب إرسال التفاصيل على الواتساب لمراجعتها."", ""attendance_intent"": ""not_applicable"", ""attendance_",,2026-04-26 01:15:52,2026-04-26 01:15:52,2026-04-26 01:15:52,,,,,,,,,,,,,,,,
analysis_voice_599382187,voice_599382187,599382187,62987542,51habiba.hassan,2244(Maqsam),2026-04-22 21:15:27,双方接通,unknown,low,,,,,,,,,,,,,,,,,,,,,,,فشل تحليل المكالمة آليًا، وتحتاج إلى مراجعة يدوية.,,manual_review_pool,medium,true,failed,"No JSON object found in Gemini response: { ""call_stage"": ""unknown"", ""stage_confidence"": ""medium"", ""summary_ar"": ""الوالد يتحدث عن ابنته الطالبة (16 سنة) ومستواها في اللغة الإنجليزية (مبتدئة، 30% أساسيات). يذكر أنها أخذت دورتين سابقتين في منصات أخرى، لكنه غير راضٍ عنها لعدم وجود متابعة دقيقة أو حفظ كلمات، ويرى أن تركيزها كان مادياً. الهدف هو تحسين المحادثة وحفظ الكلمات. يبدو أن هناك مشكلة في الاتصال في نهاية المكالمة."", ""attendance_intent"": ""not_applicable"", """,,2026-04-26 01:17:51,2026-04-26 01:17:51,2026-04-26 01:17:51,,,,,,,,,,,,,,,,
analysis_voice_599383404,voice_599383404,599383404,62987542,51habiba.hassan,2244(Maqsam),2026-04-22 21:22:27,双方接通,pre_class_confirm,high,الأب يتصل للاستفسار عن المنصة والرسوم وطريقة الحصص. يذكر تجارب سابقة غير ناجحة مع منصات أخرى. لديه قلق بشأن استخدام الكاميرا بسبب خصوصية العائلة. الأهم أنه يحتاج للتأكد من موافقة ابنته على خوض التجربة، حيث واجهوا مشكلة سابقة في تقبلها للتعليم عبر الإنترنت. وعد بالرد بعد التحدث معها.,unclear,high,not_applicable,غير منطبق,not_applicable,,not_applicable,not_applicable,medium,yes,not_applicable,غير منطبق,غير مذكور,تجارب سابقة غير ناجحة مع منصات تعليمية أخرى. قلق بشأن استخدام الكاميرا بسبب خصوصية العائلة. عدم تقبل الابنة للتعليم عبر الإنترنت في تجربة سابقة.,low,يعتمد على موافقة الابنة بعد تجربتها السابقة الفاشلة مع التعليم عبر الإنترنت.,other,غير منطبق,other,الأب يحتاج للتأكد من موافقة ابنته على خوض التجربة بعد فشل تجربة سابقة لها مع التعليم عبر الإنترنت.,عدم تقبل الابنة للتعليم عبر الإنترنت بناءً على تجربة سابقة، وقلق بشأن استخدام الكاميرا.,,متابعة مع الأب بعد أن يتحدث مع ابنته للتأكد من موافقتها على خوض التجربة. يجب معالجة مخاوف الكاميرا.,parent_approval_pool,medium,true,success,,"{""call_stage"": ""pre_class_confirm"", ""stage_confidence"": ""high"", ""summary_ar"": ""الأب يتصل للاستفسار عن المنصة والرسوم وطريقة الحصص. يذكر تجارب سابقة غير ناجحة مع منصات أخرى. لديه قلق بشأن استخدام الكاميرا بسبب خصوصية العائلة. الأهم أنه يحتاج للتأكد من موافقة ابنته على خوض التجربة، حيث واجهوا مشكلة سابقة في تقبلها للتعليم عبر الإنترنت. وعد بالرد بعد التحدث معها."", ""attendance_intent"": ""unclear"", ""attendance_risk"": ""high"", ""cancel_absence_reason"": ""not_applicable"", ""cancel_absence_reason_ar"": ""غير منطبق"", ""need_reschedule"": ""not_applicable"", ""reschedule_time"": null, ""teacher_preference"": ""not_applicable"", ""level_signal"": ""not_applicable"", ""price_sensitivity"": ""medium"", ""parent_involvement_needed"": ""yes"", ""trial_satisfaction"": ""not_applicable"", ""student_level_summary_ar"": ""غير منطبق"", ""learning_goal_ar"": ""غير مذكور"", ""pain_points_ar"": ""تجارب سابقة غير ناجحة مع منصات تعليمية أخرى. قلق بشأن استخدام الكاميرا بسبب خصوصية العائلة. عدم تقبل الابنة للتعليم عبر الإنترنت في تجربة سابقة."", ""purchase_intent"": ""low"", ""purchase_intent_reason_ar"": ""يعتمد على موافقة الابنة بعد تجربتها السابقة الفاشلة مع التعليم عبر الإنترنت."", ""main_objection"": ""other"", ""main_objection_ar"": ""غير منطبق"", ""payment_blocker"": ""other"", ""other_reason_ar"": ""الأب يحتاج للتأكد من موافقة ابنته على خوض التجربة بعد فشل تجربة سابقة لها مع التعليم عبر الإنترنت."", ""other_objection_ar"": ""عدم تقبل الابنة للتعليم عبر الإنترنت بناءً على تجربة سابقة، وقلق بشأن استخدام الكاميرا."", ""manual_review_reason_ar"": null, ""next_action_ar"": ""متابعة مع الأب بعد أن يتحدث مع ابنته للتأكد من موافقتها على خوض التجربة. يجب معالجة مخاوف الكاميرا."", ""target_pool"": ""parent_approval_pool"", ""priority"": ""medium"", ""should_create_task"": true}",2026-04-26 01:18:09,2026-04-26 01:18:09,2026-04-26 01:18:09,,,,,,,,,,,,,,,,
analysis_voice_599384046,voice_599384046,599384046,62987769,51nadamuhammad,2245(Maqsam),2026-04-22 21:27:56,双方接通,no_answer_or_voicemail,high,المكالمة لم تتضمن محادثة واضحة مع العميل. يبدو أنها ضوضاء أو تسجيل غير مكتمل، ولا يوجد أي محتوى ذي معنى.,not_applicable,not_applicable,not_applicable,غير منطبق,not_applicable,,not_applicable,not_applicable,not_applicable,not_applicable,not_applicable,,,,not_applicable,,not_applicable,غير منطبق,not_applicable,,,,إعادة الاتصال بالعميل حيث لم تتم محادثة واضحة.,callback_pool,medium,true,success,,"{""call_stage"": ""no_answer_or_voicemail"", ""stage_confidence"": ""high"", ""summary_ar"": ""المكالمة لم تتضمن محادثة واضحة مع العميل. يبدو أنها ضوضاء أو تسجيل غير مكتمل، ولا يوجد أي محتوى ذي معنى."", ""attendance_intent"": ""not_applicable"", ""attendance_risk"": ""not_applicable"", ""cancel_absence_reason"": ""not_applicable"", ""cancel_absence_reason_ar"": ""غير منطبق"", ""need_reschedule"": ""not_applicable"", ""reschedule_time"": null, ""teacher_preference"": ""not_applicable"", ""level_signal"": ""not_applicable"", ""price_sensitivity"": ""not_applicable"", ""parent_involvement_needed"": ""not_applicable"", ""trial_satisfaction"": ""not_applicable"", ""student_level_summary_ar"": null, ""learning_goal_ar"": null, ""pain_points_ar"": null, ""purchase_intent"": ""not_applicable"", ""purchase_intent_reason_ar"": null, ""main_objection"": ""not_applicable"", ""main_objection_ar"": ""غير منطبق"", ""payment_blocker"": ""not_applicable"", ""other_reason_ar"": null, ""other_objection_ar"": null, ""manual_review_reason_ar"": null, ""next_action_ar"": ""إعادة الاتصال بالعميل حيث لم تتم محادثة واضحة."", ""target_pool"": ""callback_pool"", ""priority"": ""medium"", ""should_create_task"": true}",2026-04-26 01:18:16,2026-04-26 01:18:16,2026-04-26 01:18:16,,,,,,,,,,,,,,,,
analysis_voice_599384048,voice_599384048,599384048,62987497,EGCC-eman.amr,2289(Maqsam),2026-04-22 21:27:33,双方接通,unknown,medium,العميلة أجابت على المكالمة وذكرت أنها مشغولة حاليًا وطلبت معاودة الاتصال بها لاحقًا. لم يتم تحديد سياق المكالمة (قبل/أثناء/بعد التجربة).,not_applicable,not_applicable,not_applicable,not_applicable,not_applicable,,not_applicable,not_applicable,not_applicable,not_applicable,not_applicable,,,,not_applicable,,not_applicable,not_applicable,not_applicable,,,المكالمة قصيرة جدًا والعميلة ذكرت أنها مشغولة وتطلب معاودة الاتصال. لا يوجد سياق كافٍ لتحديد مرحلة المكالمة (قبل/أثناء/بعد التجربة) أو أي تفاصيل أخرى.,معاودة الاتصال بالعميلة في وقت لاحق حسب توفرها.,callback_pool,medium,true,success,,"{""call_stage"": ""unknown"", ""stage_confidence"": ""medium"", ""summary_ar"": ""العميلة أجابت على المكالمة وذكرت أنها مشغولة حاليًا وطلبت معاودة الاتصال بها لاحقًا. لم يتم تحديد سياق المكالمة (قبل/أثناء/بعد التجربة)."", ""attendance_intent"": ""not_applicable"", ""attendance_risk"": ""not_applicable"", ""cancel_absence_reason"": ""not_applicable"", ""cancel_absence_reason_ar"": ""not_applicable"", ""need_reschedule"": ""not_applicable"", ""reschedule_time"": null, ""teacher_preference"": ""not_applicable"", ""level_signal"": ""not_applicable"", ""price_sensitivity"": ""not_applicable"", ""parent_involvement_needed"": ""not_applicable"", ""trial_satisfaction"": ""not_applicable"", ""student_level_summary_ar"": null, ""learning_goal_ar"": null, ""pain_points_ar"": null, ""purchase_intent"": ""not_applicable"", ""purchase_intent_reason_ar"": null, ""main_objection"": ""not_applicable"", ""main_objection_ar"": ""not_applicable"", ""payment_blocker"": ""not_applicable"", ""other_reason_ar"": null, ""other_objection_ar"": null, ""manual_review_reason_ar"": ""المكالمة قصيرة جدًا والعميلة ذكرت أنها مشغولة وتطلب معاودة الاتصال. لا يوجد سياق كافٍ لتحديد مرحلة المكالمة (قبل/أثناء/بعد التجربة) أو أي تفاصيل أخرى."", ""next_action_ar"": ""معاودة الاتصال بالعميلة في وقت لاحق حسب توفرها."", ""target_pool"": ""callback_pool"", ""priority"": ""medium"", ""should_create_task"": true}",2026-04-26 01:18:30,2026-04-26 01:18:30,2026-04-26 01:18:30,,,,,,,,,,,,,,,,
analysis_voice_599385117,voice_599385117,599385117,62470699,EGCC-maiwaheed,2313(Maqsam),2026-04-22 21:33:35,双方接通,unknown,low,"المكالمة تتضمن نقاشاً حول طالبة تدعى فاطمة، عمرها 14 عاماً، ومناقشة حول مدة الحصة التجريبية ومستواها (""وسط""). كان هناك استفسار عن عدد الحصص التجريبية المتاحة ومحاولة لتحديد موعد (يوم X أو يوم Y)، مع ذكر وقت ""السادسة والنصف مساءً"". ومع ذلك، واجه الطرفان صعوبة واضحة في الفهم المتبادل، حيث صرح أحدهما صراحة ""ما أفهم أي شيء"". تم ذكر إرسال واتساب للمتابعة.",unclear,unclear,not_applicable,غير منطبق,unclear,unclear,not_applicable,unclear,not_applicable,unclear,not_applicable,"الطالبة فاطمة عمرها 14 سنة. تم ذكر مستوى ""وسط"" في سياق الحصة التجريبية، ولكن السياق العام للمحادثة غير واضح.",غير مذكور,غير مذكور,unclear,غير منطبق,other,صعوبة بالغة في التواصل وفهم المحادثة بين الطرفين بسبب تداخل اللغات والضوضاء وعدم وضوح الكلام.,not_applicable,غير منطبق,صعوبة بالغة في التواصل وفهم المحادثة بين الطرفين بسبب تداخل اللغات والضوضاء وعدم وضوح الكلام.,المكالمة تحتوي على لغات متعددة وضوضاء عالية، وهناك تصريح واضح من أحد الطرفين بعدم الفهم. يصعب تحديد المرحلة الدقيقة للمكالمة أو نية العميل بشكل واضح بسبب التداخل والغموض.,مراجعة يدوية للمكالمة من قبل محلل لفك رموز المحادثة وتحديد السياق والخطوات التالية المطلوبة.,manual_review_pool,high,true,success,,"{""call_stage"": ""unknown"", ""stage_confidence"": ""low"", ""summary_ar"": ""المكالمة تتضمن نقاشاً حول طالبة تدعى فاطمة، عمرها 14 عاماً، ومناقشة حول مدة الحصة التجريبية ومستواها (\""وسط\""). كان هناك استفسار عن عدد الحصص التجريبية المتاحة ومحاولة لتحديد موعد (يوم X أو يوم Y)، مع ذكر وقت \""السادسة والنصف مساءً\"". ومع ذلك، واجه الطرفان صعوبة واضحة في الفهم المتبادل، حيث صرح أحدهما صراحة \""ما أفهم أي شيء\"". تم ذكر إرسال واتساب للمتابعة."", ""attendance_intent"": ""unclear"", ""attendance_risk"": ""unclear"", ""cancel_absence_reason"": ""not_applicable"", ""cancel_absence_reason_ar"": ""غير منطبق"", ""need_reschedule"": ""unclear"", ""reschedule_time"": ""unclear"", ""teacher_preference"": ""not_applicable"", ""level_signal"": ""unclear"", ""price_sensitivity"": ""not_applicable"", ""parent_involvement_needed"": ""unclear"", ""trial_satisfaction"": ""not_applicable"", ""student_level_summary_ar"": ""الطالبة فاطمة عمرها 14 سنة. تم ذكر مستوى \""وسط\"" في سياق الحصة التجريبية، ولكن السياق العام للمحادثة غير واضح."", ""learning_goal_ar"": ""غير مذكور"", ""pain_points_ar"": ""غير مذكور"", ""purchase_intent"": ""unclear"", ""purchase_intent_reason_ar"": ""غير منطبق"", ""main_objection"": ""other"", ""main_objection_ar"": ""صعوبة بالغة في التواصل وفهم المحادثة بين الطرفين بسبب تداخل اللغات والضوضاء وعدم وضوح الكلام."", ""payment_blocker"": ""not_applicable"", ""other_reason_ar"": ""غير منطبق"", ""other_objection_ar"": ""صعوبة بالغة في التواصل وفهم المحادثة بين الطرفين بسبب تداخل اللغات والضوضاء وعدم وضوح الكلام."", ""manual_review_reason_ar"": ""المكالمة تحتوي على لغات متعددة وضوضاء عالية، وهناك تصريح واضح من أحد الطرفين بعدم الفهم. يصعب تحديد المرحلة الدقيقة للمكالمة أو نية العميل بشكل واضح بسبب التداخل والغموض."", ""next_action_ar"": ""مراجعة يدوية للمكالمة من قبل محلل لفك رموز المحادثة وتحديد السياق والخطوات التالية المطلوبة."", ""target_pool"": ""manual_review_pool"", ""priority"": ""high"", ""should_create_task"": true}",2026-04-26 01:20:20,2026-04-26 01:20:20,2026-04-26 01:20:20,,,,,,,,,,,,,,,,
analysis_voice_599386046,voice_599386046,599386046,0,EGCC-tasneemmahmoud,2311(Maqsam),2026-04-22 21:41:36,双方接通,pre_class_reschedule,high,العميل خارج المنزل حالياً ويطلب إعادة جدولة الجلسة إلى الساعة الثامنة أو الثامنة والنصف مساءً بعد صلاة العشاء.,high,low,busy,العميل مشغول حالياً وخارج المنزل.,yes,8:00 PM or 8:30 PM after Isha prayer,not_applicable,not_applicable,not_applicable,not_applicable,not_applicable,,,,not_applicable,,not_applicable,,not_applicable,,,,إعادة جدولة الجلسة للعميل إلى الساعة 8:00 أو 8:30 مساءً.,reschedule_pool,high,true,success,,"{""call_stage"": ""pre_class_reschedule"", ""stage_confidence"": ""high"", ""summary_ar"": ""العميل خارج المنزل حالياً ويطلب إعادة جدولة الجلسة إلى الساعة الثامنة أو الثامنة والنصف مساءً بعد صلاة العشاء."", ""attendance_intent"": ""high"", ""attendance_risk"": ""low"", ""cancel_absence_reason"": ""busy"", ""cancel_absence_reason_ar"": ""العميل مشغول حالياً وخارج المنزل."", ""need_reschedule"": ""yes"", ""reschedule_time"": ""8:00 PM or 8:30 PM after Isha prayer"", ""teacher_preference"": ""not_applicable"", ""level_signal"": ""not_applicable"", ""price_sensitivity"": ""not_applicable"", ""parent_involvement_needed"": ""not_applicable"", ""trial_satisfaction"": ""not_applicable"", ""student_level_summary_ar"": null, ""learning_goal_ar"": null, ""pain_points_ar"": null, ""purchase_intent"": ""not_applicable"", ""purchase_intent_reason_ar"": null, ""main_objection"": ""not_applicable"", ""main_objection_ar"": null, ""payment_blocker"": ""not_applicable"", ""other_reason_ar"": null, ""other_objection_ar"": null, ""manual_review_reason_ar"": null, ""next_action_ar"": ""إعادة جدولة الجلسة للعميل إلى الساعة 8:00 أو 8:30 مساءً."", ""target_pool"": ""reschedule_pool"", ""priority"": ""high"", ""should_create_task"": true}",2026-04-26 01:20:32,2026-04-26 01:20:32,2026-04-26 01:20:32,,,,,,,,,,,,,,,,
analysis_voice_599386383,voice_599386383,599386383,58987546,EGCC-maiwaheed,2313(Maqsam),2026-04-22 21:45:07,双方接通,no_answer_or_voicemail,high,المكالمة تحتوي على كلام غير مفهوم ومتكرر ولا يوجد محادثة حقيقية مع العميل. يبدو كضوضاء أو خطأ في الاتصال.,not_applicable,not_applicable,not_applicable,,not_applicable,,not_applicable,not_applicable,not_applicable,not_applicable,not_applicable,,,,not_applicable,,not_applicable,,not_applicable,,,,إعادة الاتصال بالعميل حيث لم تتم محادثة حقيقية.,callback_pool,medium,true,success,,"{""call_stage"": ""no_answer_or_voicemail"", ""stage_confidence"": ""high"", ""summary_ar"": ""المكالمة تحتوي على كلام غير مفهوم ومتكرر ولا يوجد محادثة حقيقية مع العميل. يبدو كضوضاء أو خطأ في الاتصال."", ""attendance_intent"": ""not_applicable"", ""attendance_risk"": ""not_applicable"", ""cancel_absence_reason"": ""not_applicable"", ""cancel_absence_reason_ar"": """", ""need_reschedule"": ""not_applicable"", ""reschedule_time"": """", ""teacher_preference"": ""not_applicable"", ""level_signal"": ""not_applicable"", ""price_sensitivity"": ""not_applicable"", ""parent_involvement_needed"": ""not_applicable"", ""trial_satisfaction"": ""not_applicable"", ""student_level_summary_ar"": """", ""learning_goal_ar"": """", ""pain_points_ar"": """", ""purchase_intent"": ""not_applicable"", ""purchase_intent_reason_ar"": """", ""main_objection"": ""not_applicable"", ""main_objection_ar"": """", ""payment_blocker"": ""not_applicable"", ""other_reason_ar"": """", ""other_objection_ar"": """", ""manual_review_reason_ar"": """", ""next_action_ar"": ""إعادة الاتصال بالعميل حيث لم تتم محادثة حقيقية."", ""target_pool"": ""callback_pool"", ""priority"": ""medium"", ""should_create_task"": true}",2026-04-26 01:20:42,2026-04-26 01:20:42,2026-04-26 01:20:42,,,,,,,,,,,,,,,,
analysis_voice_599388925,voice_599388925,599388925,0,EGCC-eman.amr,2289(Maqsam),2026-04-22 21:54:21,双方接通,unknown,low,المتصلة ذكرت أنها غير متواجدة في المنزل حالياً ولا تستطيع التحدث، وأشارت إلى إمكانية التحدث بعد عشر دقائق أو في وقت لاحق. الغرض من المكالمة غير واضح.,not_applicable,not_applicable,busy,المتصلة مشغولة وغير متواجدة في المنزل حالياً.,yes,بعد عشر دقائق أو في وقت لاحق,not_applicable,not_applicable,not_applicable,not_applicable,not_applicable,not_applicable,not_applicable,not_applicable,not_applicable,not_applicable,not_applicable,not_applicable,not_applicable,المتصلة غير متواجدة في المنزل حالياً ولا تستطيع التحدث.,not_applicable,"المكالمة قصيرة ومتقطعة. المتصلة ذكرت أنها غير متواجدة في المنزل حالياً ولا تستطيع التحدث، وأشارت إلى إمكانية التحدث بعد عشر دقائق أو في وقت لاحق (""next time""). لا يمكن تحديد الغرض الأساسي من المكالمة (مثل تأكيد موعد، إعادة جدولة، دعم فني، متابعة) بشكل واضح من النص، مما يتطلب مراجعة يدوية لتحديد الخطوة التالية.",إعادة الاتصال بالمتصلة في وقت لاحق أو في اليوم التالي لمعرفة الغرض من المكالمة وتحديد الخطوات التالية.,manual_review_pool,medium,true,success,,"{""call_stage"": ""unknown"", ""stage_confidence"": ""low"", ""summary_ar"": ""المتصلة ذكرت أنها غير متواجدة في المنزل حالياً ولا تستطيع التحدث، وأشارت إلى إمكانية التحدث بعد عشر دقائق أو في وقت لاحق. الغرض من المكالمة غير واضح."", ""attendance_intent"": ""not_applicable"", ""attendance_risk"": ""not_applicable"", ""cancel_absence_reason"": ""busy"", ""cancel_absence_reason_ar"": ""المتصلة مشغولة وغير متواجدة في المنزل حالياً."", ""need_reschedule"": ""yes"", ""reschedule_time"": ""بعد عشر دقائق أو في وقت لاحق"", ""teacher_preference"": ""not_applicable"", ""level_signal"": ""not_applicable"", ""price_sensitivity"": ""not_applicable"", ""parent_involvement_needed"": ""not_applicable"", ""trial_satisfaction"": ""not_applicable"", ""student_level_summary_ar"": ""not_applicable"", ""learning_goal_ar"": ""not_applicable"", ""pain_points_ar"": ""not_applicable"", ""purchase_intent"": ""not_applicable"", ""purchase_intent_reason_ar"": ""not_applicable"", ""main_objection"": ""not_applicable"", ""main_objection_ar"": ""not_applicable"", ""payment_blocker"": ""not_applicable"", ""other_reason_ar"": ""المتصلة غير متواجدة في المنزل حالياً ولا تستطيع التحدث."", ""other_objection_ar"": ""not_applicable"", ""manual_review_reason_ar"": ""المكالمة قصيرة ومتقطعة. المتصلة ذكرت أنها غير متواجدة في المنزل حالياً ولا تستطيع التحدث، وأشارت إلى إمكانية التحدث بعد عشر دقائق أو في وقت لاحق (\""next time\""). لا يمكن تحديد الغرض الأساسي من المكالمة (مثل تأكيد موعد، إعادة جدولة، دعم فني، متابعة) بشكل واضح من النص، مما يتطلب مراجعة يدوية لتحديد الخطوة التالية."", ""next_action_ar"": ""إعادة الاتصال بالمتصلة في وقت لاحق أو في اليوم التالي لمعرفة الغرض من المكالمة وتحديد الخطوات التالية."", ""target_pool"": ""manual_review_pool"", ""priority"": ""medium"", ""should_create_task"": true}",2026-04-26 01:22:33,2026-04-26 01:22:33,2026-04-26 01:22:33,,,,,,,,,,,,,,,,
analysis_voice_599389186,voice_599389186,599389186,62993447,51habiba.hassan,2244(Maqsam),2026-04-22 21:59:57,双方接通,unknown,low,العميلة حياة، وهي نيجيرية مقيمة في فيتنام، تتحدث الإنجليزية بمستوى منخفض. يبدو أن هناك سوء فهم كبير لغرض المكالمة. ذكرت أنها شاهدت إعلانات على تيك توك وفيسبوك. قدمت معلومات متضاربة حول وضعها العائلي، حيث ذكرت في البداية أنها مع والديها ثم أوضحت أن والديها متوفيان وأنها تعيش مع أقاربها. في نهاية المكالمة، ذكرت أنها ستتحدث مع عمها وستعود لاحقًا.,unclear,unclear,not_applicable,غير منطبق,unclear,,unclear,unclear,unclear,yes,unclear,,,,unclear,,need_parent_approval,تحتاج لموافقة العم/الوصي,not_applicable,,,العميلة ليست من الفئة المستهدفة للشركة (نيجيرية مقيمة في فيتنام). يوجد حاجز لغوي واضح وسوء فهم كبير لغرض المكالمة من جانب العميل. المعلومات المقدمة حول الوضع العائلي متضاربة وغير واضحة. لم يتمكن الموظف من تحديد أو تأكيد أي إجراء أو هدف تجاري للمكالمة.,يجب مراجعة المكالمة يدويًا لتقييم مدى ملاءمة العميل لخدمات الشركة وتحديد ما إذا كان هناك أي إجراء ممكن، أو إغلاق الفرصة بسبب عدم التطابق الديموغرافي واللغوي.,manual_review_pool,high,true,success,,"{""call_stage"": ""unknown"", ""stage_confidence"": ""low"", ""summary_ar"": ""العميلة حياة، وهي نيجيرية مقيمة في فيتنام، تتحدث الإنجليزية بمستوى منخفض. يبدو أن هناك سوء فهم كبير لغرض المكالمة. ذكرت أنها شاهدت إعلانات على تيك توك وفيسبوك. قدمت معلومات متضاربة حول وضعها العائلي، حيث ذكرت في البداية أنها مع والديها ثم أوضحت أن والديها متوفيان وأنها تعيش مع أقاربها. في نهاية المكالمة، ذكرت أنها ستتحدث مع عمها وستعود لاحقًا."", ""attendance_intent"": ""unclear"", ""attendance_risk"": ""unclear"", ""cancel_absence_reason"": ""not_applicable"", ""cancel_absence_reason_ar"": ""غير منطبق"", ""need_reschedule"": ""unclear"", ""reschedule_time"": null, ""teacher_preference"": ""unclear"", ""level_signal"": ""unclear"", ""price_sensitivity"": ""unclear"", ""parent_involvement_needed"": ""yes"", ""trial_satisfaction"": ""unclear"", ""student_level_summary_ar"": null, ""learning_goal_ar"": null, ""pain_points_ar"": null, ""purchase_intent"": ""unclear"", ""purchase_intent_reason_ar"": null, ""main_objection"": ""need_parent_approval"", ""main_objection_ar"": ""تحتاج لموافقة العم/الوصي"", ""payment_blocker"": ""not_applicable"", ""other_reason_ar"": null, ""other_objection_ar"": null, ""manual_review_reason_ar"": ""العميلة ليست من الفئة المستهدفة للشركة (نيجيرية مقيمة في فيتنام). يوجد حاجز لغوي واضح وسوء فهم كبير لغرض المكالمة من جانب العميل. المعلومات المقدمة حول الوضع العائلي متضاربة وغير واضحة. لم يتمكن الموظف من تحديد أو تأكيد أي إجراء أو هدف تجاري للمكالمة."", ""next_action_ar"": ""يجب مراجعة المكالمة يدويًا لتقييم مدى ملاءمة العميل لخدمات الشركة وتحديد ما إذا كان هناك أي إجراء ممكن، أو إغلاق الفرصة بسبب عدم التطابق الديموغرافي واللغوي."", ""target_pool"": ""manual_review_pool"", ""priority"": ""high"", ""should_create_task"": true}",2026-04-26 01:22:46,2026-04-26 01:22:46,2026-04-26 01:22:46,,,,,,,,,,,,,,,,
analysis_voice_599389935,voice_599389935,599389935,0,EGCC-eman.amr,2289(Maqsam),2026-04-22 22:00:17,双方接通,unknown,low,المكالمة قصيرة ومتقطعة، العميل يذكر أنه ليس في المنزل وخارجاً. لا يمكن تحديد الغرض من المكالمة بوضوح.,unclear,unclear,other,العميل ذكر أنه ليس في المنزل وخارجاً، مما يشير إلى عدم توفره للمكالمة أو الحضور.,unclear,,not_applicable,not_applicable,not_applicable,not_applicable,not_applicable,,,,unclear,,unknown,,not_applicable,العميل غير متوفر في المنزل.,,المكالمة قصيرة جداً ومتقطعة مع تكرار للعبارات، مما يجعل تحديد الغرض منها أو تصنيفها بشكل دقيق أمراً صعباً. العميل ذكر أنه ليس في المنزل.,مراجعة يدوية للمكالمة لتحديد السياق أو محاولة الاتصال بالعميل لاحقاً.,manual_review_pool,medium,true,success,,"{""call_stage"": ""unknown"", ""stage_confidence"": ""low"", ""summary_ar"": ""المكالمة قصيرة ومتقطعة، العميل يذكر أنه ليس في المنزل وخارجاً. لا يمكن تحديد الغرض من المكالمة بوضوح."", ""attendance_intent"": ""unclear"", ""attendance_risk"": ""unclear"", ""cancel_absence_reason"": ""other"", ""cancel_absence_reason_ar"": ""العميل ذكر أنه ليس في المنزل وخارجاً، مما يشير إلى عدم توفره للمكالمة أو الحضور."", ""need_reschedule"": ""unclear"", ""reschedule_time"": null, ""teacher_preference"": ""not_applicable"", ""level_signal"": ""not_applicable"", ""price_sensitivity"": ""not_applicable"", ""parent_involvement_needed"": ""not_applicable"", ""trial_satisfaction"": ""not_applicable"", ""student_level_summary_ar"": null, ""learning_goal_ar"": null, ""pain_points_ar"": null, ""purchase_intent"": ""unclear"", ""purchase_intent_reason_ar"": null, ""main_objection"": ""unknown"", ""main_objection_ar"": null, ""payment_blocker"": ""not_applicable"", ""other_reason_ar"": ""العميل غير متوفر في المنزل."", ""other_objection_ar"": null, ""manual_review_reason_ar"": ""المكالمة قصيرة جداً ومتقطعة مع تكرار للعبارات، مما يجعل تحديد الغرض منها أو تصنيفها بشكل دقيق أمراً صعباً. العميل ذكر أنه ليس في المنزل."", ""next_action_ar"": ""مراجعة يدوية للمكالمة لتحديد السياق أو محاولة الاتصال بالعميل لاحقاً."", ""target_pool"": ""manual_review_pool"", ""priority"": ""medium"", ""should_create_task"": true}",2026-04-26 01:22:55,2026-04-26 01:22:55,2026-04-26 01:22:55,,,,,,,,,,,,,,,,
analysis_voice_599390898,voice_599390898,599390898,62981103,EGCC-fatmamohamed,2310(Maqsam),2026-04-22 22:07:30,双方接通,in_class_support,medium,العميل يواجه صعوبة في الدخول إلى الدرس أو استلام الرابط. كما عبر عن تفضيله لمدرس يشرح باللغة الإنجليزية لأنه لا يفهم الشرح باللغة العربية جيداً.,high,high,not_applicable,not_applicable,no,not_applicable,foreign_teacher,unclear,not_applicable,no,not_applicable,not_applicable,not_applicable,not_applicable,not_applicable,not_applicable,technical_issue,مشكلة تقنية في الدخول للدرس أو استلام الرابط.,not_applicable,not_applicable,العميل يفضل مدرس يشرح باللغة الإنجليزية لأنه لا يفهم الشرح باللغة العربية جيداً.,not_applicable,مساعدة العميل على الدخول للدرس فوراً والتأكد من استلامه للرابط. مراجعة تفضيلات المدرس وتحديثها لضمان توفير مدرس يتحدث الإنجليزية للشرح في المستقبل.,technical_support_pool,high,true,success,,"{""call_stage"": ""in_class_support"", ""stage_confidence"": ""medium"", ""summary_ar"": ""العميل يواجه صعوبة في الدخول إلى الدرس أو استلام الرابط. كما عبر عن تفضيله لمدرس يشرح باللغة الإنجليزية لأنه لا يفهم الشرح باللغة العربية جيداً."", ""attendance_intent"": ""high"", ""attendance_risk"": ""high"", ""cancel_absence_reason"": ""not_applicable"", ""cancel_absence_reason_ar"": ""not_applicable"", ""need_reschedule"": ""no"", ""reschedule_time"": ""not_applicable"", ""teacher_preference"": ""foreign_teacher"", ""level_signal"": ""unclear"", ""price_sensitivity"": ""not_applicable"", ""parent_involvement_needed"": ""no"", ""trial_satisfaction"": ""not_applicable"", ""student_level_summary_ar"": ""not_applicable"", ""learning_goal_ar"": ""not_applicable"", ""pain_points_ar"": ""not_applicable"", ""purchase_intent"": ""not_applicable"", ""purchase_intent_reason_ar"": ""not_applicable"", ""main_objection"": ""technical_issue"", ""main_objection_ar"": ""مشكلة تقنية في الدخول للدرس أو استلام الرابط."", ""payment_blocker"": ""not_applicable"", ""other_reason_ar"": ""not_applicable"", ""other_objection_ar"": ""العميل يفضل مدرس يشرح باللغة الإنجليزية لأنه لا يفهم الشرح باللغة العربية جيداً."", ""manual_review_reason_ar"": ""not_applicable"", ""next_action_ar"": ""مساعدة العميل على الدخول للدرس فوراً والتأكد من استلامه للرابط. مراجعة تفضيلات المدرس وتحديثها لضمان توفير مدرس يتحدث الإنجليزية للشرح في المستقبل."", ""target_pool"": ""technical_support_pool"", ""priority"": ""high"", ""should_create_task"": true}",2026-04-26 01:25:25,2026-04-26 01:25:25,2026-04-26 01:25:25,,,,,,,,,,,,,,,,
analysis_voice_599394295,voice_599394295,599394295,62988316,EGCC-tasneemmahmoud,2311(Maqsam),2026-04-22 22:26:35,双方接通,unknown,low,,,,,,,,,,,,,,,,,,,,,,,فشل تحليل المكالمة آليًا، وتحتاج إلى مراجعة يدوية.,,manual_review_pool,medium,true,failed,"No JSON object found in Gemini response: { ""call_stage"": ""unknown"", ""stage_confidence"": ""high"", ""summary_ar"": ""الطالبة مهتمة جداً بتطوير لغتها الإنجليزية من مستوى ضعيف جداً (صفر مبتدئ) لتتمكن من التحدث والقراءة والفهم. لديها هدف لاجتياز اختبار ستيب للجامعة بعد التأسيس. استفسرت عن سعر الدورة وأبدت نية قوية للتسجيل بعد الحصول على معلومات إضافية، مشيرة إلى أنها ستحاول التأسيس ثم التسجيل."", ""attendance_intent"": ""not_applicable"", ""attendance_risk"": ""not_applicable"", ""cancel_",,2026-04-26 01:25:46,2026-04-26 01:25:46,2026-04-26 01:25:46,,,,,,,,,,,,,,,,
analysis_voice_599399387,voice_599399387,599399387,61222827,EGCC-eman.amr,2289(Maqsam),2026-04-22 22:57:03,双方接通,post_class_followup,high,"الأم تتصل للاستفسار عن إمكانية إعادة التسجيل لابنتها ""غلا"" بعد تجربة سابقة. تذكر الأم أن غلا واجهت صعوبة في التواصل مع المعلمة السابقة بسبب خجلها وأن المعلمة كانت تعطي إجابات مختصرة. الأم ترغب في معلمة مختلفة وتفضل بدء الاشتراك في الصيف (شهر 6) بعد عودة الأب من السفر لمناقشة الأمر معه.",not_applicable,not_applicable,not_applicable,not_applicable,not_applicable,,other,unclear,unclear,yes,low,"الأم غير متأكدة من مستوى ابنتها ""غلا"" الحقيقي، حيث واجهت غلا صعوبة في التواصل مع المعلمة السابقة بسبب خجلها وكانت تعطي إجابات مختصرة. الأم ترغب في معرفة تقييم المعلمة لمستوى غلا.",تحسين مهارات المحادثة والتفاعل باللغة الإنجليزية، والتغلب على الخجل. الأم ذكرت أن غلا تحب الأغاني الإنجليزية.,صعوبة التواصل والتفاعل مع المعلمة، خجل الطالبة، عدم وضوح مستوى الطالبة الحقيقي، عدم القدرة على أخذ وعطاء في المحادثة.,medium,الأم مهتمة بإعادة تسجيل ابنتها ولكن بعد مناقشة مع الأب وتغيير المعلمة وتحديد موعد بدء مناسب في الصيف.,need_parent_approval,الحاجة لموافقة الأب ومناقشة تفاصيل الاشتراك معه، بالإضافة إلى رغبة الأم في تغيير المعلمة.,not_applicable,الأم لا ترغب في نفس المعلمة السابقة بسبب عدم تفاعل ابنتها معها.,not_applicable,not_applicable,"متابعة مع الأم بعد عودة الأب لمناقشة تفاصيل الاشتراك وتحديد معلمة جديدة مناسبة، مع الأخذ بالاعتبار رغبتهم في البدء في الصيف. يجب أيضًا الاستفسار من المعلمة السابقة عن تقييمها لمستوى الطالبة ""غلا"" وتفاعلها.",parent_approval_pool,medium,true,success,,"{""call_stage"": ""post_class_followup"", ""stage_confidence"": ""high"", ""summary_ar"": ""الأم تتصل للاستفسار عن إمكانية إعادة التسجيل لابنتها \""غلا\"" بعد تجربة سابقة. تذكر الأم أن غلا واجهت صعوبة في التواصل مع المعلمة السابقة بسبب خجلها وأن المعلمة كانت تعطي إجابات مختصرة. الأم ترغب في معلمة مختلفة وتفضل بدء الاشتراك في الصيف (شهر 6) بعد عودة الأب من السفر لمناقشة الأمر معه."", ""attendance_intent"": ""not_applicable"", ""attendance_risk"": ""not_applicable"", ""cancel_absence_reason"": ""not_applicable"", ""cancel_absence_reason_ar"": ""not_applicable"", ""need_reschedule"": ""not_applicable"", ""reschedule_time"": null, ""teacher_preference"": ""other"", ""level_signal"": ""unclear"", ""price_sensitivity"": ""unclear"", ""parent_involvement_needed"": ""yes"", ""trial_satisfaction"": ""low"", ""student_level_summary_ar"": ""الأم غير متأكدة من مستوى ابنتها \""غلا\"" الحقيقي، حيث واجهت غلا صعوبة في التواصل مع المعلمة السابقة بسبب خجلها وكانت تعطي إجابات مختصرة. الأم ترغب في معرفة تقييم المعلمة لمستوى غلا."", ""learning_goal_ar"": ""تحسين مهارات المحادثة والتفاعل باللغة الإنجليزية، والتغلب على الخجل. الأم ذكرت أن غلا تحب الأغاني الإنجليزية."", ""pain_points_ar"": ""صعوبة التواصل والتفاعل مع المعلمة، خجل الطالبة، عدم وضوح مستوى الطالبة الحقيقي، عدم القدرة على أخذ وعطاء في المحادثة."", ""purchase_intent"": ""medium"", ""purchase_intent_reason_ar"": ""الأم مهتمة بإعادة تسجيل ابنتها ولكن بعد مناقشة مع الأب وتغيير المعلمة وتحديد موعد بدء مناسب في الصيف."", ""main_objection"": ""need_parent_approval"", ""main_objection_ar"": ""الحاجة لموافقة الأب ومناقشة تفاصيل الاشتراك معه، بالإضافة إلى رغبة الأم في تغيير المعلمة."", ""payment_blocker"": ""not_applicable"", ""other_reason_ar"": ""الأم لا ترغب في نفس المعلمة السابقة بسبب عدم تفاعل ابنتها معها."", ""other_objection_ar"": ""not_applicable"", ""manual_review_reason_ar"": ""not_applicable"", ""next_action_ar"": ""متابعة مع الأم بعد عودة الأب لمناقشة تفاصيل الاشتراك وتحديد معلمة جديدة مناسبة، مع الأخذ بالاعتبار رغبتهم في البدء في الصيف. يجب أيضًا الاستفسار من المعلمة السابقة عن تقييمها لمستوى الطالبة \""غلا\"" وتفاعلها."", ""target_pool"": ""parent_approval_pool"", ""priority"": ""medium"", ""should_create_task"": true}",2026-04-26 01:28:37,2026-04-26 01:28:37,2026-04-26 01:28:37,,,,,,,,,,,,,,,,
analysis_voice_599400423,voice_599400423,599400423,62994147,EGCC-tasneemmahmoud,2311(Maqsam),2026-04-22 23:00:46,双方接通,in_class_support,high,الطالبة تحاول الدخول إلى الفصل وتسأل عن حالة الاتصال، كما تواجه مشكلة فنية تتعلق بالميكروفون.,not_applicable,not_applicable,not_applicable,,not_applicable,,not_applicable,not_applicable,not_applicable,not_applicable,not_applicable,,,,not_applicable,,not_applicable,,not_applicable,,,,تقديم الدعم الفني للطالبة لمساعدتها على الدخول إلى الفصل وحل مشكلة الميكروفون.,technical_support_pool,high,true,success,,"{""call_stage"": ""in_class_support"", ""stage_confidence"": ""high"", ""summary_ar"": ""الطالبة تحاول الدخول إلى الفصل وتسأل عن حالة الاتصال، كما تواجه مشكلة فنية تتعلق بالميكروفون."", ""attendance_intent"": ""not_applicable"", ""attendance_risk"": ""not_applicable"", ""cancel_absence_reason"": ""not_applicable"", ""cancel_absence_reason_ar"": """", ""need_reschedule"": ""not_applicable"", ""reschedule_time"": """", ""teacher_preference"": ""not_applicable"", ""level_signal"": ""not_applicable"", ""price_sensitivity"": ""not_applicable"", ""parent_involvement_needed"": ""not_applicable"", ""trial_satisfaction"": ""not_applicable"", ""student_level_summary_ar"": """", ""learning_goal_ar"": """", ""pain_points_ar"": """", ""purchase_intent"": ""not_applicable"", ""purchase_intent_reason_ar"": """", ""main_objection"": ""not_applicable"", ""main_objection_ar"": """", ""payment_blocker"": ""not_applicable"", ""other_reason_ar"": """", ""other_objection_ar"": """", ""manual_review_reason_ar"": """", ""next_action_ar"": ""تقديم الدعم الفني للطالبة لمساعدتها على الدخول إلى الفصل وحل مشكلة الميكروفون."", ""target_pool"": ""technical_support_pool"", ""priority"": ""high"", ""should_create_task"": true}",2026-04-26 01:28:46,2026-04-26 01:28:46,2026-04-26 01:28:46,,,,,,,,,,,,,,,,
analysis_voice_599402608,voice_599402608,599402608,62988316,EGCC-tasneemmahmoud,2311(Maqsam),2026-04-22 23:25:13,双方接通,unknown,low,"المكالمة قصيرة وتحتوي على أجزاء غير واضحة أو غير منطقية. يبدو أن هناك محاولة للدخول إلى شيء ما (""إيه تمام الحين بخش"")، ولكن بقية الحديث غير مفهوم أو يبدو كخطأ في تحويل الكلام إلى نص.",unclear,unclear,not_applicable,,unclear,,unclear,unclear,unclear,unclear,unclear,,,,unclear,,not_applicable,,not_applicable,,,"المكالمة تحتوي على أجزاء غير مفهومة وغير منطقية (مثل ""توبات خوشان"" و ""أبشي بدي خيمتك خي"")، مما يجعل تحديد مرحلة المكالمة أو غرضها مستحيلاً. هناك جملة واحدة واضحة (""إيه تمام الحين بخش"") ولكنها غير كافية لتصنيف المكالمة.",يجب مراجعة التسجيل الصوتي يدوياً لفهم المحتوى الحقيقي للمكالمة.,manual_review_pool,high,true,success,,"{""call_stage"": ""unknown"", ""stage_confidence"": ""low"", ""summary_ar"": ""المكالمة قصيرة وتحتوي على أجزاء غير واضحة أو غير منطقية. يبدو أن هناك محاولة للدخول إلى شيء ما (\""إيه تمام الحين بخش\"")، ولكن بقية الحديث غير مفهوم أو يبدو كخطأ في تحويل الكلام إلى نص."", ""attendance_intent"": ""unclear"", ""attendance_risk"": ""unclear"", ""cancel_absence_reason"": ""not_applicable"", ""cancel_absence_reason_ar"": """", ""need_reschedule"": ""unclear"", ""reschedule_time"": """", ""teacher_preference"": ""unclear"", ""level_signal"": ""unclear"", ""price_sensitivity"": ""unclear"", ""parent_involvement_needed"": ""unclear"", ""trial_satisfaction"": ""unclear"", ""student_level_summary_ar"": """", ""learning_goal_ar"": """", ""pain_points_ar"": """", ""purchase_intent"": ""unclear"", ""purchase_intent_reason_ar"": """", ""main_objection"": ""not_applicable"", ""main_objection_ar"": """", ""payment_blocker"": ""not_applicable"", ""other_reason_ar"": """", ""other_objection_ar"": """", ""manual_review_reason_ar"": ""المكالمة تحتوي على أجزاء غير مفهومة وغير منطقية (مثل \""توبات خوشان\"" و \""أبشي بدي خيمتك خي\"")، مما يجعل تحديد مرحلة المكالمة أو غرضها مستحيلاً. هناك جملة واحدة واضحة (\""إيه تمام الحين بخش\"") ولكنها غير كافية لتصنيف المكالمة."", ""next_action_ar"": ""يجب مراجعة التسجيل الصوتي يدوياً لفهم المحتوى الحقيقي للمكالمة."", ""target_pool"": ""manual_review_pool"", ""priority"": ""high"", ""should_create_task"": true}",2026-04-26 01:30:45,2026-04-26 01:30:45,2026-04-26 01:30:45,,,,,,,,,,,,,,,,
analysis_voice_599409989,voice_599409989,599409989,62988574,51habiba.hassan,2244(Maqsam),2026-04-23 00:33:50,双方接通,unknown,low,المتصل يتحدث بلغات متعددة وغير مفهومة، ويذكر أنه لا يعرف الإنجليزية ولا العربية، مما يجعل الغرض من المكالمة غير واضح تماماً.,unclear,unclear,not_applicable,,not_applicable,,not_applicable,unclear,not_applicable,unclear,not_applicable,,,,unclear,,unknown,,not_applicable,,,المكالمة تحتوي على لغات متعددة وغير مفهومة، والمتصل يذكر بشكل متناقض أنه لا يعرف الإنجليزية ولا العربية، مما يجعل تحديد هوية المتصل أو الغرض من المكالمة مستحيلاً.,يجب مراجعة المكالمة يدوياً بشكل عاجل لفهم هوية المتصل والغرض من المكالمة وتحديد الخطوة التالية.,manual_review_pool,high,true,success,,"{""call_stage"": ""unknown"", ""stage_confidence"": ""low"", ""summary_ar"": ""المتصل يتحدث بلغات متعددة وغير مفهومة، ويذكر أنه لا يعرف الإنجليزية ولا العربية، مما يجعل الغرض من المكالمة غير واضح تماماً."", ""attendance_intent"": ""unclear"", ""attendance_risk"": ""unclear"", ""cancel_absence_reason"": ""not_applicable"", ""cancel_absence_reason_ar"": null, ""need_reschedule"": ""not_applicable"", ""reschedule_time"": null, ""teacher_preference"": ""not_applicable"", ""level_signal"": ""unclear"", ""price_sensitivity"": ""not_applicable"", ""parent_involvement_needed"": ""unclear"", ""trial_satisfaction"": ""not_applicable"", ""student_level_summary_ar"": null, ""learning_goal_ar"": null, ""pain_points_ar"": null, ""purchase_intent"": ""unclear"", ""purchase_intent_reason_ar"": null, ""main_objection"": ""unknown"", ""main_objection_ar"": null, ""payment_blocker"": ""not_applicable"", ""other_reason_ar"": null, ""other_objection_ar"": null, ""manual_review_reason_ar"": ""المكالمة تحتوي على لغات متعددة وغير مفهومة، والمتصل يذكر بشكل متناقض أنه لا يعرف الإنجليزية ولا العربية، مما يجعل تحديد هوية المتصل أو الغرض من المكالمة مستحيلاً."", ""next_action_ar"": ""يجب مراجعة المكالمة يدوياً بشكل عاجل لفهم هوية المتصل والغرض من المكالمة وتحديد الخطوة التالية."", ""target_pool"": ""manual_review_pool"", ""priority"": ""high"", ""should_create_task"": true}",2026-04-26 01:32:50,2026-04-26 01:32:50,2026-04-26 01:32:50,,,,,,,,,,,,,,,,
analysis_voice_599410929,voice_599410929,599410929,62985239,EGCC-eman.amr,2289(Maqsam),2026-04-23 00:41:12,双方接通,pre_class_confirm,high,الطالبة جنى (18 سنة) تتصل للاستفسار عن موعد حصتها التجريبية، حيث كانت تعتقد أنها الساعة 5 مساءً بينما هي محجوزة الساعة 10 مساءً. أكدت الطالبة أنها ستجرب الحصة اليوم. لديها اهتمام بتطوير مستواها في الإنجليزية بعد فترة انقطاع، وتستفسر عن الشهادات المعتمدة والعروض. ذكرت أن والدها هو من أرسل لها الرابط وأنها ستحتاج لمناقشة الأمر مع والدتها.,high,low,not_applicable,غير منطبق,no,,unclear,beginner,unclear,yes,not_applicable,الطالبة لم تدرس الإنجليزية منذ فترة طويلة وتحتاج إلى تطوير مستواها واستعادة ما تعلمته سابقاً.,تطوير مستوى اللغة الإنجليزية بعد فترة انقطاع، واستعادة المهارات السابقة.,فترة انقطاع طويلة عن دراسة اللغة الإنجليزية.,unclear,غير منطبق,no_objection,لا يوجد اعتراض,not_applicable,,,,التأكد من حضور الطالبة للحصة التجريبية ومتابعتها بعد الحصة.,pre_class_confirm_pool,high,true,success,,"{""call_stage"": ""pre_class_confirm"", ""stage_confidence"": ""high"", ""summary_ar"": ""الطالبة جنى (18 سنة) تتصل للاستفسار عن موعد حصتها التجريبية، حيث كانت تعتقد أنها الساعة 5 مساءً بينما هي محجوزة الساعة 10 مساءً. أكدت الطالبة أنها ستجرب الحصة اليوم. لديها اهتمام بتطوير مستواها في الإنجليزية بعد فترة انقطاع، وتستفسر عن الشهادات المعتمدة والعروض. ذكرت أن والدها هو من أرسل لها الرابط وأنها ستحتاج لمناقشة الأمر مع والدتها."", ""attendance_intent"": ""high"", ""attendance_risk"": ""low"", ""cancel_absence_reason"": ""not_applicable"", ""cancel_absence_reason_ar"": ""غير منطبق"", ""need_reschedule"": ""no"", ""reschedule_time"": null, ""teacher_preference"": ""unclear"", ""level_signal"": ""beginner"", ""price_sensitivity"": ""unclear"", ""parent_involvement_needed"": ""yes"", ""trial_satisfaction"": ""not_applicable"", ""student_level_summary_ar"": ""الطالبة لم تدرس الإنجليزية منذ فترة طويلة وتحتاج إلى تطوير مستواها واستعادة ما تعلمته سابقاً."", ""learning_goal_ar"": ""تطوير مستوى اللغة الإنجليزية بعد فترة انقطاع، واستعادة المهارات السابقة."", ""pain_points_ar"": ""فترة انقطاع طويلة عن دراسة اللغة الإنجليزية."", ""purchase_intent"": ""unclear"", ""purchase_intent_reason_ar"": ""غير منطبق"", ""main_objection"": ""no_objection"", ""main_objection_ar"": ""لا يوجد اعتراض"", ""payment_blocker"": ""not_applicable"", ""other_reason_ar"": null, ""other_objection_ar"": null, ""manual_review_reason_ar"": null, ""next_action_ar"": ""التأكد من حضور الطالبة للحصة التجريبية ومتابعتها بعد الحصة."", ""target_pool"": ""pre_class_confirm_pool"", ""priority"": ""high"", ""should_create_task"": true}",2026-04-26 01:32:59,2026-04-26 01:32:59,2026-04-26 01:32:59,,,,,,,,,,,,,,,,
analysis_voice_599411480,voice_599411480,599411480,61556717,EGCC-maiwaheed,2313(Maqsam),2026-04-23 00:46:54,双方接通,unknown,low,"المكالمة تحتوي على الكثير من الضوضاء وكلمات غير مفهومة. يبدو أن العميل طلب وقتًا للاتصال به لاحقًا، ولكن هناك جملة غير منطقية ""صلي معي بعد نصف ساعة"" مما يجعل فهم المكالمة صعبًا للغاية.",unclear,unclear,unknown,,unclear,,not_applicable,not_applicable,not_applicable,not_applicable,not_applicable,,,,unclear,,unknown,,not_applicable,,,"المكالمة تحتوي على ضوضاء شديدة وكلمات غير مفهومة، بالإضافة إلى جمل متناقضة وغير منطقية مثل ""صلي معي بعد نصف ساعة"" مما يجعل تحديد الغرض من المكالمة أو أي إشارة عمل مستحيلًا. تحتاج إلى مراجعة يدوية لتحديد ما إذا كان هناك أي معنى يمكن استخلاصه.",مراجعة يدوية للمكالمة لتحديد ما إذا كان هناك أي معلومات قابلة للاستخدام أو إذا كان يجب إعادة الاتصال بالعميل.,manual_review_pool,high,true,success,,"{""call_stage"": ""unknown"", ""stage_confidence"": ""low"", ""summary_ar"": ""المكالمة تحتوي على الكثير من الضوضاء وكلمات غير مفهومة. يبدو أن العميل طلب وقتًا للاتصال به لاحقًا، ولكن هناك جملة غير منطقية \""صلي معي بعد نصف ساعة\"" مما يجعل فهم المكالمة صعبًا للغاية."", ""attendance_intent"": ""unclear"", ""attendance_risk"": ""unclear"", ""cancel_absence_reason"": ""unknown"", ""cancel_absence_reason_ar"": null, ""need_reschedule"": ""unclear"", ""reschedule_time"": null, ""teacher_preference"": ""not_applicable"", ""level_signal"": ""not_applicable"", ""price_sensitivity"": ""not_applicable"", ""parent_involvement_needed"": ""not_applicable"", ""trial_satisfaction"": ""not_applicable"", ""student_level_summary_ar"": null, ""learning_goal_ar"": null, ""pain_points_ar"": null, ""purchase_intent"": ""unclear"", ""purchase_intent_reason_ar"": null, ""main_objection"": ""unknown"", ""main_objection_ar"": null, ""payment_blocker"": ""not_applicable"", ""other_reason_ar"": null, ""other_objection_ar"": null, ""manual_review_reason_ar"": ""المكالمة تحتوي على ضوضاء شديدة وكلمات غير مفهومة، بالإضافة إلى جمل متناقضة وغير منطقية مثل \""صلي معي بعد نصف ساعة\"" مما يجعل تحديد الغرض من المكالمة أو أي إشارة عمل مستحيلًا. تحتاج إلى مراجعة يدوية لتحديد ما إذا كان هناك أي معنى يمكن استخلاصه."", ""next_action_ar"": ""مراجعة يدوية للمكالمة لتحديد ما إذا كان هناك أي معلومات قابلة للاستخدام أو إذا كان يجب إعادة الاتصال بالعميل."", ""target_pool"": ""manual_review_pool"", ""priority"": ""high"", ""should_create_task"": true}",2026-04-26 01:34:15,2026-04-26 01:34:15,2026-04-26 01:34:15,,,,,,,,,,,,,,,,
analysis_voice_599411917,voice_599411917,599411917,62986222,EGCC-tasneemmahmoud,2311(Maqsam),2026-04-23 00:48:51,双方接通,unknown,high,مكالمة استفسار من ولي أمر لطفلة بعمر 3 سنوات عن أسعار حصص اللغة الإنجليزية. ولي الأمر يفضل معلمة عربية للطفلة بسبب صغر سنها وصعوبة الفهم، ويواجه تحديًا في السيولة المالية حالياً مما يمنعه من التسجيل الفوري، ويطلب التواصل مستقبلاً.,not_applicable,not_applicable,not_applicable,,not_applicable,,arabic_teacher,zero_beginner,high,yes,not_applicable,الطفلة بعمر 3 سنوات، في مرحلة اكتشاف اللغة وتحتاج لشرح مبسط ومتابعة لصغر سنها.,تعلم اللغة الإنجليزية كلغة أساسية ومهمة للمستقبل.,صعوبة فهم الطفلة للغة الإنجليزية بسبب صغر سنها، الحاجة لمعلمة تتحدث العربية لتسهيل الشرح، والقيود المالية الحالية.,low,ولي الأمر مهتم بتعليم ابنته الإنجليزية كلغة أساسية، لكنه يواجه تحديًا في السيولة المالية حالياً ويطلب التواصل مستقبلاً.,price,عدم توفر السيولة المالية الكافية حالياً للتسجيل.,insufficient_cash,المكالمة هي استفسار أولي عن تفاصيل الدورات والأسعار قبل حجز أي حصة تجريبية.,,,المتابعة مع ولي الأمر مستقبلاً بعد تحسن ظروفه المالية، مع الأخذ بالاعتبار تفضيله لمعلمة عربية.,payment_blocked_pool,high,true,success,,"{""call_stage"": ""unknown"", ""stage_confidence"": ""high"", ""summary_ar"": ""مكالمة استفسار من ولي أمر لطفلة بعمر 3 سنوات عن أسعار حصص اللغة الإنجليزية. ولي الأمر يفضل معلمة عربية للطفلة بسبب صغر سنها وصعوبة الفهم، ويواجه تحديًا في السيولة المالية حالياً مما يمنعه من التسجيل الفوري، ويطلب التواصل مستقبلاً."", ""attendance_intent"": ""not_applicable"", ""attendance_risk"": ""not_applicable"", ""cancel_absence_reason"": ""not_applicable"", ""cancel_absence_reason_ar"": null, ""need_reschedule"": ""not_applicable"", ""reschedule_time"": null, ""teacher_preference"": ""arabic_teacher"", ""level_signal"": ""zero_beginner"", ""price_sensitivity"": ""high"", ""parent_involvement_needed"": ""yes"", ""trial_satisfaction"": ""not_applicable"", ""student_level_summary_ar"": ""الطفلة بعمر 3 سنوات، في مرحلة اكتشاف اللغة وتحتاج لشرح مبسط ومتابعة لصغر سنها."", ""learning_goal_ar"": ""تعلم اللغة الإنجليزية كلغة أساسية ومهمة للمستقبل."", ""pain_points_ar"": ""صعوبة فهم الطفلة للغة الإنجليزية بسبب صغر سنها، الحاجة لمعلمة تتحدث العربية لتسهيل الشرح، والقيود المالية الحالية."", ""purchase_intent"": ""low"", ""purchase_intent_reason_ar"": ""ولي الأمر مهتم بتعليم ابنته الإنجليزية كلغة أساسية، لكنه يواجه تحديًا في السيولة المالية حالياً ويطلب التواصل مستقبلاً."", ""main_objection"": ""price"", ""main_objection_ar"": ""عدم توفر السيولة المالية الكافية حالياً للتسجيل."", ""payment_blocker"": ""insufficient_cash"", ""other_reason_ar"": ""المكالمة هي استفسار أولي عن تفاصيل الدورات والأسعار قبل حجز أي حصة تجريبية."", ""other_objection_ar"": null, ""manual_review_reason_ar"": null, ""next_action_ar"": ""المتابعة مع ولي الأمر مستقبلاً بعد تحسن ظروفه المالية، مع الأخذ بالاعتبار تفضيله لمعلمة عربية."", ""target_pool"": ""payment_blocked_pool"", ""priority"": ""high"", ""should_create_task"": true}",2026-04-26 01:34:31,2026-04-26 01:34:31,2026-04-26 01:34:31,,,,,,,,,,,,,,,,
analysis_voice_599412805,voice_599412805,599412805,60715459,EGCC-eman.amr,2289(Maqsam),2026-04-23 00:55:19,双方接通,pre_class_confirm,high,المكالمة لتأكيد موعد الحصة التجريبية الساعة 9:30. العميل أكد الحضور وأشار إلى أنه سينتظر ليرى كيف تسير الحصة.,high,low,not_applicable,غير منطبق,no,,not_applicable,not_applicable,not_applicable,not_applicable,not_applicable,,,,not_applicable,,not_applicable,,not_applicable,,,,تأكيد حضور الطالب للحصة التجريبية ومتابعة ما بعد الحصة.,pre_class_confirm_pool,medium,true,success,,"{""call_stage"": ""pre_class_confirm"", ""stage_confidence"": ""high"", ""summary_ar"": ""المكالمة لتأكيد موعد الحصة التجريبية الساعة 9:30. العميل أكد الحضور وأشار إلى أنه سينتظر ليرى كيف تسير الحصة."", ""attendance_intent"": ""high"", ""attendance_risk"": ""low"", ""cancel_absence_reason"": ""not_applicable"", ""cancel_absence_reason_ar"": ""غير منطبق"", ""need_reschedule"": ""no"", ""reschedule_time"": null, ""teacher_preference"": ""not_applicable"", ""level_signal"": ""not_applicable"", ""price_sensitivity"": ""not_applicable"", ""parent_involvement_needed"": ""not_applicable"", ""trial_satisfaction"": ""not_applicable"", ""student_level_summary_ar"": null, ""learning_goal_ar"": null, ""pain_points_ar"": null, ""purchase_intent"": ""not_applicable"", ""purchase_intent_reason_ar"": null, ""main_objection"": ""not_applicable"", ""main_objection_ar"": null, ""payment_blocker"": ""not_applicable"", ""other_reason_ar"": null, ""other_objection_ar"": null, ""manual_review_reason_ar"": null, ""next_action_ar"": ""تأكيد حضور الطالب للحصة التجريبية ومتابعة ما بعد الحصة."", ""target_pool"": ""pre_class_confirm_pool"", ""priority"": ""medium"", ""should_create_task"": true}",2026-04-26 01:34:41,2026-04-26 01:34:41,2026-04-26 01:34:41,,,,,,,,,,,,,,,,
analysis_voice_599413204,voice_599413204,599413204,60626989,EGCC-maiwaheed,2313(Maqsam),2026-04-23 00:57:19,双方接通,unknown,low,,,,,,,,,,,,,,,,,,,,,,,فشل تحليل المكالمة آليًا، وتحتاج إلى مراجعة يدوية.,,manual_review_pool,medium,true,failed,"No JSON object found in Gemini response: { ""call_stage"": ""post_class_followup"", ""stage_confidence"": ""high"", ""summary_ar"": ""الأم تتحدث عن غياب ابنها عن حصتين سابقتين (أمس واليوم) بسبب انشغالها وعدم تمكنها من التحدث معه بوضوح حول الالتزام. أكدت أن الابن سيحضر حصتين غداً (الخميس) في أوقات متفرقة (4م و 7م) لأن الخميس مناسب له. كما أكدت أن الحصة التي فاتت اليوم تعتبر ضائعة. طلبت من الموظفة معاودة الاتصال لاحقاً بسبب مكالمة واردة من أختها."", ""attendance_intent"": ""high"", ""attendance_risk"": ""medium"", ""cancel_absence_reason"": ""busy"", ""cancel_ab",,2026-04-26 01:36:24,2026-04-26 01:36:24,2026-04-26 01:36:24,,,,,,,,,,,,,,,,
analysis_voice_599413760,voice_599413760,599413760,0,EGCC-eman.amr,2289(Maqsam),2026-04-23 01:05:56,双方接通,post_class_followup,high,تواصل مع الطالب أحمد (20 عاماً) الذي يرغب في تطوير لغته الإنجليزية استعداداً لمنحة دراسية في كندا. ذكر أنه درس في معهد إنجليزي لمدة ستة أشهر وأجرى اختبار تحديد مستوى على الموقع أمس، وحصل على مستوى B2. يبدو مهتماً جداً بالالتحاق بالبرنامج.,not_applicable,not_applicable,not_applicable,غير منطبق,not_applicable,,not_applicable,intermediate,not_applicable,no,not_applicable,الطالب أحمد، 20 عاماً، لديه خلفية في اللغة الإنجليزية من خلال دراسة سابقة في معهد لمدة ستة أشهر. أجرى اختبار تحديد مستوى على الموقع أمس وحصل على مستوى B2. يشير إلى قدرته على الكتابة والتحدث قليلاً في بعض الأحيان.,الهدف الأساسي للطالب هو تطوير لغته الإنجليزية بشكل شامل ومكثف استعداداً للسفر إلى كندا للحصول على منحة دراسية.,لم يذكر الطالب نقاط ضعف محددة، لكن هدفه العام هو تحسين مستوى اللغة الإنجليزية لديه.,high,لدى الطالب هدف تعليمي واضح ومحدد (منحة دراسية في كندا) ولديه دافع قوي لتطوير لغته الإنجليزية لتحقيق هذا الهدف. كما أنه أجرى اختبار تحديد مستوى بالفعل، مما يدل على جديته واهتمامه.,no_objection,لا يوجد اعتراض,none,,,,متابعة مع الطالب لمناقشة نتائج اختبار تحديد المستوى B2 وتقديم البرامج التعليمية المناسبة التي تتوافق مع أهدافه في تطوير اللغة الإنجليزية قبل السفر إلى كندا.,high_potential_pool,high,true,success,,"{""call_stage"": ""post_class_followup"", ""stage_confidence"": ""high"", ""summary_ar"": ""تواصل مع الطالب أحمد (20 عاماً) الذي يرغب في تطوير لغته الإنجليزية استعداداً لمنحة دراسية في كندا. ذكر أنه درس في معهد إنجليزي لمدة ستة أشهر وأجرى اختبار تحديد مستوى على الموقع أمس، وحصل على مستوى B2. يبدو مهتماً جداً بالالتحاق بالبرنامج."", ""attendance_intent"": ""not_applicable"", ""attendance_risk"": ""not_applicable"", ""cancel_absence_reason"": ""not_applicable"", ""cancel_absence_reason_ar"": ""غير منطبق"", ""need_reschedule"": ""not_applicable"", ""reschedule_time"": null, ""teacher_preference"": ""not_applicable"", ""level_signal"": ""intermediate"", ""price_sensitivity"": ""not_applicable"", ""parent_involvement_needed"": ""no"", ""trial_satisfaction"": ""not_applicable"", ""student_level_summary_ar"": ""الطالب أحمد، 20 عاماً، لديه خلفية في اللغة الإنجليزية من خلال دراسة سابقة في معهد لمدة ستة أشهر. أجرى اختبار تحديد مستوى على الموقع أمس وحصل على مستوى B2. يشير إلى قدرته على الكتابة والتحدث قليلاً في بعض الأحيان."", ""learning_goal_ar"": ""الهدف الأساسي للطالب هو تطوير لغته الإنجليزية بشكل شامل ومكثف استعداداً للسفر إلى كندا للحصول على منحة دراسية."", ""pain_points_ar"": ""لم يذكر الطالب نقاط ضعف محددة، لكن هدفه العام هو تحسين مستوى اللغة الإنجليزية لديه."", ""purchase_intent"": ""high"", ""purchase_intent_reason_ar"": ""لدى الطالب هدف تعليمي واضح ومحدد (منحة دراسية في كندا) ولديه دافع قوي لتطوير لغته الإنجليزية لتحقيق هذا الهدف. كما أنه أجرى اختبار تحديد مستوى بالفعل، مما يدل على جديته واهتمامه."", ""main_objection"": ""no_objection"", ""main_objection_ar"": ""لا يوجد اعتراض"", ""payment_blocker"": ""none"", ""other_reason_ar"": null, ""other_objection_ar"": null, ""manual_review_reason_ar"": null, ""next_action_ar"": ""متابعة مع الطالب لمناقشة نتائج اختبار تحديد المستوى B2 وتقديم البرامج التعليمية المناسبة التي تتوافق مع أهدافه في تطوير اللغة الإنجليزية قبل السفر إلى كندا."", ""target_pool"": ""high_potential_pool"", ""priority"": ""high"", ""should_create_task"": true}",2026-04-26 01:36:37,2026-04-26 01:36:37,2026-04-26 01:36:37,,,,,,,,,,,,,,,,
analysis_voice_599413960,voice_599413960,599413960,62985239,EGCC-eman.amr,2289(Maqsam),2026-04-23 01:03:30,双方接通,unknown,low,"المكالمة قصيرة جدًا وغير واضحة. يبدو أن المتصل يسأل عن موعد الحصة أو مشاكل الاتصال، ثم يذكر جملة غير ذات صلة تمامًا بالموضوع (""أنا خلاص أنا خدت شنطتي""). لا يمكن تحديد الغرض من المكالمة أو تصنيفها بشكل دقيق.",unclear,unclear,unknown,غير معروف,unclear,,unclear,unclear,unclear,unclear,unclear,غير واضح,غير واضح,غير واضح,unclear,غير واضح,unknown,غير معروف,unknown,,,"المكالمة قصيرة جدًا وغير متماسكة. تحتوي على أسئلة محتملة حول الحصة أو مشاكل تقنية، تليها جملة لا علاقة لها بالموضوع (""أنا خلاص أنا خدت شنطتي""). لا يمكن استخلاص أي معنى تجاري واضح أو تصنيفها.",يجب مراجعة المكالمة يدويًا لفهم السياق أو محاولة الاتصال مرة أخرى إذا كان هناك رقم اتصال صالح.,manual_review_pool,medium,true,success,,"{""call_stage"": ""unknown"", ""stage_confidence"": ""low"", ""summary_ar"": ""المكالمة قصيرة جدًا وغير واضحة. يبدو أن المتصل يسأل عن موعد الحصة أو مشاكل الاتصال، ثم يذكر جملة غير ذات صلة تمامًا بالموضوع (\""أنا خلاص أنا خدت شنطتي\""). لا يمكن تحديد الغرض من المكالمة أو تصنيفها بشكل دقيق."", ""attendance_intent"": ""unclear"", ""attendance_risk"": ""unclear"", ""cancel_absence_reason"": ""unknown"", ""cancel_absence_reason_ar"": ""غير معروف"", ""need_reschedule"": ""unclear"", ""reschedule_time"": null, ""teacher_preference"": ""unclear"", ""level_signal"": ""unclear"", ""price_sensitivity"": ""unclear"", ""parent_involvement_needed"": ""unclear"", ""trial_satisfaction"": ""unclear"", ""student_level_summary_ar"": ""غير واضح"", ""learning_goal_ar"": ""غير واضح"", ""pain_points_ar"": ""غير واضح"", ""purchase_intent"": ""unclear"", ""purchase_intent_reason_ar"": ""غير واضح"", ""main_objection"": ""unknown"", ""main_objection_ar"": ""غير معروف"", ""payment_blocker"": ""unknown"", ""other_reason_ar"": null, ""other_objection_ar"": null, ""manual_review_reason_ar"": ""المكالمة قصيرة جدًا وغير متماسكة. تحتوي على أسئلة محتملة حول الحصة أو مشاكل تقنية، تليها جملة لا علاقة لها بالموضوع (\""أنا خلاص أنا خدت شنطتي\""). لا يمكن استخلاص أي معنى تجاري واضح أو تصنيفها."", ""next_action_ar"": ""يجب مراجعة المكالمة يدويًا لفهم السياق أو محاولة الاتصال مرة أخرى إذا كان هناك رقم اتصال صالح."", ""target_pool"": ""manual_review_pool"", ""priority"": ""medium"", ""should_create_task"": true}",2026-04-26 01:36:51,2026-04-26 01:36:51,2026-04-26 01:36:51,,,,,,,,,,,,,,,,
analysis_voice_599414382,voice_599414382,599414382,62962480,EGCC-fatmamohamed,2310(Maqsam),2026-04-23 01:10:09,双方接通,no_answer_or_voicemail,high,المكالمة تحتوي على ضوضاء عالية وكلمات غير مفهومة مع تداخل لغة أجنبية، ولا يوجد حديث واضح مع العميل. يبدو أن الاتصال لم يتم بشكل سليم.,not_applicable,not_applicable,not_applicable,,not_applicable,,not_applicable,not_applicable,not_applicable,not_applicable,not_applicable,,,,not_applicable,,not_applicable,,not_applicable,,,,إعادة الاتصال بالعميل لتحديد سبب عدم وضوح المكالمة أو عدم وجود محادثة.,callback_pool,medium,true,success,,"{""call_stage"": ""no_answer_or_voicemail"", ""stage_confidence"": ""high"", ""summary_ar"": ""المكالمة تحتوي على ضوضاء عالية وكلمات غير مفهومة مع تداخل لغة أجنبية، ولا يوجد حديث واضح مع العميل. يبدو أن الاتصال لم يتم بشكل سليم."", ""attendance_intent"": ""not_applicable"", ""attendance_risk"": ""not_applicable"", ""cancel_absence_reason"": ""not_applicable"", ""cancel_absence_reason_ar"": null, ""need_reschedule"": ""not_applicable"", ""reschedule_time"": null, ""teacher_preference"": ""not_applicable"", ""level_signal"": ""not_applicable"", ""price_sensitivity"": ""not_applicable"", ""parent_involvement_needed"": ""not_applicable"", ""trial_satisfaction"": ""not_applicable"", ""student_level_summary_ar"": null, ""learning_goal_ar"": null, ""pain_points_ar"": null, ""purchase_intent"": ""not_applicable"", ""purchase_intent_reason_ar"": null, ""main_objection"": ""not_applicable"", ""main_objection_ar"": null, ""payment_blocker"": ""not_applicable"", ""other_reason_ar"": null, ""other_objection_ar"": null, ""manual_review_reason_ar"": null, ""next_action_ar"": ""إعادة الاتصال بالعميل لتحديد سبب عدم وضوح المكالمة أو عدم وجود محادثة."", ""target_pool"": ""callback_pool"", ""priority"": ""medium"", ""should_create_task"": true}",2026-04-26 01:36:59,2026-04-26 01:36:59,2026-04-26 01:36:59,,,,,,,,,,,,,,,,
analysis_voice_599415539,voice_599415539,599415539,62979854,51habiba.hassan,2244(Maqsam),2026-04-23 01:17:58,双方接通,unknown,low,المكالمة تحتوي على الكثير من الضوضاء وكلمات غير مفهومة بلغات مختلفة (عربي، إنجليزي، كوري). توجد بعض العبارات المتقطعة من العميل مثل 'أنا ما في مود عربي' و 'I don't think I'm gonna be' مما يشير إلى وجود محادثة قصيرة وغير واضحة.,unclear,unclear,unknown,غير واضح بسبب الضوضاء وعدم اكتمال المحادثة.,unclear,,unclear,unclear,unclear,unclear,unclear,غير واضح بسبب الضوضاء وعدم اكتمال المحادثة.,غير واضح بسبب الضوضاء وعدم اكتمال المحادثة.,غير واضح بسبب الضوضاء وعدم اكتمال المحادثة.,unclear,غير واضح بسبب الضوضاء وعدم اكتمال المحادثة.,unknown,غير واضح بسبب الضوضاء وعدم اكتمال المحادثة.,unknown,not_applicable,not_applicable,النص يحتوي على ضوضاء عالية وكلمات بلغات مختلفة (عربي، إنجليزي، كوري). توجد عبارات متقطعة من العميل مثل 'أنا ما في مود عربي' و 'I don't think I'm gonna be' مما يجعل تحديد سياق المكالمة وهدفها التجاري مستحيلاً من النص وحده. يتطلب مراجعة يدوية للاستماع إلى التسجيل.,مراجعة يدوية للتسجيل الصوتي لفهم سياق المحادثة وتحديد الخطوة التالية.,manual_review_pool,high,true,success,,"{""call_stage"": ""unknown"", ""stage_confidence"": ""low"", ""summary_ar"": ""المكالمة تحتوي على الكثير من الضوضاء وكلمات غير مفهومة بلغات مختلفة (عربي، إنجليزي، كوري). توجد بعض العبارات المتقطعة من العميل مثل 'أنا ما في مود عربي' و 'I don't think I'm gonna be' مما يشير إلى وجود محادثة قصيرة وغير واضحة."", ""attendance_intent"": ""unclear"", ""attendance_risk"": ""unclear"", ""cancel_absence_reason"": ""unknown"", ""cancel_absence_reason_ar"": ""غير واضح بسبب الضوضاء وعدم اكتمال المحادثة."", ""need_reschedule"": ""unclear"", ""reschedule_time"": null, ""teacher_preference"": ""unclear"", ""level_signal"": ""unclear"", ""price_sensitivity"": ""unclear"", ""parent_involvement_needed"": ""unclear"", ""trial_satisfaction"": ""unclear"", ""student_level_summary_ar"": ""غير واضح بسبب الضوضاء وعدم اكتمال المحادثة."", ""learning_goal_ar"": ""غير واضح بسبب الضوضاء وعدم اكتمال المحادثة."", ""pain_points_ar"": ""غير واضح بسبب الضوضاء وعدم اكتمال المحادثة."", ""purchase_intent"": ""unclear"", ""purchase_intent_reason_ar"": ""غير واضح بسبب الضوضاء وعدم اكتمال المحادثة."", ""main_objection"": ""unknown"", ""main_objection_ar"": ""غير واضح بسبب الضوضاء وعدم اكتمال المحادثة."", ""payment_blocker"": ""unknown"", ""other_reason_ar"": ""not_applicable"", ""other_objection_ar"": ""not_applicable"", ""manual_review_reason_ar"": ""النص يحتوي على ضوضاء عالية وكلمات بلغات مختلفة (عربي، إنجليزي، كوري). توجد عبارات متقطعة من العميل مثل 'أنا ما في مود عربي' و 'I don't think I'm gonna be' مما يجعل تحديد سياق المكالمة وهدفها التجاري مستحيلاً من النص وحده. يتطلب مراجعة يدوية للاستماع إلى التسجيل."", ""next_action_ar"": ""مراجعة يدوية للتسجيل الصوتي لفهم سياق المحادثة وتحديد الخطوة التالية."", ""target_pool"": ""manual_review_pool"", ""priority"": ""high"", ""should_create_task"": true}",2026-04-26 01:38:20,2026-04-26 01:38:20,2026-04-26 01:38:20,,,,,,,,,,,,,,,,
analysis_voice_599416648,voice_599416648,599416648,62539498,EGCC-maiwaheed,2313(Maqsam),2026-04-23 01:25:17,双方接通,post_class_followup,high,العميل أجرى حصة تجريبية ووجدها جميلة ومفهومة، ومستواه في الإنجليزية متوسط. يرغب في تطوير لغته للمخاطبة والتعليم. لديه اهتمام بالتسجيل لنفسه ولإخوانه (أحدهما 6 سنوات والآخر 12 سنة)، ويرغب في معرفة تفاصيل الخصومات للإخوان. لديه مخاوف بشأن السعر ويحتاج لمناقشة الأمر مع والديه قبل التسجيل. طلب إرسال كود خصم وتفاصيل الأسعار على رقمه الحالي.,not_applicable,not_applicable,not_applicable,,not_applicable,,arabic_teacher,intermediate,high,yes,high,الطالب الرئيسي مستواه متوسط. الإخوان: واحد مبتدئ والآخر أقرب للمتوسط.,تطوير اللغة الإنجليزية للمخاطبة والتعليم، حيث أن معظم المواد التعليمية تتطلب إلماماً باللغة الإنجليزية.,الرغبة في تطوير اللغة الإنجليزية للمخاطبة والتعليم.,medium,العميل مهتم بالتسجيل لنفسه ولإخوانه بعد تجربة الحصة التجريبية، ويطلب تفاصيل عن الخصومات وطريقة التسجيل، لكنه يحتاج لمناقشة الأمر مع والديه.,need_parent_approval,العميل يحتاج لموافقة والديه قبل التسجيل، ولديه أيضاً مخاوف بشأن المبلغ الإجمالي.,parent_controls_payment,,,,إرسال كود الخصم وتفاصيل الأسعار للطالب وللإخوان (6 و 12 سنة) على الرقم الحالي، والمتابعة بعد أن يتشاور العميل مع والديه.,parent_approval_pool,high,true,success,,"{""call_stage"": ""post_class_followup"", ""stage_confidence"": ""high"", ""summary_ar"": ""العميل أجرى حصة تجريبية ووجدها جميلة ومفهومة، ومستواه في الإنجليزية متوسط. يرغب في تطوير لغته للمخاطبة والتعليم. لديه اهتمام بالتسجيل لنفسه ولإخوانه (أحدهما 6 سنوات والآخر 12 سنة)، ويرغب في معرفة تفاصيل الخصومات للإخوان. لديه مخاوف بشأن السعر ويحتاج لمناقشة الأمر مع والديه قبل التسجيل. طلب إرسال كود خصم وتفاصيل الأسعار على رقمه الحالي."", ""attendance_intent"": ""not_applicable"", ""attendance_risk"": ""not_applicable"", ""cancel_absence_reason"": ""not_applicable"", ""cancel_absence_reason_ar"": null, ""need_reschedule"": ""not_applicable"", ""reschedule_time"": null, ""teacher_preference"": ""arabic_teacher"", ""level_signal"": ""intermediate"", ""price_sensitivity"": ""high"", ""parent_involvement_needed"": ""yes"", ""trial_satisfaction"": ""high"", ""student_level_summary_ar"": ""الطالب الرئيسي مستواه متوسط. الإخوان: واحد مبتدئ والآخر أقرب للمتوسط."", ""learning_goal_ar"": ""تطوير اللغة الإنجليزية للمخاطبة والتعليم، حيث أن معظم المواد التعليمية تتطلب إلماماً باللغة الإنجليزية."", ""pain_points_ar"": ""الرغبة في تطوير اللغة الإنجليزية للمخاطبة والتعليم."", ""purchase_intent"": ""medium"", ""purchase_intent_reason_ar"": ""العميل مهتم بالتسجيل لنفسه ولإخوانه بعد تجربة الحصة التجريبية، ويطلب تفاصيل عن الخصومات وطريقة التسجيل، لكنه يحتاج لمناقشة الأمر مع والديه."", ""main_objection"": ""need_parent_approval"", ""main_objection_ar"": ""العميل يحتاج لموافقة والديه قبل التسجيل، ولديه أيضاً مخاوف بشأن المبلغ الإجمالي."", ""payment_blocker"": ""parent_controls_payment"", ""other_reason_ar"": null, ""other_objection_ar"": null, ""manual_review_reason_ar"": null, ""next_action_ar"": ""إرسال كود الخصم وتفاصيل الأسعار للطالب وللإخوان (6 و 12 سنة) على الرقم الحالي، والمتابعة بعد أن يتشاور العميل مع والديه."", ""target_pool"": ""parent_approval_pool"", ""priority"": ""high"", ""should_create_task"": true}",2026-04-26 01:40:37,2026-04-26 01:40:37,2026-04-26 01:40:37,,,,,,,,,,,,,,,,
analysis_voice_599417135,voice_599417135,599417135,0,EGCC-tasneemmahmoud,2311(Maqsam),2026-04-23 01:30:16,双方接通,post_class_followup,high,العميل يعبر عن انزعاجه الشديد من المكالمات المتكررة ويطلب عدم الاتصال به مرة أخرى، مع رفض قاطع لأي متابعة.,not_applicable,not_applicable,not_applicable,,not_applicable,,not_applicable,not_applicable,not_applicable,not_applicable,not_applicable,,,,low,العميل منزعج من كثرة الاتصالات ويرفض أي متابعة أو شراء.,other,الانزعاج من كثرة الاتصالات.,not_applicable,العميل يشعر بالانزعاج الشديد من تكرار الاتصال به ويصفه بالإزعاج.,الانزعاج الشديد من تكرار الاتصال.,,يجب إزالة العميل من قائمة الاتصال وعدم معاودة الاتصال به مرة أخرى بسبب الانزعاج الشديد الذي أبداه.,no_task,low,false,success,,"{""call_stage"": ""post_class_followup"", ""stage_confidence"": ""high"", ""summary_ar"": ""العميل يعبر عن انزعاجه الشديد من المكالمات المتكررة ويطلب عدم الاتصال به مرة أخرى، مع رفض قاطع لأي متابعة."", ""attendance_intent"": ""not_applicable"", ""attendance_risk"": ""not_applicable"", ""cancel_absence_reason"": ""not_applicable"", ""cancel_absence_reason_ar"": null, ""need_reschedule"": ""not_applicable"", ""reschedule_time"": null, ""teacher_preference"": ""not_applicable"", ""level_signal"": ""not_applicable"", ""price_sensitivity"": ""not_applicable"", ""parent_involvement_needed"": ""not_applicable"", ""trial_satisfaction"": ""not_applicable"", ""student_level_summary_ar"": null, ""learning_goal_ar"": null, ""pain_points_ar"": null, ""purchase_intent"": ""low"", ""purchase_intent_reason_ar"": ""العميل منزعج من كثرة الاتصالات ويرفض أي متابعة أو شراء."", ""main_objection"": ""other"", ""main_objection_ar"": ""الانزعاج من كثرة الاتصالات."", ""payment_blocker"": ""not_applicable"", ""other_reason_ar"": ""العميل يشعر بالانزعاج الشديد من تكرار الاتصال به ويصفه بالإزعاج."", ""other_objection_ar"": ""الانزعاج الشديد من تكرار الاتصال."", ""manual_review_reason_ar"": null, ""next_action_ar"": ""يجب إزالة العميل من قائمة الاتصال وعدم معاودة الاتصال به مرة أخرى بسبب الانزعاج الشديد الذي أبداه."", ""target_pool"": ""no_task"", ""priority"": ""low"", ""should_create_task"": false}",2026-04-26 01:40:50,2026-04-26 01:40:50,2026-04-26 01:40:50,,,,,,,,,,,,,,,,
analysis_voice_599418554,voice_599418554,599418554,62818621,51nadamuhammad,2245(Maqsam),2026-04-23 01:41:33,双方接通,unknown,low,المكالمة متقطعة وغير واضحة. العميل ذكر وجود سفر وحالة صحية تمنعه من التركيز أو الالتزام حالياً. لم يتمكن الموظف من إجراء محادثة واضحة أو تحديد الغرض من المكالمة.,unclear,high,other,العميل ذكر وجود سفر وحالة صحية تمنعه من التركيز أو الحضور.,unclear,not_applicable,not_applicable,not_applicable,not_applicable,unclear,not_applicable,غير مطبق,غير مطبق,غير مطبق,unclear,غير مطبق,other,العميل ذكر وجود سفر وحالة صحية تمنعه من التركيز أو الالتزام حالياً.,not_applicable,العميل ذكر وجود حالة صحية تمنعه من التركيز حالياً.,العميل ذكر وجود حالة صحية تمنعه من التركيز حالياً.,المكالمة متقطعة وغير واضحة المعالم. لم يتمكن الموظف من التواصل بفعالية مع العميل. العميل ذكر أمور شخصية مثل السفر وحالة صحية، مما يجعل تحديد الغرض من المكالمة أو الخطوات التالية صعباً دون مراجعة يدوية.,يجب مراجعة المكالمة يدوياً لفهم سياق حديث العميل حول السفر والحالة الصحية وتحديد ما إذا كان هناك موعد سابق أو اهتمام يمكن متابعته.,manual_review_pool,medium,true,success,,"{""call_stage"": ""unknown"", ""stage_confidence"": ""low"", ""summary_ar"": ""المكالمة متقطعة وغير واضحة. العميل ذكر وجود سفر وحالة صحية تمنعه من التركيز أو الالتزام حالياً. لم يتمكن الموظف من إجراء محادثة واضحة أو تحديد الغرض من المكالمة."", ""attendance_intent"": ""unclear"", ""attendance_risk"": ""high"", ""cancel_absence_reason"": ""other"", ""cancel_absence_reason_ar"": ""العميل ذكر وجود سفر وحالة صحية تمنعه من التركيز أو الحضور."", ""need_reschedule"": ""unclear"", ""reschedule_time"": ""not_applicable"", ""teacher_preference"": ""not_applicable"", ""level_signal"": ""not_applicable"", ""price_sensitivity"": ""not_applicable"", ""parent_involvement_needed"": ""unclear"", ""trial_satisfaction"": ""not_applicable"", ""student_level_summary_ar"": ""غير مطبق"", ""learning_goal_ar"": ""غير مطبق"", ""pain_points_ar"": ""غير مطبق"", ""purchase_intent"": ""unclear"", ""purchase_intent_reason_ar"": ""غير مطبق"", ""main_objection"": ""other"", ""main_objection_ar"": ""العميل ذكر وجود سفر وحالة صحية تمنعه من التركيز أو الالتزام حالياً."", ""payment_blocker"": ""not_applicable"", ""other_reason_ar"": ""العميل ذكر وجود حالة صحية تمنعه من التركيز حالياً."", ""other_objection_ar"": ""العميل ذكر وجود حالة صحية تمنعه من التركيز حالياً."", ""manual_review_reason_ar"": ""المكالمة متقطعة وغير واضحة المعالم. لم يتمكن الموظف من التواصل بفعالية مع العميل. العميل ذكر أمور شخصية مثل السفر وحالة صحية، مما يجعل تحديد الغرض من المكالمة أو الخطوات التالية صعباً دون مراجعة يدوية."", ""next_action_ar"": ""يجب مراجعة المكالمة يدوياً لفهم سياق حديث العميل حول السفر والحالة الصحية وتحديد ما إذا كان هناك موعد سابق أو اهتمام يمكن متابعته."", ""target_pool"": ""manual_review_pool"", ""priority"": ""medium"", ""should_create_task"": true}",2026-04-26 01:43:16,2026-04-26 01:43:16,2026-04-26 01:43:16,,,,,,,,,,,,,,,,
analysis_voice_599419273,voice_599419273,599419273,62589938,EGCC-tasneemmahmoud,2311(Maqsam),2026-04-23 01:46:53,双方接通,unknown,high,المكالمة عبارة عن محادثة شخصية بين المتصل والعميل، تتضمن أحاديث عامة عن الحياة والأطفال وتقديم النصائح. لا يوجد أي ذكر لخدمات التعليم الإنجليزية أو الفصول التجريبية أو أي سياق تجاري للشركة.,not_applicable,not_applicable,not_applicable,,not_applicable,,not_applicable,not_applicable,not_applicable,not_applicable,not_applicable,,,,not_applicable,,not_applicable,,not_applicable,المكالمة شخصية بحتة ولا تتعلق بخدمات الشركة أو أي من مراحل عملية البيع أو الدعم.,,,لا يوجد إجراء مطلوب حيث أن المكالمة شخصية ولا تتعلق بالعمل.,wrong_number_pool,low,false,success,,"{""call_stage"": ""unknown"", ""stage_confidence"": ""high"", ""summary_ar"": ""المكالمة عبارة عن محادثة شخصية بين المتصل والعميل، تتضمن أحاديث عامة عن الحياة والأطفال وتقديم النصائح. لا يوجد أي ذكر لخدمات التعليم الإنجليزية أو الفصول التجريبية أو أي سياق تجاري للشركة."", ""attendance_intent"": ""not_applicable"", ""attendance_risk"": ""not_applicable"", ""cancel_absence_reason"": ""not_applicable"", ""cancel_absence_reason_ar"": """", ""need_reschedule"": ""not_applicable"", ""reschedule_time"": """", ""teacher_preference"": ""not_applicable"", ""level_signal"": ""not_applicable"", ""price_sensitivity"": ""not_applicable"", ""parent_involvement_needed"": ""not_applicable"", ""trial_satisfaction"": ""not_applicable"", ""student_level_summary_ar"": """", ""learning_goal_ar"": """", ""pain_points_ar"": """", ""purchase_intent"": ""not_applicable"", ""purchase_intent_reason_ar"": """", ""main_objection"": ""not_applicable"", ""main_objection_ar"": """", ""payment_blocker"": ""not_applicable"", ""other_reason_ar"": ""المكالمة شخصية بحتة ولا تتعلق بخدمات الشركة أو أي من مراحل عملية البيع أو الدعم."", ""other_objection_ar"": """", ""manual_review_reason_ar"": """", ""next_action_ar"": ""لا يوجد إجراء مطلوب حيث أن المكالمة شخصية ولا تتعلق بالعمل."", ""target_pool"": ""wrong_number_pool"", ""priority"": ""low"", ""should_create_task"": false}",2026-04-26 01:43:28,2026-04-26 01:43:28,2026-04-26 01:43:28,,,,,,,,,,,,,,,,
analysis_voice_599419643,voice_599419643,599419643,62970160,EGCC-fatmamohamed,2310(Maqsam),2026-04-23 01:49:02,双方接通,pre_class_confirm,high,يؤكد الطالب استلامه للرابط وأنه سيدخل الفصل التجريبي الآن. تم الإشارة إلى وقت سابق (نصف ساعة) ولكن التأكيد النهائي هو الدخول الفوري.,high,low,not_applicable,,no,,not_applicable,not_applicable,not_applicable,not_applicable,not_applicable,,,,not_applicable,,not_applicable,,not_applicable,,,,التأكد من دخول الطالب للفصل التجريبي ومتابعة حضوره.,pre_class_confirm_pool,high,true,success,,"{""call_stage"": ""pre_class_confirm"", ""stage_confidence"": ""high"", ""summary_ar"": ""يؤكد الطالب استلامه للرابط وأنه سيدخل الفصل التجريبي الآن. تم الإشارة إلى وقت سابق (نصف ساعة) ولكن التأكيد النهائي هو الدخول الفوري."", ""attendance_intent"": ""high"", ""attendance_risk"": ""low"", ""cancel_absence_reason"": ""not_applicable"", ""cancel_absence_reason_ar"": """", ""need_reschedule"": ""no"", ""reschedule_time"": null, ""teacher_preference"": ""not_applicable"", ""level_signal"": ""not_applicable"", ""price_sensitivity"": ""not_applicable"", ""parent_involvement_needed"": ""not_applicable"", ""trial_satisfaction"": ""not_applicable"", ""student_level_summary_ar"": """", ""learning_goal_ar"": """", ""pain_points_ar"": """", ""purchase_intent"": ""not_applicable"", ""purchase_intent_reason_ar"": """", ""main_objection"": ""not_applicable"", ""main_objection_ar"": """", ""payment_blocker"": ""not_applicable"", ""other_reason_ar"": """", ""other_objection_ar"": """", ""manual_review_reason_ar"": """", ""next_action_ar"": ""التأكد من دخول الطالب للفصل التجريبي ومتابعة حضوره."", ""target_pool"": ""pre_class_confirm_pool"", ""priority"": ""high"", ""should_create_task"": true}",2026-04-26 01:43:37,2026-04-26 01:43:37,2026-04-26 01:43:37,,,,,,,,,,,,,,,,
analysis_voice_599420898,voice_599420898,599420898,62981103,EGCC-fatmamohamed,2310(Maqsam),2026-04-23 02:01:22,双方接通,in_class_support,high,الطالب يواجه صعوبة في الدخول إلى رابط المحاضرة/الفصل الدراسي، حاول استخدام الترجمة ونسخ الرابط ولكن واجه خطأ. يطلب المساعدة للتأكد من دخوله إلى الفصل.,not_applicable,not_applicable,not_applicable,not_applicable,no,,not_applicable,not_applicable,not_applicable,not_applicable,not_applicable,not_applicable,not_applicable,صعوبة في الدخول إلى رابط الفصل الدراسي/المنصة التعليمية.,not_applicable,not_applicable,technical_issue,مشكلة فنية في الدخول إلى رابط الفصل الدراسي.,not_applicable,,,,التأكد من مساعدة الطالب في الدخول إلى الفصل الدراسي وتقديم الدعم الفني اللازم.,technical_support_pool,high,true,success,,"{""call_stage"": ""in_class_support"", ""stage_confidence"": ""high"", ""summary_ar"": ""الطالب يواجه صعوبة في الدخول إلى رابط المحاضرة/الفصل الدراسي، حاول استخدام الترجمة ونسخ الرابط ولكن واجه خطأ. يطلب المساعدة للتأكد من دخوله إلى الفصل."", ""attendance_intent"": ""not_applicable"", ""attendance_risk"": ""not_applicable"", ""cancel_absence_reason"": ""not_applicable"", ""cancel_absence_reason_ar"": ""not_applicable"", ""need_reschedule"": ""no"", ""reschedule_time"": null, ""teacher_preference"": ""not_applicable"", ""level_signal"": ""not_applicable"", ""price_sensitivity"": ""not_applicable"", ""parent_involvement_needed"": ""not_applicable"", ""trial_satisfaction"": ""not_applicable"", ""student_level_summary_ar"": ""not_applicable"", ""learning_goal_ar"": ""not_applicable"", ""pain_points_ar"": ""صعوبة في الدخول إلى رابط الفصل الدراسي/المنصة التعليمية."", ""purchase_intent"": ""not_applicable"", ""purchase_intent_reason_ar"": ""not_applicable"", ""main_objection"": ""technical_issue"", ""main_objection_ar"": ""مشكلة فنية في الدخول إلى رابط الفصل الدراسي."", ""payment_blocker"": ""not_applicable"", ""other_reason_ar"": null, ""other_objection_ar"": null, ""manual_review_reason_ar"": null, ""next_action_ar"": ""التأكد من مساعدة الطالب في الدخول إلى الفصل الدراسي وتقديم الدعم الفني اللازم."", ""target_pool"": ""technical_support_pool"", ""priority"": ""high"", ""should_create_task"": true}",2026-04-26 01:45:35,2026-04-26 01:45:35,2026-04-26 01:45:35,,,,,,,,,,,,,,,,
analysis_voice_599423743,voice_599423743,599423743,62985239,EGCC-eman.amr,2289(Maqsam),2026-04-23 02:26:09,双方接通,in_class_support,high,استفسار تقني من العميل حول كيفية الانضمام للحصة، وهل يمكن استخدام الهاتف أم يلزم جهاز كمبيوتر محمول.,not_applicable,not_applicable,not_applicable,,not_applicable,,not_applicable,not_applicable,not_applicable,not_applicable,not_applicable,,,,not_applicable,,not_applicable,,not_applicable,,,,توضيح المتطلبات التقنية للانضمام للحصة، وهل يمكن استخدام الهاتف أو يلزم جهاز كمبيوتر محمول.,technical_support_pool,medium,true,success,,"{""call_stage"": ""in_class_support"", ""stage_confidence"": ""high"", ""summary_ar"": ""استفسار تقني من العميل حول كيفية الانضمام للحصة، وهل يمكن استخدام الهاتف أم يلزم جهاز كمبيوتر محمول."", ""attendance_intent"": ""not_applicable"", ""attendance_risk"": ""not_applicable"", ""cancel_absence_reason"": ""not_applicable"", ""cancel_absence_reason_ar"": null, ""need_reschedule"": ""not_applicable"", ""reschedule_time"": null, ""teacher_preference"": ""not_applicable"", ""level_signal"": ""not_applicable"", ""price_sensitivity"": ""not_applicable"", ""parent_involvement_needed"": ""not_applicable"", ""trial_satisfaction"": ""not_applicable"", ""student_level_summary_ar"": null, ""learning_goal_ar"": null, ""pain_points_ar"": null, ""purchase_intent"": ""not_applicable"", ""purchase_intent_reason_ar"": null, ""main_objection"": ""not_applicable"", ""main_objection_ar"": null, ""payment_blocker"": ""not_applicable"", ""other_reason_ar"": null, ""other_objection_ar"": null, ""manual_review_reason_ar"": null, ""next_action_ar"": ""توضيح المتطلبات التقنية للانضمام للحصة، وهل يمكن استخدام الهاتف أو يلزم جهاز كمبيوتر محمول."", ""target_pool"": ""technical_support_pool"", ""priority"": ""medium"", ""should_create_task"": true}",2026-04-26 01:45:46,2026-04-26 01:45:46,2026-04-26 01:45:46,,,,,,,,,,,,,,,,
analysis_voice_599424224,voice_599424224,599424224,62843577,51nadamuhammad,2245(Maqsam),2026-04-23 02:27:46,双方接通,unknown,low,المكالمة تتضمن إشارة إلى مشكلة في نظام الدفع (تابي) وعدم استقرار الخدمة، مع طلب تجربة حل عبر واتساب. يوجد طلب للمتابعة في اليوم التالي. تحتوي المكالمة على بعض الضوضاء وعبارات غير واضحة.,not_applicable,not_applicable,not_applicable,,not_applicable,,not_applicable,not_applicable,not_applicable,not_applicable,not_applicable,,,,unclear,,payment_method,مشكلة في طريقة الدفع (تابي) وعدم استقرارها.,other,,مشكلة فنية في نظام تابي للدفع.,المكالمة تحتوي على ضوضاء خارجية وعبارات غير واضحة (مثل طلب الحضور بعد انتهاء الدوام وعبارات إسبانية)، مما يجعل تحديد السياق الكامل صعبًا. يوجد إشارة لمشكلة في الدفع عبر تابي وطلب للمتابعة غدًا، لكن التفاصيل غير كافية للتصنيف الدقيق.,مراجعة يدوية للمكالمة لفهم السياق الكامل لمشكلة الدفع عبر تابي وتحديد الخطوات التالية للمتابعة مع العميل.,manual_review_pool,medium,true,success,,"{""call_stage"": ""unknown"", ""stage_confidence"": ""low"", ""summary_ar"": ""المكالمة تتضمن إشارة إلى مشكلة في نظام الدفع (تابي) وعدم استقرار الخدمة، مع طلب تجربة حل عبر واتساب. يوجد طلب للمتابعة في اليوم التالي. تحتوي المكالمة على بعض الضوضاء وعبارات غير واضحة."", ""attendance_intent"": ""not_applicable"", ""attendance_risk"": ""not_applicable"", ""cancel_absence_reason"": ""not_applicable"", ""cancel_absence_reason_ar"": null, ""need_reschedule"": ""not_applicable"", ""reschedule_time"": null, ""teacher_preference"": ""not_applicable"", ""level_signal"": ""not_applicable"", ""price_sensitivity"": ""not_applicable"", ""parent_involvement_needed"": ""not_applicable"", ""trial_satisfaction"": ""not_applicable"", ""student_level_summary_ar"": null, ""learning_goal_ar"": null, ""pain_points_ar"": null, ""purchase_intent"": ""unclear"", ""purchase_intent_reason_ar"": null, ""main_objection"": ""payment_method"", ""main_objection_ar"": ""مشكلة في طريقة الدفع (تابي) وعدم استقرارها."", ""payment_blocker"": ""other"", ""other_reason_ar"": null, ""other_objection_ar"": ""مشكلة فنية في نظام تابي للدفع."", ""manual_review_reason_ar"": ""المكالمة تحتوي على ضوضاء خارجية وعبارات غير واضحة (مثل طلب الحضور بعد انتهاء الدوام وعبارات إسبانية)، مما يجعل تحديد السياق الكامل صعبًا. يوجد إشارة لمشكلة في الدفع عبر تابي وطلب للمتابعة غدًا، لكن التفاصيل غير كافية للتصنيف الدقيق."", ""next_action_ar"": ""مراجعة يدوية للمكالمة لفهم السياق الكامل لمشكلة الدفع عبر تابي وتحديد الخطوات التالية للمتابعة مع العميل."", ""target_pool"": ""manual_review_pool"", ""priority"": ""medium"", ""should_create_task"": true}",2026-04-26 01:46:38,2026-04-26 01:46:38,2026-04-26 01:46:38,,,,,,,,,,,,,,,,
analysis_voice_599485856,voice_599485856,599485856,58490406,51habiba.hassan,2244(Maqsam),2026-04-23 18:51:38,双方接通,unknown,low,,,,,,,,,,,,,,,,,,,,,,,فشل تحليل المكالمة آليًا، وتحتاج إلى مراجعة يدوية.,,manual_review_pool,medium,true,failed,"No JSON object found in Gemini response: { ""call_stage"": ""unknown"", ""stage_confidence"": ""high"", ""summary_ar"": ""العميل مهتم بتسجيل ابنه محمد (طالب في الصف الثالث متوسط) في دورة لغة إنجليزية. استفسر عن تفاصيل البرنامج، طرق الدفع، والتكلفة. أبدى رغبة قوية في التسجيل واختار عرضًا، وطلب إمكانية الدفع عبر تمارا أو تابي. لديه نية لتعليم ابنه حتى الاحتراف، وذكر احتمال تسجيل أخته الصغرى فرح (10 سنوات) لاحقًا. العميل مسافر اليوم ويرغب في إتمام عملية التسجيل والدفع يوم الأحد بمساعدة الموظف عبر رابط دفع."", ""attendance_intent"": ""not_applicable"", ""a",,2026-04-26 01:49:52,2026-04-26 01:49:52,2026-04-26 01:49:52,,,,,,,,,,,,,,,,
analysis_voice_599488582,voice_599488582,599488582,62996522,EGCC-fatmamohamed,2310(Maqsam),2026-04-23 19:05:40,双方接通,unknown,low,المكالمة تحتوي على ضوضاء وتناقضات كبيرة في كلام العميل. العميل ذكر أنه يدرس الإنجليزية ويريد أن يبدأ من الصفر ولا يعرف كلمات كثيرة، لكنه ذكر لاحقًا أن الإنجليزية كانت لغته في بلده. توجد عبارات غير مفهومة وأصوات بلغات أخرى، مما يجعل تحليل المكالمة صعبًا للغاية.,not_applicable,not_applicable,not_applicable,غير منطبق,not_applicable,,unclear,unclear,not_applicable,unclear,not_applicable,العميل ذكر أنه يتحدث الإنجليزية 'صفر صفر' ويريد أن يبدأ من البداية ولا يعرف كلمات كثيرة، مما يشير إلى مستوى مبتدئ جدًا. لكنه ذكر أيضًا أن الإنجليزية كانت لغته في بلده، وهذا يتناقض مع ما سبق ويجعل تحديد المستوى غير واضح.,تعلم كلمات جديدة والبدء من الصفر في اللغة الإنجليزية.,عدم معرفة كلمات كثيرة والرغبة في البدء من الأساس.,unclear,غير واضح بسبب عدم اكتمال المحادثة ووضوحها.,not_applicable,غير منطبق,not_applicable,,,يوجد تضارب كبير في المعلومات حول مستوى العميل (ذكر أنه 'صفر صفر' ويريد البدء من الصفر، ثم ذكر أن الإنجليزية كانت لغته في بلده). كما أن هناك الكثير من الضوضاء وعبارات غير مفهومة (مثل 'يعرف الخوف'، 'ما في مشكلة عندنا من هروب؟'، 'انقذوك بصوتي'، 'ما أخفي كويس')، بالإضافة إلى وجود كلمات بلغات أخرى (تاميل وإسباني) مما يدل على أخطاء في التفريغ أو ضوضاء شديدة. لا يمكن استخلاص معنى تجاري واضح أو تصنيف دقيق للمكالمة.,يجب مراجعة المكالمة يدويًا لفهم سياقها وتحديد مستوى العميل الحقيقي والغرض من المكالمة.,manual_review_pool,high,true,success,,"{""call_stage"": ""unknown"", ""stage_confidence"": ""low"", ""summary_ar"": ""المكالمة تحتوي على ضوضاء وتناقضات كبيرة في كلام العميل. العميل ذكر أنه يدرس الإنجليزية ويريد أن يبدأ من الصفر ولا يعرف كلمات كثيرة، لكنه ذكر لاحقًا أن الإنجليزية كانت لغته في بلده. توجد عبارات غير مفهومة وأصوات بلغات أخرى، مما يجعل تحليل المكالمة صعبًا للغاية."", ""attendance_intent"": ""not_applicable"", ""attendance_risk"": ""not_applicable"", ""cancel_absence_reason"": ""not_applicable"", ""cancel_absence_reason_ar"": ""غير منطبق"", ""need_reschedule"": ""not_applicable"", ""reschedule_time"": null, ""teacher_preference"": ""unclear"", ""level_signal"": ""unclear"", ""price_sensitivity"": ""not_applicable"", ""parent_involvement_needed"": ""unclear"", ""trial_satisfaction"": ""not_applicable"", ""student_level_summary_ar"": ""العميل ذكر أنه يتحدث الإنجليزية 'صفر صفر' ويريد أن يبدأ من البداية ولا يعرف كلمات كثيرة، مما يشير إلى مستوى مبتدئ جدًا. لكنه ذكر أيضًا أن الإنجليزية كانت لغته في بلده، وهذا يتناقض مع ما سبق ويجعل تحديد المستوى غير واضح."", ""learning_goal_ar"": ""تعلم كلمات جديدة والبدء من الصفر في اللغة الإنجليزية."", ""pain_points_ar"": ""عدم معرفة كلمات كثيرة والرغبة في البدء من الأساس."", ""purchase_intent"": ""unclear"", ""purchase_intent_reason_ar"": ""غير واضح بسبب عدم اكتمال المحادثة ووضوحها."", ""main_objection"": ""not_applicable"", ""main_objection_ar"": ""غير منطبق"", ""payment_blocker"": ""not_applicable"", ""other_reason_ar"": null, ""other_objection_ar"": null, ""manual_review_reason_ar"": ""يوجد تضارب كبير في المعلومات حول مستوى العميل (ذكر أنه 'صفر صفر' ويريد البدء من الصفر، ثم ذكر أن الإنجليزية كانت لغته في بلده). كما أن هناك الكثير من الضوضاء وعبارات غير مفهومة (مثل 'يعرف الخوف'، 'ما في مشكلة عندنا من هروب؟'، 'انقذوك بصوتي'، 'ما أخفي كويس')، بالإضافة إلى وجود كلمات بلغات أخرى (تاميل وإسباني) مما يدل على أخطاء في التفريغ أو ضوضاء شديدة. لا يمكن استخلاص معنى تجاري واضح أو تصنيف دقيق للمكالمة."", ""next_action_ar"": ""يجب مراجعة المكالمة يدويًا لفهم سياقها وتحديد مستوى العميل الحقيقي والغرض من المكالمة."", ""target_pool"": ""manual_review_pool"", ""priority"": ""high"", ""should_create_task"": true}",2026-04-26 01:50:10,2026-04-26 01:50:10,2026-04-26 01:50:10,,,,,,,,,,,,,,,,
analysis_voice_599490108,voice_599490108,599490108,62996274,EGCC-maiwaheed,2313(Maqsam),2026-04-23 19:09:30,双方接通,unknown,low,المكالمة تحتوي على الكثير من التشويش واللغة الأجنبية. يبدو أن الموظف يحاول الحصول على معلومات حول عمر الطفل للتواصل عبر الواتساب، وهناك إشارة إلى حصة تجريبية.,unclear,unclear,not_applicable,غير منطبق,unclear,,unclear,unclear,unclear,unclear,unclear,,,,unclear,,unknown,,unknown,,,المكالمة تحتوي على تشويش شديد وخلط بين لغات مختلفة (يبدو أنها دانماركية وعربية). يصعب تحديد سياق المكالمة أو غرضها بدقة بسبب عدم وضوح المحادثة وتجزئتها. هناك محاولة من الموظف لجمع معلومات (عمر الطفل) والتواصل عبر الواتساب، ولكن لا يمكن استخلاص معلومات عمل واضحة.,يجب مراجعة المكالمة يدوياً لتحديد السياق والخطوات التالية إن أمكن.,manual_review_pool,medium,true,success,,"{""call_stage"": ""unknown"", ""stage_confidence"": ""low"", ""summary_ar"": ""المكالمة تحتوي على الكثير من التشويش واللغة الأجنبية. يبدو أن الموظف يحاول الحصول على معلومات حول عمر الطفل للتواصل عبر الواتساب، وهناك إشارة إلى حصة تجريبية."", ""attendance_intent"": ""unclear"", ""attendance_risk"": ""unclear"", ""cancel_absence_reason"": ""not_applicable"", ""cancel_absence_reason_ar"": ""غير منطبق"", ""need_reschedule"": ""unclear"", ""reschedule_time"": null, ""teacher_preference"": ""unclear"", ""level_signal"": ""unclear"", ""price_sensitivity"": ""unclear"", ""parent_involvement_needed"": ""unclear"", ""trial_satisfaction"": ""unclear"", ""student_level_summary_ar"": null, ""learning_goal_ar"": null, ""pain_points_ar"": null, ""purchase_intent"": ""unclear"", ""purchase_intent_reason_ar"": null, ""main_objection"": ""unknown"", ""main_objection_ar"": null, ""payment_blocker"": ""unknown"", ""other_reason_ar"": null, ""other_objection_ar"": null, ""manual_review_reason_ar"": ""المكالمة تحتوي على تشويش شديد وخلط بين لغات مختلفة (يبدو أنها دانماركية وعربية). يصعب تحديد سياق المكالمة أو غرضها بدقة بسبب عدم وضوح المحادثة وتجزئتها. هناك محاولة من الموظف لجمع معلومات (عمر الطفل) والتواصل عبر الواتساب، ولكن لا يمكن استخلاص معلومات عمل واضحة."", ""next_action_ar"": ""يجب مراجعة المكالمة يدوياً لتحديد السياق والخطوات التالية إن أمكن."", ""target_pool"": ""manual_review_pool"", ""priority"": ""medium"", ""should_create_task"": true}",2026-04-26 01:51:39,2026-04-26 01:51:39,2026-04-26 01:51:39,,,,,,,,,,,,,,,,
analysis_voice_599490423,voice_599490423,599490423,0,51nadamuhammad,2245(Maqsam),2026-04-23 19:11:36,双方接通,pre_class_cancel,high,العميلة تلغي الحصة التجريبية لأن الأب يرى أن الوقت غير مناسب حالياً بسبب الميزانية ويفضل تأجيل الموضوع لوقت لاحق.,not_applicable,not_applicable,parent_reject,الأب يرى أن الوقت غير مناسب حالياً بسبب الميزانية ويفضل التأجيل لوقت لاحق.,yes,unclear,not_applicable,not_applicable,high,yes,not_applicable,غير متوفر,غير متوفر,غير متوفر,low,إلغاء الحصة التجريبية بسبب رفض الأب وتفضيله التأجيل لأسباب ميزانية.,price,الأب يرى أن الوقت غير مناسب حالياً بسبب الميزانية.,parent_controls_payment,,,,متابعة لاحقاً بعد فترة لمعرفة إمكانية إعادة الجدولة بعد تحسن الظروف المادية أو تغير رأي الأب.,cancel_recovery_pool,medium,true,success,,"{""call_stage"": ""pre_class_cancel"", ""stage_confidence"": ""high"", ""summary_ar"": ""العميلة تلغي الحصة التجريبية لأن الأب يرى أن الوقت غير مناسب حالياً بسبب الميزانية ويفضل تأجيل الموضوع لوقت لاحق."", ""attendance_intent"": ""not_applicable"", ""attendance_risk"": ""not_applicable"", ""cancel_absence_reason"": ""parent_reject"", ""cancel_absence_reason_ar"": ""الأب يرى أن الوقت غير مناسب حالياً بسبب الميزانية ويفضل التأجيل لوقت لاحق."", ""need_reschedule"": ""yes"", ""reschedule_time"": ""unclear"", ""teacher_preference"": ""not_applicable"", ""level_signal"": ""not_applicable"", ""price_sensitivity"": ""high"", ""parent_involvement_needed"": ""yes"", ""trial_satisfaction"": ""not_applicable"", ""student_level_summary_ar"": ""غير متوفر"", ""learning_goal_ar"": ""غير متوفر"", ""pain_points_ar"": ""غير متوفر"", ""purchase_intent"": ""low"", ""purchase_intent_reason_ar"": ""إلغاء الحصة التجريبية بسبب رفض الأب وتفضيله التأجيل لأسباب ميزانية."", ""main_objection"": ""price"", ""main_objection_ar"": ""الأب يرى أن الوقت غير مناسب حالياً بسبب الميزانية."", ""payment_blocker"": ""parent_controls_payment"", ""other_reason_ar"": null, ""other_objection_ar"": null, ""manual_review_reason_ar"": null, ""next_action_ar"": ""متابعة لاحقاً بعد فترة لمعرفة إمكانية إعادة الجدولة بعد تحسن الظروف المادية أو تغير رأي الأب."", ""target_pool"": ""cancel_recovery_pool"", ""priority"": ""medium"", ""should_create_task"": true}",2026-04-26 01:51:54,2026-04-26 01:51:54,2026-04-26 01:51:54,,,,,,,,,,,,,,,,
analysis_voice_599492372,voice_599492372,599492372,62992183,EGCC-tasneemmahmoud,2311(Maqsam),2026-04-23 19:20:24,双方接通,pre_class_confirm,high,المتصل يؤكد حضوره للحصة التجريبية بقوله 'إن شاء الله بحضرها'. يوجد بعض الضوضاء ولغات أخرى في التسجيل لكن الرسالة الأساسية واضحة.,high,low,not_applicable,غير منطبق,no,,not_applicable,not_applicable,not_applicable,not_applicable,not_applicable,غير منطبق,غير منطبق,غير منطبق,not_applicable,غير منطبق,not_applicable,غير منطبق,not_applicable,,,,تأكيد الحضور ومتابعة الحصة التجريبية لضمان مشاركة الطالب.,pre_class_confirm_pool,high,true,success,,"{""call_stage"": ""pre_class_confirm"", ""stage_confidence"": ""high"", ""summary_ar"": ""المتصل يؤكد حضوره للحصة التجريبية بقوله 'إن شاء الله بحضرها'. يوجد بعض الضوضاء ولغات أخرى في التسجيل لكن الرسالة الأساسية واضحة."", ""attendance_intent"": ""high"", ""attendance_risk"": ""low"", ""cancel_absence_reason"": ""not_applicable"", ""cancel_absence_reason_ar"": ""غير منطبق"", ""need_reschedule"": ""no"", ""reschedule_time"": null, ""teacher_preference"": ""not_applicable"", ""level_signal"": ""not_applicable"", ""price_sensitivity"": ""not_applicable"", ""parent_involvement_needed"": ""not_applicable"", ""trial_satisfaction"": ""not_applicable"", ""student_level_summary_ar"": ""غير منطبق"", ""learning_goal_ar"": ""غير منطبق"", ""pain_points_ar"": ""غير منطبق"", ""purchase_intent"": ""not_applicable"", ""purchase_intent_reason_ar"": ""غير منطبق"", ""main_objection"": ""not_applicable"", ""main_objection_ar"": ""غير منطبق"", ""payment_blocker"": ""not_applicable"", ""other_reason_ar"": null, ""other_objection_ar"": null, ""manual_review_reason_ar"": null, ""next_action_ar"": ""تأكيد الحضور ومتابعة الحصة التجريبية لضمان مشاركة الطالب."", ""target_pool"": ""pre_class_confirm_pool"", ""priority"": ""high"", ""should_create_task"": true}",2026-04-26 01:52:05,2026-04-26 01:52:05,2026-04-26 01:52:05,,,,,,,,,,,,,,,,
analysis_voice_599505803,voice_599505803,599505803,62933501,EGCC-fatmamohamed,2310(Maqsam),2026-04-23 20:12:09,双方接通,pre_class_cancel,high,المتصلة ألغت موعد الحصة التجريبية بسبب انشغالها باختبار القدرات الأسبوع القادم وعدم توفر وقت لديها إطلاقاً.,not_applicable,not_applicable,exam_pressure,ضغط الامتحانات (اختبار قدرات),no,,not_applicable,not_applicable,not_applicable,not_applicable,not_applicable,,,,not_applicable,,schedule,تضارب في الجدول بسبب اختبار القدرات,not_applicable,,,,لا يوجد إجراء فوري، يمكن إعادة التواصل بعد فترة الامتحانات.,cancel_recovery_pool,medium,true,success,,"{""call_stage"": ""pre_class_cancel"", ""stage_confidence"": ""high"", ""summary_ar"": ""المتصلة ألغت موعد الحصة التجريبية بسبب انشغالها باختبار القدرات الأسبوع القادم وعدم توفر وقت لديها إطلاقاً."", ""attendance_intent"": ""not_applicable"", ""attendance_risk"": ""not_applicable"", ""cancel_absence_reason"": ""exam_pressure"", ""cancel_absence_reason_ar"": ""ضغط الامتحانات (اختبار قدرات)"", ""need_reschedule"": ""no"", ""reschedule_time"": null, ""teacher_preference"": ""not_applicable"", ""level_signal"": ""not_applicable"", ""price_sensitivity"": ""not_applicable"", ""parent_involvement_needed"": ""not_applicable"", ""trial_satisfaction"": ""not_applicable"", ""student_level_summary_ar"": null, ""learning_goal_ar"": null, ""pain_points_ar"": null, ""purchase_intent"": ""not_applicable"", ""purchase_intent_reason_ar"": null, ""main_objection"": ""schedule"", ""main_objection_ar"": ""تضارب في الجدول بسبب اختبار القدرات"", ""payment_blocker"": ""not_applicable"", ""other_reason_ar"": null, ""other_objection_ar"": null, ""manual_review_reason_ar"": null, ""next_action_ar"": ""لا يوجد إجراء فوري، يمكن إعادة التواصل بعد فترة الامتحانات."", ""target_pool"": ""cancel_recovery_pool"", ""priority"": ""medium"", ""should_create_task"": true}",2026-04-26 01:55:10,2026-04-26 01:55:10,2026-04-26 01:55:10,,,,,,,,,,,,,,,,
analysis_voice_599505994,voice_599505994,599505994,62796982,EGCC-maiwaheed,2313(Maqsam),2026-04-23 20:13:59,双方接通,no_answer_or_voicemail,high,المكالمة شهدت تقطيعاً شديداً في الصوت، والعميل ذكر مراراً أنه لا يسمع جيداً وأنه خارج المنزل. لم يتمكن الموظف من إجراء محادثة واضحة أو تحديد غرض الاتصال.,not_applicable,not_applicable,not_applicable,,not_applicable,,not_applicable,not_applicable,not_applicable,not_applicable,not_applicable,,,,not_applicable,,not_applicable,,not_applicable,مشكلة تقنية حادة في جودة الصوت منعت التواصل الفعال مع العميل، حيث لم يتمكن العميل من سماع الموظف بوضوح.,,,إعادة الاتصال بالعميل في وقت لاحق لضمان جودة اتصال أفضل ومحاولة تحديد غرض المكالمة.,callback_pool,medium,true,success,,"{""call_stage"": ""no_answer_or_voicemail"", ""stage_confidence"": ""high"", ""summary_ar"": ""المكالمة شهدت تقطيعاً شديداً في الصوت، والعميل ذكر مراراً أنه لا يسمع جيداً وأنه خارج المنزل. لم يتمكن الموظف من إجراء محادثة واضحة أو تحديد غرض الاتصال."", ""attendance_intent"": ""not_applicable"", ""attendance_risk"": ""not_applicable"", ""cancel_absence_reason"": ""not_applicable"", ""cancel_absence_reason_ar"": """", ""need_reschedule"": ""not_applicable"", ""reschedule_time"": """", ""teacher_preference"": ""not_applicable"", ""level_signal"": ""not_applicable"", ""price_sensitivity"": ""not_applicable"", ""parent_involvement_needed"": ""not_applicable"", ""trial_satisfaction"": ""not_applicable"", ""student_level_summary_ar"": """", ""learning_goal_ar"": """", ""pain_points_ar"": """", ""purchase_intent"": ""not_applicable"", ""purchase_intent_reason_ar"": """", ""main_objection"": ""not_applicable"", ""main_objection_ar"": """", ""payment_blocker"": ""not_applicable"", ""other_reason_ar"": ""مشكلة تقنية حادة في جودة الصوت منعت التواصل الفعال مع العميل، حيث لم يتمكن العميل من سماع الموظف بوضوح."", ""other_objection_ar"": """", ""manual_review_reason_ar"": """", ""next_action_ar"": ""إعادة الاتصال بالعميل في وقت لاحق لضمان جودة اتصال أفضل ومحاولة تحديد غرض المكالمة."", ""target_pool"": ""callback_pool"", ""priority"": ""medium"", ""should_create_task"": true}",2026-04-26 01:55:23,2026-04-26 01:55:23,2026-04-26 01:55:23,,,,,,,,,,,,,,,,
analysis_voice_599509650,voice_599509650,599509650,62996274,EGCC-maiwaheed,2313(Maqsam),2026-04-23 20:27:10,双方接通,no_answer_or_voicemail,high,المكالمة ذهبت إلى البريد الصوتي للعميل، ولم يتم التواصل معه.,not_applicable,not_applicable,not_applicable,,not_applicable,,not_applicable,not_applicable,not_applicable,not_applicable,not_applicable,,,,not_applicable,,not_applicable,,not_applicable,,,,إعادة الاتصال بالعميل في وقت لاحق.,callback_pool,medium,true,success,,"{""call_stage"": ""no_answer_or_voicemail"", ""stage_confidence"": ""high"", ""summary_ar"": ""المكالمة ذهبت إلى البريد الصوتي للعميل، ولم يتم التواصل معه."", ""attendance_intent"": ""not_applicable"", ""attendance_risk"": ""not_applicable"", ""cancel_absence_reason"": ""not_applicable"", ""cancel_absence_reason_ar"": """", ""need_reschedule"": ""not_applicable"", ""reschedule_time"": null, ""teacher_preference"": ""not_applicable"", ""level_signal"": ""not_applicable"", ""price_sensitivity"": ""not_applicable"", ""parent_involvement_needed"": ""not_applicable"", ""trial_satisfaction"": ""not_applicable"", ""student_level_summary_ar"": """", ""learning_goal_ar"": """", ""pain_points_ar"": """", ""purchase_intent"": ""not_applicable"", ""purchase_intent_reason_ar"": """", ""main_objection"": ""not_applicable"", ""main_objection_ar"": """", ""payment_blocker"": ""not_applicable"", ""other_reason_ar"": """", ""other_objection_ar"": """", ""manual_review_reason_ar"": """", ""next_action_ar"": ""إعادة الاتصال بالعميل في وقت لاحق."", ""target_pool"": ""callback_pool"", ""priority"": ""medium"", ""should_create_task"": true}",2026-04-26 01:55:29,2026-04-26 01:55:29,2026-04-26 01:55:29,,,,,,,,,,,,,,,,
analysis_voice_599513039,voice_599513039,599513039,62373935,EGCC-maiwaheed,2313(Maqsam),2026-04-23 20:39:08,双方接通,post_class_failed,high,العميل يتصل للاستفسار عن حصة فاتتهم بسبب ظرف خاص، ويسأل إذا كان بالإمكان تعويضها أو إعادة جدولتها.,not_applicable,not_applicable,busy,كان لدي ظرف خاص ولم أكن متفرغاً على الجوال.,yes,,not_applicable,not_applicable,not_applicable,not_applicable,not_applicable,,,,not_applicable,,not_applicable,,not_applicable,,,,يجب على الموظف التحقق من إمكانية إعادة جدولة الحصة الفائتة أو تعويضها للعميل.,reschedule_pool,medium,true,success,,"{""call_stage"": ""post_class_failed"", ""stage_confidence"": ""high"", ""summary_ar"": ""العميل يتصل للاستفسار عن حصة فاتتهم بسبب ظرف خاص، ويسأل إذا كان بالإمكان تعويضها أو إعادة جدولتها."", ""attendance_intent"": ""not_applicable"", ""attendance_risk"": ""not_applicable"", ""cancel_absence_reason"": ""busy"", ""cancel_absence_reason_ar"": ""كان لدي ظرف خاص ولم أكن متفرغاً على الجوال."", ""need_reschedule"": ""yes"", ""reschedule_time"": null, ""teacher_preference"": ""not_applicable"", ""level_signal"": ""not_applicable"", ""price_sensitivity"": ""not_applicable"", ""parent_involvement_needed"": ""not_applicable"", ""trial_satisfaction"": ""not_applicable"", ""student_level_summary_ar"": null, ""learning_goal_ar"": null, ""pain_points_ar"": null, ""purchase_intent"": ""not_applicable"", ""purchase_intent_reason_ar"": null, ""main_objection"": ""not_applicable"", ""main_objection_ar"": null, ""payment_blocker"": ""not_applicable"", ""other_reason_ar"": null, ""other_objection_ar"": null, ""manual_review_reason_ar"": null, ""next_action_ar"": ""يجب على الموظف التحقق من إمكانية إعادة جدولة الحصة الفائتة أو تعويضها للعميل."", ""target_pool"": ""reschedule_pool"", ""priority"": ""medium"", ""should_create_task"": true}",2026-04-26 01:58:01,2026-04-26 01:58:01,2026-04-26 01:58:01,,,,,,,,,,,,,,,,
analysis_voice_599513844,voice_599513844,599513844,62373935,EGCC-maiwaheed,2313(Maqsam),2026-04-23 20:40:55,双方接通,pre_class_reschedule,high,يتصل الطالب لإلغاء حصصه المجدولة حالياً (حصة اليوم والأسبوع القادم بالكامل) بسبب سفره للدراسة المكثفة التي ستبدأ يوم السبت. كما يستفسر عن إمكانية إلغاء أو تعويض حصة سابقة فاتته يوم الثلاثاء بسبب ظرف خاص (عزومة عائلية). يوضح الطالب أنه سيكون متاحاً للحصص بعد فترة السفر والدراسة المكثفة، وتحديداً أيام الأحد والثلاثاء والخميس الساعة 9 مساءً.,low,high,travel,بسبب السفر للدراسة المكثفة (للإلغاء الحالي)، وظرف خاص (عزومة عائلية) للحصة الفائتة يوم الثلاثاء.,yes,بعد فترة السفر والدراسة المكثفة، على الأرجح أيام الأحد والثلاثاء والخميس الساعة 9 مساءً.,not_applicable,not_applicable,not_applicable,no,not_applicable,not_applicable,not_applicable,not_applicable,not_applicable,not_applicable,schedule,عدم توفر وقت بسبب السفر للدراسة المكثفة.,not_applicable,not_applicable,not_applicable,not_applicable,إلغاء الحصص المجدولة حالياً للطالب (حصة اليوم والأسبوع القادم). متابعة الطالب بعد فترة سفره لتحديد مواعيد جديدة بناءً على توفره الجديد (الأحد، الثلاثاء، الخميس الساعة 9 مساءً). معالجة استفساره بخصوص حصة الثلاثاء الفائتة.,reschedule_pool,high,true,success,,"{""call_stage"": ""pre_class_reschedule"", ""stage_confidence"": ""high"", ""summary_ar"": ""يتصل الطالب لإلغاء حصصه المجدولة حالياً (حصة اليوم والأسبوع القادم بالكامل) بسبب سفره للدراسة المكثفة التي ستبدأ يوم السبت. كما يستفسر عن إمكانية إلغاء أو تعويض حصة سابقة فاتته يوم الثلاثاء بسبب ظرف خاص (عزومة عائلية). يوضح الطالب أنه سيكون متاحاً للحصص بعد فترة السفر والدراسة المكثفة، وتحديداً أيام الأحد والثلاثاء والخميس الساعة 9 مساءً."", ""attendance_intent"": ""low"", ""attendance_risk"": ""high"", ""cancel_absence_reason"": ""travel"", ""cancel_absence_reason_ar"": ""بسبب السفر للدراسة المكثفة (للإلغاء الحالي)، وظرف خاص (عزومة عائلية) للحصة الفائتة يوم الثلاثاء."", ""need_reschedule"": ""yes"", ""reschedule_time"": ""بعد فترة السفر والدراسة المكثفة، على الأرجح أيام الأحد والثلاثاء والخميس الساعة 9 مساءً."", ""teacher_preference"": ""not_applicable"", ""level_signal"": ""not_applicable"", ""price_sensitivity"": ""not_applicable"", ""parent_involvement_needed"": ""no"", ""trial_satisfaction"": ""not_applicable"", ""student_level_summary_ar"": ""not_applicable"", ""learning_goal_ar"": ""not_applicable"", ""pain_points_ar"": ""not_applicable"", ""purchase_intent"": ""not_applicable"", ""purchase_intent_reason_ar"": ""not_applicable"", ""main_objection"": ""schedule"", ""main_objection_ar"": ""عدم توفر وقت بسبب السفر للدراسة المكثفة."", ""payment_blocker"": ""not_applicable"", ""other_reason_ar"": ""not_applicable"", ""other_objection_ar"": ""not_applicable"", ""manual_review_reason_ar"": ""not_applicable"", ""next_action_ar"": ""إلغاء الحصص المجدولة حالياً للطالب (حصة اليوم والأسبوع القادم). متابعة الطالب بعد فترة سفره لتحديد مواعيد جديدة بناءً على توفره الجديد (الأحد، الثلاثاء، الخميس الساعة 9 مساءً). معالجة استفساره بخصوص حصة الثلاثاء الفائتة."", ""target_pool"": ""reschedule_pool"", ""priority"": ""high"", ""should_create_task"": true}",2026-04-26 01:58:17,2026-04-26 01:58:17,2026-04-26 01:58:17,,,,,,,,,,,,,,,,
analysis_voice_599514374,voice_599514374,599514374,62994994,EGCC-fatmamohamed,2310(Maqsam),2026-04-23 20:42:18,双方接通,no_answer_or_voicemail,high,المكالمة تحتوي على ضوضاء شديدة ولغات متعددة وغير مفهومة، لا يوجد محادثة واضحة مع العميل. يبدو أن هناك تداخل أصوات أو مشكلة في جودة التسجيل.,not_applicable,not_applicable,not_applicable,,not_applicable,,not_applicable,not_applicable,not_applicable,not_applicable,not_applicable,,,,not_applicable,,not_applicable,,not_applicable,,,,إعادة الاتصال بالعميل حيث لم تتم محادثة واضحة أو مفهومة.,callback_pool,medium,true,success,,"{""call_stage"": ""no_answer_or_voicemail"", ""stage_confidence"": ""high"", ""summary_ar"": ""المكالمة تحتوي على ضوضاء شديدة ولغات متعددة وغير مفهومة، لا يوجد محادثة واضحة مع العميل. يبدو أن هناك تداخل أصوات أو مشكلة في جودة التسجيل."", ""attendance_intent"": ""not_applicable"", ""attendance_risk"": ""not_applicable"", ""cancel_absence_reason"": ""not_applicable"", ""cancel_absence_reason_ar"": """", ""need_reschedule"": ""not_applicable"", ""reschedule_time"": """", ""teacher_preference"": ""not_applicable"", ""level_signal"": ""not_applicable"", ""price_sensitivity"": ""not_applicable"", ""parent_involvement_needed"": ""not_applicable"", ""trial_satisfaction"": ""not_applicable"", ""student_level_summary_ar"": """", ""learning_goal_ar"": """", ""pain_points_ar"": """", ""purchase_intent"": ""not_applicable"", ""purchase_intent_reason_ar"": """", ""main_objection"": ""not_applicable"", ""main_objection_ar"": """", ""payment_blocker"": ""not_applicable"", ""other_reason_ar"": """", ""other_objection_ar"": """", ""manual_review_reason_ar"": """", ""next_action_ar"": ""إعادة الاتصال بالعميل حيث لم تتم محادثة واضحة أو مفهومة."", ""target_pool"": ""callback_pool"", ""priority"": ""medium"", ""should_create_task"": true}",2026-04-26 01:59:30,2026-04-26 01:59:30,2026-04-26 01:59:30,,,,,,,,,,,,,,,,
analysis_voice_599515066,voice_599515066,599515066,62373935,EGCC-maiwaheed,2313(Maqsam),2026-04-23 20:47:20,双方接通,pre_class_confirm,high,المكالمة لتأكيد حصة يوم الثلاثاء. العميل طالب حالي ولديه باقة 25 حصة، وهو راضٍ جداً عن المعلم ويستفيد من الدروس. كما أبدى استعداده لإحالة طلاب جدد.,high,low,not_applicable,,no,,no_preference,not_applicable,not_applicable,no,not_applicable,,,,high,العميل طالب حالي ولديه باقة 25 حصة، وراضٍ جداً عن الخدمة والمعلم، كما أبدى استعداده لإحالة طلاب جدد.,no_objection,,none,,,,تأكيد حصة يوم الثلاثاء مع العميل، وشكره على استعداده لإحالة طلاب جدد ومتابعة عرض الإحالة.,pre_class_confirm_pool,high,true,success,,"{""call_stage"": ""pre_class_confirm"", ""stage_confidence"": ""high"", ""summary_ar"": ""المكالمة لتأكيد حصة يوم الثلاثاء. العميل طالب حالي ولديه باقة 25 حصة، وهو راضٍ جداً عن المعلم ويستفيد من الدروس. كما أبدى استعداده لإحالة طلاب جدد."", ""attendance_intent"": ""high"", ""attendance_risk"": ""low"", ""cancel_absence_reason"": ""not_applicable"", ""cancel_absence_reason_ar"": null, ""need_reschedule"": ""no"", ""reschedule_time"": null, ""teacher_preference"": ""no_preference"", ""level_signal"": ""not_applicable"", ""price_sensitivity"": ""not_applicable"", ""parent_involvement_needed"": ""no"", ""trial_satisfaction"": ""not_applicable"", ""student_level_summary_ar"": null, ""learning_goal_ar"": null, ""pain_points_ar"": null, ""purchase_intent"": ""high"", ""purchase_intent_reason_ar"": ""العميل طالب حالي ولديه باقة 25 حصة، وراضٍ جداً عن الخدمة والمعلم، كما أبدى استعداده لإحالة طلاب جدد."", ""main_objection"": ""no_objection"", ""main_objection_ar"": null, ""payment_blocker"": ""none"", ""other_reason_ar"": null, ""other_objection_ar"": null, ""manual_review_reason_ar"": null, ""next_action_ar"": ""تأكيد حصة يوم الثلاثاء مع العميل، وشكره على استعداده لإحالة طلاب جدد ومتابعة عرض الإحالة."", ""target_pool"": ""pre_class_confirm_pool"", ""priority"": ""high"", ""should_create_task"": true}",2026-04-26 01:59:45,2026-04-26 01:59:45,2026-04-26 01:59:45,,,,,,,,,,,,,,,,
analysis_voice_599515316,voice_599515316,599515316,62998129,EGCC-tasneemmahmoud,2311(Maqsam),2026-04-23 20:47:17,双方接通,unknown,low,"المكالمة مجزأة وغير واضحة المعنى. يبدو أن هناك إشارة إلى مشكلة في الكاميرا وعبارة ""مفيد جداً"". تم ذكر ""مرحباً يا أمي"" في النهاية، مما قد يشير إلى محادثة شخصية أو غير مكتملة.",unclear,unclear,not_applicable,,not_applicable,,not_applicable,not_applicable,not_applicable,unclear,not_applicable,,,,unclear,,not_applicable,,not_applicable,,,المكالمة مجزأة وغير واضحة المعنى. لا يمكن تحديد الغرض من المكالمة أو أي معلومات ذات صلة بالعملية التجارية من خلال النص المتاح.,مراجعة التسجيل الصوتي الأصلي لتحديد سياق المكالمة والغرض منها.,manual_review_pool,medium,true,success,,"{""call_stage"": ""unknown"", ""stage_confidence"": ""low"", ""summary_ar"": ""المكالمة مجزأة وغير واضحة المعنى. يبدو أن هناك إشارة إلى مشكلة في الكاميرا وعبارة \""مفيد جداً\"". تم ذكر \""مرحباً يا أمي\"" في النهاية، مما قد يشير إلى محادثة شخصية أو غير مكتملة."", ""attendance_intent"": ""unclear"", ""attendance_risk"": ""unclear"", ""cancel_absence_reason"": ""not_applicable"", ""cancel_absence_reason_ar"": null, ""need_reschedule"": ""not_applicable"", ""reschedule_time"": null, ""teacher_preference"": ""not_applicable"", ""level_signal"": ""not_applicable"", ""price_sensitivity"": ""not_applicable"", ""parent_involvement_needed"": ""unclear"", ""trial_satisfaction"": ""not_applicable"", ""student_level_summary_ar"": null, ""learning_goal_ar"": null, ""pain_points_ar"": null, ""purchase_intent"": ""unclear"", ""purchase_intent_reason_ar"": null, ""main_objection"": ""not_applicable"", ""main_objection_ar"": null, ""payment_blocker"": ""not_applicable"", ""other_reason_ar"": null, ""other_objection_ar"": null, ""manual_review_reason_ar"": ""المكالمة مجزأة وغير واضحة المعنى. لا يمكن تحديد الغرض من المكالمة أو أي معلومات ذات صلة بالعملية التجارية من خلال النص المتاح."", ""next_action_ar"": ""مراجعة التسجيل الصوتي الأصلي لتحديد سياق المكالمة والغرض منها."", ""target_pool"": ""manual_review_pool"", ""priority"": ""medium"", ""should_create_task"": true}",2026-04-26 01:59:55,2026-04-26 01:59:55,2026-04-26 01:59:55,,,,,,,,,,,,,,,,
analysis_voice_599516881,voice_599516881,599516881,62539498,EGCC-maiwaheed,2313(Maqsam),2026-04-23 21:01:16,双方接通,unknown,low,المكالمة قصيرة ومجزأة للغاية، تحتوي على عبارات عامة وغير مترابطة. لا يمكن تحديد الغرض من المكالمة أو مرحلتها (قبل/أثناء/بعد الحصة التجريبية) أو أي تفاصيل ذات صلة بالعمل.,not_applicable,not_applicable,not_applicable,,not_applicable,,not_applicable,not_applicable,not_applicable,not_applicable,not_applicable,,,,not_applicable,,not_applicable,,not_applicable,,,المحادثة مجزأة وغير واضحة، لا يمكن استخلاص أي معلومات عمل ذات معنى لتصنيف المكالمة أو تحديد الخطوات التالية.,مراجعة يدوية للمكالمة لتحديد السياق أو محاولة الاتصال مرة أخرى.,manual_review_pool,medium,true,success,,"{""call_stage"": ""unknown"", ""stage_confidence"": ""low"", ""summary_ar"": ""المكالمة قصيرة ومجزأة للغاية، تحتوي على عبارات عامة وغير مترابطة. لا يمكن تحديد الغرض من المكالمة أو مرحلتها (قبل/أثناء/بعد الحصة التجريبية) أو أي تفاصيل ذات صلة بالعمل."", ""attendance_intent"": ""not_applicable"", ""attendance_risk"": ""not_applicable"", ""cancel_absence_reason"": ""not_applicable"", ""cancel_absence_reason_ar"": ""N/A"", ""need_reschedule"": ""not_applicable"", ""reschedule_time"": ""N/A"", ""teacher_preference"": ""not_applicable"", ""level_signal"": ""not_applicable"", ""price_sensitivity"": ""not_applicable"", ""parent_involvement_needed"": ""not_applicable"", ""trial_satisfaction"": ""not_applicable"", ""student_level_summary_ar"": ""N/A"", ""learning_goal_ar"": ""N/A"", ""pain_points_ar"": ""N/A"", ""purchase_intent"": ""not_applicable"", ""purchase_intent_reason_ar"": ""N/A"", ""main_objection"": ""not_applicable"", ""main_objection_ar"": ""N/A"", ""payment_blocker"": ""not_applicable"", ""other_reason_ar"": ""N/A"", ""other_objection_ar"": ""N/A"", ""manual_review_reason_ar"": ""المحادثة مجزأة وغير واضحة، لا يمكن استخلاص أي معلومات عمل ذات معنى لتصنيف المكالمة أو تحديد الخطوات التالية."", ""next_action_ar"": ""مراجعة يدوية للمكالمة لتحديد السياق أو محاولة الاتصال مرة أخرى."", ""target_pool"": ""manual_review_pool"", ""priority"": ""medium"", ""should_create_task"": true}",2026-04-26 02:01:33,2026-04-26 02:01:33,2026-04-26 02:01:33,,,,,,,,,,,,,,,,
analysis_voice_599517649,voice_599517649,599517649,58825899,51nadamuhammad,2245(Maqsam),2026-04-23 21:04:42,双方接通,post_class_followup,high,العميل يناقش تفاصيل الباقات والأسعار بعد تجربة أو استشارة أولية، ويقارن بين المنصات المختلفة قبل اتخاذ قرار التسجيل النهائي. كما يستفسر عن مدة الحصص وإمكانية تعديلها لتناسب جدول ابنتها الدراسي.,not_applicable,not_applicable,not_applicable,لا ينطبق,no,,unclear,unclear,high,yes,unclear,العميل يستفسر عن ما إذا كان المستوى يؤثر على السعر، مما يشير إلى اهتمام بتحديد مستوى الطالبة.,غير مذكور بشكل صريح، ولكن الهدف العام هو تحسين اللغة الإنجليزية للطالبة.,العميل يقارن بين المنصات المختلفة ويبحث عن أفضل قيمة مقابل السعر، ولديه موعد مع منصة أخرى لتقييمها.,medium,العميل مهتم بالباقات والأسعار ويستفسر عن تفاصيل التسجيل، لكنه يقارن مع منصات أخرى قبل اتخاذ القرار النهائي.,other,العميل يقارن بين عدة منصات تعليمية ولديه موعد مع منصة أخرى، ويرغب في اتخاذ القرار بعد تجربة وتقييم شامل.,not_applicable,العميل يقارن بين عدة منصات تعليمية ولديه موعد مع منصة أخرى، ويرغب في اتخاذ القرار بعد تجربة وتقييم شامل.,العميل يقارن بين عدة منصات تعليمية ولديه موعد مع منصة أخرى، ويرغب في اتخاذ القرار بعد تجربة وتقييم شامل.,,متابعة العميل بعد انتهاء مواعيده مع المنصات الأخرى، وتقديم عرض قيمة واضح يبرز المزايا التنافسية للمنصة مع التركيز على المرونة في مدة الحصص.,medium_followup_pool,medium,true,success,,"{""call_stage"": ""post_class_followup"", ""stage_confidence"": ""high"", ""summary_ar"": ""العميل يناقش تفاصيل الباقات والأسعار بعد تجربة أو استشارة أولية، ويقارن بين المنصات المختلفة قبل اتخاذ قرار التسجيل النهائي. كما يستفسر عن مدة الحصص وإمكانية تعديلها لتناسب جدول ابنتها الدراسي."", ""attendance_intent"": ""not_applicable"", ""attendance_risk"": ""not_applicable"", ""cancel_absence_reason"": ""not_applicable"", ""cancel_absence_reason_ar"": ""لا ينطبق"", ""need_reschedule"": ""no"", ""reschedule_time"": null, ""teacher_preference"": ""unclear"", ""level_signal"": ""unclear"", ""price_sensitivity"": ""high"", ""parent_involvement_needed"": ""yes"", ""trial_satisfaction"": ""unclear"", ""student_level_summary_ar"": ""العميل يستفسر عن ما إذا كان المستوى يؤثر على السعر، مما يشير إلى اهتمام بتحديد مستوى الطالبة."", ""learning_goal_ar"": ""غير مذكور بشكل صريح، ولكن الهدف العام هو تحسين اللغة الإنجليزية للطالبة."", ""pain_points_ar"": ""العميل يقارن بين المنصات المختلفة ويبحث عن أفضل قيمة مقابل السعر، ولديه موعد مع منصة أخرى لتقييمها."", ""purchase_intent"": ""medium"", ""purchase_intent_reason_ar"": ""العميل مهتم بالباقات والأسعار ويستفسر عن تفاصيل التسجيل، لكنه يقارن مع منصات أخرى قبل اتخاذ القرار النهائي."", ""main_objection"": ""other"", ""main_objection_ar"": ""العميل يقارن بين عدة منصات تعليمية ولديه موعد مع منصة أخرى، ويرغب في اتخاذ القرار بعد تجربة وتقييم شامل."", ""payment_blocker"": ""not_applicable"", ""other_reason_ar"": ""العميل يقارن بين عدة منصات تعليمية ولديه موعد مع منصة أخرى، ويرغب في اتخاذ القرار بعد تجربة وتقييم شامل."", ""other_objection_ar"": ""العميل يقارن بين عدة منصات تعليمية ولديه موعد مع منصة أخرى، ويرغب في اتخاذ القرار بعد تجربة وتقييم شامل."", ""manual_review_reason_ar"": null, ""next_action_ar"": ""متابعة العميل بعد انتهاء مواعيده مع المنصات الأخرى، وتقديم عرض قيمة واضح يبرز المزايا التنافسية للمنصة مع التركيز على المرونة في مدة الحصص."", ""target_pool"": ""medium_followup_pool"", ""priority"": ""medium"", ""should_create_task"": true}",2026-04-26 02:01:52,2026-04-26 02:01:52,2026-04-26 02:01:52,,,,,,,,,,,,,,,,
analysis_voice_599518796,voice_599518796,599518796,62981103,EGCC-fatmamohamed,2310(Maqsam),2026-04-23 21:14:06,双方接通,unknown,low,المكالمة غير واضحة ومتقطعة للغاية. تحتوي على كلمات إنجليزية وعربية وإسبانية متفرقة. لا يمكن تحديد الغرض من المكالمة أو محتواها.,unclear,unclear,unknown,,unclear,,unclear,unclear,unclear,unclear,unclear,,,,unclear,,unknown,,unknown,,,المكالمة تحتوي على كلام متقطع وغير مفهوم بلغات مختلفة (الإنجليزية، العربية، الإسبانية). لا يمكن استخلاص أي معلومات ذات معنى أو تصنيف الغرض من المكالمة.,يجب مراجعة المكالمة يدوياً لتحديد ما إذا كان هناك أي سياق يمكن استخلاصه أو إذا كانت مجرد مكالمة غير واضحة.,manual_review_pool,medium,true,success,,"{""call_stage"": ""unknown"", ""stage_confidence"": ""low"", ""summary_ar"": ""المكالمة غير واضحة ومتقطعة للغاية. تحتوي على كلمات إنجليزية وعربية وإسبانية متفرقة. لا يمكن تحديد الغرض من المكالمة أو محتواها."", ""attendance_intent"": ""unclear"", ""attendance_risk"": ""unclear"", ""cancel_absence_reason"": ""unknown"", ""cancel_absence_reason_ar"": """", ""need_reschedule"": ""unclear"", ""reschedule_time"": """", ""teacher_preference"": ""unclear"", ""level_signal"": ""unclear"", ""price_sensitivity"": ""unclear"", ""parent_involvement_needed"": ""unclear"", ""trial_satisfaction"": ""unclear"", ""student_level_summary_ar"": """", ""learning_goal_ar"": """", ""pain_points_ar"": """", ""purchase_intent"": ""unclear"", ""purchase_intent_reason_ar"": """", ""main_objection"": ""unknown"", ""main_objection_ar"": """", ""payment_blocker"": ""unknown"", ""other_reason_ar"": """", ""other_objection_ar"": """", ""manual_review_reason_ar"": ""المكالمة تحتوي على كلام متقطع وغير مفهوم بلغات مختلفة (الإنجليزية، العربية، الإسبانية). لا يمكن استخلاص أي معلومات ذات معنى أو تصنيف الغرض من المكالمة."", ""next_action_ar"": ""يجب مراجعة المكالمة يدوياً لتحديد ما إذا كان هناك أي سياق يمكن استخلاصه أو إذا كانت مجرد مكالمة غير واضحة."", ""target_pool"": ""manual_review_pool"", ""priority"": ""medium"", ""should_create_task"": true}",2026-04-26 02:02:54,2026-04-26 02:02:54,2026-04-26 02:02:54,,,,,,,,,,,,,,,,
analysis_voice_599519949,voice_599519949,599519949,62999919,EGCC-tasneemmahmoud,2311(Maqsam),2026-04-23 21:20:46,双方接通,pre_class_cancel,medium,المتصلة تؤكد أنها قامت بحذف حجز (غير محدد) وتوضح أن الطالب لديه معلم خاص في المنزل، مما يشير إلى عدم الحاجة للخدمة.,not_applicable,not_applicable,already_joined_other_course,الطالب لديه معلم خاص في المنزل.,no,,not_applicable,not_applicable,not_applicable,unclear,not_applicable,,,,low,الطالب لديه معلم خاص بالفعل.,already_has_course,الطالب لديه معلم خاص في المنزل.,not_applicable,,,,لا يوجد إجراء متابعة، تم إلغاء الحجز بسبب وجود معلم خاص للطالب.,no_task,low,false,success,,"{""call_stage"": ""pre_class_cancel"", ""stage_confidence"": ""medium"", ""summary_ar"": ""المتصلة تؤكد أنها قامت بحذف حجز (غير محدد) وتوضح أن الطالب لديه معلم خاص في المنزل، مما يشير إلى عدم الحاجة للخدمة."", ""attendance_intent"": ""not_applicable"", ""attendance_risk"": ""not_applicable"", ""cancel_absence_reason"": ""already_joined_other_course"", ""cancel_absence_reason_ar"": ""الطالب لديه معلم خاص في المنزل."", ""need_reschedule"": ""no"", ""reschedule_time"": null, ""teacher_preference"": ""not_applicable"", ""level_signal"": ""not_applicable"", ""price_sensitivity"": ""not_applicable"", ""parent_involvement_needed"": ""unclear"", ""trial_satisfaction"": ""not_applicable"", ""student_level_summary_ar"": null, ""learning_goal_ar"": null, ""pain_points_ar"": null, ""purchase_intent"": ""low"", ""purchase_intent_reason_ar"": ""الطالب لديه معلم خاص بالفعل."", ""main_objection"": ""already_has_course"", ""main_objection_ar"": ""الطالب لديه معلم خاص في المنزل."", ""payment_blocker"": ""not_applicable"", ""other_reason_ar"": null, ""other_objection_ar"": null, ""manual_review_reason_ar"": null, ""next_action_ar"": ""لا يوجد إجراء متابعة، تم إلغاء الحجز بسبب وجود معلم خاص للطالب."", ""target_pool"": ""no_task"", ""priority"": ""low"", ""should_create_task"": false}",2026-04-26 02:03:05,2026-04-26 02:03:05,2026-04-26 02:03:05,,,,,,,,,,,,,,,,
analysis_voice_599520441,voice_599520441,599520441,62995856,51habiba.hassan,2244(Maqsam),2026-04-23 21:21:37,双方接通,pre_class_confirm,high,تأكيد من ولي الأمر بأن الطالبة على وشك الانضمام إلى الحصة التجريبية.,high,low,not_applicable,غير منطبق,no,,not_applicable,not_applicable,not_applicable,yes,not_applicable,غير منطبق,غير منطبق,غير منطبق,not_applicable,غير منطبق,no_objection,لا يوجد اعتراض,not_applicable,,,,تأكيد حضور الطالبة للحصة. لا يوجد إجراء إضافي مطلوب من عمليات المبيعات بناءً على هذه المكالمة.,pre_class_confirm_pool,medium,false,success,,"{""call_stage"": ""pre_class_confirm"", ""stage_confidence"": ""high"", ""summary_ar"": ""تأكيد من ولي الأمر بأن الطالبة على وشك الانضمام إلى الحصة التجريبية."", ""attendance_intent"": ""high"", ""attendance_risk"": ""low"", ""cancel_absence_reason"": ""not_applicable"", ""cancel_absence_reason_ar"": ""غير منطبق"", ""need_reschedule"": ""no"", ""reschedule_time"": null, ""teacher_preference"": ""not_applicable"", ""level_signal"": ""not_applicable"", ""price_sensitivity"": ""not_applicable"", ""parent_involvement_needed"": ""yes"", ""trial_satisfaction"": ""not_applicable"", ""student_level_summary_ar"": ""غير منطبق"", ""learning_goal_ar"": ""غير منطبق"", ""pain_points_ar"": ""غير منطبق"", ""purchase_intent"": ""not_applicable"", ""purchase_intent_reason_ar"": ""غير منطبق"", ""main_objection"": ""no_objection"", ""main_objection_ar"": ""لا يوجد اعتراض"", ""payment_blocker"": ""not_applicable"", ""other_reason_ar"": null, ""other_objection_ar"": null, ""manual_review_reason_ar"": null, ""next_action_ar"": ""تأكيد حضور الطالبة للحصة. لا يوجد إجراء إضافي مطلوب من عمليات المبيعات بناءً على هذه المكالمة."", ""target_pool"": ""pre_class_confirm_pool"", ""priority"": ""medium"", ""should_create_task"": false}",2026-04-26 02:03:14,2026-04-26 02:03:14,2026-04-26 02:03:14,,,,,,,,,,,,,,,,
analysis_voice_599520771,voice_599520771,599520771,62985532,EGCC-fatmamohamed,2310(Maqsam),2026-04-23 21:24:35,双方接通,in_class_support,high,المكالمة تتعلق بمشكلة فنية تواجه الطالب في الدخول إلى المحاضرة، حيث يجدها مقفلة ولا يستطيع الدخول. الطالب يسأل عن كيفية الإلغاء ويحاول الدخول مرة أخرى. الوكيل يحاول مساعدته في إعادة جدولة أو حل المشكلة.,unclear,high,technical_issue,مشكلة فنية تمنع الطالب من الدخول إلى المحاضرة.,yes,,not_applicable,beginner,not_applicable,no,not_applicable,الطالب يبدو مبتدئًا أو في بداية تعلم اللغة الإنجليزية.,لم يتم تحديده بوضوح، لكنه يسعى لدخول المحاضرة.,مشكلة فنية تمنع الطالب من الدخول إلى المحاضرة.,not_applicable,,technical_issue,مشكلة فنية تمنع الطالب من الدخول إلى المحاضرة.,not_applicable,,,,مساعدة الطالب في حل المشكلة الفنية للدخول إلى المحاضرة أو إعادة جدولة موعد آخر.,technical_support_pool,high,true,success,,"{""call_stage"": ""in_class_support"", ""stage_confidence"": ""high"", ""summary_ar"": ""المكالمة تتعلق بمشكلة فنية تواجه الطالب في الدخول إلى المحاضرة، حيث يجدها مقفلة ولا يستطيع الدخول. الطالب يسأل عن كيفية الإلغاء ويحاول الدخول مرة أخرى. الوكيل يحاول مساعدته في إعادة جدولة أو حل المشكلة."", ""attendance_intent"": ""unclear"", ""attendance_risk"": ""high"", ""cancel_absence_reason"": ""technical_issue"", ""cancel_absence_reason_ar"": ""مشكلة فنية تمنع الطالب من الدخول إلى المحاضرة."", ""need_reschedule"": ""yes"", ""reschedule_time"": null, ""teacher_preference"": ""not_applicable"", ""level_signal"": ""beginner"", ""price_sensitivity"": ""not_applicable"", ""parent_involvement_needed"": ""no"", ""trial_satisfaction"": ""not_applicable"", ""student_level_summary_ar"": ""الطالب يبدو مبتدئًا أو في بداية تعلم اللغة الإنجليزية."", ""learning_goal_ar"": ""لم يتم تحديده بوضوح، لكنه يسعى لدخول المحاضرة."", ""pain_points_ar"": ""مشكلة فنية تمنع الطالب من الدخول إلى المحاضرة."", ""purchase_intent"": ""not_applicable"", ""purchase_intent_reason_ar"": null, ""main_objection"": ""technical_issue"", ""main_objection_ar"": ""مشكلة فنية تمنع الطالب من الدخول إلى المحاضرة."", ""payment_blocker"": ""not_applicable"", ""other_reason_ar"": null, ""other_objection_ar"": null, ""manual_review_reason_ar"": null, ""next_action_ar"": ""مساعدة الطالب في حل المشكلة الفنية للدخول إلى المحاضرة أو إعادة جدولة موعد آخر."", ""target_pool"": ""technical_support_pool"", ""priority"": ""high"", ""should_create_task"": true}",2026-04-26 02:04:34,2026-04-26 02:04:34,2026-04-26 02:04:34,,,,,,,,,,,,,,,,
analysis_voice_599521495,voice_599521495,599521495,62995856,51habiba.hassan,2244(Maqsam),2026-04-23 21:31:20,双方接通,pre_class_cancel,high,العميل لا يستطيع حضور الحصة التجريبية بسبب تواجده خارج المنزل وعدم توفر الإنترنت لديه.,low,high,technical_issue,مشكلة تقنية (عدم توفر الإنترنت) وتواجد العميل خارج المنزل.,yes,,not_applicable,not_applicable,not_applicable,not_applicable,not_applicable,,,,not_applicable,,not_applicable,,not_applicable,,,,التواصل مع العميل لتحديد موعد جديد للحصة التجريبية.,cancel_recovery_pool,high,true,success,,"{""call_stage"": ""pre_class_cancel"", ""stage_confidence"": ""high"", ""summary_ar"": ""العميل لا يستطيع حضور الحصة التجريبية بسبب تواجده خارج المنزل وعدم توفر الإنترنت لديه."", ""attendance_intent"": ""low"", ""attendance_risk"": ""high"", ""cancel_absence_reason"": ""technical_issue"", ""cancel_absence_reason_ar"": ""مشكلة تقنية (عدم توفر الإنترنت) وتواجد العميل خارج المنزل."", ""need_reschedule"": ""yes"", ""reschedule_time"": null, ""teacher_preference"": ""not_applicable"", ""level_signal"": ""not_applicable"", ""price_sensitivity"": ""not_applicable"", ""parent_involvement_needed"": ""not_applicable"", ""trial_satisfaction"": ""not_applicable"", ""student_level_summary_ar"": null, ""learning_goal_ar"": null, ""pain_points_ar"": null, ""purchase_intent"": ""not_applicable"", ""purchase_intent_reason_ar"": null, ""main_objection"": ""not_applicable"", ""main_objection_ar"": null, ""payment_blocker"": ""not_applicable"", ""other_reason_ar"": null, ""other_objection_ar"": null, ""manual_review_reason_ar"": null, ""next_action_ar"": ""التواصل مع العميل لتحديد موعد جديد للحصة التجريبية."", ""target_pool"": ""cancel_recovery_pool"", ""priority"": ""high"", ""should_create_task"": true}",2026-04-26 02:04:47,2026-04-26 02:04:47,2026-04-26 02:04:47,,,,,,,,,,,,,,,,
analysis_voice_599522323,voice_599522323,599522323,63000974,51nadamuhammad,2245(Maqsam),2026-04-23 21:34:37,双方接通,post_class_followup,high,الطالبة أبدت إعجابها الشديد بالمعلمة مرمر واستفادتها الكبيرة من الحصة التجريبية. ناقشت تفاصيل الدورة والسعر (4500 ريال و 250 ريال). العقبة الرئيسية هي حاجتها لمناقشة المبلغ والدورة مع والدتها للحصول على الموافقة قبل التسجيل. أبدت تفضيلها للأوقات الصباحية للدورة.,not_applicable,not_applicable,not_applicable,,not_applicable,,no_preference,unclear,medium,yes,high,غير واضح من المكالمة.,الهدف الأساسي هو التعلم، وأبدت استفادتها من المعلمة.,الحاجة لموافقة الأم على المبلغ والدورة.,medium,استفادتها من المعلمة ورغبتها في التعلم، ومناقشة تفاصيل الدورة والسعر.,need_parent_approval,تحتاج موافقة الأم على المبلغ والدورة.,parent_controls_payment,,,,متابعة مع الطالبة بعد أن تتحدث مع والدتها بخصوص الدورة والمبلغ.,parent_approval_pool,medium,true,success,,"{""call_stage"": ""post_class_followup"", ""stage_confidence"": ""high"", ""summary_ar"": ""الطالبة أبدت إعجابها الشديد بالمعلمة مرمر واستفادتها الكبيرة من الحصة التجريبية. ناقشت تفاصيل الدورة والسعر (4500 ريال و 250 ريال). العقبة الرئيسية هي حاجتها لمناقشة المبلغ والدورة مع والدتها للحصول على الموافقة قبل التسجيل. أبدت تفضيلها للأوقات الصباحية للدورة."", ""attendance_intent"": ""not_applicable"", ""attendance_risk"": ""not_applicable"", ""cancel_absence_reason"": ""not_applicable"", ""cancel_absence_reason_ar"": """", ""need_reschedule"": ""not_applicable"", ""reschedule_time"": """", ""teacher_preference"": ""no_preference"", ""level_signal"": ""unclear"", ""price_sensitivity"": ""medium"", ""parent_involvement_needed"": ""yes"", ""trial_satisfaction"": ""high"", ""student_level_summary_ar"": ""غير واضح من المكالمة."", ""learning_goal_ar"": ""الهدف الأساسي هو التعلم، وأبدت استفادتها من المعلمة."", ""pain_points_ar"": ""الحاجة لموافقة الأم على المبلغ والدورة."", ""purchase_intent"": ""medium"", ""purchase_intent_reason_ar"": ""استفادتها من المعلمة ورغبتها في التعلم، ومناقشة تفاصيل الدورة والسعر."", ""main_objection"": ""need_parent_approval"", ""main_objection_ar"": ""تحتاج موافقة الأم على المبلغ والدورة."", ""payment_blocker"": ""parent_controls_payment"", ""other_reason_ar"": """", ""other_objection_ar"": """", ""manual_review_reason_ar"": """", ""next_action_ar"": ""متابعة مع الطالبة بعد أن تتحدث مع والدتها بخصوص الدورة والمبلغ."", ""target_pool"": ""parent_approval_pool"", ""priority"": ""medium"", ""should_create_task"": true}",2026-04-26 02:05:01,2026-04-26 02:05:01,2026-04-26 02:05:01,,,,,,,,,,,,,,,,
analysis_voice_599523935,voice_599523935,599523935,62994994,EGCC-fatmamohamed,2310(Maqsam),2026-04-23 21:43:00,双方接通,unknown,low,المكالمة تحتوي على الكثير من الضوضاء وأخطاء في النسخ ومزيج من اللغات. العميل يستفسر عن الرسوم ويوضح أنه لا يستطيع دفع المبلغ كاملاً ويرغب في الدفع بالتقسيط، ويسأل عن خيارات مثل تمارا. يشير إلى أن طرفاً ثالثاً سيقوم بالتحويل.,not_applicable,not_applicable,not_applicable,,not_applicable,,not_applicable,not_applicable,high,yes,not_applicable,,,,unclear,الاهتمام بالأسعار وطرق الدفع موجود، لكن بسبب عدم وضوح المكالمة لا يمكن تحديد نية الشراء بدقة.,payment_method,العميل لا يستطيع دفع المبلغ كاملاً ويرغب في الدفع بالتقسيط.,other,,العميل لا يستطيع دفع المبلغ كاملاً ويرغب في الدفع بالتقسيط (مثل تمارا).,النسخ الصوتي يحتوي على أخطاء كبيرة وضوضاء ومزيج من اللغات (العربية، الإسبانية، الفرنسية، الإنجليزية)، مما يجعل أجزاء كبيرة من المحادثة غير مفهومة أو متناقضة. مرحلة المكالمة غير واضحة.,مراجعة التسجيل الصوتي الأصلي لفهم المحادثة بشكل دقيق وتحديد مرحلة المكالمة ونية العميل.,manual_review_pool,high,true,success,,"{""call_stage"": ""unknown"", ""stage_confidence"": ""low"", ""summary_ar"": ""المكالمة تحتوي على الكثير من الضوضاء وأخطاء في النسخ ومزيج من اللغات. العميل يستفسر عن الرسوم ويوضح أنه لا يستطيع دفع المبلغ كاملاً ويرغب في الدفع بالتقسيط، ويسأل عن خيارات مثل تمارا. يشير إلى أن طرفاً ثالثاً سيقوم بالتحويل."", ""attendance_intent"": ""not_applicable"", ""attendance_risk"": ""not_applicable"", ""cancel_absence_reason"": ""not_applicable"", ""cancel_absence_reason_ar"": null, ""need_reschedule"": ""not_applicable"", ""reschedule_time"": null, ""teacher_preference"": ""not_applicable"", ""level_signal"": ""not_applicable"", ""price_sensitivity"": ""high"", ""parent_involvement_needed"": ""yes"", ""trial_satisfaction"": ""not_applicable"", ""student_level_summary_ar"": null, ""learning_goal_ar"": null, ""pain_points_ar"": null, ""purchase_intent"": ""unclear"", ""purchase_intent_reason_ar"": ""الاهتمام بالأسعار وطرق الدفع موجود، لكن بسبب عدم وضوح المكالمة لا يمكن تحديد نية الشراء بدقة."", ""main_objection"": ""payment_method"", ""main_objection_ar"": ""العميل لا يستطيع دفع المبلغ كاملاً ويرغب في الدفع بالتقسيط."", ""payment_blocker"": ""other"", ""other_reason_ar"": null, ""other_objection_ar"": ""العميل لا يستطيع دفع المبلغ كاملاً ويرغب في الدفع بالتقسيط (مثل تمارا)."", ""manual_review_reason_ar"": ""النسخ الصوتي يحتوي على أخطاء كبيرة وضوضاء ومزيج من اللغات (العربية، الإسبانية، الفرنسية، الإنجليزية)، مما يجعل أجزاء كبيرة من المحادثة غير مفهومة أو متناقضة. مرحلة المكالمة غير واضحة."", ""next_action_ar"": ""مراجعة التسجيل الصوتي الأصلي لفهم المحادثة بشكل دقيق وتحديد مرحلة المكالمة ونية العميل."", ""target_pool"": ""manual_review_pool"", ""priority"": ""high"", ""should_create_task"": true}",2026-04-26 02:06:31,2026-04-26 02:06:31,2026-04-26 02:06:31,,,,,,,,,,,,,,,,
analysis_voice_599524995,voice_599524995,599524995,62998129,EGCC-tasneemmahmoud,2311(Maqsam),2026-04-23 21:50:59,双方接通,unknown,medium,المتصلة تحدثت مع شخص وسيط (على الأرجح أحد أفراد العائلة) وليس الطالب/الولي مباشرة. الوسيط أفاد بأن الشخص المستهدف خارج المنزل وسيعود خلال 5 دقائق، ووعد بأنه سيتصل به ويطلب منه الرد على مكالمة المبيعات.,unclear,unclear,not_applicable,غير منطبق,no,,not_applicable,not_applicable,not_applicable,unclear,not_applicable,غير منطبق,غير منطبق,غير منطبق,not_applicable,غير منطبق,not_applicable,غير منطبق,not_applicable,الشخص المستهدف غير متاح حالياً، وسيط وعد بتنبيهه للرد على المكالمة القادمة.,غير منطبق,,إعادة الاتصال بالرقم خلال 5-10 دقائق للتحدث مع الشخص المستهدف مباشرة.,callback_pool,medium,true,success,,"{""call_stage"": ""unknown"", ""stage_confidence"": ""medium"", ""summary_ar"": ""المتصلة تحدثت مع شخص وسيط (على الأرجح أحد أفراد العائلة) وليس الطالب/الولي مباشرة. الوسيط أفاد بأن الشخص المستهدف خارج المنزل وسيعود خلال 5 دقائق، ووعد بأنه سيتصل به ويطلب منه الرد على مكالمة المبيعات."", ""attendance_intent"": ""unclear"", ""attendance_risk"": ""unclear"", ""cancel_absence_reason"": ""not_applicable"", ""cancel_absence_reason_ar"": ""غير منطبق"", ""need_reschedule"": ""no"", ""reschedule_time"": null, ""teacher_preference"": ""not_applicable"", ""level_signal"": ""not_applicable"", ""price_sensitivity"": ""not_applicable"", ""parent_involvement_needed"": ""unclear"", ""trial_satisfaction"": ""not_applicable"", ""student_level_summary_ar"": ""غير منطبق"", ""learning_goal_ar"": ""غير منطبق"", ""pain_points_ar"": ""غير منطبق"", ""purchase_intent"": ""not_applicable"", ""purchase_intent_reason_ar"": ""غير منطبق"", ""main_objection"": ""not_applicable"", ""main_objection_ar"": ""غير منطبق"", ""payment_blocker"": ""not_applicable"", ""other_reason_ar"": ""الشخص المستهدف غير متاح حالياً، وسيط وعد بتنبيهه للرد على المكالمة القادمة."", ""other_objection_ar"": ""غير منطبق"", ""manual_review_reason_ar"": null, ""next_action_ar"": ""إعادة الاتصال بالرقم خلال 5-10 دقائق للتحدث مع الشخص المستهدف مباشرة."", ""target_pool"": ""callback_pool"", ""priority"": ""medium"", ""should_create_task"": true}",2026-04-26 02:06:48,2026-04-26 02:06:48,2026-04-26 02:06:48,,,,,,,,,,,,,,,,
analysis_voice_599526165,voice_599526165,599526165,62939103,EGCC-maiwaheed,2313(Maqsam),2026-04-23 21:56:07,双方接通,no_answer_or_voicemail,high,"العميلة أجابت على المكالمة ولكنها كانت تقود السيارة وفي زحمة مرور، ولم تتمكن من التحدث. طلبت من الموظف إرسال واتساب لاحقاً. أشارت أيضاً إلى محادثة سابقة بخصوص ""الشهر الجاي"".",not_applicable,not_applicable,other,العميلة غير متاحة للتحدث حالياً بسبب القيادة والزحمة.,unclear,,not_applicable,not_applicable,not_applicable,not_applicable,not_applicable,,,,not_applicable,,other,العميلة غير متاحة للتحدث حالياً.,not_applicable,العميلة أجابت على المكالمة ولكنها لم تتمكن من التحدث بسبب القيادة والزحمة، وطلبت التواصل عبر واتساب لاحقاً.,عدم توفر العميلة للتحدث في الوقت الحالي.,,"متابعة مع العميلة عبر واتساب كما طلبت، ومحاولة تحديد موعد مناسب للمكالمة أو الاستفسار عن ""الشهر الجاي"".",callback_pool,medium,true,success,,"{""call_stage"": ""no_answer_or_voicemail"", ""stage_confidence"": ""high"", ""summary_ar"": ""العميلة أجابت على المكالمة ولكنها كانت تقود السيارة وفي زحمة مرور، ولم تتمكن من التحدث. طلبت من الموظف إرسال واتساب لاحقاً. أشارت أيضاً إلى محادثة سابقة بخصوص \""الشهر الجاي\""."", ""attendance_intent"": ""not_applicable"", ""attendance_risk"": ""not_applicable"", ""cancel_absence_reason"": ""other"", ""cancel_absence_reason_ar"": ""العميلة غير متاحة للتحدث حالياً بسبب القيادة والزحمة."", ""need_reschedule"": ""unclear"", ""reschedule_time"": null, ""teacher_preference"": ""not_applicable"", ""level_signal"": ""not_applicable"", ""price_sensitivity"": ""not_applicable"", ""parent_involvement_needed"": ""not_applicable"", ""trial_satisfaction"": ""not_applicable"", ""student_level_summary_ar"": null, ""learning_goal_ar"": null, ""pain_points_ar"": null, ""purchase_intent"": ""not_applicable"", ""purchase_intent_reason_ar"": null, ""main_objection"": ""other"", ""main_objection_ar"": ""العميلة غير متاحة للتحدث حالياً."", ""payment_blocker"": ""not_applicable"", ""other_reason_ar"": ""العميلة أجابت على المكالمة ولكنها لم تتمكن من التحدث بسبب القيادة والزحمة، وطلبت التواصل عبر واتساب لاحقاً."", ""other_objection_ar"": ""عدم توفر العميلة للتحدث في الوقت الحالي."", ""manual_review_reason_ar"": null, ""next_action_ar"": ""متابعة مع العميلة عبر واتساب كما طلبت، ومحاولة تحديد موعد مناسب للمكالمة أو الاستفسار عن \""الشهر الجاي\""."", ""target_pool"": ""callback_pool"", ""priority"": ""medium"", ""should_create_task"": true}",2026-04-26 02:07:03,2026-04-26 02:07:03,2026-04-26 02:07:03,,,,,,,,,,,,,,,,
analysis_voice_599526409,voice_599526409,599526409,62998129,EGCC-tasneemmahmoud,2311(Maqsam),2026-04-23 21:56:20,双方接通,no_answer_or_voicemail,high,المكالمة تحتوي على ضوضاء وبعض الكلمات غير المفهومة ولا يوجد حديث واضح مع العميل. يبدو أن التسجيل لا يمثل محادثة حقيقية مع طالب أو ولي أمر.,not_applicable,not_applicable,not_applicable,,not_applicable,,not_applicable,not_applicable,not_applicable,not_applicable,not_applicable,,,,not_applicable,,not_applicable,,not_applicable,,,,إعادة الاتصال بالعميل حيث لم يتم التواصل معه في هذه المكالمة.,callback_pool,medium,true,success,,"{""call_stage"": ""no_answer_or_voicemail"", ""stage_confidence"": ""high"", ""summary_ar"": ""المكالمة تحتوي على ضوضاء وبعض الكلمات غير المفهومة ولا يوجد حديث واضح مع العميل. يبدو أن التسجيل لا يمثل محادثة حقيقية مع طالب أو ولي أمر."", ""attendance_intent"": ""not_applicable"", ""attendance_risk"": ""not_applicable"", ""cancel_absence_reason"": ""not_applicable"", ""cancel_absence_reason_ar"": """", ""need_reschedule"": ""not_applicable"", ""reschedule_time"": """", ""teacher_preference"": ""not_applicable"", ""level_signal"": ""not_applicable"", ""price_sensitivity"": ""not_applicable"", ""parent_involvement_needed"": ""not_applicable"", ""trial_satisfaction"": ""not_applicable"", ""student_level_summary_ar"": """", ""learning_goal_ar"": """", ""pain_points_ar"": """", ""purchase_intent"": ""not_applicable"", ""purchase_intent_reason_ar"": """", ""main_objection"": ""not_applicable"", ""main_objection_ar"": """", ""payment_blocker"": ""not_applicable"", ""other_reason_ar"": """", ""other_objection_ar"": """", ""manual_review_reason_ar"": """", ""next_action_ar"": ""إعادة الاتصال بالعميل حيث لم يتم التواصل معه في هذه المكالمة."", ""target_pool"": ""callback_pool"", ""priority"": ""medium"", ""should_create_task"": true}",2026-04-26 02:08:05,2026-04-26 02:08:05,2026-04-26 02:08:05,,,,,,,,,,,,,,,,
analysis_voice_599526505,voice_599526505,599526505,0,51nadamuhammad,2245(Maqsam),2026-04-23 21:55:53,双方接通,pre_class_confirm,low,العميل مشغول بمكالمة بنكية مهمة وطلب من الموظف معاودة الاتصال لاحقًا بخصوص الجلسة، أو ذكر أنه سيعاود الاتصال بنفسه.,unclear,unclear,not_applicable,,no,,not_applicable,not_applicable,not_applicable,unclear,not_applicable,,,,not_applicable,,not_applicable,,not_applicable,العميل مشغول بمكالمة أخرى مهمة من البنك.,,,معاودة الاتصال بالعميل لاحقًا في وقت مناسب لمناقشة تفاصيل الجلسة.,callback_pool,medium,true,success,,"{""call_stage"": ""pre_class_confirm"", ""stage_confidence"": ""low"", ""summary_ar"": ""العميل مشغول بمكالمة بنكية مهمة وطلب من الموظف معاودة الاتصال لاحقًا بخصوص الجلسة، أو ذكر أنه سيعاود الاتصال بنفسه."", ""attendance_intent"": ""unclear"", ""attendance_risk"": ""unclear"", ""cancel_absence_reason"": ""not_applicable"", ""cancel_absence_reason_ar"": null, ""need_reschedule"": ""no"", ""reschedule_time"": null, ""teacher_preference"": ""not_applicable"", ""level_signal"": ""not_applicable"", ""price_sensitivity"": ""not_applicable"", ""parent_involvement_needed"": ""unclear"", ""trial_satisfaction"": ""not_applicable"", ""student_level_summary_ar"": null, ""learning_goal_ar"": null, ""pain_points_ar"": null, ""purchase_intent"": ""not_applicable"", ""purchase_intent_reason_ar"": null, ""main_objection"": ""not_applicable"", ""main_objection_ar"": null, ""payment_blocker"": ""not_applicable"", ""other_reason_ar"": ""العميل مشغول بمكالمة أخرى مهمة من البنك."", ""other_objection_ar"": null, ""manual_review_reason_ar"": null, ""next_action_ar"": ""معاودة الاتصال بالعميل لاحقًا في وقت مناسب لمناقشة تفاصيل الجلسة."", ""target_pool"": ""callback_pool"", ""priority"": ""medium"", ""should_create_task"": true}",2026-04-26 02:08:22,2026-04-26 02:08:22,2026-04-26 02:08:22,,,,,,,,,,,,,,,,
analysis_voice_599526926,voice_599526926,599526926,62985532,EGCC-fatmamohamed,2310(Maqsam),2026-04-23 21:57:52,双方接通,in_class_support,high,المكالمة تتعلق بتقديم دعم فني للطالبة لمساعدتها على الدخول إلى الفصل الدراسي. الطالبة أكدت أنها دخلت الفصل وتجهزت بالدفتر والقلم، وتلقت تعليمات لفتح الميكروفون.,high,low,not_applicable,غير منطبق,no,,not_applicable,not_applicable,not_applicable,no,not_applicable,,,,not_applicable,,not_applicable,,not_applicable,,,,التأكد من استمرار الطالبة في الفصل وتقديم أي دعم فني إضافي إذا لزم الأمر.,technical_support_pool,high,true,success,,"{""call_stage"": ""in_class_support"", ""stage_confidence"": ""high"", ""summary_ar"": ""المكالمة تتعلق بتقديم دعم فني للطالبة لمساعدتها على الدخول إلى الفصل الدراسي. الطالبة أكدت أنها دخلت الفصل وتجهزت بالدفتر والقلم، وتلقت تعليمات لفتح الميكروفون."", ""attendance_intent"": ""high"", ""attendance_risk"": ""low"", ""cancel_absence_reason"": ""not_applicable"", ""cancel_absence_reason_ar"": ""غير منطبق"", ""need_reschedule"": ""no"", ""reschedule_time"": null, ""teacher_preference"": ""not_applicable"", ""level_signal"": ""not_applicable"", ""price_sensitivity"": ""not_applicable"", ""parent_involvement_needed"": ""no"", ""trial_satisfaction"": ""not_applicable"", ""student_level_summary_ar"": null, ""learning_goal_ar"": null, ""pain_points_ar"": null, ""purchase_intent"": ""not_applicable"", ""purchase_intent_reason_ar"": null, ""main_objection"": ""not_applicable"", ""main_objection_ar"": null, ""payment_blocker"": ""not_applicable"", ""other_reason_ar"": null, ""other_objection_ar"": null, ""manual_review_reason_ar"": null, ""next_action_ar"": ""التأكد من استمرار الطالبة في الفصل وتقديم أي دعم فني إضافي إذا لزم الأمر."", ""target_pool"": ""technical_support_pool"", ""priority"": ""high"", ""should_create_task"": true}",2026-04-26 02:08:31,2026-04-26 02:08:31,2026-04-26 02:08:31,,,,,,,,,,,,,,,,
analysis_voice_599527418,voice_599527418,599527418,63000125,EGCC-tasneemmahmoud,2311(Maqsam),2026-04-23 22:00:26,双方接通,in_class_support,high,المتصل واجه صعوبة في الدخول إلى رابط الحصة التجريبية، حيث ظهر له نص أبيض بدلاً من رابط قابل للنقر أو باركود. استفسر عن إمكانية استخدام اللابتوب للدخول. في نهاية المكالمة، أكد المتصل أنه تمكن من الدخول إلى المحاضرة بنجاح.,high,low,not_applicable,,no,,not_applicable,not_applicable,not_applicable,not_applicable,unclear,,,,unclear,,no_objection,,not_applicable,,,,تم حل مشكلة الدخول إلى الحصة. يجب المتابعة بعد انتهاء الحصة لتقييم التجربة والتأكد من رضا الطالب.,technical_support_pool,medium,true,success,,"{""call_stage"": ""in_class_support"", ""stage_confidence"": ""high"", ""summary_ar"": ""المتصل واجه صعوبة في الدخول إلى رابط الحصة التجريبية، حيث ظهر له نص أبيض بدلاً من رابط قابل للنقر أو باركود. استفسر عن إمكانية استخدام اللابتوب للدخول. في نهاية المكالمة، أكد المتصل أنه تمكن من الدخول إلى المحاضرة بنجاح."", ""attendance_intent"": ""high"", ""attendance_risk"": ""low"", ""cancel_absence_reason"": ""not_applicable"", ""cancel_absence_reason_ar"": """", ""need_reschedule"": ""no"", ""reschedule_time"": """", ""teacher_preference"": ""not_applicable"", ""level_signal"": ""not_applicable"", ""price_sensitivity"": ""not_applicable"", ""parent_involvement_needed"": ""not_applicable"", ""trial_satisfaction"": ""unclear"", ""student_level_summary_ar"": """", ""learning_goal_ar"": """", ""pain_points_ar"": """", ""purchase_intent"": ""unclear"", ""purchase_intent_reason_ar"": """", ""main_objection"": ""no_objection"", ""main_objection_ar"": """", ""payment_blocker"": ""not_applicable"", ""other_reason_ar"": """", ""other_objection_ar"": """", ""manual_review_reason_ar"": """", ""next_action_ar"": ""تم حل مشكلة الدخول إلى الحصة. يجب المتابعة بعد انتهاء الحصة لتقييم التجربة والتأكد من رضا الطالب."", ""target_pool"": ""technical_support_pool"", ""priority"": ""medium"", ""should_create_task"": true}",2026-04-26 02:09:44,2026-04-26 02:09:44,2026-04-26 02:09:44,,,,,,,,,,,,,,,,
analysis_voice_599527790,voice_599527790,599527790,62829117,EGCC-eman.amr,2289(Maqsam),2026-04-23 22:05:21,双方接通,no_answer_or_voicemail,high,المكالمة تحتوي على ضوضاء وعبارات متقطعة وغير مفهومة، ولا يوجد حوار واضح مع العميل. يبدو أن التسجيل يتضمن كلمات إنجليزية وعربية وإسبانية غير مترابطة.,not_applicable,not_applicable,not_applicable,,not_applicable,,not_applicable,not_applicable,not_applicable,not_applicable,not_applicable,,,,not_applicable,,not_applicable,,not_applicable,,,,إعادة الاتصال بالعميل حيث لم يتم إجراء محادثة واضحة أو تحديد الغرض من المكالمة.,callback_pool,medium,true,success,,"{""call_stage"": ""no_answer_or_voicemail"", ""stage_confidence"": ""high"", ""summary_ar"": ""المكالمة تحتوي على ضوضاء وعبارات متقطعة وغير مفهومة، ولا يوجد حوار واضح مع العميل. يبدو أن التسجيل يتضمن كلمات إنجليزية وعربية وإسبانية غير مترابطة."", ""attendance_intent"": ""not_applicable"", ""attendance_risk"": ""not_applicable"", ""cancel_absence_reason"": ""not_applicable"", ""cancel_absence_reason_ar"": null, ""need_reschedule"": ""not_applicable"", ""reschedule_time"": null, ""teacher_preference"": ""not_applicable"", ""level_signal"": ""not_applicable"", ""price_sensitivity"": ""not_applicable"", ""parent_involvement_needed"": ""not_applicable"", ""trial_satisfaction"": ""not_applicable"", ""student_level_summary_ar"": null, ""learning_goal_ar"": null, ""pain_points_ar"": null, ""purchase_intent"": ""not_applicable"", ""purchase_intent_reason_ar"": null, ""main_objection"": ""not_applicable"", ""main_objection_ar"": null, ""payment_blocker"": ""not_applicable"", ""other_reason_ar"": null, ""other_objection_ar"": null, ""manual_review_reason_ar"": null, ""next_action_ar"": ""إعادة الاتصال بالعميل حيث لم يتم إجراء محادثة واضحة أو تحديد الغرض من المكالمة."", ""target_pool"": ""callback_pool"", ""priority"": ""medium"", ""should_create_task"": true}",2026-04-26 02:09:52,2026-04-26 02:09:52,2026-04-26 02:09:52,,,,,,,,,,,,,,,,
analysis_voice_599533348,voice_599533348,599533348,62805158,EGCC-eman.amr,2289(Maqsam),2026-04-23 22:36:58,双方接通,no_answer_or_voicemail,high,ذهبت المكالمة إلى البريد الصوتي للعميل. لم يتم التواصل مع العميل.,not_applicable,not_applicable,not_applicable,not_applicable,not_applicable,,not_applicable,not_applicable,not_applicable,not_applicable,not_applicable,not_applicable,not_applicable,not_applicable,not_applicable,not_applicable,not_applicable,not_applicable,not_applicable,,,,يجب إعادة الاتصال بالعميل في وقت لاحق.,callback_pool,medium,true,success,,"{""call_stage"": ""no_answer_or_voicemail"", ""stage_confidence"": ""high"", ""summary_ar"": ""ذهبت المكالمة إلى البريد الصوتي للعميل. لم يتم التواصل مع العميل."", ""attendance_intent"": ""not_applicable"", ""attendance_risk"": ""not_applicable"", ""cancel_absence_reason"": ""not_applicable"", ""cancel_absence_reason_ar"": ""not_applicable"", ""need_reschedule"": ""not_applicable"", ""reschedule_time"": null, ""teacher_preference"": ""not_applicable"", ""level_signal"": ""not_applicable"", ""price_sensitivity"": ""not_applicable"", ""parent_involvement_needed"": ""not_applicable"", ""trial_satisfaction"": ""not_applicable"", ""student_level_summary_ar"": ""not_applicable"", ""learning_goal_ar"": ""not_applicable"", ""pain_points_ar"": ""not_applicable"", ""purchase_intent"": ""not_applicable"", ""purchase_intent_reason_ar"": ""not_applicable"", ""main_objection"": ""not_applicable"", ""main_objection_ar"": ""not_applicable"", ""payment_blocker"": ""not_applicable"", ""other_reason_ar"": null, ""other_objection_ar"": null, ""manual_review_reason_ar"": null, ""next_action_ar"": ""يجب إعادة الاتصال بالعميل في وقت لاحق."", ""target_pool"": ""callback_pool"", ""priority"": ""medium"", ""should_create_task"": true}",2026-04-26 02:11:45,2026-04-26 02:11:45,2026-04-26 02:11:45,,,,,,,,,,,,,,,,
analysis_voice_599534782,voice_599534782,599534782,62985532,EGCC-fatmamohamed,2310(Maqsam),2026-04-23 22:47:40,双方接通,unknown,low,"المكالمة تحتوي على أجزاء متقطعة وغير مترابطة بلغات متعددة (العربية، الإنجليزية، الفرنسية، وربما لغات أخرى). يصعب تحديد الغرض من المكالمة أو مرحلتها. هناك بعض العبارات التي قد تشير إلى نقاش حول الحصص أو التعلم أو السعر (""الفلوس كم؟"")، ولكن السياق العام مشوش وغير واضح تمامًا.",unclear,unclear,unknown,غير قابل للتحديد بسبب عدم وضوح المحادثة.,unclear,,unclear,unclear,unclear,unclear,unclear,غير واضح.,غير واضح.,غير واضح.,unclear,غير واضح.,unknown,غير واضح.,unknown,,,المحادثة غير واضحة ومتقطعة وتحتوي على لغات متعددة وعبارات غير مفهومة أو غير ذات صلة بسياق العمل، مما يجعل تصنيفها وتحليلها صعبًا للغاية. هناك إشارة لسؤال عن السعر ولكن السياق العام غير مفهوم.,يجب مراجعة المكالمة يدويًا لفهم السياق الحقيقي وتحديد الخطوة التالية إن أمكن.,manual_review_pool,high,true,success,,"{""call_stage"": ""unknown"", ""stage_confidence"": ""low"", ""summary_ar"": ""المكالمة تحتوي على أجزاء متقطعة وغير مترابطة بلغات متعددة (العربية، الإنجليزية، الفرنسية، وربما لغات أخرى). يصعب تحديد الغرض من المكالمة أو مرحلتها. هناك بعض العبارات التي قد تشير إلى نقاش حول الحصص أو التعلم أو السعر (\""الفلوس كم؟\"")، ولكن السياق العام مشوش وغير واضح تمامًا."", ""attendance_intent"": ""unclear"", ""attendance_risk"": ""unclear"", ""cancel_absence_reason"": ""unknown"", ""cancel_absence_reason_ar"": ""غير قابل للتحديد بسبب عدم وضوح المحادثة."", ""need_reschedule"": ""unclear"", ""reschedule_time"": null, ""teacher_preference"": ""unclear"", ""level_signal"": ""unclear"", ""price_sensitivity"": ""unclear"", ""parent_involvement_needed"": ""unclear"", ""trial_satisfaction"": ""unclear"", ""student_level_summary_ar"": ""غير واضح."", ""learning_goal_ar"": ""غير واضح."", ""pain_points_ar"": ""غير واضح."", ""purchase_intent"": ""unclear"", ""purchase_intent_reason_ar"": ""غير واضح."", ""main_objection"": ""unknown"", ""main_objection_ar"": ""غير واضح."", ""payment_blocker"": ""unknown"", ""other_reason_ar"": null, ""other_objection_ar"": null, ""manual_review_reason_ar"": ""المحادثة غير واضحة ومتقطعة وتحتوي على لغات متعددة وعبارات غير مفهومة أو غير ذات صلة بسياق العمل، مما يجعل تصنيفها وتحليلها صعبًا للغاية. هناك إشارة لسؤال عن السعر ولكن السياق العام غير مفهوم."", ""next_action_ar"": ""يجب مراجعة المكالمة يدويًا لفهم السياق الحقيقي وتحديد الخطوة التالية إن أمكن."", ""target_pool"": ""manual_review_pool"", ""priority"": ""high"", ""should_create_task"": true}",2026-04-26 02:13:08,2026-04-26 02:13:08,2026-04-26 02:13:08,,,,,,,,,,,,,,,,
analysis_voice_599535678,voice_599535678,599535678,58825899,51nadamuhammad,2245(Maqsam),2026-04-23 22:53:03,双方接通,post_class_followup,high,المكالمة لمتابعة ما بعد الحصة التجريبية. المعلمة قيّمت الطالبة على أنها في المستوى الأول مع وجود أخطاء بسيطة. الطالبة تحتاج لمناقشة الأمر مع والدها قبل اتخاذ قرار بشأن السعر والاشتراك.,not_applicable,not_applicable,not_applicable,غير مطبق,no,,not_applicable,beginner,unclear,yes,high,المعلمة قيّمت الطالبة على أنها في المستوى الأول (beginner) مع وجود أخطاء بسيطة في ثلاث جمل.,غير مذكور,غير مذكور,unclear,الطالبة تحتاج لموافقة والدها قبل اتخاذ قرار الشراء.,need_parent_approval,الطالبة تحتاج لموافقة والدها على السعر والاشتراك.,parent_controls_payment,,,,متابعة مع الطالبة بعد أن تتحدث مع والدها.,parent_approval_pool,high,true,success,,"{""call_stage"": ""post_class_followup"", ""stage_confidence"": ""high"", ""summary_ar"": ""المكالمة لمتابعة ما بعد الحصة التجريبية. المعلمة قيّمت الطالبة على أنها في المستوى الأول مع وجود أخطاء بسيطة. الطالبة تحتاج لمناقشة الأمر مع والدها قبل اتخاذ قرار بشأن السعر والاشتراك."", ""attendance_intent"": ""not_applicable"", ""attendance_risk"": ""not_applicable"", ""cancel_absence_reason"": ""not_applicable"", ""cancel_absence_reason_ar"": ""غير مطبق"", ""need_reschedule"": ""no"", ""reschedule_time"": null, ""teacher_preference"": ""not_applicable"", ""level_signal"": ""beginner"", ""price_sensitivity"": ""unclear"", ""parent_involvement_needed"": ""yes"", ""trial_satisfaction"": ""high"", ""student_level_summary_ar"": ""المعلمة قيّمت الطالبة على أنها في المستوى الأول (beginner) مع وجود أخطاء بسيطة في ثلاث جمل."", ""learning_goal_ar"": ""غير مذكور"", ""pain_points_ar"": ""غير مذكور"", ""purchase_intent"": ""unclear"", ""purchase_intent_reason_ar"": ""الطالبة تحتاج لموافقة والدها قبل اتخاذ قرار الشراء."", ""main_objection"": ""need_parent_approval"", ""main_objection_ar"": ""الطالبة تحتاج لموافقة والدها على السعر والاشتراك."", ""payment_blocker"": ""parent_controls_payment"", ""other_reason_ar"": null, ""other_objection_ar"": null, ""manual_review_reason_ar"": null, ""next_action_ar"": ""متابعة مع الطالبة بعد أن تتحدث مع والدها."", ""target_pool"": ""parent_approval_pool"", ""priority"": ""high"", ""should_create_task"": true}",2026-04-26 02:13:23,2026-04-26 02:13:23,2026-04-26 02:13:23,,,,,,,,,,,,,,,,
analysis_voice_599536167,voice_599536167,599536167,0,EGCC-fatmamohamed,2310(Maqsam),2026-04-23 22:55:21,双方接通,pre_class_confirm,high,تأكيد حضور الطالبة ندى. الوالدة ليست في المنزل والطالبة نائمة، وستقوم الوالدة بضبط منبه لها للحضور. كان هناك سوء فهم بسيط بخصوص وقت المحاضرة (اعتقدت الوالدة أنها الساعة السابعة).,high,high,sleeping,الطالبة نائمة والوالدة ليست في المنزل، بالإضافة إلى سوء فهم بسيط لوقت المحاضرة.,no,,not_applicable,not_applicable,not_applicable,yes,not_applicable,,,,not_applicable,,not_applicable,,not_applicable,الوالدة ليست في المنزل والطالبة نائمة، بالإضافة إلى سوء فهم بسيط لوقت المحاضرة.,,,متابعة حضور الطالبة ندى للتأكد من انضمامها بعد ترتيب الوالدة لإيقاظها.,pre_class_risk_pool,high,true,success,,"{""call_stage"": ""pre_class_confirm"", ""stage_confidence"": ""high"", ""summary_ar"": ""تأكيد حضور الطالبة ندى. الوالدة ليست في المنزل والطالبة نائمة، وستقوم الوالدة بضبط منبه لها للحضور. كان هناك سوء فهم بسيط بخصوص وقت المحاضرة (اعتقدت الوالدة أنها الساعة السابعة)."", ""attendance_intent"": ""high"", ""attendance_risk"": ""high"", ""cancel_absence_reason"": ""sleeping"", ""cancel_absence_reason_ar"": ""الطالبة نائمة والوالدة ليست في المنزل، بالإضافة إلى سوء فهم بسيط لوقت المحاضرة."", ""need_reschedule"": ""no"", ""reschedule_time"": null, ""teacher_preference"": ""not_applicable"", ""level_signal"": ""not_applicable"", ""price_sensitivity"": ""not_applicable"", ""parent_involvement_needed"": ""yes"", ""trial_satisfaction"": ""not_applicable"", ""student_level_summary_ar"": null, ""learning_goal_ar"": null, ""pain_points_ar"": null, ""purchase_intent"": ""not_applicable"", ""purchase_intent_reason_ar"": null, ""main_objection"": ""not_applicable"", ""main_objection_ar"": null, ""payment_blocker"": ""not_applicable"", ""other_reason_ar"": ""الوالدة ليست في المنزل والطالبة نائمة، بالإضافة إلى سوء فهم بسيط لوقت المحاضرة."", ""other_objection_ar"": null, ""manual_review_reason_ar"": null, ""next_action_ar"": ""متابعة حضور الطالبة ندى للتأكد من انضمامها بعد ترتيب الوالدة لإيقاظها."", ""target_pool"": ""pre_class_risk_pool"", ""priority"": ""high"", ""should_create_task"": true}",2026-04-26 02:13:35,2026-04-26 02:13:35,2026-04-26 02:13:35,,,,,,,,,,,,,,,,
analysis_voice_599541257,voice_599541257,599541257,62988612,EGCC-fatmamohamed,2310(Maqsam),2026-04-23 23:47:03,双方接通,unknown,low,,,,,,,,,,,,,,,,,,,,,,,فشل تحليل المكالمة آليًا، وتحتاج إلى مراجعة يدوية.,,manual_review_pool,medium,true,failed,"No JSON object found in Gemini response: { ""call_stage"": ""unknown"", ""stage_confidence"": ""low"", ""summary_ar"": ""الطالب يذكر أنه كان ينتظر موعد المحاضرة في الساعة السابعة ويؤكد حضوره، لكنه يضيف جملة غير مفهومة عن \""تخصص كمبيوتر\"" مما يجعل سياق المكالمة الكلي غير واضح."", ""attendance_intent"": ""high"", ""attendance_risk"": ""low"", ""cancel_absence_reason"": ""not_applicable"", ""cancel_absence_reason_ar"": null, ""need_reschedule"": ""no"", ""reschedule_time"": null, ""teacher_",,2026-04-26 02:15:02,2026-04-26 02:15:02,2026-04-26 02:15:02,,,,,,,,,,,,,,,,
analysis_voice_599541610,voice_599541610,599541610,62988612,EGCC-fatmamohamed,2310(Maqsam),2026-04-23 23:48:38,双方接通,in_class_support,high,المتصل يواجه مشكلة فنية في المايكروفون بجهاز الماك الخاص به أثناء المحاضرة، حيث لا يعمل المايك بشكل صحيح مما يؤثر على قدرته على المشاركة.,not_applicable,not_applicable,not_applicable,,not_applicable,,not_applicable,not_applicable,not_applicable,no,not_applicable,,,,not_applicable,,not_applicable,,not_applicable,,,,تقديم الدعم الفني الفوري للمتصل لحل مشكلة المايكروفون في جهاز الماك لضمان استمرارية المحاضرة وتمكين الطالب من المشاركة.,technical_support_pool,high,true,success,,"{""call_stage"": ""in_class_support"", ""stage_confidence"": ""high"", ""summary_ar"": ""المتصل يواجه مشكلة فنية في المايكروفون بجهاز الماك الخاص به أثناء المحاضرة، حيث لا يعمل المايك بشكل صحيح مما يؤثر على قدرته على المشاركة."", ""attendance_intent"": ""not_applicable"", ""attendance_risk"": ""not_applicable"", ""cancel_absence_reason"": ""not_applicable"", ""cancel_absence_reason_ar"": null, ""need_reschedule"": ""not_applicable"", ""reschedule_time"": null, ""teacher_preference"": ""not_applicable"", ""level_signal"": ""not_applicable"", ""price_sensitivity"": ""not_applicable"", ""parent_involvement_needed"": ""no"", ""trial_satisfaction"": ""not_applicable"", ""student_level_summary_ar"": null, ""learning_goal_ar"": null, ""pain_points_ar"": null, ""purchase_intent"": ""not_applicable"", ""purchase_intent_reason_ar"": null, ""main_objection"": ""not_applicable"", ""main_objection_ar"": null, ""payment_blocker"": ""not_applicable"", ""other_reason_ar"": null, ""other_objection_ar"": null, ""manual_review_reason_ar"": null, ""next_action_ar"": ""تقديم الدعم الفني الفوري للمتصل لحل مشكلة المايكروفون في جهاز الماك لضمان استمرارية المحاضرة وتمكين الطالب من المشاركة."", ""target_pool"": ""technical_support_pool"", ""priority"": ""high"", ""should_create_task"": true}",2026-04-26 02:15:12,2026-04-26 02:15:12,2026-04-26 02:15:12,,,,,,,,,,,,,,,,
analysis_voice_599545406,voice_599545406,599545406,62987319,EGCC-fatmamohamed,2310(Maqsam),2026-04-24 00:28:06,双方接通,pre_class_cancel,high,الطالب يواجه تعارضاً في الوقت اليوم ولا يستطيع حضور الحصة التجريبية أو تأجيلها في الوقت الحالي.,low,high,time_conflict,تعارض في الوقت اليوم.,unclear,,not_applicable,not_applicable,not_applicable,not_applicable,not_applicable,,,,not_applicable,,not_applicable,,not_applicable,,,,التواصل مع الطالب لتحديد موعد جديد للحصة التجريبية في وقت آخر يناسبه.,cancel_recovery_pool,medium,true,success,,"{""call_stage"": ""pre_class_cancel"", ""stage_confidence"": ""high"", ""summary_ar"": ""الطالب يواجه تعارضاً في الوقت اليوم ولا يستطيع حضور الحصة التجريبية أو تأجيلها في الوقت الحالي."", ""attendance_intent"": ""low"", ""attendance_risk"": ""high"", ""cancel_absence_reason"": ""time_conflict"", ""cancel_absence_reason_ar"": ""تعارض في الوقت اليوم."", ""need_reschedule"": ""unclear"", ""reschedule_time"": null, ""teacher_preference"": ""not_applicable"", ""level_signal"": ""not_applicable"", ""price_sensitivity"": ""not_applicable"", ""parent_involvement_needed"": ""not_applicable"", ""trial_satisfaction"": ""not_applicable"", ""student_level_summary_ar"": null, ""learning_goal_ar"": null, ""pain_points_ar"": null, ""purchase_intent"": ""not_applicable"", ""purchase_intent_reason_ar"": null, ""main_objection"": ""not_applicable"", ""main_objection_ar"": null, ""payment_blocker"": ""not_applicable"", ""other_reason_ar"": null, ""other_objection_ar"": null, ""manual_review_reason_ar"": null, ""next_action_ar"": ""التواصل مع الطالب لتحديد موعد جديد للحصة التجريبية في وقت آخر يناسبه."", ""target_pool"": ""cancel_recovery_pool"", ""priority"": ""medium"", ""should_create_task"": true}",2026-04-26 02:16:22,2026-04-26 02:16:22,2026-04-26 02:16:22,,,,,,,,,,,,,,,,
analysis_voice_599546787,voice_599546787,599546787,62837521,EGCC-eman.amr,2289(Maqsam),2026-04-24 00:49:04,双方接通,no_answer_or_voicemail,high,المكالمة لا تحتوي على محادثة واضحة مع العميل. يبدو أنها ضوضاء أو تسجيل غير مفهوم بلغات متعددة. لا يوجد تفاعل حقيقي مع العميل.,not_applicable,not_applicable,not_applicable,,not_applicable,,not_applicable,not_applicable,not_applicable,not_applicable,not_applicable,,,,not_applicable,,not_applicable,,not_applicable,,,,إعادة الاتصال بالعميل حيث لم تتم محادثة واضحة.,callback_pool,medium,true,success,,"{""call_stage"": ""no_answer_or_voicemail"", ""stage_confidence"": ""high"", ""summary_ar"": ""المكالمة لا تحتوي على محادثة واضحة مع العميل. يبدو أنها ضوضاء أو تسجيل غير مفهوم بلغات متعددة. لا يوجد تفاعل حقيقي مع العميل."", ""attendance_intent"": ""not_applicable"", ""attendance_risk"": ""not_applicable"", ""cancel_absence_reason"": ""not_applicable"", ""cancel_absence_reason_ar"": """", ""need_reschedule"": ""not_applicable"", ""reschedule_time"": null, ""teacher_preference"": ""not_applicable"", ""level_signal"": ""not_applicable"", ""price_sensitivity"": ""not_applicable"", ""parent_involvement_needed"": ""not_applicable"", ""trial_satisfaction"": ""not_applicable"", ""student_level_summary_ar"": """", ""learning_goal_ar"": """", ""pain_points_ar"": """", ""purchase_intent"": ""not_applicable"", ""purchase_intent_reason_ar"": """", ""main_objection"": ""not_applicable"", ""main_objection_ar"": """", ""payment_blocker"": ""not_applicable"", ""other_reason_ar"": """", ""other_objection_ar"": """", ""manual_review_reason_ar"": """", ""next_action_ar"": ""إعادة الاتصال بالعميل حيث لم تتم محادثة واضحة."", ""target_pool"": ""callback_pool"", ""priority"": ""medium"", ""should_create_task"": true}",2026-04-26 02:17:20,2026-04-26 02:17:20,2026-04-26 02:17:20,,,,,,,,,,,,,,,,
analysis_voice_599547461,voice_599547461,599547461,62818560,EGCC-eman.amr,2289(Maqsam),2026-04-24 00:56:34,双方接通,no_answer_or_voicemail,high,المكالمة ذهبت إلى البريد الصوتي، لم يتم التحدث مع العميل.,not_applicable,not_applicable,not_applicable,غير منطبق,not_applicable,,not_applicable,not_applicable,not_applicable,not_applicable,not_applicable,,,,not_applicable,,not_applicable,غير منطبق,not_applicable,,,,إعادة الاتصال بالعميل في وقت لاحق.,callback_pool,medium,true,success,,"{""call_stage"": ""no_answer_or_voicemail"", ""stage_confidence"": ""high"", ""summary_ar"": ""المكالمة ذهبت إلى البريد الصوتي، لم يتم التحدث مع العميل."", ""attendance_intent"": ""not_applicable"", ""attendance_risk"": ""not_applicable"", ""cancel_absence_reason"": ""not_applicable"", ""cancel_absence_reason_ar"": ""غير منطبق"", ""need_reschedule"": ""not_applicable"", ""reschedule_time"": null, ""teacher_preference"": ""not_applicable"", ""level_signal"": ""not_applicable"", ""price_sensitivity"": ""not_applicable"", ""parent_involvement_needed"": ""not_applicable"", ""trial_satisfaction"": ""not_applicable"", ""student_level_summary_ar"": null, ""learning_goal_ar"": null, ""pain_points_ar"": null, ""purchase_intent"": ""not_applicable"", ""purchase_intent_reason_ar"": null, ""main_objection"": ""not_applicable"", ""main_objection_ar"": ""غير منطبق"", ""payment_blocker"": ""not_applicable"", ""other_reason_ar"": null, ""other_objection_ar"": null, ""manual_review_reason_ar"": null, ""next_action_ar"": ""إعادة الاتصال بالعميل في وقت لاحق."", ""target_pool"": ""callback_pool"", ""priority"": ""medium"", ""should_create_task"": true}",2026-04-26 02:17:26,2026-04-26 02:17:26,2026-04-26 02:17:26,,,,,,,,,,,,,,,,
analysis_voice_599547683,voice_599547683,599547683,62818560,EGCC-eman.amr,2289(Maqsam),2026-04-24 00:57:29,双方接通,no_answer_or_voicemail,high,المكالمة ذهبت إلى البريد الصوتي للعميل. لم يتم التواصل مع العميل.,not_applicable,not_applicable,not_applicable,,not_applicable,,not_applicable,not_applicable,not_applicable,not_applicable,not_applicable,,,,not_applicable,,not_applicable,,not_applicable,,,,إعادة الاتصال بالعميل في وقت لاحق.,callback_pool,medium,true,success,,"{""call_stage"": ""no_answer_or_voicemail"", ""stage_confidence"": ""high"", ""summary_ar"": ""المكالمة ذهبت إلى البريد الصوتي للعميل. لم يتم التواصل مع العميل."", ""attendance_intent"": ""not_applicable"", ""attendance_risk"": ""not_applicable"", ""cancel_absence_reason"": ""not_applicable"", ""cancel_absence_reason_ar"": """", ""need_reschedule"": ""not_applicable"", ""reschedule_time"": null, ""teacher_preference"": ""not_applicable"", ""level_signal"": ""not_applicable"", ""price_sensitivity"": ""not_applicable"", ""parent_involvement_needed"": ""not_applicable"", ""trial_satisfaction"": ""not_applicable"", ""student_level_summary_ar"": """", ""learning_goal_ar"": """", ""pain_points_ar"": """", ""purchase_intent"": ""not_applicable"", ""purchase_intent_reason_ar"": """", ""main_objection"": ""not_applicable"", ""main_objection_ar"": """", ""payment_blocker"": ""not_applicable"", ""other_reason_ar"": """", ""other_objection_ar"": """", ""manual_review_reason_ar"": """", ""next_action_ar"": ""إعادة الاتصال بالعميل في وقت لاحق."", ""target_pool"": ""callback_pool"", ""priority"": ""medium"", ""should_create_task"": true}",2026-04-26 02:17:33,2026-04-26 02:17:33,2026-04-26 02:17:33,,,,,,,,,,,,,,,,
analysis_voice_599548616,voice_599548616,599548616,0,EGCC-tasneemmahmoud,2311(Maqsam),2026-04-24 01:09:40,双方接通,post_class_followup,high,الأم تتصل للاستفسار عن تفاصيل التسجيل والباقات والأسعار وطرق الدفع. لديها اهتمام بتقوية أساسيات اللغة الإنجليزية لابنها (أحمد) الذي يعاني من ضعف في التأسيس. تحتاج إلى الدفع بالتقسيط ولا تستطيع الدفع دفعة واحدة. تطلب إرسال تفاصيل الباقات لمناقشتها مع الأب قبل اتخاذ القرار.,not_applicable,not_applicable,not_applicable,,no,,unclear,beginner,high,yes,unclear,الطالب (أحمد) يحتاج إلى تقوية في أساسيات اللغة الإنجليزية والقواعد، حيث أن تأسيسه ضعيف من المدارس الحكومية والأهلية.,تقوية أساسيات اللغة الإنجليزية والقواعد للطالب.,ضعف تأسيس الطالب في اللغة الإنجليزية والقواعد الأساسية من المدارس. عدم القدرة على دفع مبلغ الدورة كاملاً دفعة واحدة.,medium,الأم مهتمة بالخدمة وتستفسر عن التفاصيل، لكنها تحتاج لمشاورة الأب قبل اتخاذ قرار الشراء.,need_parent_approval,تحتاج لمشاورة الأب قبل اتخاذ قرار الشراء.,insufficient_cash,,,,إرسال تفاصيل الباقات والأسعار وخيارات التقسيط للأم على الرقم المفضل، ومتابعة القرار بعد مشاورتها مع الأب.,parent_approval_pool,high,true,success,,"{""call_stage"": ""post_class_followup"", ""stage_confidence"": ""high"", ""summary_ar"": ""الأم تتصل للاستفسار عن تفاصيل التسجيل والباقات والأسعار وطرق الدفع. لديها اهتمام بتقوية أساسيات اللغة الإنجليزية لابنها (أحمد) الذي يعاني من ضعف في التأسيس. تحتاج إلى الدفع بالتقسيط ولا تستطيع الدفع دفعة واحدة. تطلب إرسال تفاصيل الباقات لمناقشتها مع الأب قبل اتخاذ القرار."", ""attendance_intent"": ""not_applicable"", ""attendance_risk"": ""not_applicable"", ""cancel_absence_reason"": ""not_applicable"", ""cancel_absence_reason_ar"": null, ""need_reschedule"": ""no"", ""reschedule_time"": null, ""teacher_preference"": ""unclear"", ""level_signal"": ""beginner"", ""price_sensitivity"": ""high"", ""parent_involvement_needed"": ""yes"", ""trial_satisfaction"": ""unclear"", ""student_level_summary_ar"": ""الطالب (أحمد) يحتاج إلى تقوية في أساسيات اللغة الإنجليزية والقواعد، حيث أن تأسيسه ضعيف من المدارس الحكومية والأهلية."", ""learning_goal_ar"": ""تقوية أساسيات اللغة الإنجليزية والقواعد للطالب."", ""pain_points_ar"": ""ضعف تأسيس الطالب في اللغة الإنجليزية والقواعد الأساسية من المدارس. عدم القدرة على دفع مبلغ الدورة كاملاً دفعة واحدة."", ""purchase_intent"": ""medium"", ""purchase_intent_reason_ar"": ""الأم مهتمة بالخدمة وتستفسر عن التفاصيل، لكنها تحتاج لمشاورة الأب قبل اتخاذ قرار الشراء."", ""main_objection"": ""need_parent_approval"", ""main_objection_ar"": ""تحتاج لمشاورة الأب قبل اتخاذ قرار الشراء."", ""payment_blocker"": ""insufficient_cash"", ""other_reason_ar"": null, ""other_objection_ar"": null, ""manual_review_reason_ar"": null, ""next_action_ar"": ""إرسال تفاصيل الباقات والأسعار وخيارات التقسيط للأم على الرقم المفضل، ومتابعة القرار بعد مشاورتها مع الأب."", ""target_pool"": ""parent_approval_pool"", ""priority"": ""high"", ""should_create_task"": true}",2026-04-26 02:18:46,2026-04-26 02:18:46,2026-04-26 02:18:46,,,,,,,,,,,,,,,,
analysis_voice_599549615,voice_599549615,599549615,60626989,EGCC-maiwaheed,2313(Maqsam),2026-04-24 01:22:26,双方接通,unknown,low,المكالمة تحتوي على حديث من المندوب فقط، حيث يذكر المندوب أنه مشغول وقرب وصوله لمحل وأنه لا يستطيع التحدث الآن. لا يوجد أي حديث من العميل أو أي معلومات تتعلق بالخدمة أو موعد الدرس التجريبي.,not_applicable,not_applicable,not_applicable,,not_applicable,,not_applicable,not_applicable,not_applicable,not_applicable,not_applicable,,,,not_applicable,,not_applicable,,not_applicable,,,المكالمة تحتوي على حديث من المندوب فقط يصف فيه انشغاله وعدم قدرته على التحدث حالياً، ولا يوجد أي تفاعل من العميل أو معلومات تتعلق بالخدمة. يبدو أن المندوب كان يتحدث عن وضع شخصي أو لم يكن يتحدث مع العميل المستهدف.,مراجعة يدوية لتحديد سبب هذا النوع من المكالمات وإعادة الاتصال بالعميل.,manual_review_pool,high,true,success,,"{""call_stage"": ""unknown"", ""stage_confidence"": ""low"", ""summary_ar"": ""المكالمة تحتوي على حديث من المندوب فقط، حيث يذكر المندوب أنه مشغول وقرب وصوله لمحل وأنه لا يستطيع التحدث الآن. لا يوجد أي حديث من العميل أو أي معلومات تتعلق بالخدمة أو موعد الدرس التجريبي."", ""attendance_intent"": ""not_applicable"", ""attendance_risk"": ""not_applicable"", ""cancel_absence_reason"": ""not_applicable"", ""cancel_absence_reason_ar"": """", ""need_reschedule"": ""not_applicable"", ""reschedule_time"": """", ""teacher_preference"": ""not_applicable"", ""level_signal"": ""not_applicable"", ""price_sensitivity"": ""not_applicable"", ""parent_involvement_needed"": ""not_applicable"", ""trial_satisfaction"": ""not_applicable"", ""student_level_summary_ar"": """", ""learning_goal_ar"": """", ""pain_points_ar"": """", ""purchase_intent"": ""not_applicable"", ""purchase_intent_reason_ar"": """", ""main_objection"": ""not_applicable"", ""main_objection_ar"": """", ""payment_blocker"": ""not_applicable"", ""other_reason_ar"": """", ""other_objection_ar"": """", ""manual_review_reason_ar"": ""المكالمة تحتوي على حديث من المندوب فقط يصف فيه انشغاله وعدم قدرته على التحدث حالياً، ولا يوجد أي تفاعل من العميل أو معلومات تتعلق بالخدمة. يبدو أن المندوب كان يتحدث عن وضع شخصي أو لم يكن يتحدث مع العميل المستهدف."", ""next_action_ar"": ""مراجعة يدوية لتحديد سبب هذا النوع من المكالمات وإعادة الاتصال بالعميل."", ""target_pool"": ""manual_review_pool"", ""priority"": ""high"", ""should_create_task"": true}",2026-04-26 02:18:58,2026-04-26 02:18:58,2026-04-26 02:18:58,,,,,,,,,,,,,,,,
analysis_voice_599550120,voice_599550120,599550120,62987400,EGCC-fatmamohamed,2310(Maqsam),2026-04-24 01:29:22,双方接通,in_class_support,high,الطالب يواجه مشكلة في الدخول إلى المحاضرة وعدم وجود المعلم، بالإضافة إلى مشكلة في تفعيل المايكروفون داخل التطبيق. يبدو أن المندوب يحاول توجيهه عبر الواتساب لحل المشكلة.,not_applicable,not_applicable,technical_issue,مشكلة تقنية في الدخول للمحاضرة وعدم وجود المعلم، بالإضافة إلى مشكلة في تفعيل المايكروفون.,no,,not_applicable,not_applicable,not_applicable,unclear,unclear,,,مشكلة في الدخول للمحاضرة، عدم وجود المعلم، مشكلة في تفعيل المايكروفون.,unclear,,technical_issue,مشكلة تقنية تمنع الطالب من حضور الحصة والتفاعل فيها.,not_applicable,,,,مساعدة الطالب في حل مشكلة الدخول للمحاضرة وتفعيل المايكروفون، ومتابعة الدعم عبر الواتساب لضمان قدرته على حضور الحصة.,technical_support_pool,high,true,success,,"{""call_stage"": ""in_class_support"", ""stage_confidence"": ""high"", ""summary_ar"": ""الطالب يواجه مشكلة في الدخول إلى المحاضرة وعدم وجود المعلم، بالإضافة إلى مشكلة في تفعيل المايكروفون داخل التطبيق. يبدو أن المندوب يحاول توجيهه عبر الواتساب لحل المشكلة."", ""attendance_intent"": ""not_applicable"", ""attendance_risk"": ""not_applicable"", ""cancel_absence_reason"": ""technical_issue"", ""cancel_absence_reason_ar"": ""مشكلة تقنية في الدخول للمحاضرة وعدم وجود المعلم، بالإضافة إلى مشكلة في تفعيل المايكروفون."", ""need_reschedule"": ""no"", ""reschedule_time"": null, ""teacher_preference"": ""not_applicable"", ""level_signal"": ""not_applicable"", ""price_sensitivity"": ""not_applicable"", ""parent_involvement_needed"": ""unclear"", ""trial_satisfaction"": ""unclear"", ""student_level_summary_ar"": null, ""learning_goal_ar"": null, ""pain_points_ar"": ""مشكلة في الدخول للمحاضرة، عدم وجود المعلم، مشكلة في تفعيل المايكروفون."", ""purchase_intent"": ""unclear"", ""purchase_intent_reason_ar"": null, ""main_objection"": ""technical_issue"", ""main_objection_ar"": ""مشكلة تقنية تمنع الطالب من حضور الحصة والتفاعل فيها."", ""payment_blocker"": ""not_applicable"", ""other_reason_ar"": null, ""other_objection_ar"": null, ""manual_review_reason_ar"": null, ""next_action_ar"": ""مساعدة الطالب في حل مشكلة الدخول للمحاضرة وتفعيل المايكروفون، ومتابعة الدعم عبر الواتساب لضمان قدرته على حضور الحصة."", ""target_pool"": ""technical_support_pool"", ""priority"": ""high"", ""should_create_task"": true}",2026-04-26 02:19:13,2026-04-26 02:19:13,2026-04-26 02:19:13,,,,,,,,,,,,,,,,
analysis_voice_599551601,voice_599551601,599551601,62981103,EGCC-fatmamohamed,2310(Maqsam),2026-04-24 01:46:06,双方接通,no_answer_or_voicemail,high,المكالمة لا تحتوي على محادثة واضحة مع العميل. يبدو أنها مجرد أصوات متقطعة أو اختبار للميكروفون، ولا يوجد تفاعل حقيقي.,not_applicable,not_applicable,not_applicable,,not_applicable,,not_applicable,not_applicable,not_applicable,not_applicable,not_applicable,,,,not_applicable,,not_applicable,,not_applicable,,,,إعادة الاتصال بالعميل حيث لم تتم محادثة واضحة أو لم يتم الرد.,callback_pool,medium,true,success,,"{""call_stage"": ""no_answer_or_voicemail"", ""stage_confidence"": ""high"", ""summary_ar"": ""المكالمة لا تحتوي على محادثة واضحة مع العميل. يبدو أنها مجرد أصوات متقطعة أو اختبار للميكروفون، ولا يوجد تفاعل حقيقي."", ""attendance_intent"": ""not_applicable"", ""attendance_risk"": ""not_applicable"", ""cancel_absence_reason"": ""not_applicable"", ""cancel_absence_reason_ar"": null, ""need_reschedule"": ""not_applicable"", ""reschedule_time"": null, ""teacher_preference"": ""not_applicable"", ""level_signal"": ""not_applicable"", ""price_sensitivity"": ""not_applicable"", ""parent_involvement_needed"": ""not_applicable"", ""trial_satisfaction"": ""not_applicable"", ""student_level_summary_ar"": null, ""learning_goal_ar"": null, ""pain_points_ar"": null, ""purchase_intent"": ""not_applicable"", ""purchase_intent_reason_ar"": null, ""main_objection"": ""not_applicable"", ""main_objection_ar"": null, ""payment_blocker"": ""not_applicable"", ""other_reason_ar"": null, ""other_objection_ar"": null, ""manual_review_reason_ar"": null, ""next_action_ar"": ""إعادة الاتصال بالعميل حيث لم تتم محادثة واضحة أو لم يتم الرد."", ""target_pool"": ""callback_pool"", ""priority"": ""medium"", ""should_create_task"": true}",2026-04-26 02:20:10,2026-04-26 02:20:10,2026-04-26 02:20:10,,,,,,,,,,,,,,,,
analysis_voice_599555421,voice_599555421,599555421,62998129,51nadamuhammad,2245(Maqsam),2026-04-24 02:42:01,双方接通,post_class_followup,high,المتصلة تناقش تفاصيل الباقة والسعر وخطة الدفع (تمارا) لأبنائها. لديها اهتمام كبير بالتعليم الإنجليزي لأولادها (الصغير يحتاج لتقوية والكبير للجامعة). تحتاج لمناقشة الأمر مع زوجها والحصول على موافقته قبل إتمام الدفع. طلبت إرسال التفاصيل على الواتساب وسترد اليوم.,not_applicable,not_applicable,not_applicable,not_applicable,no,,unclear,unclear,medium,yes,unclear,الابن الأصغر في الصف الرابع ولم يدرس الإنجليزية بشكل كافٍ، والابن الأكبر يحتاج الإنجليزية للتقديم على الجامعات والمعاهد.,تقوية اللغة الإنجليزية للابن الأصغر وتجهيز الابن الأكبر للجامعة والمعاهد.,الابن الأصغر لم يتلق تعليمًا كافيًا في الإنجليزية، والابن الأكبر يحتاج اللغة للقبول الجامعي.,high,حاجة ملحة لتعليم الإنجليزية للأبناء، خاصة وأن الابن الأصغر لم يدرسها بشكل كافٍ والكبير يحتاجها للجامعة.,need_parent_approval,تحتاج لموافقة الزوج على الباقة والسعر وخطة الدفع.,parent_controls_payment,,,,متابعة مع المتصلة بعد أن تتحدث مع زوجها، وإرسال تفاصيل الباقة على الواتساب كما طلبت.,parent_approval_pool,high,true,success,,"{""call_stage"": ""post_class_followup"", ""stage_confidence"": ""high"", ""summary_ar"": ""المتصلة تناقش تفاصيل الباقة والسعر وخطة الدفع (تمارا) لأبنائها. لديها اهتمام كبير بالتعليم الإنجليزي لأولادها (الصغير يحتاج لتقوية والكبير للجامعة). تحتاج لمناقشة الأمر مع زوجها والحصول على موافقته قبل إتمام الدفع. طلبت إرسال التفاصيل على الواتساب وسترد اليوم."", ""attendance_intent"": ""not_applicable"", ""attendance_risk"": ""not_applicable"", ""cancel_absence_reason"": ""not_applicable"", ""cancel_absence_reason_ar"": ""not_applicable"", ""need_reschedule"": ""no"", ""reschedule_time"": null, ""teacher_preference"": ""unclear"", ""level_signal"": ""unclear"", ""price_sensitivity"": ""medium"", ""parent_involvement_needed"": ""yes"", ""trial_satisfaction"": ""unclear"", ""student_level_summary_ar"": ""الابن الأصغر في الصف الرابع ولم يدرس الإنجليزية بشكل كافٍ، والابن الأكبر يحتاج الإنجليزية للتقديم على الجامعات والمعاهد."", ""learning_goal_ar"": ""تقوية اللغة الإنجليزية للابن الأصغر وتجهيز الابن الأكبر للجامعة والمعاهد."", ""pain_points_ar"": ""الابن الأصغر لم يتلق تعليمًا كافيًا في الإنجليزية، والابن الأكبر يحتاج اللغة للقبول الجامعي."", ""purchase_intent"": ""high"", ""purchase_intent_reason_ar"": ""حاجة ملحة لتعليم الإنجليزية للأبناء، خاصة وأن الابن الأصغر لم يدرسها بشكل كافٍ والكبير يحتاجها للجامعة."", ""main_objection"": ""need_parent_approval"", ""main_objection_ar"": ""تحتاج لموافقة الزوج على الباقة والسعر وخطة الدفع."", ""payment_blocker"": ""parent_controls_payment"", ""other_reason_ar"": null, ""other_objection_ar"": null, ""manual_review_reason_ar"": null, ""next_action_ar"": ""متابعة مع المتصلة بعد أن تتحدث مع زوجها، وإرسال تفاصيل الباقة على الواتساب كما طلبت."", ""target_pool"": ""parent_approval_pool"", ""priority"": ""high"", ""should_create_task"": true}",2026-04-26 02:20:23,2026-04-26 02:20:23,2026-04-26 02:20:23,,,,,,,,,,,,,,,,
analysis_voice_599556916,voice_599556916,599556916,62843577,51nadamuhammad,2245(Maqsam),2026-04-24 03:25:06,双方接通,unknown,low,,,,,,,,,,,,,,,,,,,,,,,فشل تحليل المكالمة آليًا، وتحتاج إلى مراجعة يدوية.,,manual_review_pool,medium,true,failed,"No JSON object found in Gemini response: { ""call_stage"": ""post_class_followup"", ""stage_confidence"": ""medium"", ""summary_ar"": ""العميل يستفسر عن فعالية عرض حالي ومدة الكورس. يناقش خيارات الدفع مثل تمارا والدفع بالراتب، ويستوضح حول الخصومات والدعم المالي. كما يعبر عن قلقه بشأن مدى الاستفادة من الكورس."", ""attendance_intent"": ""not_applicable"", ""attendance_risk"": ""not_applicable"", ""cancel_absence_reason"": ""not_applicable"", ""cancel_absence_reason_ar"": ""غير منطبق"", ""need_",,2026-04-26 02:22:28,2026-04-26 02:22:28,2026-04-26 02:22:28,,,,,,,,,,,,,,,,
analysis_voice_599557045,voice_599557045,599557045,62843577,51nadamuhammad,2245(Maqsam),2026-04-24 03:31:17,双方接通,post_class_followup,high,المكالمة تدور حول مشكلة العميل مع الدفع بالتقسيط عبر تمارا. العميل يواجه صعوبة في تفعيل الدفع على 12 دفعة ويفضل هذا الخيار. لديه بطاقة مدى ويستفسر عن إمكانية استخدامها للدفع بالتقسيط. ينوي تقديم شكوى لتطبيق تمارا لحل المشكلة ويفكر في انتظار نزول الراتب لضمان توفر المبلغ.,not_applicable,not_applicable,not_applicable,,not_applicable,,not_applicable,not_applicable,high,no,not_applicable,,,,high,العميل يحاول جاهداً حل مشكلة الدفع بالتقسيط عبر تمارا ويسأل عن صلاحية العرض، مما يدل على رغبته القوية في الشراء.,payment_method,مشكلة في تفعيل الدفع بالتقسيط عبر تمارا، خاصة الرغبة في 12 دفعة وصعوبة استخدام بطاقة مدى.,other,,مشكلة في تفعيل الدفع بالتقسيط على 12 دفعة عبر تمارا، وصعوبة استخدام بطاقة مدى، بالإضافة إلى انتظار نزول الراتب لضمان توفر المبلغ.,,متابعة العميل بعد يوم أو يومين للاستفسار عن حل مشكلة الدفع مع تمارا وما إذا كان قد تمكن من تفعيل خيار 12 دفعة أو الدفع بعد نزول الراتب.,payment_blocked_pool,high,true,success,,"{""call_stage"": ""post_class_followup"", ""stage_confidence"": ""high"", ""summary_ar"": ""المكالمة تدور حول مشكلة العميل مع الدفع بالتقسيط عبر تمارا. العميل يواجه صعوبة في تفعيل الدفع على 12 دفعة ويفضل هذا الخيار. لديه بطاقة مدى ويستفسر عن إمكانية استخدامها للدفع بالتقسيط. ينوي تقديم شكوى لتطبيق تمارا لحل المشكلة ويفكر في انتظار نزول الراتب لضمان توفر المبلغ."", ""attendance_intent"": ""not_applicable"", ""attendance_risk"": ""not_applicable"", ""cancel_absence_reason"": ""not_applicable"", ""cancel_absence_reason_ar"": null, ""need_reschedule"": ""not_applicable"", ""reschedule_time"": null, ""teacher_preference"": ""not_applicable"", ""level_signal"": ""not_applicable"", ""price_sensitivity"": ""high"", ""parent_involvement_needed"": ""no"", ""trial_satisfaction"": ""not_applicable"", ""student_level_summary_ar"": null, ""learning_goal_ar"": null, ""pain_points_ar"": null, ""purchase_intent"": ""high"", ""purchase_intent_reason_ar"": ""العميل يحاول جاهداً حل مشكلة الدفع بالتقسيط عبر تمارا ويسأل عن صلاحية العرض، مما يدل على رغبته القوية في الشراء."", ""main_objection"": ""payment_method"", ""main_objection_ar"": ""مشكلة في تفعيل الدفع بالتقسيط عبر تمارا، خاصة الرغبة في 12 دفعة وصعوبة استخدام بطاقة مدى."", ""payment_blocker"": ""other"", ""other_reason_ar"": null, ""other_objection_ar"": ""مشكلة في تفعيل الدفع بالتقسيط على 12 دفعة عبر تمارا، وصعوبة استخدام بطاقة مدى، بالإضافة إلى انتظار نزول الراتب لضمان توفر المبلغ."", ""manual_review_reason_ar"": null, ""next_action_ar"": ""متابعة العميل بعد يوم أو يومين للاستفسار عن حل مشكلة الدفع مع تمارا وما إذا كان قد تمكن من تفعيل خيار 12 دفعة أو الدفع بعد نزول الراتب."", ""target_pool"": ""payment_blocked_pool"", ""priority"": ""high"", ""should_create_task"": true}",2026-04-26 02:22:45,2026-04-26 02:22:45,2026-04-26 02:22:45,,,,,,,,,,,,,,,,
analysis_voice_599662855,voice_599662855,599662855,63010226,51nadamuhammad,2245(Maqsam),2026-04-25 16:21:56,双方接通,unknown,low,,,,,,,,,,,,,,,,,,,,,,,فشل تحليل المكالمة آليًا، وتحتاج إلى مراجعة يدوية.,,manual_review_pool,medium,true,failed,"No JSON object found in Gemini response: { ""call_stage"": ""pre_class_confirm"", ""stage_confidence"": ""medium"", ""summary_ar"": ""الطالبة تتصل للاستفسار عن تفاصيل الحصة (مثل فتح الكاميرا)، وتوضح رغبتها في تطوير اللغة للجامعة. تطلب عدم إخبار والدتها وتملي أرقامًا (ربما للتواصل أو الدخول). يبدو أنها تحاول الانضمام للحصة وقد يكون هناك تحدي يتعلق بموافقة الوالدين."", ""attendance_intent"": ""high"", ""attendance_risk"": ""high"", ""cancel_absence_reason"": ""not_applicable"", ""cancel_absence_reason_ar"": """", ""need_reschedule"": ""no"", ""reschedule_time"": null, ""t",,2026-04-26 02:24:05,2026-04-26 02:24:05,2026-04-26 02:24:05,,,,,,,,,,,,,,,,
analysis_voice_599664815,voice_599664815,599664815,63014529,EGCC-tasneemmahmoud,2311(Maqsam),2026-04-25 16:31:30,双方接通,unknown,low,,,,,,,,,,,,,,,,,,,,,,,فشل تحليل المكالمة آليًا، وتحتاج إلى مراجعة يدوية.,,manual_review_pool,medium,true,failed,"No JSON object found in Gemini response: { ""call_stage"": ""unknown"", ""stage_confidence"": ""medium"", ""summary_ar"": ""المتصلة تستفسر عن طبيعة الخدمة والتجربة المجانية والأسعار. ذكرت أنها تحتاج اللغة الإنجليزية للعمل والدراسة الجامعية. وصفت مستواها بأنه متوسط إلى ضعيف. عبرت عن رغبتها في خوض تجربة أولاً قبل اتخاذ قرار الشراء."", ""attendance_intent"": ""not_applicable"", ""attendance_risk"": ""not_applicable"", ""cancel_absence_reason"": ""not_applicable"", ""cancel_absence_reason_ar"": ""غير منط",,2026-04-26 02:24:26,2026-04-26 02:24:26,2026-04-26 02:24:26,,,,,,,,,,,,,,,,
analysis_voice_599667159,voice_599667159,599667159,63008137,51nadamuhammad,2245(Maqsam),2026-04-25 16:45:30,双方接通,unknown,low,,,,,,,,,,,,,,,,,,,,,,,فشل تحليل المكالمة آليًا، وتحتاج إلى مراجعة يدوية.,,manual_review_pool,medium,true,failed,"No JSON object found in Gemini response: { ""call_stage"": ""unknown"", ""stage_confidence"": ""medium"", ""summary_ar"": ""المتصل يتحدث مع ولي أمر أو قريب للطالبة. الطالبة منزعجة من كثرة الدراسة الحالية (مدرسة عادية ودروس خصوصية) وتشعر بالتعب، مما يجعلها لا ترغب في دراسة إضافية. ولي الأمر سيقوم بالتحدث مع الطالبة وإعطائها معلومات إضافية ثم سيعاود الاتصال."", ""attendance_intent"": ""unclear"", ""attendance_risk"": ""high"", ""cancel_absence_reason"": ""other"", ""cancel_absence_reason_ar"": ""الطالبة منزعجة ومتعبة من كثرة الدراسة الحالية (مدرسة ودروس خصوصية) ول",,2026-04-26 02:25:53,2026-04-26 02:25:53,2026-04-26 02:25:53,,,,,,,,,,,,,,,,
analysis_voice_599669559,voice_599669559,599669559,63007779,51nadamuhammad,2245(Maqsam),2026-04-25 16:57:55,双方接通,unknown,low,المحادثة غير واضحة على الإطلاق، تحتوي على تداخل لغات متعددة (العربية، الإنجليزية، الفرنسية، الألمانية، الصينية، التاغالوغية) وضوضاء شديدة، مما يجعل تحليل المحتوى أو تحديد الغرض من المكالمة مستحيلاً. يبدو أن التسجيل تالف أو يحتوي على محادثات متداخلة.,unclear,unclear,unknown,غير قابل للتحديد بسبب عدم وضوح المحادثة وتداخل اللغات.,unclear,,unclear,unclear,unclear,unclear,unclear,,,,unclear,,unknown,غير قابل للتحديد بسبب عدم وضوح المحادثة وتداخل اللغات.,unknown,,,المحادثة غير واضحة على الإطلاق، تحتوي على تداخل لغات متعددة (العربية، الإنجليزية، الفرنسية، الألمانية، الصينية، التاغالوغية) وضوضاء شديدة، مما يجعل تحليل المحتوى أو تحديد الغرض من المكالمة مستحيلاً. يبدو أن التسجيل تالف أو يحتوي على محادثات متداخلة.,يجب مراجعة التسجيل الصوتي الأصلي لتحديد ما إذا كانت هناك محادثة حقيقية أم لا. إذا كان التسجيل تالفًا أو غير مفهوم، يجب إعادة الاتصال بالعميل.,manual_review_pool,high,true,success,,"{""call_stage"": ""unknown"", ""stage_confidence"": ""low"", ""summary_ar"": ""المحادثة غير واضحة على الإطلاق، تحتوي على تداخل لغات متعددة (العربية، الإنجليزية، الفرنسية، الألمانية، الصينية، التاغالوغية) وضوضاء شديدة، مما يجعل تحليل المحتوى أو تحديد الغرض من المكالمة مستحيلاً. يبدو أن التسجيل تالف أو يحتوي على محادثات متداخلة."", ""attendance_intent"": ""unclear"", ""attendance_risk"": ""unclear"", ""cancel_absence_reason"": ""unknown"", ""cancel_absence_reason_ar"": ""غير قابل للتحديد بسبب عدم وضوح المحادثة وتداخل اللغات."", ""need_reschedule"": ""unclear"", ""reschedule_time"": null, ""teacher_preference"": ""unclear"", ""level_signal"": ""unclear"", ""price_sensitivity"": ""unclear"", ""parent_involvement_needed"": ""unclear"", ""trial_satisfaction"": ""unclear"", ""student_level_summary_ar"": null, ""learning_goal_ar"": null, ""pain_points_ar"": null, ""purchase_intent"": ""unclear"", ""purchase_intent_reason_ar"": null, ""main_objection"": ""unknown"", ""main_objection_ar"": ""غير قابل للتحديد بسبب عدم وضوح المحادثة وتداخل اللغات."", ""payment_blocker"": ""unknown"", ""other_reason_ar"": null, ""other_objection_ar"": null, ""manual_review_reason_ar"": ""المحادثة غير واضحة على الإطلاق، تحتوي على تداخل لغات متعددة (العربية، الإنجليزية، الفرنسية، الألمانية، الصينية، التاغالوغية) وضوضاء شديدة، مما يجعل تحليل المحتوى أو تحديد الغرض من المكالمة مستحيلاً. يبدو أن التسجيل تالف أو يحتوي على محادثات متداخلة."", ""next_action_ar"": ""يجب مراجعة التسجيل الصوتي الأصلي لتحديد ما إذا كانت هناك محادثة حقيقية أم لا. إذا كان التسجيل تالفًا أو غير مفهوم، يجب إعادة الاتصال بالعميل."", ""target_pool"": ""manual_review_pool"", ""priority"": ""high"", ""should_create_task"": true}",2026-04-26 02:26:06,2026-04-26 02:26:06,2026-04-26 02:26:06,,,,,,,,,,,,,,,,
analysis_voice_599671695,voice_599671695,599671695,63003822,EGCC-tasneemmahmoud,2311(Maqsam),2026-04-25 17:21:59,双方接通,pre_class_cancel,medium,"الطالب محمد أكد رغبته الشديدة في حضور الحصة التجريبية، وذكر أنه يعرف بعض الكلمات الأساسية ويرغب في تحسين القراءة ومعاني الكلمات والمحادثة. استفسر عن مجانية الحصص وجنسية المعلم وطريقة الشرح. واجه مشكلة تقنية عند محاولة الدخول للحصة (الشاشة تقلب). في نهاية المكالمة، حدث تراجع مفاجئ عن الحضور وإلغاء للحصة، ربما بتأثير من شخص آخر (ماما)، مع ذكر عبارة ""راح الصبح الحين"" التي تتعارض مع وقت المكالمة.",low,high,technical_issue,الطالب واجه مشكلة تقنية عند محاولة الدخول للحصة (الشاشة تقلب)، مما أدى إلى صعوبة في الانضمام. تبع ذلك إلغاء مفاجئ للحصة، ربما بتدخل من ولي الأمر، مع ذكر سبب غير واضح يتعلق بالوقت.,no,,arabic_teacher,beginner,unclear,yes,not_applicable,الطالب يعرف بعض الكلمات الأساسية ويواجه صعوبة في القراءة وفهم معاني الكلمات.,تحسين مهارات القراءة، فهم معاني الكلمات، القدرة على التحدث بطلاقة، والاستعداد للمستقبل.,صعوبة في قراءة الكلمات وفهم معانيها. واجه مشكلة تقنية عند محاولة الدخول للحصة (الشاشة تقلب).,low,الطالب ألغى الحصة في نهاية المكالمة بسبب مشكلة تقنية وتغيير مفاجئ في الرأي.,technical_issue,المشكلة التقنية التي واجهها الطالب عند محاولة الدخول للحصة، بالإضافة إلى التراجع المفاجئ عن الحضور والذي قد يكون بتأثير من ولي الأمر.,not_applicable,"الطالب واجه مشكلة تقنية عند محاولة الدخول للحصة، ثم ألغى الحضور بشكل مفاجئ وغير واضح، مع ذكر ""راح الصبح الحين"" بشكل غير منطقي مع وقت المكالمة.","الطالب واجه مشكلة تقنية عند محاولة الدخول للحصة، ثم ألغى الحضور بشكل مفاجئ وغير واضح، مع ذكر ""راح الصبح الحين"" بشكل غير منطقي مع وقت المكالمة.","يوجد تناقض في نية الطالب (من تأكيد الحضور الشديد إلى الإلغاء المفاجئ). كما أن عبارة ""راح الصبح الحين"" تتعارض مع وقت المكالمة (مساءً)، مما يجعل السبب الحقيقي للإلغاء غير واضح ويتطلب مراجعة يدوية لفهم السياق الكامل.",مراجعة تفاصيل المكالمة والمشكلة التقنية التي واجهها الطالب، ومحاولة التواصل مجددًا لفهم سبب الإلغاء المفاجئ بشكل أوضح ومحاولة استعادة اهتمام الطالب.,manual_review_pool,high,true,success,,"{""call_stage"": ""pre_class_cancel"", ""stage_confidence"": ""medium"", ""summary_ar"": ""الطالب محمد أكد رغبته الشديدة في حضور الحصة التجريبية، وذكر أنه يعرف بعض الكلمات الأساسية ويرغب في تحسين القراءة ومعاني الكلمات والمحادثة. استفسر عن مجانية الحصص وجنسية المعلم وطريقة الشرح. واجه مشكلة تقنية عند محاولة الدخول للحصة (الشاشة تقلب). في نهاية المكالمة، حدث تراجع مفاجئ عن الحضور وإلغاء للحصة، ربما بتأثير من شخص آخر (ماما)، مع ذكر عبارة \""راح الصبح الحين\"" التي تتعارض مع وقت المكالمة."", ""attendance_intent"": ""low"", ""attendance_risk"": ""high"", ""cancel_absence_reason"": ""technical_issue"", ""cancel_absence_reason_ar"": ""الطالب واجه مشكلة تقنية عند محاولة الدخول للحصة (الشاشة تقلب)، مما أدى إلى صعوبة في الانضمام. تبع ذلك إلغاء مفاجئ للحصة، ربما بتدخل من ولي الأمر، مع ذكر سبب غير واضح يتعلق بالوقت."", ""need_reschedule"": ""no"", ""reschedule_time"": null, ""teacher_preference"": ""arabic_teacher"", ""level_signal"": ""beginner"", ""price_sensitivity"": ""unclear"", ""parent_involvement_needed"": ""yes"", ""trial_satisfaction"": ""not_applicable"", ""student_level_summary_ar"": ""الطالب يعرف بعض الكلمات الأساسية ويواجه صعوبة في القراءة وفهم معاني الكلمات."", ""learning_goal_ar"": ""تحسين مهارات القراءة، فهم معاني الكلمات، القدرة على التحدث بطلاقة، والاستعداد للمستقبل."", ""pain_points_ar"": ""صعوبة في قراءة الكلمات وفهم معانيها. واجه مشكلة تقنية عند محاولة الدخول للحصة (الشاشة تقلب)."", ""purchase_intent"": ""low"", ""purchase_intent_reason_ar"": ""الطالب ألغى الحصة في نهاية المكالمة بسبب مشكلة تقنية وتغيير مفاجئ في الرأي."", ""main_objection"": ""technical_issue"", ""main_objection_ar"": ""المشكلة التقنية التي واجهها الطالب عند محاولة الدخول للحصة، بالإضافة إلى التراجع المفاجئ عن الحضور والذي قد يكون بتأثير من ولي الأمر."", ""payment_blocker"": ""not_applicable"", ""other_reason_ar"": ""الطالب واجه مشكلة تقنية عند محاولة الدخول للحصة، ثم ألغى الحضور بشكل مفاجئ وغير واضح، مع ذكر \""راح الصبح الحين\"" بشكل غير منطقي مع وقت المكالمة."", ""other_objection_ar"": ""الطالب واجه مشكلة تقنية عند محاولة الدخول للحصة، ثم ألغى الحضور بشكل مفاجئ وغير واضح، مع ذكر \""راح الصبح الحين\"" بشكل غير منطقي مع وقت المكالمة."", ""manual_review_reason_ar"": ""يوجد تناقض في نية الطالب (من تأكيد الحضور الشديد إلى الإلغاء المفاجئ). كما أن عبارة \""راح الصبح الحين\"" تتعارض مع وقت المكالمة (مساءً)، مما يجعل السبب الحقيقي للإلغاء غير واضح ويتطلب مراجعة يدوية لفهم السياق الكامل."", ""next_action_ar"": ""مراجعة تفاصيل المكالمة والمشكلة التقنية التي واجهها الطالب، ومحاولة التواصل مجددًا لفهم سبب الإلغاء المفاجئ بشكل أوضح ومحاولة استعادة اهتمام الطالب."", ""target_pool"": ""manual_review_pool"", ""priority"": ""high"", ""should_create_task"": true}",2026-04-26 02:27:05,2026-04-26 02:27:05,2026-04-26 02:27:05,,,,,,,,,,,,,,,,
analysis_voice_599677776,voice_599677776,599677776,0,51nadamuhammad,2245(Maqsam),2026-04-25 18:08:22,双方接通,pre_class_confirm,high,العميل يتواصل بخصوص حجز تجريبي للطالب. الطالب يفضل التعلم الحضوري ولا يرغب بالتعلم عن بعد. العميل سيستشير الطالب مساءً ويقرر ما إذا كان سيستمر في الحجز أو يلغيه.,low,high,online_mode_concern,الطالب يفضل التعلم الحضوري ولا يرغب بالتعلم عن بعد.,not_applicable,,not_applicable,not_applicable,unclear,yes,not_applicable,,,الطالب لا يرغب بالتعلم عن بعد ويفضل الحضور الشخصي مع المعلم.,low,الطالب يرفض التعلم عن بعد ويفضل الحضوري.,online_mode_concern,الطالب يرفض التعلم عن بعد ويفضل الحضوري.,not_applicable,,,,متابعة مع العميل مساءً بعد استشارته للطالب لمعرفة قراره النهائي بخصوص الحجز أو الإلغاء بناءً على رغبة الطالب في التعلم عن بعد.,pre_class_risk_pool,high,true,success,,"{""call_stage"": ""pre_class_confirm"", ""stage_confidence"": ""high"", ""summary_ar"": ""العميل يتواصل بخصوص حجز تجريبي للطالب. الطالب يفضل التعلم الحضوري ولا يرغب بالتعلم عن بعد. العميل سيستشير الطالب مساءً ويقرر ما إذا كان سيستمر في الحجز أو يلغيه."", ""attendance_intent"": ""low"", ""attendance_risk"": ""high"", ""cancel_absence_reason"": ""online_mode_concern"", ""cancel_absence_reason_ar"": ""الطالب يفضل التعلم الحضوري ولا يرغب بالتعلم عن بعد."", ""need_reschedule"": ""not_applicable"", ""reschedule_time"": null, ""teacher_preference"": ""not_applicable"", ""level_signal"": ""not_applicable"", ""price_sensitivity"": ""unclear"", ""parent_involvement_needed"": ""yes"", ""trial_satisfaction"": ""not_applicable"", ""student_level_summary_ar"": null, ""learning_goal_ar"": null, ""pain_points_ar"": ""الطالب لا يرغب بالتعلم عن بعد ويفضل الحضور الشخصي مع المعلم."", ""purchase_intent"": ""low"", ""purchase_intent_reason_ar"": ""الطالب يرفض التعلم عن بعد ويفضل الحضوري."", ""main_objection"": ""online_mode_concern"", ""main_objection_ar"": ""الطالب يرفض التعلم عن بعد ويفضل الحضوري."", ""payment_blocker"": ""not_applicable"", ""other_reason_ar"": null, ""other_objection_ar"": null, ""manual_review_reason_ar"": null, ""next_action_ar"": ""متابعة مع العميل مساءً بعد استشارته للطالب لمعرفة قراره النهائي بخصوص الحجز أو الإلغاء بناءً على رغبة الطالب في التعلم عن بعد."", ""target_pool"": ""pre_class_risk_pool"", ""priority"": ""high"", ""should_create_task"": true}",2026-04-26 02:28:06,2026-04-26 02:28:06,2026-04-26 02:28:06,,,,,,,,,,,,,,,,
analysis_voice_600484073,voice_600484073,600484073,63056165,51habiba.hassan,2244(Maqsam),2026-04-30 23:49:04,双方接通,pre_class_reschedule,high,العميل مهتم بتعلم اللغة الإنجليزية ومستواه مبتدئ جداً. لديه مخاوف بشأن سعر الكورسات، خاصةً لمستواه الحالي. يطلب تأجيل موعده الحالي بساعة أو ساعتين بسبب انشغاله في العمل.,high,medium,work_conflict,انشغال في العمل، حيث ذكر أنه في الشغل ويحتاج لتأجيل الموعد.,yes,ساعة أو ساعتين,unclear,zero_beginner,high,no,not_applicable,مستوى العميل مبتدئ جداً، يصف نفسه بأنه 'تحت الصفر' أو 'تحت الزيطة' ويحتاج للمساعدة في الترجمة البسيطة.,تطوير اللغة الإنجليزية بشكل عام، خاصةً من مستوى مبتدئ جداً.,مخاوف بشأن تكلفة الكورسات المرتفعة مقارنة بمستواه المبتدئ وعدم ضمان الاستفادة الكاملة.,medium,مهتم بتطوير لغته الإنجليزية ولديه نية للحضور، لكن لديه تحفظات على السعر.,price,السعر مرتفع جداً بالنسبة لمستواه المبتدئ، ويخشى عدم الاستفادة الكافية مقابل هذا السعر.,not_applicable,,,,يجب على المندوب إعادة جدولة الموعد للعميل في أقرب وقت ممكن، مع مراعاة انشغاله في العمل، ومحاولة معالجة مخاوفه بشأن السعر والقيمة مقابل المال لمستوى المبتدئين.,reschedule_pool,high,true,success,,"{""call_stage"": ""pre_class_reschedule"", ""stage_confidence"": ""high"", ""summary_ar"": ""العميل مهتم بتعلم اللغة الإنجليزية ومستواه مبتدئ جداً. لديه مخاوف بشأن سعر الكورسات، خاصةً لمستواه الحالي. يطلب تأجيل موعده الحالي بساعة أو ساعتين بسبب انشغاله في العمل."", ""attendance_intent"": ""high"", ""attendance_risk"": ""medium"", ""cancel_absence_reason"": ""work_conflict"", ""cancel_absence_reason_ar"": ""انشغال في العمل، حيث ذكر أنه في الشغل ويحتاج لتأجيل الموعد."", ""need_reschedule"": ""yes"", ""reschedule_time"": ""ساعة أو ساعتين"", ""teacher_preference"": ""unclear"", ""level_signal"": ""zero_beginner"", ""price_sensitivity"": ""high"", ""parent_involvement_needed"": ""no"", ""trial_satisfaction"": ""not_applicable"", ""student_level_summary_ar"": ""مستوى العميل مبتدئ جداً، يصف نفسه بأنه 'تحت الصفر' أو 'تحت الزيطة' ويحتاج للمساعدة في الترجمة البسيطة."", ""learning_goal_ar"": ""تطوير اللغة الإنجليزية بشكل عام، خاصةً من مستوى مبتدئ جداً."", ""pain_points_ar"": ""مخاوف بشأن تكلفة الكورسات المرتفعة مقارنة بمستواه المبتدئ وعدم ضمان الاستفادة الكاملة."", ""purchase_intent"": ""medium"", ""purchase_intent_reason_ar"": ""مهتم بتطوير لغته الإنجليزية ولديه نية للحضور، لكن لديه تحفظات على السعر."", ""main_objection"": ""price"", ""main_objection_ar"": ""السعر مرتفع جداً بالنسبة لمستواه المبتدئ، ويخشى عدم الاستفادة الكافية مقابل هذا السعر."", ""payment_blocker"": ""not_applicable"", ""other_reason_ar"": null, ""other_objection_ar"": null, ""manual_review_reason_ar"": null, ""next_action_ar"": ""يجب على المندوب إعادة جدولة الموعد للعميل في أقرب وقت ممكن، مع مراعاة انشغاله في العمل، ومحاولة معالجة مخاوفه بشأن السعر والقيمة مقابل المال لمستوى المبتدئين."", ""target_pool"": ""reschedule_pool"", ""priority"": ""high"", ""should_create_task"": true}",2026-05-02 20:51:35,2026-05-02 20:51:35,2026-05-02 20:51:35,,,,,,,,,,,,,,,,
analysis_voice_600480478,voice_600480478,600480478,63056389,EGCC-eman.amr,2289(Maqsam),2026-04-30 23:25:14,双方接通,pre_class_reschedule,medium,العميل مشغول وقت صلاة المغرب، والموظف يحاول تأكيد أو إعادة جدولة موعد في الساعة 6:35 أو 6:40.,medium,high,time_conflict,تعارض وقت صلاة المغرب.,yes,,not_applicable,not_applicable,not_applicable,not_applicable,not_applicable,not_applicable,not_applicable,not_applicable,not_applicable,not_applicable,schedule,تعارض في الموعد بسبب وقت الصلاة.,not_applicable,,,,إعادة التواصل مع العميل لتأكيد الموعد الجديد بعد صلاة المغرب أو جدولة موعد مناسب.,reschedule_pool,high,true,success,,"{""call_stage"": ""pre_class_reschedule"", ""stage_confidence"": ""medium"", ""summary_ar"": ""العميل مشغول وقت صلاة المغرب، والموظف يحاول تأكيد أو إعادة جدولة موعد في الساعة 6:35 أو 6:40."", ""attendance_intent"": ""medium"", ""attendance_risk"": ""high"", ""cancel_absence_reason"": ""time_conflict"", ""cancel_absence_reason_ar"": ""تعارض وقت صلاة المغرب."", ""need_reschedule"": ""yes"", ""reschedule_time"": null, ""teacher_preference"": ""not_applicable"", ""level_signal"": ""not_applicable"", ""price_sensitivity"": ""not_applicable"", ""parent_involvement_needed"": ""not_applicable"", ""trial_satisfaction"": ""not_applicable"", ""student_level_summary_ar"": ""not_applicable"", ""learning_goal_ar"": ""not_applicable"", ""pain_points_ar"": ""not_applicable"", ""purchase_intent"": ""not_applicable"", ""purchase_intent_reason_ar"": ""not_applicable"", ""main_objection"": ""schedule"", ""main_objection_ar"": ""تعارض في الموعد بسبب وقت الصلاة."", ""payment_blocker"": ""not_applicable"", ""other_reason_ar"": null, ""other_objection_ar"": null, ""manual_review_reason_ar"": null, ""next_action_ar"": ""إعادة التواصل مع العميل لتأكيد الموعد الجديد بعد صلاة المغرب أو جدولة موعد مناسب."", ""target_pool"": ""reschedule_pool"", ""priority"": ""high"", ""should_create_task"": true}",2026-05-02 20:57:49,2026-05-02 20:57:49,2026-05-02 20:57:49,,,,,,,,,,,,,,,,
analysis_voice_600464290,voice_600464290,600464290,60259275,51habiba.hassan,2244(Maqsam),2026-04-30 21:24:10,双方接通,pre_class_confirm,high,العميلة حليمة (27 عامًا) تتصل للاستفسار عن طبيعة الحصص، حيث كانت تعتقد أنها حضورية. أوضحت أنها تفضل التعليم الحضوري ولديها تجارب سابقة غير موفقة مع التعليم عبر الإنترنت، على الرغم من أنها جربت دورات أونلاين من قبل. ذكرت أنها مشغولة بالعمل مما أثر على قدرتها على الالتزام في محاولات سابقة. استفسرت عن إمكانية وجود حصص يوم السبت.,low,high,online_mode_concern,العميلة لديها قلق كبير بشأن نمط الدراسة عبر الإنترنت وتفضل الحضور الشخصي، كما ذكرت انشغالها بالعمل كسبب لعدم تمكنها من الحضور في السابق.,unclear,,not_applicable,unclear,not_applicable,no,not_applicable,لديها بعض الخبرة في اللغة الإنجليزية من خلال الدراسة في المدرسة وتجربة سابقة مع مجموعات تعليمية عبر الإنترنت (تليجرام).,ترغب في تطوير لغتها الإنجليزية لتكون أكثر إتقانًا.,عدم تفضيلها للتعليم عبر الإنترنت وتجاربها السابقة غير الموفقة معه، بالإضافة إلى انشغالها بالعمل مما يعيق التزامها بالحصص.,low,العميلة لديها اهتمام باللغة الإنجليزية ولكن لديها تحفظات قوية على نمط التعليم عبر الإنترنت، مما يقلل من احتمالية الشراء ما لم يتم تقديم حل بديل أو إقناعها بفعالية الأسلوب.,online_mode_concern,الاعتراض الرئيسي هو عدم تفضيلها للتعليم عبر الإنترنت ورغبتها في الدراسة الحضورية.,not_applicable,,,,متابعة العميل لتوضيح مميزات التعليم عبر الإنترنت لدينا وكيفية معالجة مخاوفها، ومحاولة إقناعها بفعالية الأسلوب، أو استكشاف مدى إمكانية تقديم حلول بديلة إذا كانت متوفرة.,pre_class_risk_pool,high,true,success,,"{""call_stage"": ""pre_class_confirm"", ""stage_confidence"": ""high"", ""summary_ar"": ""العميلة حليمة (27 عامًا) تتصل للاستفسار عن طبيعة الحصص، حيث كانت تعتقد أنها حضورية. أوضحت أنها تفضل التعليم الحضوري ولديها تجارب سابقة غير موفقة مع التعليم عبر الإنترنت، على الرغم من أنها جربت دورات أونلاين من قبل. ذكرت أنها مشغولة بالعمل مما أثر على قدرتها على الالتزام في محاولات سابقة. استفسرت عن إمكانية وجود حصص يوم السبت."", ""attendance_intent"": ""low"", ""attendance_risk"": ""high"", ""cancel_absence_reason"": ""online_mode_concern"", ""cancel_absence_reason_ar"": ""العميلة لديها قلق كبير بشأن نمط الدراسة عبر الإنترنت وتفضل الحضور الشخصي، كما ذكرت انشغالها بالعمل كسبب لعدم تمكنها من الحضور في السابق."", ""need_reschedule"": ""unclear"", ""reschedule_time"": null, ""teacher_preference"": ""not_applicable"", ""level_signal"": ""unclear"", ""price_sensitivity"": ""not_applicable"", ""parent_involvement_needed"": ""no"", ""trial_satisfaction"": ""not_applicable"", ""student_level_summary_ar"": ""لديها بعض الخبرة في اللغة الإنجليزية من خلال الدراسة في المدرسة وتجربة سابقة مع مجموعات تعليمية عبر الإنترنت (تليجرام)."", ""learning_goal_ar"": ""ترغب في تطوير لغتها الإنجليزية لتكون أكثر إتقانًا."", ""pain_points_ar"": ""عدم تفضيلها للتعليم عبر الإنترنت وتجاربها السابقة غير الموفقة معه، بالإضافة إلى انشغالها بالعمل مما يعيق التزامها بالحصص."", ""purchase_intent"": ""low"", ""purchase_intent_reason_ar"": ""العميلة لديها اهتمام باللغة الإنجليزية ولكن لديها تحفظات قوية على نمط التعليم عبر الإنترنت، مما يقلل من احتمالية الشراء ما لم يتم تقديم حل بديل أو إقناعها بفعالية الأسلوب."", ""main_objection"": ""online_mode_concern"", ""main_objection_ar"": ""الاعتراض الرئيسي هو عدم تفضيلها للتعليم عبر الإنترنت ورغبتها في الدراسة الحضورية."", ""payment_blocker"": ""not_applicable"", ""other_reason_ar"": null, ""other_objection_ar"": null, ""manual_review_reason_ar"": null, ""next_action_ar"": ""متابعة العميل لتوضيح مميزات التعليم عبر الإنترنت لدينا وكيفية معالجة مخاوفها، ومحاولة إقناعها بفعالية الأسلوب، أو استكشاف مدى إمكانية تقديم حلول بديلة إذا كانت متوفرة."", ""target_pool"": ""pre_class_risk_pool"", ""priority"": ""high"", ""should_create_task"": true}",2026-05-02 21:00:12,2026-05-02 21:00:12,2026-05-02 21:00:12,,,,,,,,,,,,,,,,
analysis_voice_600461914,voice_600461914,600461914,63019429,EGCC-eman.amr,2289(Maqsam),2026-04-30 21:09:35,双方接通,no_answer_or_voicemail,high,تم تحويل المكالمة إلى البريد الصوتي للطالب/العميل. لم يتم التحدث مع العميل.,not_applicable,not_applicable,not_applicable,,not_applicable,,not_applicable,not_applicable,not_applicable,not_applicable,not_applicable,,,,not_applicable,,not_applicable,,not_applicable,,,,إعادة الاتصال بالطالب/العميل في وقت لاحق.,callback_pool,medium,true,success,,"{""call_stage"": ""no_answer_or_voicemail"", ""stage_confidence"": ""high"", ""summary_ar"": ""تم تحويل المكالمة إلى البريد الصوتي للطالب/العميل. لم يتم التحدث مع العميل."", ""attendance_intent"": ""not_applicable"", ""attendance_risk"": ""not_applicable"", ""cancel_absence_reason"": ""not_applicable"", ""cancel_absence_reason_ar"": """", ""need_reschedule"": ""not_applicable"", ""reschedule_time"": """", ""teacher_preference"": ""not_applicable"", ""level_signal"": ""not_applicable"", ""price_sensitivity"": ""not_applicable"", ""parent_involvement_needed"": ""not_applicable"", ""trial_satisfaction"": ""not_applicable"", ""student_level_summary_ar"": """", ""learning_goal_ar"": """", ""pain_points_ar"": """", ""purchase_intent"": ""not_applicable"", ""purchase_intent_reason_ar"": """", ""main_objection"": ""not_applicable"", ""main_objection_ar"": """", ""payment_blocker"": ""not_applicable"", ""other_reason_ar"": """", ""other_objection_ar"": """", ""manual_review_reason_ar"": """", ""next_action_ar"": ""إعادة الاتصال بالطالب/العميل في وقت لاحق."", ""target_pool"": ""callback_pool"", ""priority"": ""medium"", ""should_create_task"": true}",2026-05-02 21:00:20,2026-05-02 21:00:20,2026-05-02 21:00:20,,,,,,,,,,,,,,,,
analysis_voice_600461715,voice_600461715,600461715,63019429,EGCC-eman.amr,2289(Maqsam),2026-04-30 21:08:58,双方接通,no_answer_or_voicemail,high,المكالمة ذهبت إلى البريد الصوتي ولم يتم التواصل مع العميل.,not_applicable,not_applicable,not_applicable,,not_applicable,,not_applicable,not_applicable,not_applicable,not_applicable,not_applicable,,,,not_applicable,,not_applicable,,not_applicable,,,,إعادة الاتصال بالعميل في وقت لاحق.,callback_pool,medium,true,success,,"{""call_stage"": ""no_answer_or_voicemail"", ""stage_confidence"": ""high"", ""summary_ar"": ""المكالمة ذهبت إلى البريد الصوتي ولم يتم التواصل مع العميل."", ""attendance_intent"": ""not_applicable"", ""attendance_risk"": ""not_applicable"", ""cancel_absence_reason"": ""not_applicable"", ""cancel_absence_reason_ar"": """", ""need_reschedule"": ""not_applicable"", ""reschedule_time"": """", ""teacher_preference"": ""not_applicable"", ""level_signal"": ""not_applicable"", ""price_sensitivity"": ""not_applicable"", ""parent_involvement_needed"": ""not_applicable"", ""trial_satisfaction"": ""not_applicable"", ""student_level_summary_ar"": """", ""learning_goal_ar"": """", ""pain_points_ar"": """", ""purchase_intent"": ""not_applicable"", ""purchase_intent_reason_ar"": """", ""main_objection"": ""not_applicable"", ""main_objection_ar"": """", ""payment_blocker"": ""not_applicable"", ""other_reason_ar"": """", ""other_objection_ar"": """", ""manual_review_reason_ar"": """", ""next_action_ar"": ""إعادة الاتصال بالعميل في وقت لاحق."", ""target_pool"": ""callback_pool"", ""priority"": ""medium"", ""should_create_task"": true}",2026-05-02 21:01:50,2026-05-02 21:01:50,2026-05-02 21:01:50,,,,,,,,,,,,,,,,
analysis_voice_600459205,voice_600459205,600459205,62877988,51habiba.hassan,2244(Maqsam),2026-04-30 20:55:02,双方接通,no_answer_or_voicemail,high,المكالمة قصيرة وغير واضحة، يبدو أن المتصل رد ولكن لم يتم إجراء محادثة ذات معنى. هناك بعض الضوضاء في الخلفية وطلب من المتصل الانتظار.,not_applicable,not_applicable,not_applicable,,not_applicable,,not_applicable,not_applicable,not_applicable,not_applicable,not_applicable,,,,not_applicable,,not_applicable,,not_applicable,,,,إعادة الاتصال بالعميل حيث لم يتم إجراء محادثة ذات معنى.,callback_pool,medium,true,success,,"{""call_stage"": ""no_answer_or_voicemail"", ""stage_confidence"": ""high"", ""summary_ar"": ""المكالمة قصيرة وغير واضحة، يبدو أن المتصل رد ولكن لم يتم إجراء محادثة ذات معنى. هناك بعض الضوضاء في الخلفية وطلب من المتصل الانتظار."", ""attendance_intent"": ""not_applicable"", ""attendance_risk"": ""not_applicable"", ""cancel_absence_reason"": ""not_applicable"", ""cancel_absence_reason_ar"": null, ""need_reschedule"": ""not_applicable"", ""reschedule_time"": null, ""teacher_preference"": ""not_applicable"", ""level_signal"": ""not_applicable"", ""price_sensitivity"": ""not_applicable"", ""parent_involvement_needed"": ""not_applicable"", ""trial_satisfaction"": ""not_applicable"", ""student_level_summary_ar"": null, ""learning_goal_ar"": null, ""pain_points_ar"": null, ""purchase_intent"": ""not_applicable"", ""purchase_intent_reason_ar"": null, ""main_objection"": ""not_applicable"", ""main_objection_ar"": null, ""payment_blocker"": ""not_applicable"", ""other_reason_ar"": null, ""other_objection_ar"": null, ""manual_review_reason_ar"": null, ""next_action_ar"": ""إعادة الاتصال بالعميل حيث لم يتم إجراء محادثة ذات معنى."", ""target_pool"": ""callback_pool"", ""priority"": ""medium"", ""should_create_task"": true}",2026-05-02 21:02:00,2026-05-02 21:02:00,2026-05-02 21:02:00,,,,,,,,,,,,,,,,
analysis_voice_600450008,voice_600450008,600450008,63037453,EGCC-eman.amr,2289(Maqsam),2026-04-30 20:18:52,双方接通,pre_class_reschedule,high,الطالب محمد مشغول حالياً في المستشفى، وسيتمكن من التحدث بعد ساعة إلى ساعة ونصف. طلب أخو الطالب معاودة الاتصال به الساعة 5 مساءً لتأكيد موعد الحصة التجريبية.,unclear,high,emergency,الطالب في المستشفى حالياً.,yes,الساعة 5 مساءً,not_applicable,not_applicable,not_applicable,unclear,not_applicable,not_applicable,not_applicable,not_applicable,not_applicable,not_applicable,not_applicable,not_applicable,not_applicable,,,,معاودة الاتصال بالطالب محمد الساعة 5 مساءً لتأكيد موعد الحصة التجريبية.,reschedule_pool,medium,true,success,,"{""call_stage"": ""pre_class_reschedule"", ""stage_confidence"": ""high"", ""summary_ar"": ""الطالب محمد مشغول حالياً في المستشفى، وسيتمكن من التحدث بعد ساعة إلى ساعة ونصف. طلب أخو الطالب معاودة الاتصال به الساعة 5 مساءً لتأكيد موعد الحصة التجريبية."", ""attendance_intent"": ""unclear"", ""attendance_risk"": ""high"", ""cancel_absence_reason"": ""emergency"", ""cancel_absence_reason_ar"": ""الطالب في المستشفى حالياً."", ""need_reschedule"": ""yes"", ""reschedule_time"": ""الساعة 5 مساءً"", ""teacher_preference"": ""not_applicable"", ""level_signal"": ""not_applicable"", ""price_sensitivity"": ""not_applicable"", ""parent_involvement_needed"": ""unclear"", ""trial_satisfaction"": ""not_applicable"", ""student_level_summary_ar"": ""not_applicable"", ""learning_goal_ar"": ""not_applicable"", ""pain_points_ar"": ""not_applicable"", ""purchase_intent"": ""not_applicable"", ""purchase_intent_reason_ar"": ""not_applicable"", ""main_objection"": ""not_applicable"", ""main_objection_ar"": ""not_applicable"", ""payment_blocker"": ""not_applicable"", ""other_reason_ar"": null, ""other_objection_ar"": null, ""manual_review_reason_ar"": null, ""next_action_ar"": ""معاودة الاتصال بالطالب محمد الساعة 5 مساءً لتأكيد موعد الحصة التجريبية."", ""target_pool"": ""reschedule_pool"", ""priority"": ""medium"", ""should_create_task"": true}",2026-05-02 21:02:13,2026-05-02 21:02:13,2026-05-02 21:02:13,,,,,,,,,,,,,,,,
analysis_voice_600438986,voice_600438986,600438986,61799467,EGCC-eman.amr,2289(Maqsam),2026-04-30 19:34:39,双方接通,unknown,low,المكالمة غير واضحة ومتقطعة وتحتوي على كلمات غير مترابطة باللغة الإنجليزية والفرنسية، ولا يمكن استخلاص أي معنى تجاري منها.,unclear,unclear,not_applicable,غير منطبق,unclear,,not_applicable,not_applicable,not_applicable,unclear,not_applicable,غير منطبق,غير منطبق,غير منطبق,unclear,غير منطبق,unknown,غير معروف,not_applicable,,,المكالمة تحتوي على كلمات متفرقة وغير مترابطة باللغتين الإنجليزية والفرنسية، ولا يمكن تحديد الغرض من المكالمة أو تصنيفها ضمن أي مرحلة عمل.,تحويل المكالمة للمراجعة اليدوية لعدم وضوح المحتوى.,manual_review_pool,medium,true,success,,"{""call_stage"": ""unknown"", ""stage_confidence"": ""low"", ""summary_ar"": ""المكالمة غير واضحة ومتقطعة وتحتوي على كلمات غير مترابطة باللغة الإنجليزية والفرنسية، ولا يمكن استخلاص أي معنى تجاري منها."", ""attendance_intent"": ""unclear"", ""attendance_risk"": ""unclear"", ""cancel_absence_reason"": ""not_applicable"", ""cancel_absence_reason_ar"": ""غير منطبق"", ""need_reschedule"": ""unclear"", ""reschedule_time"": null, ""teacher_preference"": ""not_applicable"", ""level_signal"": ""not_applicable"", ""price_sensitivity"": ""not_applicable"", ""parent_involvement_needed"": ""unclear"", ""trial_satisfaction"": ""not_applicable"", ""student_level_summary_ar"": ""غير منطبق"", ""learning_goal_ar"": ""غير منطبق"", ""pain_points_ar"": ""غير منطبق"", ""purchase_intent"": ""unclear"", ""purchase_intent_reason_ar"": ""غير منطبق"", ""main_objection"": ""unknown"", ""main_objection_ar"": ""غير معروف"", ""payment_blocker"": ""not_applicable"", ""other_reason_ar"": null, ""other_objection_ar"": null, ""manual_review_reason_ar"": ""المكالمة تحتوي على كلمات متفرقة وغير مترابطة باللغتين الإنجليزية والفرنسية، ولا يمكن تحديد الغرض من المكالمة أو تصنيفها ضمن أي مرحلة عمل."", ""next_action_ar"": ""تحويل المكالمة للمراجعة اليدوية لعدم وضوح المحتوى."", ""target_pool"": ""manual_review_pool"", ""priority"": ""medium"", ""should_create_task"": true}",2026-05-02 21:03:04,2026-05-02 21:03:04,2026-05-02 21:03:04,,,,,,,,,,,,,,,,
analysis_voice_600418088,voice_600418088,600418088,63059740,EGCC-eman.amr,2289(Maqsam),2026-04-30 18:23:21,双方接通,unknown,high,العميل تركي ولا يفهم العربية جيداً، طلب معاودة الاتصال بعد نصف ساعة لوجود مترجم معه أو للتحدث بالإنجليزية.,not_applicable,not_applicable,not_applicable,not_applicable,yes,بعد نصف ساعة,not_applicable,not_applicable,not_applicable,not_applicable,not_applicable,not_applicable,not_applicable,not_applicable,not_applicable,not_applicable,other,حاجز اللغة، العميل تركي ولا يفهم العربية جيداً ويحتاج لمترجم أو للتحدث بالإنجليزية.,not_applicable,not_applicable,حاجز اللغة، العميل تركي ولا يفهم العربية جيداً ويحتاج لمترجم أو للتحدث بالإنجليزية.,not_applicable,معاودة الاتصال بالعميل بعد نصف ساعة مع توفير متحدث إنجليزي أو مترجم لضمان التواصل الفعال.,reschedule_pool,medium,true,success,,"{""call_stage"": ""unknown"", ""stage_confidence"": ""high"", ""summary_ar"": ""العميل تركي ولا يفهم العربية جيداً، طلب معاودة الاتصال بعد نصف ساعة لوجود مترجم معه أو للتحدث بالإنجليزية."", ""attendance_intent"": ""not_applicable"", ""attendance_risk"": ""not_applicable"", ""cancel_absence_reason"": ""not_applicable"", ""cancel_absence_reason_ar"": ""not_applicable"", ""need_reschedule"": ""yes"", ""reschedule_time"": ""بعد نصف ساعة"", ""teacher_preference"": ""not_applicable"", ""level_signal"": ""not_applicable"", ""price_sensitivity"": ""not_applicable"", ""parent_involvement_needed"": ""not_applicable"", ""trial_satisfaction"": ""not_applicable"", ""student_level_summary_ar"": ""not_applicable"", ""learning_goal_ar"": ""not_applicable"", ""pain_points_ar"": ""not_applicable"", ""purchase_intent"": ""not_applicable"", ""purchase_intent_reason_ar"": ""not_applicable"", ""main_objection"": ""other"", ""main_objection_ar"": ""حاجز اللغة، العميل تركي ولا يفهم العربية جيداً ويحتاج لمترجم أو للتحدث بالإنجليزية."", ""payment_blocker"": ""not_applicable"", ""other_reason_ar"": ""not_applicable"", ""other_objection_ar"": ""حاجز اللغة، العميل تركي ولا يفهم العربية جيداً ويحتاج لمترجم أو للتحدث بالإنجليزية."", ""manual_review_reason_ar"": ""not_applicable"", ""next_action_ar"": ""معاودة الاتصال بالعميل بعد نصف ساعة مع توفير متحدث إنجليزي أو مترجم لضمان التواصل الفعال."", ""target_pool"": ""reschedule_pool"", ""priority"": ""medium"", ""should_create_task"": true}",2026-05-02 21:04:41,2026-05-02 21:04:41,2026-05-02 21:04:41,,,,,,,,,,,,,,,,
analysis_voice_600410838,voice_600410838,600410838,63051138,EGCC-eman.amr,2289(Maqsam),2026-04-30 17:49:36,双方接通,pre_class_confirm,high,العميل يذكر أنه سيتحدث مع الوالد لتأكيد الحضور. يعبر عن عدم تأكده من إمكانية حضور الوالد/الطالب للدرس المحدد لأنه خارج المنزل حالياً، ويسأل عن إمكانية تأجيل الموعد. سيقوم بالتحقق والتأكيد لاحقاً.,unclear,high,busy,الوالد/الطالب خارج المنزل وغير متاح حالياً.,yes,unclear,not_applicable,not_applicable,not_applicable,yes,not_applicable,not_applicable,not_applicable,not_applicable,not_applicable,not_applicable,not_applicable,not_applicable,not_applicable,,,,متابعة مع العميل لتأكيد إمكانية حضور الوالد/الطالب للدرس أو لتحديد موعد بديل إذا لزم الأمر.,pre_class_risk_pool,high,true,success,,"{""call_stage"": ""pre_class_confirm"", ""stage_confidence"": ""high"", ""summary_ar"": ""العميل يذكر أنه سيتحدث مع الوالد لتأكيد الحضور. يعبر عن عدم تأكده من إمكانية حضور الوالد/الطالب للدرس المحدد لأنه خارج المنزل حالياً، ويسأل عن إمكانية تأجيل الموعد. سيقوم بالتحقق والتأكيد لاحقاً."", ""attendance_intent"": ""unclear"", ""attendance_risk"": ""high"", ""cancel_absence_reason"": ""busy"", ""cancel_absence_reason_ar"": ""الوالد/الطالب خارج المنزل وغير متاح حالياً."", ""need_reschedule"": ""yes"", ""reschedule_time"": ""unclear"", ""teacher_preference"": ""not_applicable"", ""level_signal"": ""not_applicable"", ""price_sensitivity"": ""not_applicable"", ""parent_involvement_needed"": ""yes"", ""trial_satisfaction"": ""not_applicable"", ""student_level_summary_ar"": ""not_applicable"", ""learning_goal_ar"": ""not_applicable"", ""pain_points_ar"": ""not_applicable"", ""purchase_intent"": ""not_applicable"", ""purchase_intent_reason_ar"": ""not_applicable"", ""main_objection"": ""not_applicable"", ""main_objection_ar"": ""not_applicable"", ""payment_blocker"": ""not_applicable"", ""other_reason_ar"": """", ""other_objection_ar"": """", ""manual_review_reason_ar"": """", ""next_action_ar"": ""متابعة مع العميل لتأكيد إمكانية حضور الوالد/الطالب للدرس أو لتحديد موعد بديل إذا لزم الأمر."", ""target_pool"": ""pre_class_risk_pool"", ""priority"": ""high"", ""should_create_task"": true}",2026-05-02 21:04:55,2026-05-02 21:04:55,2026-05-02 21:04:55,,,,,,,,,,,,,,,,
analysis_voice_600406925,voice_600406925,600406925,63015516,EGCC-eman.amr,2289(Maqsam),2026-04-30 17:29:58,双方接通,unknown,low,المكالمة قصيرة وغير واضحة، يبدو أن العميل غير متاح حالياً بسبب الصلاة والراحة، وذكر أن جواله كان مطفأ. انتهت المكالمة بشكل مفاجئ.,not_applicable,not_applicable,other,العميل غير متاح حالياً بسبب الصلاة والراحة.,unclear,,not_applicable,not_applicable,not_applicable,not_applicable,not_applicable,,,,not_applicable,,not_applicable,,not_applicable,العميل غير متاح حالياً بسبب الصلاة والراحة.,,,إعادة الاتصال بالعميل في وقت لاحق بعد انتهاء وقت الصلاة والراحة.,callback_pool,medium,true,success,,"{""call_stage"": ""unknown"", ""stage_confidence"": ""low"", ""summary_ar"": ""المكالمة قصيرة وغير واضحة، يبدو أن العميل غير متاح حالياً بسبب الصلاة والراحة، وذكر أن جواله كان مطفأ. انتهت المكالمة بشكل مفاجئ."", ""attendance_intent"": ""not_applicable"", ""attendance_risk"": ""not_applicable"", ""cancel_absence_reason"": ""other"", ""cancel_absence_reason_ar"": ""العميل غير متاح حالياً بسبب الصلاة والراحة."", ""need_reschedule"": ""unclear"", ""reschedule_time"": null, ""teacher_preference"": ""not_applicable"", ""level_signal"": ""not_applicable"", ""price_sensitivity"": ""not_applicable"", ""parent_involvement_needed"": ""not_applicable"", ""trial_satisfaction"": ""not_applicable"", ""student_level_summary_ar"": null, ""learning_goal_ar"": null, ""pain_points_ar"": null, ""purchase_intent"": ""not_applicable"", ""purchase_intent_reason_ar"": null, ""main_objection"": ""not_applicable"", ""main_objection_ar"": null, ""payment_blocker"": ""not_applicable"", ""other_reason_ar"": ""العميل غير متاح حالياً بسبب الصلاة والراحة."", ""other_objection_ar"": null, ""manual_review_reason_ar"": null, ""next_action_ar"": ""إعادة الاتصال بالعميل في وقت لاحق بعد انتهاء وقت الصلاة والراحة."", ""target_pool"": ""callback_pool"", ""priority"": ""medium"", ""should_create_task"": true}",2026-05-02 21:06:26,2026-05-02 21:06:26,2026-05-02 21:06:26,,,,,,,,,,,,,,,,
analysis_voice_600201575,voice_600201575,600201575,62798717,EGCC-eman.amr,2289(Maqsam),2026-04-29 01:09:24,双方接通,pre_class_cancel,high,الطالب يتصل لإبلاغ عدم قدرته على حضور الدورة/الحصة التجريبية بسبب ضغوطات مدرسية تمنعه من الحضور حالياً.,low,high,school_conflict,ضغوطات مدرسية تمنع الطالب من الحضور.,no,,not_applicable,not_applicable,not_applicable,unclear,not_applicable,,,,not_applicable,,not_applicable,,not_applicable,,,,التواصل مع الطالب لاحقاً بعد انتهاء فترة الضغوطات المدرسية لمحاولة إعادة جدولة الدورة.,cancel_recovery_pool,medium,true,success,,"{""call_stage"": ""pre_class_cancel"", ""stage_confidence"": ""high"", ""summary_ar"": ""الطالب يتصل لإبلاغ عدم قدرته على حضور الدورة/الحصة التجريبية بسبب ضغوطات مدرسية تمنعه من الحضور حالياً."", ""attendance_intent"": ""low"", ""attendance_risk"": ""high"", ""cancel_absence_reason"": ""school_conflict"", ""cancel_absence_reason_ar"": ""ضغوطات مدرسية تمنع الطالب من الحضور."", ""need_reschedule"": ""no"", ""reschedule_time"": null, ""teacher_preference"": ""not_applicable"", ""level_signal"": ""not_applicable"", ""price_sensitivity"": ""not_applicable"", ""parent_involvement_needed"": ""unclear"", ""trial_satisfaction"": ""not_applicable"", ""student_level_summary_ar"": null, ""learning_goal_ar"": null, ""pain_points_ar"": null, ""purchase_intent"": ""not_applicable"", ""purchase_intent_reason_ar"": null, ""main_objection"": ""not_applicable"", ""main_objection_ar"": null, ""payment_blocker"": ""not_applicable"", ""other_reason_ar"": null, ""other_objection_ar"": null, ""manual_review_reason_ar"": null, ""next_action_ar"": ""التواصل مع الطالب لاحقاً بعد انتهاء فترة الضغوطات المدرسية لمحاولة إعادة جدولة الدورة."", ""target_pool"": ""cancel_recovery_pool"", ""priority"": ""medium"", ""should_create_task"": true}",2026-05-02 21:09:00,2026-05-02 21:09:00,2026-05-02 21:09:00,,,,,,,,,,,,,,,,
analysis_voice_600199423,voice_600199423,600199423,58490406,51habiba.hassan,2244(Maqsam),2026-04-29 00:55:22,双方接通,unknown,low,المكالمة قصيرة وغير واضحة، تحتوي على حديث متقطع يبدو داخليًا بين الموظفين أو ضوضاء، ولا يوجد تفاعل واضح مع العميل أو تحديد لسياق المكالمة.,not_applicable,not_applicable,not_applicable,غير منطبق,not_applicable,,not_applicable,not_applicable,not_applicable,not_applicable,not_applicable,,,,not_applicable,,not_applicable,,not_applicable,,,المحادثة غير واضحة ومتقطعة، تحتوي على حديث يبدو داخليًا بين الموظفين أو ضوضاء (عبارة فرنسية)، ولا يمكن تحديد سياق المكالمة أو وجود تفاعل حقيقي مع العميل.,يجب مراجعة المكالمة يدويًا لتحديد طبيعة التفاعل وما إذا كان هناك عميل على الخط.,manual_review_pool,high,true,success,,"{""call_stage"": ""unknown"", ""stage_confidence"": ""low"", ""summary_ar"": ""المكالمة قصيرة وغير واضحة، تحتوي على حديث متقطع يبدو داخليًا بين الموظفين أو ضوضاء، ولا يوجد تفاعل واضح مع العميل أو تحديد لسياق المكالمة."", ""attendance_intent"": ""not_applicable"", ""attendance_risk"": ""not_applicable"", ""cancel_absence_reason"": ""not_applicable"", ""cancel_absence_reason_ar"": ""غير منطبق"", ""need_reschedule"": ""not_applicable"", ""reschedule_time"": null, ""teacher_preference"": ""not_applicable"", ""level_signal"": ""not_applicable"", ""price_sensitivity"": ""not_applicable"", ""parent_involvement_needed"": ""not_applicable"", ""trial_satisfaction"": ""not_applicable"", ""student_level_summary_ar"": null, ""learning_goal_ar"": null, ""pain_points_ar"": null, ""purchase_intent"": ""not_applicable"", ""purchase_intent_reason_ar"": null, ""main_objection"": ""not_applicable"", ""main_objection_ar"": null, ""payment_blocker"": ""not_applicable"", ""other_reason_ar"": null, ""other_objection_ar"": null, ""manual_review_reason_ar"": ""المحادثة غير واضحة ومتقطعة، تحتوي على حديث يبدو داخليًا بين الموظفين أو ضوضاء (عبارة فرنسية)، ولا يمكن تحديد سياق المكالمة أو وجود تفاعل حقيقي مع العميل."", ""next_action_ar"": ""يجب مراجعة المكالمة يدويًا لتحديد طبيعة التفاعل وما إذا كان هناك عميل على الخط."", ""target_pool"": ""manual_review_pool"", ""priority"": ""high"", ""should_create_task"": true}",2026-05-02 21:09:09,2026-05-02 21:09:09,2026-05-02 21:09:09,,,,,,,,,,,,,,,,
analysis_voice_600198847,voice_600198847,600198847,58490406,51habiba.hassan,2244(Maqsam),2026-04-29 00:53:15,双方接通,unknown,low,"المكالمة تحتوي على ضوضاء شديدة وتداخل لغات (عربية، هندية/أوردو، فرنسية) مما يجعل فهم المحتوى وتصنيف الغرض منها مستحيلاً. هناك إشارة مبهمة إلى ""تأكيد حساب الشراء"" أو ""علامة القلم"" ولكن السياق غير واضح تمامًا.",unclear,unclear,not_applicable,غير منطبق,unclear,,unclear,unclear,unclear,unclear,unclear,غير واضح بسبب الضوضاء وتداخل اللغات.,غير واضح بسبب الضوضاء وتداخل اللغات.,غير واضح بسبب الضوضاء وتداخل اللغات.,unclear,غير واضح بسبب الضوضاء وتداخل اللغات.,unknown,غير واضح بسبب الضوضاء وتداخل اللغات.,unknown,,,"المكالمة تحتوي على ضوضاء شديدة وتداخل لغات (عربية، هندية/أوردو، فرنسية) مما يجعل فهم المحتوى وتصنيف الغرض منها مستحيلاً. هناك إشارة مبهمة إلى ""تأكيد حساب الشراء"" أو ""علامة القلم"" ولكن السياق غير واضح تمامًا.",يجب مراجعة المكالمة يدوياً لتحديد الغرض منها إن أمكن، أو اعتبارها مكالمة غير قابلة للتحليل.,manual_review_pool,high,true,success,,"{""call_stage"": ""unknown"", ""stage_confidence"": ""low"", ""summary_ar"": ""المكالمة تحتوي على ضوضاء شديدة وتداخل لغات (عربية، هندية/أوردو، فرنسية) مما يجعل فهم المحتوى وتصنيف الغرض منها مستحيلاً. هناك إشارة مبهمة إلى \""تأكيد حساب الشراء\"" أو \""علامة القلم\"" ولكن السياق غير واضح تمامًا."", ""attendance_intent"": ""unclear"", ""attendance_risk"": ""unclear"", ""cancel_absence_reason"": ""not_applicable"", ""cancel_absence_reason_ar"": ""غير منطبق"", ""need_reschedule"": ""unclear"", ""reschedule_time"": null, ""teacher_preference"": ""unclear"", ""level_signal"": ""unclear"", ""price_sensitivity"": ""unclear"", ""parent_involvement_needed"": ""unclear"", ""trial_satisfaction"": ""unclear"", ""student_level_summary_ar"": ""غير واضح بسبب الضوضاء وتداخل اللغات."", ""learning_goal_ar"": ""غير واضح بسبب الضوضاء وتداخل اللغات."", ""pain_points_ar"": ""غير واضح بسبب الضوضاء وتداخل اللغات."", ""purchase_intent"": ""unclear"", ""purchase_intent_reason_ar"": ""غير واضح بسبب الضوضاء وتداخل اللغات."", ""main_objection"": ""unknown"", ""main_objection_ar"": ""غير واضح بسبب الضوضاء وتداخل اللغات."", ""payment_blocker"": ""unknown"", ""other_reason_ar"": null, ""other_objection_ar"": null, ""manual_review_reason_ar"": ""المكالمة تحتوي على ضوضاء شديدة وتداخل لغات (عربية، هندية/أوردو، فرنسية) مما يجعل فهم المحتوى وتصنيف الغرض منها مستحيلاً. هناك إشارة مبهمة إلى \""تأكيد حساب الشراء\"" أو \""علامة القلم\"" ولكن السياق غير واضح تمامًا."", ""next_action_ar"": ""يجب مراجعة المكالمة يدوياً لتحديد الغرض منها إن أمكن، أو اعتبارها مكالمة غير قابلة للتحليل."", ""target_pool"": ""manual_review_pool"", ""priority"": ""high"", ""should_create_task"": true}",2026-05-02 21:09:20,2026-05-02 21:09:20,2026-05-02 21:09:20,,,,,,,,,,,,,,,,
b961c4e2f1cffd085afe14ee7f68b8a1,voice_599280144,599280144,58987546,51nadamuhammad,2245(Maqsam),2026-04-22 00:01:24,双方接通,pre_class_confirm,0.9,تأكيد الموعد للحضور في الساعة الثامنة.,high,,,,,,,,,,,,,,unknown,,none,,,,,,,,,,success,,,,2026-04-26 00:31:05,2026-04-26 00:31:06,http://pd-fscall-record.oss-cn-hongkong.aliyuncs.com/2026-04-22/maqsam-NadaMuhammad.298281702.mp3?OSSAccessKeyId=LTAI5t8sBUhKT5YzXBHvmGGq&Expires=1777141819&Signature=xDpulzcVeJQaQ8zkq5kZ%2B0CI67k%3D,http://pd-fscall-record.oss-cn-hongkong.aliyuncs.com/2026-04-22/maqsam-NadaMuhammad.298281702.mp3?OSSAccessKeyId=LTAI5t8sBUhKT5YzXBHvmGGq&Expires=1777141819&Signature=xDpulzcVeJQaQ8zkq5kZ%2B0CI67k%3D,sales-engine/recordings/2026-04-22/user_58987546__voice_599280144.mp3,https://sales-engine-audio.oss-cn-hongkong.aliyuncs.com/sales-engine/recordings/2026-04-22/user_58987546__voice_599280144.mp3?OSSAccessKeyId=LTAI5t6Jd8PozcNwqEKaFS1q&Expires=1777141869&Signature=bPN3dhkyX6V%2Bzl2LMMzG5tEzqlc%3D,系咯。系，得啦。自己嘅。系咯。كم؟ لا حتى من ثمانية لسه ما إحنا ما إحنا حولها.哦。是嘿。好了，行了。嗯，看呢。خلاص تمام الساعة ثمانية نكون حاضر.Yeah. Okay. 系咯。系，得啦。自己嘅。系咯。 كم؟ لا حتى من ثمانية لسه ما إحنا ما إحنا حولها. 哦。是嘿。 好了，行了。 嗯，看呢。 خلاص تمام الساعة ثمانية نكون حاضر. Yeah. Okay.,bad_asr,ASR_LOW_QUALITY,58ad3e7d-adc6-4234-95d1-a695defe4cc5,qwen3-asr-flash-filetrans,2026-04-26 00:31:22,unknown,unknown,normal,no_issue,no_task,يحتوي المقطع على تأكيد واضح من المتحدث للحضور في تمام الساعة الثامنة، رغم وجود استفسار سابق عن السعر ولغة مختلطة.
54fe323e2e29946cacf7b1fed07d5136,voice_599280298,599280298,58987546,51nadamuhammad,2245(Maqsam),2026-04-22 00:03:37,双方接通,pre_class_reschedule,1.0,العميل يطلب إعادة جدولة الموعد إلى الساعة 8:30 مساءً بسبب تواجده في المنزل وحاجته للنوم في الموعد الأصلي.,high,,,,,,,,,,,,,,unknown,,schedule,,,,,,,,,,success,,,,2026-04-26 00:31:05,2026-04-26 00:31:42,http://pd-fscall-record.oss-cn-hongkong.aliyuncs.com/2026-04-22/maqsam-NadaMuhammad.298282199.mp3?OSSAccessKeyId=LTAI5t8sBUhKT5YzXBHvmGGq&Expires=1777141818&Signature=xLctflxpbw1aeZ5%2BJ3H8kimiT9Q%3D,http://pd-fscall-record.oss-cn-hongkong.aliyuncs.com/2026-04-22/maqsam-NadaMuhammad.298282199.mp3?OSSAccessKeyId=LTAI5t8sBUhKT5YzXBHvmGGq&Expires=1777141818&Signature=xLctflxpbw1aeZ5%2BJ3H8kimiT9Q%3D,sales-engine/recordings/2026-04-22/user_58987546__voice_599280298.mp3,https://sales-engine-audio.oss-cn-hongkong.aliyuncs.com/sales-engine/recordings/2026-04-22/user_58987546__voice_599280298.mp3?OSSAccessKeyId=LTAI5t6Jd8PozcNwqEKaFS1q&Expires=1777141905&Signature=A32QOtVe9FmdIUN8f4gjInlA2LA%3D,"¿alóخلي أجي خلي ثمانية ونص لأن أنا ثمانية ونص بالبيت حاليًا عندي نوم.¿no se manejó no, que era que sea.Yes.Ah.ثمانية نصف ساعة تمام.哦，行。 ¿aló خلي أجي خلي ثمانية ونص لأن أنا ثمانية ونص بالبيت حاليًا عندي نوم. ¿no se manejó no, que era que sea. Yes. Ah. ثمانية نصف ساعة تمام. 哦，行。",bad_asr,ASR_LOW_QUALITY,b884a7fb-2bd0-41db-945d-753ef612aa99,qwen3-asr-flash-filetrans,2026-04-26 00:31:56,unknown,unknown,normal,no_issue,rebook_trial,العميل لا يستطيع حضور الموعد الأصلي بسبب تواجده في المنزل ورغبته في النوم في ذلك الوقت.
b3fe67b2a292fde2453f9165e6955ad6,voice_599280484,599280484,62979112,EGCC-fatmamohamed,2310(Maqsam),2026-04-22 00:04:36,双方接通,post_class_followup,0.9,العميل استفاد من الدرس السابق ويرغب بالحجز مرة أخرى. تم ذكر السعر (187 ريال شهرياً) لكن العميل (طفل على الأرجح) يحتاج لموافقة والده قبل المتابعة.,high,,,,,,,,,,,,,,medium,,need_parent_approval,,,,,,,,,,success,,,,2026-04-26 00:31:05,2026-04-26 00:31:56,http://pd-fscall-record.oss-cn-hongkong.aliyuncs.com/2026-04-22/maqsam-FatmaMohamed.298282423.mp3?OSSAccessKeyId=LTAI5t8sBUhKT5YzXBHvmGGq&Expires=1777141817&Signature=qhV8UhQl07o1tTyqDPWytjdgwkQ%3D,http://pd-fscall-record.oss-cn-hongkong.aliyuncs.com/2026-04-22/maqsam-FatmaMohamed.298282423.mp3?OSSAccessKeyId=LTAI5t8sBUhKT5YzXBHvmGGq&Expires=1777141817&Signature=qhV8UhQl07o1tTyqDPWytjdgwkQ%3D,sales-engine/recordings/2026-04-22/user_62979112__voice_599280484.mp3,https://sales-engine-audio.oss-cn-hongkong.aliyuncs.com/sales-engine/recordings/2026-04-22/user_62979112__voice_599280484.mp3?OSSAccessKeyId=LTAI5t6Jd8PozcNwqEKaFS1q&Expires=1777141919&Signature=LSm69fRAtlh6GldzjzbkqakNn20%3D,रूफالسلام عليكم ورحمة الله.นั่นนั่นممتازة وبغيت أحجز مرة ثانية إذا بيحجز متى؟نعم استفدت استفدت من وراء بسيطة معانيهنعم طبعاً هناك استفادة.没有。哎呦。je te parle de RusseBecome.Come.Observation ici hein.ये वोبكامل اشترك.مئة وسبعة وثمانين ريال بالشهر.يا الله يا أمي.يلا يلا بشوف أبوي ويا نشوف.يا الغاتك راح. रूफ السلام عليكم ورحمة الله. นั่นนั่น ممتازة وبغيت أحجز مرة ثانية إذا بيحجز متى؟ نعم استفدت استفدت من وراء بسيطة معانيه نعم طبعاً هناك استفادة. 没有。 哎呦。 je te parle de Russe Become. Come. Observation ici hein. ये वो بكامل اشترك. مئة وسبعة وثمانين ريال بالشهر. يا الله يا أمي. يلا يلا بشوف أبوي ويا نشوف. يا الغاتك راح.,bad_asr,ASR_LOW_QUALITY,43ebef52-ec34-41ad-b481-2fb33536965d,qwen3-asr-flash-filetrans,2026-04-26 00:32:12,good_need,satisfied,normal,no_issue,close_payment,العميل يرغب بالحجز مرة أخرى بعد أن أشار إلى استفادته من الدرس السابق. تم تقديم عرض السعر له، لكنه بحاجة لمناقشة الأمر والحصول على موافقة والده قبل اتخاذ قرار الشراء، مما يشير إلى أن المتحدث قد يكون طفلاً.
9358cac1573856e2b775083bf4bf3f57,voice_599283133,599283133,62969756,EGCC-maiwaheed,2313(Maqsam),2026-04-22 00:23:48,双方接通,pre_class_reschedule,0.9,المتصل يرغب بتأجيل دراسة اللغة الإنجليزية للشهر الثاني أو الثالث بناءً على نصيحة والده.,medium,,,,,,,,,,,,,,medium,,schedule,,,,,,,,,,success,,,,2026-04-26 00:31:05,2026-04-26 00:37:25,http://pd-fscall-record.oss-cn-hongkong.aliyuncs.com/2026-04-22/maqsam-MaiWaheed.298287112.mp3?OSSAccessKeyId=LTAI5t8sBUhKT5YzXBHvmGGq&Expires=1777141816&Signature=jE5xZigTADpY9SWpgsUu0w%2B%2F8PI%3D,http://pd-fscall-record.oss-cn-hongkong.aliyuncs.com/2026-04-22/maqsam-MaiWaheed.298287112.mp3?OSSAccessKeyId=LTAI5t8sBUhKT5YzXBHvmGGq&Expires=1777141816&Signature=jE5xZigTADpY9SWpgsUu0w%2B%2F8PI%3D,sales-engine/recordings/2026-04-22/user_62969756__voice_599283133.mp3,https://sales-engine-audio.oss-cn-hongkong.aliyuncs.com/sales-engine/recordings/2026-04-22/user_62969756__voice_599283133.mp3?OSSAccessKeyId=LTAI5t6Jd8PozcNwqEKaFS1q&Expires=1777142248&Signature=U7swBmC7044PhaA1EzpZLtJeAqg%3D,हाँسلام رحمة الله.عندنا طيبHmm.प्रभाव।अच्छा अच्छा helloHey what.قال أبوي خليها لين الشهر الثاني بعدين أبدأ من الشهر الثاني من شهر ده.لا قال ااا أخلي الدراسة لين أبدأ من الشهر الثاني الثالث.Hey you.قال إنه هذه الدراسة اللي أدرس إنجليزي أخليها لين الشهر ده عشان أبدأ من بداية الشهر.I know.خلاص خلاص خلي الدراسة بعدين.Food.Hmm. Hello. हाँ سلام رحمة الله. عندنا طيب Hmm. प्रभाव। अच्छा अच्छा hello Hey what. قال أبوي خليها لين الشهر الثاني بعدين أبدأ من الشهر الثاني من شهر ده. لا قال ااا أخلي الدراسة لين أبدأ من الشهر الثاني الثالث. Hey you. قال إنه هذه الدراسة اللي أدرس إنجليزي أخليها لين الشهر ده عشان أبدأ من بداية الشهر. I know. خلاص خلاص خلي الدراسة بعدين. Food. Hmm. Hello.,bad_asr,ASR_LOW_QUALITY,e45b1fb1-b4c8-4f91-96f9-3610d4f5c1a9,qwen3-asr-flash-filetrans,2026-04-26 00:37:41,good_need,unknown,normal,no_issue,rebook_trial,المتصل يذكر أن والده نصحه بتأجيل بدء دراسة اللغة الإنجليزية حتى الشهر الثاني أو الثالث، مما يشير إلى نية للدراسة ولكن مع تأجيل بسبب عامل زمني/جدولي.
9d793ac61fc85193cb1419a347730fd7,voice_599283139,599283139,62985039,EGCC-eman.amr,2289(Maqsam),2026-04-22 00:22:37,双方接通,pre_class_confirm,1.0,المتصل يسأل عن تفاصيل برنامج اللغة الإنجليزية والرسوم، ويعبر عن اهتمامه بتجربة اليوم لتحسين مهاراته في المحادثة والكتابة، مؤكدًا أن التعلم هواية. يطلب إرسال معلومات الباقات والأسعار عبر الواتساب.,high,,,,,,,,,,,,,,medium,,wants_trial_first,,,,,,,,,,success,,,,2026-04-26 00:31:05,2026-04-26 00:37:41,http://pd-fscall-record.oss-cn-hongkong.aliyuncs.com/2026-04-22/maqsam-Eman.Amr.298286745.mp3?OSSAccessKeyId=LTAI5t8sBUhKT5YzXBHvmGGq&Expires=1777141646&Signature=OKWVoaTk0kQ5PvIpqJiKAIiD91o%3D,http://pd-fscall-record.oss-cn-hongkong.aliyuncs.com/2026-04-22/maqsam-Eman.Amr.298286745.mp3?OSSAccessKeyId=LTAI5t8sBUhKT5YzXBHvmGGq&Expires=1777141646&Signature=OKWVoaTk0kQ5PvIpqJiKAIiD91o%3D,sales-engine/recordings/2026-04-22/user_62985039__voice_599283139.mp3,https://sales-engine-audio.oss-cn-hongkong.aliyuncs.com/sales-engine/recordings/2026-04-22/user_62985039__voice_599283139.mp3?OSSAccessKeyId=LTAI5t6Jd8PozcNwqEKaFS1q&Expires=1777142266&Signature=qatJ2GMXcieTsTHP/%2BtLzVJJXac%3D,"嗯。عليكم السلام.حياك الله يا أختي، مرحبا.哎嘿。طيب دقيقة بس أختي هو إن شاء الله حتى أعتقد هو يكون الرسوم حقه فيها رسوم أو إيش المعرف عن البرنامج الله يسعدك.ممتاز ممتاز.Yeah.Okay.Okay. Eh.طيب هو يكون يوميا حصة واحدة ولا أكثر من حصة في اليوم الواحد؟maraming pesos, 'yung ano.ما في مشكلة ممتاز أنا بجرب اليوم تجربة أنا الحمد لله أنا متخرج من المدرسة أقدر أتكلم بس أنا أحب أتعلم أكثر يعني أعرف الحروف وأعرف أتكلم مع جد أعرف أقرأ لكن مو بالطلاقة.Yeah.Hmm.إحسان أحمد.اثنين وثلاثين. لا لا لا جنسية أخرى أفغاني.yang.لا لا أنا مولود هنا أنا عملي هنا في السعودية أنا مقيم إيه لا لا مش معايا جنسية أنا معايا هوية مقيمة مقيمة أنا في السعودية أموري تمام ما فيش أي حاجة بس أنا عاوز أتعلم اللغة يعني أنا متخرج من الثانوية أخرج أنا ثانويةبس دلوقتي أنا عاوزة أتعلم أكثر وأكثر بالكلام لكن أوكي بالأحرف أنا أعرف أقرأ يعني أعرف اللغات الأسماء البسيطة أعرف أكتب الكلمات الجمل لكن عاوزة يعني أتعلم أكثر بالكلام بالكتابة يعني مثلا أروح مكان يعني مش عارف أقرأ كامل يعني لازم أحط اللي هو بتاع الترجمة أكتب بالعربي عشان أشوف الإجابة إيه.فأنا شفت البرنامج ده عن طريق الفيسبوك فعجبني وقلت خليني أجرب بس أنا مش كان مكتوب بيانات كامل بالواتس قلت له خلاص كده تمام هيكون مثلا كم عيسى وتبعت لي كل التفاصيل في الواتساب أشوف أنا أختار لي الباقي اللي أنا عاوز فيها ولمدة كم ولمدة سنة ولا ستة شهور زي كده.Okay.नाशमाँ शांतिUh huh.นั้นममताm'a fait.لا لا ما يلحق ويا عادي بس أنا خلي الأستاذ يشوف لي ويعطيني المهارة بيقول لكم إيه أنا من دحين بقول لك يعني أنا مش فاهم أكثر أنا أعرف أعرف الحروف أعرف أقسم الاسم مثلا حاجات خفيفة اللي ده اللي أنا أعرفهم لكن أكثر لا مش عارف.فخليه يشوف من الصد مع التجربة نشوف إذا هو عايز يختار الحسبة يعطاها بثمرة أو يتفاكس يعني ما عنديش مشكلة.मैं मैंالرابط تقريباً لا ما كان يشربNice.哎喂。لا لا لا لا أنا لا لا أنا التعلم هواية بس كده عادي لا ما فيش مكسب للعمل ولا أي لا لا كده بس تعلم للمحادثات فقط.أي، بارك الله فيك.Okay.أي إيه؟ ما فيش ما فيش ما فيش.तब मैं आशी आई होगा गत मेरे साथOkay.Montage.ماشي حاضر الله يسعدك يا أخي خلاص بعدين أبادل للباقات ونشوف أخباره وإن شاء الله نتواصل.हाँ धन्यवादما شاء الله ما شاء الله الله يحفظك. 嗯。 عليكم السلام. حياك الله يا أختي، مرحبا. 哎嘿。 طيب دقيقة بس أختي هو إن شاء الله حتى أعتقد هو يكون الرسوم حقه فيها رسوم أو إيش المعرف عن البرنامج الله يسعدك. ممتاز ممتاز. Yeah. Okay. Okay. Eh. طيب هو يكون يوميا حصة واحدة ولا أكثر من حصة في اليوم الواحد؟ maraming pesos, 'yung ano. ما في مشكلة ممتاز أنا بجرب اليوم تجربة أنا الحمد لله أنا متخرج من المدرسة أقدر أتكلم بس أنا أحب أتعلم أكثر يعني أعرف الحروف وأعرف أتكلم مع جد أعرف أقرأ لكن مو بالطلاقة. Hmm. إحسان أحمد. اثنين وثلاثين. لا لا لا جنسية أخرى أفغاني. yang. لا لا أنا مولود هنا أنا عملي هنا في السعودية أنا مقيم إيه لا لا مش معايا جنسية أنا معايا هوية مقيمة مقيمة أنا في السعودية أموري تمام ما فيش أي حاجة بس أنا عاوز أتعلم اللغة يعني أنا متخرج من الثانوية أخرج أنا ثانوية بس دلوقتي أنا عاوزة أتعلم أكثر وأكثر بالكلام لكن أوكي بالأحرف أنا أعرف أقرأ يعني أعرف اللغات الأسماء البسيطة أعرف أكتب الكلمات الجمل لكن عاوزة يعني أتعلم أكثر بالكلام بالكتابة يعني مثلا أروح مكان يعني مش عارف أقرأ كامل يعني لازم أحط اللي هو بتاع الترجمة أكتب بالعربي عشان أشوف الإجابة إيه. فأنا شفت البرنامج ده عن طريق الفيسبوك فعجبني وقلت خليني أجرب بس أنا مش كان مكتوب بيانات كامل بالواتس قلت له خلاص كده تمام هيكون مثلا كم عيسى وتبعت لي كل التفاصيل في الواتساب أشوف أنا أختار لي الباقي اللي أنا عاوز فيها ولمدة كم ولمدة سنة ولا ستة شهور زي كده. नाश माँ शांति Uh huh. นั้น ममता m'a fait. لا لا ما يلحق ويا عادي بس أنا خلي الأستاذ يشوف لي ويعطيني المهارة بيقول لكم إيه أنا من دحين بقول لك يعني أنا مش فاهم أكثر أنا أعرف أعرف الحروف أعرف أقسم الاسم مثلا حاجات خفيفة اللي ده اللي أنا أعرفهم لكن أكثر لا مش عارف. فخليه يشوف من الصد مع التجربة نشوف إذا هو عايز يختار الحسبة يعطاها بثمرة أو يتفاكس يعني ما عنديش مشكلة. मैं मैं الرابط تقريباً لا ما كان يشرب Nice. 哎喂。 لا لا لا لا أنا لا لا أنا التعلم هواية بس كده عادي لا ما فيش مكسب للعمل ولا أي لا لا كده بس تعلم للمحادثات فقط. أي، بارك الله فيك. أي إيه؟ ما فيش ما فيش ما فيش. तब मैं आशी आई होगा गत मेरे साथ Montage. ماشي حاضر الله يسعدك يا أخي خلاص بعدين أبادل للباقات ونشوف أخباره وإن شاء الله نتواصل. हाँ धन्यवाद ما شاء الله ما شاء الله الله يحفظك.",bad_asr,ASR_LOW_QUALITY,f668abae-8bd9-4b3f-ba68-3f4665f4d5a1,qwen3-asr-flash-filetrans,2026-04-26 00:38:14,good_need,unknown,normal,no_issue,rebook_trial,المتصل يرغب في تجربة مجانية اليوم لتقييم البرنامج والتحقق من جودة التعليم قبل اتخاذ قرار الشراء، وطلب إرسال تفاصيل الباقات والأسعار عبر الواتساب.
ebeb08954aa4e488cc0d9770e07fa2da,voice_599284597,599284597,62979787,EGCC-tasneemmahmoud,2311(Maqsam),2026-04-22 00:34:32,双方接通,unknown,0.1,المكالمة تحتوي على كلام متقطع وغير مفهوم بلغات متعددة ولا يوجد تفاعل واضح.,unknown,,,,,,,,,,,,,,unknown,,none,,,,,,,,,,success,,,,2026-04-26 00:31:05,2026-04-26 00:38:27,http://pd-fscall-record.oss-cn-hongkong.aliyuncs.com/2026-04-22/maqsam-TasneemMahmoud.298290207.mp3?OSSAccessKeyId=LTAI5t8sBUhKT5YzXBHvmGGq&Expires=1777141813&Signature=JeF62AfVLJMWgU2uLVN3RWpUcSs%3D,http://pd-fscall-record.oss-cn-hongkong.aliyuncs.com/2026-04-22/maqsam-TasneemMahmoud.298290207.mp3?OSSAccessKeyId=LTAI5t8sBUhKT5YzXBHvmGGq&Expires=1777141813&Signature=JeF62AfVLJMWgU2uLVN3RWpUcSs%3D,sales-engine/recordings/2026-04-22/user_62979787__voice_599284597.mp3,https://sales-engine-audio.oss-cn-hongkong.aliyuncs.com/sales-engine/recordings/2026-04-22/user_62979787__voice_599284597.mp3?OSSAccessKeyId=LTAI5t6Jd8PozcNwqEKaFS1q&Expires=1777142311&Signature=HmwtpZNEUN7UGgbE8W773Ym7jNI%3D,Hello.I.أيوة ما حدش أيوة أيوة.嗯，对。Hey you.Também mexe.también misThe information.también misai eu me chuto heinلا بفتح العيبات.Hmm.Tout mais. Toi.Massive. Hello. I. أيوة ما حدش أيوة أيوة. 嗯，对。 Hey you. Também mexe. también mis The information. ai eu me chuto hein لا بفتح العيبات. Hmm. Tout mais. Toi. Massive.,bad_asr,ASR_LOW_QUALITY,4d918620-7abc-423d-9951-683ed8d5d1d2,qwen3-asr-flash-filetrans,2026-04-26 00:38:41,invalid_or_noise,unknown,no_real_conversation,no_issue,no_task,المكالمة تتضمن كلامًا غير مترابط بلغات مختلفة ولا يوجد محتوى يمكن تحليله.
895fa62dffc694d8577b8d870bd1058f,voice_599285118,599285118,62971764,EGCC-tasneemmahmoud,2311(Maqsam),2026-04-22 00:37:58,双方接通,unknown,0.1,المكالمة تحتوي على جمل غير مترابطة ومختلطة بعدة لغات (عربي، إسباني، ياباني). لا يمكن فهم سياقها أو الغرض منها.,unknown,,,,,,,,,,,,,,unknown,,unknown,,,,,,,,,,success,,,,2026-04-26 00:31:05,2026-04-26 00:39:44,http://pd-fscall-record.oss-cn-hongkong.aliyuncs.com/2026-04-22/maqsam-TasneemMahmoud.298291121.mp3?OSSAccessKeyId=LTAI5t8sBUhKT5YzXBHvmGGq&Expires=1777141813&Signature=9JppX%2FPb8xhD%2BVgavjil9I7zr1U%3D,http://pd-fscall-record.oss-cn-hongkong.aliyuncs.com/2026-04-22/maqsam-TasneemMahmoud.298291121.mp3?OSSAccessKeyId=LTAI5t8sBUhKT5YzXBHvmGGq&Expires=1777141813&Signature=9JppX%2FPb8xhD%2BVgavjil9I7zr1U%3D,sales-engine/recordings/2026-04-22/user_62971764__voice_599285118.mp3,https://sales-engine-audio.oss-cn-hongkong.aliyuncs.com/sales-engine/recordings/2026-04-22/user_62971764__voice_599285118.mp3?OSSAccessKeyId=LTAI5t6Jd8PozcNwqEKaFS1q&Expires=1777142387&Signature=mwmcKgUGHhlOnVM/jGCGMMWoYkY%3D,"Ahora.إن شاء الله طيب.真的。الرابطة خش منحص دوام الرابطة ها؟تمام يعني الغراب غير حقنا.出ます出ます。¡qué más, qué más, puesOh. Ahora. إن شاء الله طيب. 真的。 الرابطة خش منحص دوام الرابطة ها؟ تمام يعني الغراب غير حقنا. 出ます出ます。 ¡qué más, qué más, pues Oh.",bad_asr,ASR_LOW_QUALITY,c256c431-ce18-47b7-9c53-0f7c7105c0d4,qwen3-asr-flash-filetrans,2026-04-26 00:39:54,invalid_or_noise,unknown,no_real_conversation,unknown,no_task,المكالمة تتضمن كلمات وجمل بعدة لغات (عربي، إسباني، ياباني) وهي غير مترابطة وغير مفهومة. لا يوجد سياق واضح لمكالمة مبيعات أو محادثة حقيقية.
d4718f5b71f70a4b9a2ad5a463e0bcf2,voice_599285235,599285235,62985532,EGCC-fatmamohamed,2310(Maqsam),2026-04-22 00:39:38,双方接通,unknown,0.6,العميلة تتصل للاستفسار عن بدء تعلم اللغة الإنجليزية، وتوضح أنها لا تعرف شيئًا بعد وتريد البدء في التعلم. تم جمع بعض المعلومات الشخصية منها.,high,,,,,,,,,,,,,,high,,none,,,,,,,,,,success,,,,2026-04-26 00:31:05,2026-04-26 00:39:54,http://pd-fscall-record.oss-cn-hongkong.aliyuncs.com/2026-04-22/maqsam-FatmaMohamed.298291533.mp3?OSSAccessKeyId=LTAI5t8sBUhKT5YzXBHvmGGq&Expires=1777141812&Signature=UvfAuA%2BiXiYsMVCphbHQUM194uM%3D,http://pd-fscall-record.oss-cn-hongkong.aliyuncs.com/2026-04-22/maqsam-FatmaMohamed.298291533.mp3?OSSAccessKeyId=LTAI5t8sBUhKT5YzXBHvmGGq&Expires=1777141812&Signature=UvfAuA%2BiXiYsMVCphbHQUM194uM%3D,sales-engine/recordings/2026-04-22/user_62985532__voice_599285235.mp3,https://sales-engine-audio.oss-cn-hongkong.aliyuncs.com/sales-engine/recordings/2026-04-22/user_62985532__voice_599285235.mp3?OSSAccessKeyId=LTAI5t6Jd8PozcNwqEKaFS1q&Expires=1777142398&Signature=TIgjISAFCCvqvJ3iybMrBRbBlbw%3D,"Hello.Where they go.Sir.طيب، نسينا تعلم.You can at all.See you.أيوه الجهل بسمعة على كفه تقل.Play mashi.Yes, we use it.ياسمين يوسف محمد يوسف محمد.إيه لا أنا بنت لا ياسمين يوسف محمد.Ivana.لا لا لا تسمعني اسمح لكعام ألفين وثمانية عشر.ما بعرف أبقى متذبحين.إيه وبس عارفة الحروف.Yes.¿la lista? ¡ ahí va!Yes. Please.لسا لا أنا لسا ما بعرف أبى دحين أبدأها أتعلم عندكم طيب دحين بتقول بشوفها طيب ماشي.Then, sleep.ऐश नहीं बात ठीक है। चार पाँच नौ यही बत्तर ले आई चार पाँच छः सात। चार आठ छः सात।تلاتة صفر؟أيوة سبعة واحد.ستة أخم ساربعةYeah, come on with it.لا أمي أيوة صح أيه حلوة الدرجة.Mushy.¿Sí? ¿Sí? ¿A huevo?puesBye.ya ves con Belinda o al.طيب. تمام.Is Greece here?أنا أيوه أنا أنا هذا في أبغى أتكلم مع ناس أبغى أفهمها أبغى أقرأها أبغى أتكلمها.Eh.Okay.I got to the key down.Is.Can you hear? Please. Please, Mashal. Please, come on.I see that. Hello. Where they go. Sir. طيب، نسينا تعلم. You can at all. See you. أيوه الجهل بسمعة على كفه تقل. Play mashi. Yes, we use it. ياسمين يوسف محمد يوسف محمد. إيه لا أنا بنت لا ياسمين يوسف محمد. Ivana. لا لا لا تسمعني اسمح لك عام ألفين وثمانية عشر. ما بعرف أبقى متذبحين. إيه وبس عارفة الحروف. Yes. ¿la lista? ¡ ahí va! Yes. Please. لسا لا أنا لسا ما بعرف أبى دحين أبدأها أتعلم عندكم طيب دحين بتقول بشوفها طيب ماشي. Then, sleep. ऐश नहीं बात ठीक है। चार पाँच नौ यही बत्तर ले आई चार पाँच छः सात। चार आठ छः सात। تلاتة صفر؟ أيوة سبعة واحد. ستة أخم ساربعة Yeah, come on with it. لا أمي أيوة صح أيه حلوة الدرجة. Mushy. ¿Sí? ¿Sí? ¿A huevo? pues Bye. ya ves con Belinda o al. طيب. تمام. Is Greece here? أنا أيوه أنا أنا هذا في أبغى أتكلم مع ناس أبغى أفهمها أبغى أقرأها أبغى أتكلمها. Eh. Okay. I got to the key down. Is. Can you hear? Please. Please, Mashal. Please, come on. I see that.",bad_asr,ASR_LOW_QUALITY,4d2efb92-b5e3-453f-acc6-59b2fde7c35c,qwen3-asr-flash-filetrans,2026-04-26 00:40:18,good_need,unknown,no_real_conversation,no_issue,rebook_trial,العميلة أبدت رغبة قوية وواضحة في بدء تعلم اللغة الإنجليزية من الصفر وتطلب البدء الآن. تحتاج إلى توجيهها للخطوة التالية مثل حجز تجربة أو جلسة تعريفية قبل عملية الدفع المباشر، خصوصاً بعد إشارتها 'بشوفها'.
019bb74ae214e56c2579aa457aa0e65a,voice_599285690,599285690,62933928,EGCC-eman.amr,2289(Maqsam),2026-04-22 00:42:55,双方接通,post_class_followup,1.0,العميل استفاد من التجربة ويحتاج لمناقشة الأسعار مع الوالد ويطلب إرسالها عبر الواتساب ويتعهد بالرجوع للمتصلة غداً.,high,,,,,,,,,,,,,,high,,need_parent_approval,,,,,,,,,,success,,,,2026-04-26 00:31:05,2026-04-26 00:40:18,http://pd-fscall-record.oss-cn-hongkong.aliyuncs.com/2026-04-22/maqsam-Eman.Amr.298292394.mp3?OSSAccessKeyId=LTAI5t8sBUhKT5YzXBHvmGGq&Expires=1777141644&Signature=yjrc7x%2Bw00loYEa6U0BryPFDV%2F8%3D,http://pd-fscall-record.oss-cn-hongkong.aliyuncs.com/2026-04-22/maqsam-Eman.Amr.298292394.mp3?OSSAccessKeyId=LTAI5t8sBUhKT5YzXBHvmGGq&Expires=1777141644&Signature=yjrc7x%2Bw00loYEa6U0BryPFDV%2F8%3D,sales-engine/recordings/2026-04-22/user_62933928__voice_599285690.mp3,https://sales-engine-audio.oss-cn-hongkong.aliyuncs.com/sales-engine/recordings/2026-04-22/user_62933928__voice_599285690.mp3?OSSAccessKeyId=LTAI5t6Jd8PozcNwqEKaFS1q&Expires=1777142423&Signature=5YFtkyvRdLKstP1R9AKH38wWA5s%3D,"सलामPour sûr.सुन तू नाجدًا كويسة الحمد لله اكتفت منها.parfaitAh, it was she.Ah.Okay.बैठने लाश शालन करकेإن شاء الله، أي فهم فهم.Um.uh uh pardon.Ah ha.It.إن شاء الله بتكلم الوالد وأعرض لك.إن شاء الله بكرة.يعني بشوف أنا بها برجع أكلمك إن شاء الله.لا لا إن شاء الله بدري يعني على العصر أو الظهر بالكثير أنا رديت لكطيب أنتي تقدرين ترسلين الأسعار هذه اللي أنتي ذكرتيها لي الآن ااا واتساب؟Hmm.أمم إن شاء الله بفيد نفسي وبفيد الجميع إن شاء الله.Perfect.Okay.Sache.يا في كلام في مفترقينNot nice. सलाम Pour sûr. सुन तू ना جدًا كويسة الحمد لله اكتفت منها. parfait Ah, it was she. Ah. Okay. बैठने लाश शालन करके إن شاء الله، أي فهم فهم. Um. uh uh pardon. Ah ha. It. إن شاء الله بتكلم الوالد وأعرض لك. إن شاء الله بكرة. يعني بشوف أنا بها برجع أكلمك إن شاء الله. لا لا إن شاء الله بدري يعني على العصر أو الظهر بالكثير أنا رديت لك طيب أنتي تقدرين ترسلين الأسعار هذه اللي أنتي ذكرتيها لي الآن ااا واتساب؟ Hmm. أمم إن شاء الله بفيد نفسي وبفيد الجميع إن شاء الله. Perfect. Sache. يا في كلام في مفترقين Not nice.",bad_asr,ASR_LOW_QUALITY,e3b19409-eec8-4d25-9809-7b605ee4873d,qwen3-asr-flash-filetrans,2026-04-26 00:40:36,good_need,satisfied,normal,no_issue,close_payment,العميل استفاد من التجربة ويطلب إرسال الأسعار لمناقشتها مع الوالد قبل اتخاذ قرار الشراء.
9ccb86a48523971dab226a09d570d0df,voice_599285779,599285779,62986235,EGCC-maiwaheed,2313(Maqsam),2026-04-22 00:42:53,双方接通,pre_class_confirm,0.9,قام العميل بتحميل رابط الواتساب وأكد هويته ومستواه (أقل من مبتدئ). استفسر عن نوع الحصة (فردية/جماعية) وصرح برغبته في أن يكون التدريس باللغة العربية بسبب عدم معرفته بالإنجليزية. تم تأكيد موعد الحصة ليوم غد الساعة الواحدة ظهراً، وذكر العميل دافعه للحصول على منحة دراسية. استفسر أيضاً عن جنسية التطبيق.,high,,,,,,,,,,,,,,medium,,low_interest,,,,,,,,,,success,,,,2026-04-26 00:31:05,2026-04-26 00:41:01,http://pd-fscall-record.oss-cn-hongkong.aliyuncs.com/2026-04-22/maqsam-MaiWaheed.298292382.mp3?OSSAccessKeyId=LTAI5t8sBUhKT5YzXBHvmGGq&Expires=1777141812&Signature=oYwy5j5pFtA7w%2F4jgEaEkwtJ7HI%3D,http://pd-fscall-record.oss-cn-hongkong.aliyuncs.com/2026-04-22/maqsam-MaiWaheed.298292382.mp3?OSSAccessKeyId=LTAI5t8sBUhKT5YzXBHvmGGq&Expires=1777141812&Signature=oYwy5j5pFtA7w%2F4jgEaEkwtJ7HI%3D,sales-engine/recordings/2026-04-22/user_62986235__voice_599285779.mp3,https://sales-engine-audio.oss-cn-hongkong.aliyuncs.com/sales-engine/recordings/2026-04-22/user_62986235__voice_599285779.mp3?OSSAccessKeyId=LTAI5t6Jd8PozcNwqEKaFS1q&Expires=1777142465&Signature=giBYpQmfEdh70NcuzrmCZQoRagE%3D,"السلام عليكم. السلام والرحمة. إيه صوب. صح إن شاء الله، إجني رابط على الواتساب. إيوه حملته.محمد الزرقطاني عمري تسعتاشر. إيه نعم. أقل أقل من مبتدئ. لا ما سمعت كويس والله.لا والله كده ما أسمع كويس، وضح الصوت شوية.أنا حاب إيش؟هي جماعية ولا فردية راح تكون؟لا والله حاب يكون يعني عربي يعني لأن أنا ما أعرف ما أعرف ما أعرف أي شيء هذه مرة رائعة.But oh.إذا أنها محجوزة ببيت عقيل أو بيت غيرين.طيب أوكي أو نفس الوقت.تمام ااا بسألك سؤال التطبيق هذا سعودي؟Hmm. Um. And bye.ممتاز ااا طيب حاب يكون عربي؟الا اليوم متى يعني يكون؟لا والله إني أنا دحين في دوام مطرة إلا الساعة اثناعشر.آمين آمين إيه بكرة نفس الوقت يعني الساعة واحدة الظهر ممتاز.Why.والله إني أحاول أخذ هنا أساسيات لأني أحاول إني أطلع بعثة وقاعد أحاول إني يعني عارف أقل شيء أخذ لي يمكن كذا شهرين كذا تعليم وكذا. أمم.放假呢放假呢。إنتاج مالي ومسموع.Hmm.Um.آي باد آي باد آي باد هو راح يكون عن طريق التطبيقeuh, montasse, montasse, montasse.Nove meses, Cláudio.嗯，打字。أيوه ممتاز المكالمة يعني بس ما يطلع عليها إلا أنا والمدرس بس.Montage, montage, montage.لا والله عن طريق التكتك.Um. Talk.You see.蒙自。Uh huh.Mon temps.لا والله تكمل عافية بكرة إن شاء الله يعني كان إذا كان عندي أي شيء بقدر أتكلم إن شاء الله.Montage.हाँ वर हाँ वर शुक्र है।Aijitä, voi laittaa kääntäjän. Yes. السلام عليكم. السلام والرحمة. إيه صوب. صح إن شاء الله، إجني رابط على الواتساب. إيوه حملته. محمد الزرقطاني عمري تسعتاشر. إيه نعم. أقل أقل من مبتدئ. لا ما سمعت كويس والله. لا والله كده ما أسمع كويس، وضح الصوت شوية. أنا حاب إيش؟ هي جماعية ولا فردية راح تكون؟ لا والله حاب يكون يعني عربي يعني لأن أنا ما أعرف ما أعرف ما أعرف أي شيء هذه مرة رائعة. But oh. إذا أنها محجوزة ببيت عقيل أو بيت غيرين. طيب أوكي أو نفس الوقت. تمام ااا بسألك سؤال التطبيق هذا سعودي؟ Hmm. Um. And bye. ممتاز ااا طيب حاب يكون عربي؟ الا اليوم متى يعني يكون؟ لا والله إني أنا دحين في دوام مطرة إلا الساعة اثناعشر. آمين آمين إيه بكرة نفس الوقت يعني الساعة واحدة الظهر ممتاز. Why. والله إني أحاول أخذ هنا أساسيات لأني أحاول إني أطلع بعثة وقاعد أحاول إني يعني عارف أقل شيء أخذ لي يمكن كذا شهرين كذا تعليم وكذا. أمم. 放假呢放假呢。 إنتاج مالي ومسموع. Hmm. Um. آي باد آي باد آي باد هو راح يكون عن طريق التطبيق euh, montasse, montasse, montasse. Nove meses, Cláudio. 嗯，打字。 أيوه ممتاز المكالمة يعني بس ما يطلع عليها إلا أنا والمدرس بس. Montage, montage, montage. لا والله عن طريق التكتك. Um. Talk. You see. 蒙自。 Uh huh. Mon temps. لا والله تكمل عافية بكرة إن شاء الله يعني كان إذا كان عندي أي شيء بقدر أتكلم إن شاء الله. Montage. हाँ वर हाँ वर शुक्र है। Aijitä, voi laittaa kääntäjän. Yes.",bad_asr,ASR_LOW_QUALITY,74c0d2fe-d5dd-4b34-b3ab-28cda09ba874,qwen3-asr-flash-filetrans,2026-04-26 00:41:26,good_need,unknown,normal,no_issue,manager_review,العميل قام بتنزيل رابط الحصة ووافق على موعدها غداً، مما يدل على نية الحضور. لديه دافع قوي (الحصول على منحة دراسية) مما يجعل جودة العميل جيدة، ولكن رغبته الصريحة في أن تكون لغة التدريس هي العربية لدورة إنجليزية تمثل اعتراضاً رئيسياً وقد يدل على سوء فهم أو عدم اهتمام بالدراسة بالإنجليزية مباشرة. هذا يتطلب مراجعة من المدير لتحديد مدى ملاءمة الدورة أو الحاجة إلى توضيح.
2e63886a23feaac8de2705a9a9b470ec,voice_599286300,599286300,62971764,EGCC-tasneemmahmoud,2311(Maqsam),2026-04-22 00:49:50,双方接通,unknown,0.1,المكالمة تتضمن تكراراً طويلاً لكلمة 'أَشْشَا' وكلمات غير عربية، ولا تحتوي على أي حوار مفهوم.,unknown,,,,,,,,,,,,,,unknown,,unknown,,,,,,,,,,success,,,,2026-04-26 00:31:05,2026-04-26 00:41:41,http://pd-fscall-record.oss-cn-hongkong.aliyuncs.com/2026-04-22/maqsam-TasneemMahmoud.298294137.mp3?OSSAccessKeyId=LTAI5t8sBUhKT5YzXBHvmGGq&Expires=1777141810&Signature=qVaJMuB0pOkG94ru3qLdNKL5aWA%3D,http://pd-fscall-record.oss-cn-hongkong.aliyuncs.com/2026-04-22/maqsam-TasneemMahmoud.298294137.mp3?OSSAccessKeyId=LTAI5t8sBUhKT5YzXBHvmGGq&Expires=1777141810&Signature=qVaJMuB0pOkG94ru3qLdNKL5aWA%3D,sales-engine/recordings/2026-04-22/user_62971764__voice_599286300.mp3,https://sales-engine-audio.oss-cn-hongkong.aliyuncs.com/sales-engine/recordings/2026-04-22/user_62971764__voice_599286300.mp3?OSSAccessKeyId=LTAI5t6Jd8PozcNwqEKaFS1q&Expires=1777142505&Signature=hkcoIJUH%2BZl4eU7T4F3j3%2BcO%2Bl8%3D,"हेलो अच्छा अच्छा अच्छा अच्छा अच्छा अच्छा अच्छा अच्छा अच्छा अच्छा अच्छा अच्छा अच्छा अच्छा अच्छा अच्छा अच्छा अच्छा अच्छा अच्छा这么。son, puesComment ça因為我都。 हेलो अच्छा अच्छा अच्छा अच्छा अच्छा अच्छा अच्छा अच्छा अच्छा अच्छा अच्छा अच्छा अच्छा अच्छा अच्छा अच्छा अच्छा अच्छा अच्छा अच्छा 这么。 son, pues Comment ça 因為我都。",bad_asr,ASR_LOW_QUALITY,89948dc2-6208-4d51-b6ba-e9f90af1975e,qwen3-asr-flash-filetrans,2026-04-26 00:41:57,invalid_or_noise,unknown,no_real_conversation,unknown,no_task,المحتوى غير مفهوم ويحتوي على تكرار وكلمات بلغات مختلفة (هندية/فرنسية/إسبانية)، ولا يمثل مكالمة مبيعات باللغة العربية السعودية.
873a7ef5f54ade473b0dbb1bfbed0507,voice_599287067,599287067,62980555,EGCC-maiwaheed,2313(Maqsam),2026-04-22 00:51:29,双方接通,duplicate_or_wrong,0.7,المتصل يعرّف بنفسه كفيصل، طالب ثانوي وعمره 16 عامًا. ثم يتحدث عن مواضيع غير ذات صلة مثل 'درجة الحروق' ويوجد كلام غير مفهوم بلغات أخرى.,unknown,,,,,,,,,,,,,,unknown,,none,,,,,,,,,,success,,,,2026-04-26 00:31:05,2026-04-26 00:41:57,http://pd-fscall-record.oss-cn-hongkong.aliyuncs.com/2026-04-22/maqsam-MaiWaheed.298294565.mp3?OSSAccessKeyId=LTAI5t8sBUhKT5YzXBHvmGGq&Expires=1777141810&Signature=4Bm6XZ41cThU0xQbTC9CPnxJqQQ%3D,http://pd-fscall-record.oss-cn-hongkong.aliyuncs.com/2026-04-22/maqsam-MaiWaheed.298294565.mp3?OSSAccessKeyId=LTAI5t8sBUhKT5YzXBHvmGGq&Expires=1777141810&Signature=4Bm6XZ41cThU0xQbTC9CPnxJqQQ%3D,sales-engine/recordings/2026-04-22/user_62980555__voice_599287067.mp3,https://sales-engine-audio.oss-cn-hongkong.aliyuncs.com/sales-engine/recordings/2026-04-22/user_62980555__voice_599287067.mp3?OSSAccessKeyId=LTAI5t6Jd8PozcNwqEKaFS1q&Expires=1777142521&Signature=FH5ilUsdpp3sd9Dkh1Io1JwG%2BiM%3D,Alors.سلام الرحمة.¿Ah? ¡Ahí va!إيه إيه أنا فاهم المواقف.لا والله مو معايا.اسمي فيصل وعمري ستاش.لا أنا ثانوي. الزيرو.عن درجة الحروق.这么。有啊。这么。他了。啊。 Alors. سلام الرحمة. ¿Ah? ¡Ahí va! إيه إيه أنا فاهم المواقف. لا والله مو معايا. اسمي فيصل وعمري ستاش. لا أنا ثانوي. الزيرو. عن درجة الحروق. 这么。 有啊。 他了。 啊。,bad_asr,ASR_LOW_QUALITY,77c6b707-969f-46b0-965d-9792a8fa126f,qwen3-asr-flash-filetrans,2026-04-26 00:42:12,wrong_number,unknown,no_real_conversation,unknown,manager_review,المكالمة تحتوي على معلومات غير ذات صلة تمامًا بالمنتج (دورة اللغة الإنجليزية) مثل الحديث عن 'درجة الحروق' ووجود كلمات بلغات أجنبية أخرى. يبدو أن المتصل ليس هو الشخص المستهدف أو أن التسجيل مشوه بشدة.
6da28fc2e14e6471a56be2d77edf8f62,voice_599287119,599287119,62979599,EGCC-eman.amr,2289(Maqsam),2026-04-22 00:51:41,双方接通,duplicate_or_wrong,0.4,المتصل ذكر أن الاسم خاطئ، وطلب سعرًا أرخص، ثم أنهى المكالمة بحجة الانشغال.,unknown,,,,,,,,,,,,,,low,,price,,,,,,,,,,success,,,,2026-04-26 00:31:05,2026-04-26 00:42:33,http://pd-fscall-record.oss-cn-hongkong.aliyuncs.com/2026-04-22/maqsam-Eman.Amr.298294608.mp3?OSSAccessKeyId=LTAI5t8sBUhKT5YzXBHvmGGq&Expires=1777141643&Signature=ors%2Batp7kl5qpMzfTW2gVA6Nx1E%3D,http://pd-fscall-record.oss-cn-hongkong.aliyuncs.com/2026-04-22/maqsam-Eman.Amr.298294608.mp3?OSSAccessKeyId=LTAI5t8sBUhKT5YzXBHvmGGq&Expires=1777141643&Signature=ors%2Batp7kl5qpMzfTW2gVA6Nx1E%3D,sales-engine/recordings/2026-04-22/user_62979599__voice_599287119.mp3,https://sales-engine-audio.oss-cn-hongkong.aliyuncs.com/sales-engine/recordings/2026-04-22/user_62979599__voice_599287119.mp3?OSSAccessKeyId=LTAI5t6Jd8PozcNwqEKaFS1q&Expires=1777142558&Signature=c9d00DwaYRdKYNZo2IyUY0yPohI%3D,"Hmm.빨리끝났다.Wenn系咯。系咯。الاسم غلطأرخص، ممتاز.la sabes, sabes. eh.له تقريبا صفر어.Es la.嗯。嗯，先聊。ये खेल हैe lo loSí.आया था आया थाJa.Yes.Uh huh.Oh.Um.¿cómoSí, es así.That's killing me.síJa.Oh.Hmm.हाँ सलाम शुक्राumJa.ห้องมันแชร์เหรอคะYeah.mhmहाँmuss sperreأنت لو سمحتي ما يشتكري لي في البعد لأن الحين انشغلت شوي.ehClaro, claro.تمام شكراً. Hmm. 빨리끝났다. Wenn 系咯。 الاسم غلط أرخص، ممتاز. la sabes, sabes. eh. له تقريبا صفر 어. Es la. 嗯。 嗯，先聊。 ये खेल है e lo lo Sí. आया था आया था Ja. Yes. Uh huh. Oh. Um. ¿cómo Sí, es así. That's killing me. sí हाँ सलाम शुक्रा um ห้องมันแชร์เหรอคะ Yeah. mhm हाँ muss sperre أنت لو سمحتي ما يشتكري لي في البعد لأن الحين انشغلت شوي. eh Claro, claro. تمام شكراً.",bad_asr,ASR_LOW_QUALITY,b379ce28-bd5a-457c-a283-9042addc4b38,qwen3-asr-flash-filetrans,2026-04-26 00:43:00,wrong_number,unknown,no_real_conversation,unknown,no_task,المكالمة مشوشة بلغات متعددة. المتصل أشار إلى أن الاسم خاطئ وذكر أنه مشغول، ولم يتم نقاش أي تفاصيل عن الدورة.
51099109fbc2cc370e36857a9e6c80ba,voice_599287516,599287516,62808618,51nadamuhammad,2245(Maqsam),2026-04-22 00:56:01,双方接通,post_class_failed,1.0,يتصل الوكيل بخصوص حصة تجريبية مجانية، والعميل يذكر عدم علمه بحصة تجريبية ثانية ويرفض الاشتراك في النهاية.,low,,,,,,,,,,,,,,none,,none,,,,,,,,,,success,,,,2026-04-26 00:31:05,2026-04-26 00:43:00,http://pd-fscall-record.oss-cn-hongkong.aliyuncs.com/2026-04-22/maqsam-NadaMuhammad.298295588.mp3?OSSAccessKeyId=LTAI5t8sBUhKT5YzXBHvmGGq&Expires=1777141809&Signature=UK6MXnVLLrIa9GNTZ4eoejhoG9w%3D,http://pd-fscall-record.oss-cn-hongkong.aliyuncs.com/2026-04-22/maqsam-NadaMuhammad.298295588.mp3?OSSAccessKeyId=LTAI5t8sBUhKT5YzXBHvmGGq&Expires=1777141809&Signature=UK6MXnVLLrIa9GNTZ4eoejhoG9w%3D,sales-engine/recordings/2026-04-22/user_62808618__voice_599287516.mp3,https://sales-engine-audio.oss-cn-hongkong.aliyuncs.com/sales-engine/recordings/2026-04-22/user_62808618__voice_599287516.mp3?OSSAccessKeyId=LTAI5t6Jd8PozcNwqEKaFS1q&Expires=1777142584&Signature=XMJ78Alej2kj5ATNoD98cN99gck%3D,Allô? Alors.Etinaمرحبا.Et.Et toiأختي بس بس طيب شوي.أيوه بس ااا أجرت سولي إنه في حصة تجريبية ثانية ما نعرف.¿Qué?يعني.مظبوط.لا لا أجنبية.Ja.It.أيوة بس أنت عارف شو شو إيه نلعنا.أظن تأثرت شو لأنه في تدريب أظن تأثر لأنه في تدريبية مناع زيش.بس أنت أرسلت أنت أرسلت لي رسالة.رسالة تقول.أنه في خذ لك جلسة مجانية.哎喂喂喂。Έτσι έμαθε να διαστρέφει.أحول الطازة يعني.لا لا يعطيك شلاية يا أخي.ته ويعطيك العافية، لا ما لي حابة أشتركهم.הנה מה שברצוננו להסביר. Allô? Alors. Etina مرحبا. Et. Et toi أختي بس بس طيب شوي. أيوه بس ااا أجرت سولي إنه في حصة تجريبية ثانية ما نعرف. ¿Qué? يعني. مظبوط. لا لا أجنبية. Ja. It. أيوة بس أنت عارف شو شو إيه نلعنا. أظن تأثرت شو لأنه في تدريب أظن تأثر لأنه في تدريبية مناع زيش. بس أنت أرسلت أنت أرسلت لي رسالة. رسالة تقول. أنه في خذ لك جلسة مجانية. 哎喂喂喂。 Έτσι έμαθε να διαστρέφει. أحول الطازة يعني. لا لا يعطيك شلاية يا أخي. ته ويعطيك العافية، لا ما لي حابة أشتركهم. הנה מה שברצוננו להסביר.,bad_asr,ASR_LOW_QUALITY,63ff81cd-30d6-4660-997a-59842cf45919,qwen3-asr-flash-filetrans,2026-04-26 00:43:20,no_need,unknown,normal,no_preclass_confirmation,no_task,العميل رفض الاشتراك صراحةً، مع ذكر عدم علمها بوجود حصة تجريبية ثانية.
1625a91beef51d68a194cc6a12caa860,voice_599288481,599288481,62981587,EGCC-eman.amr,2289(Maqsam),2026-04-22 01:05:38,双方接通,unknown,0.0,المكالمة غير مفهومة وليست باللغة العربية السعودية؛ تبدو أنها تحتوي على مزيج من كلمات بلغات مختلفة وغير مترابطة.,unknown,,,,,,,,,,,,,,unknown,,unknown,,,,,,,,,,success,,,,2026-04-26 00:31:05,2026-04-26 00:44:33,http://pd-fscall-record.oss-cn-hongkong.aliyuncs.com/2026-04-22/maqsam-Eman.Amr.298297543.mp3?OSSAccessKeyId=LTAI5t8sBUhKT5YzXBHvmGGq&Expires=1777141643&Signature=Qi4eujNcyJ1bxK8iEU2LTzX%2B%2BYg%3D,http://pd-fscall-record.oss-cn-hongkong.aliyuncs.com/2026-04-22/maqsam-Eman.Amr.298297543.mp3?OSSAccessKeyId=LTAI5t8sBUhKT5YzXBHvmGGq&Expires=1777141643&Signature=Qi4eujNcyJ1bxK8iEU2LTzX%2B%2BYg%3D,sales-engine/recordings/2026-04-22/user_62981587__voice_599288481.mp3,https://sales-engine-audio.oss-cn-hongkong.aliyuncs.com/sales-engine/recordings/2026-04-22/user_62981587__voice_599288481.mp3?OSSAccessKeyId=LTAI5t6Jd8PozcNwqEKaFS1q&Expires=1777142676&Signature=k9SY2XXT5nJsZAh3mSCNPPjlSr0%3D,"Ai, kuusilehmä.Charla. Eh. ¿Eh o?समाप्त बैठने लगीचलो अच्छा Ai, kuusilehmä. Charla. Eh. ¿Eh o? समाप्त बैठने लगी चलो अच्छा",bad_asr,ASR_LOW_QUALITY,816a3089-76c7-4d3d-be07-72e8df5c9167,qwen3-asr-flash-filetrans,2026-04-26 00:44:43,invalid_or_noise,unknown,no_real_conversation,unknown,manager_review,المكالمة لا تحتوي على محتوى قابل للتحليل باللغة العربية السعودية، وتبدو أنها مزيج من لغات مختلفة (مثل الفنلندية والإسبانية والهندية) أو ضوضاء غير مفهومة.
fae1047ae0a8ff173a2a69292adfa7e4,voice_599290903,599290903,62987319,EGCC-fatmamohamed,2310(Maqsam),2026-04-22 01:21:09,双方接通,post_class_followup,0.7,مكالمة مبيعات. استفسار عن دورة إنجليزية لطفلة (8 سنوات) تعرف الحروف وبعض الكلمات. العميل يفضل معلمة عربية ونظام تعليم فردي ويسأل عن الخطوات التالية والمعلومات التي سيتم إرسالها.,high,,,,,,,,,,,,,,high,,none,,,,,,,,,,success,,,,2026-04-26 00:31:05,2026-04-26 00:45:04,http://pd-fscall-record.oss-cn-hongkong.aliyuncs.com/2026-04-22/maqsam-FatmaMohamed.298300507.mp3?OSSAccessKeyId=LTAI5t8sBUhKT5YzXBHvmGGq&Expires=1777141807&Signature=tUvBo9rnQXhcHgAbBMLiJySJ82g%3D,http://pd-fscall-record.oss-cn-hongkong.aliyuncs.com/2026-04-22/maqsam-FatmaMohamed.298300507.mp3?OSSAccessKeyId=LTAI5t8sBUhKT5YzXBHvmGGq&Expires=1777141807&Signature=tUvBo9rnQXhcHgAbBMLiJySJ82g%3D,sales-engine/recordings/2026-04-22/user_62987319__voice_599290903.mp3,https://sales-engine-audio.oss-cn-hongkong.aliyuncs.com/sales-engine/recordings/2026-04-22/user_62987319__voice_599290903.mp3?OSSAccessKeyId=LTAI5t6Jd8PozcNwqEKaFS1q&Expires=1777142708&Signature=6QjC1VgUoEIkybYf9m9KkTjeV8Y%3D,"أي أيوة لاريكس سلام.Are you up?المغرب صح؟ أيوة أيوة.¿Aló, Valeria?عمره ثمانية سنين العمر نوخYeah.嗯。ااا بنت أيوة.يعني تعرف الحروف وتعرف بعض الكلمات.أيوة بس لا الألوان يعني ما تعرفها مرة بس تعرف الحروف كلها وبعض الكلمات يعني.A位喲，嗰個。شوف هي يعني بحروف يعني يعنيها شوي متقطنة بس يعني أنا بس أعرف يعني تتكلم مع شخص أمامها وزي كدة فهمتي؟哎呦。Thank you.هي الحروف متقنتها مرة جدا.In your ear.أيوة صح والله.أيوة صح.誒聽話。لا ما إن شاء الله ما عندي مشكلة.أبي يكون عنده أساس قوي.io.أيوة والله صح.Um.嗯，下了不停掉。हैल्लोأيوة كيف يعني بتنرابط منظم إيديا ولا كيف؟أجن م يعني عادي أجنبية مثلاً.I.ااا خلاص تمام ما عندك إشكالية عادي لو كانت معربية.آه أيه أجل على كده خلاص نبي عربية.Yeah.تمام بإذن اللهSay it.كيف نظام التعليم؟Are you there?أيوة صحYeah.أيوة تمام حلو يعني أفضل إن تكوني وحدها.Um. Hello.I.تمام إن شاء الله.صحيح.Yeah.أيوه هذا رأي الجميع.تمام إيش اللي راح تبعتينAre you what?Hmm.تمام بإذن الله.لا ما عندي أي إختصار.ya, bapez ni lah.Hmm. أي أيوة لاريكس سلام. Are you up? المغرب صح؟ أيوة أيوة. ¿Aló, Valeria? عمره ثمانية سنين العمر نوخ Yeah. 嗯。 ااا بنت أيوة. يعني تعرف الحروف وتعرف بعض الكلمات. أيوة بس لا الألوان يعني ما تعرفها مرة بس تعرف الحروف كلها وبعض الكلمات يعني. A位喲，嗰個。 شوف هي يعني بحروف يعني يعنيها شوي متقطنة بس يعني أنا بس أعرف يعني تتكلم مع شخص أمامها وزي كدة فهمتي؟ 哎呦。 Thank you. هي الحروف متقنتها مرة جدا. In your ear. أيوة صح والله. أيوة صح. 誒聽話。 لا ما إن شاء الله ما عندي مشكلة. أبي يكون عنده أساس قوي. io. أيوة والله صح. Um. 嗯，下了不停掉。 हैल्लो أيوة كيف يعني بتنرابط منظم إيديا ولا كيف؟ أجن م يعني عادي أجنبية مثلاً. I. ااا خلاص تمام ما عندك إشكالية عادي لو كانت معربية. آه أيه أجل على كده خلاص نبي عربية. تمام بإذن الله Say it. كيف نظام التعليم؟ Are you there? أيوة صح أيوة تمام حلو يعني أفضل إن تكوني وحدها. Um. Hello. تمام إن شاء الله. صحيح. أيوه هذا رأي الجميع. تمام إيش اللي راح تبعتين Are you what? Hmm. تمام بإذن الله. لا ما عندي أي إختصار. ya, bapez ni lah.",bad_asr,ASR_LOW_QUALITY,fe905b93-e3e1-4cee-a119-a0da958da9e1,qwen3-asr-flash-filetrans,2026-04-26 00:45:26,good_need,unknown,normal,no_issue,rebook_trial,المكالمة هي متابعة لعميل محتمل يستفسر عن تفاصيل الدورة والخطوات التالية. العميل لديه احتياج واضح لطفلته البالغة 8 سنوات، ويسأل عن نظام التعليم ومعلمة تتحدث العربية وتفضل الحصص الفردية. لم يتم طرح أي اعتراضات رئيسية، بل أبدى اهتمامًا كبيرًا بطلب إرسال معلومات للمضي قدمًا، مما يشير إلى نية عالية للحضور والشراء. الإجراء التالي هو حجز درس تجريبي أو توجيه العميل نحو الدفع بعد إرسال المعلومات المطلوبة.
3b7e23172299a02fe70ffe338da106e3,voice_599291517,599291517,62980555,EGCC-maiwaheed,2313(Maqsam),2026-04-22 01:24:58,双方接通,in_class_support,1.0,المتصل يعبر عن رغبته في الدخول إلى الصف/الدرس الآن.,high,,,,,,,,,,,,,,unknown,,none,,,,,,,,,,success,,,,2026-04-26 00:31:05,2026-04-26 00:45:26,http://pd-fscall-record.oss-cn-hongkong.aliyuncs.com/2026-04-22/maqsam-MaiWaheed.298301310.mp3?OSSAccessKeyId=LTAI5t8sBUhKT5YzXBHvmGGq&Expires=1777141807&Signature=iV1WCRCk18GmLGTnqmOqMsuolcY%3D,http://pd-fscall-record.oss-cn-hongkong.aliyuncs.com/2026-04-22/maqsam-MaiWaheed.298301310.mp3?OSSAccessKeyId=LTAI5t8sBUhKT5YzXBHvmGGq&Expires=1777141807&Signature=iV1WCRCk18GmLGTnqmOqMsuolcY%3D,sales-engine/recordings/2026-04-22/user_62980555__voice_599291517.mp3,https://sales-engine-audio.oss-cn-hongkong.aliyuncs.com/sales-engine/recordings/2026-04-22/user_62980555__voice_599291517.mp3?OSSAccessKeyId=LTAI5t6Jd8PozcNwqEKaFS1q&Expires=1777142729&Signature=bvQ9n1QLZgqNzUikXQkqVKcBL%2BM%3D,سلام الرحمة.啊？يا الله حلوالحين أبى أدخل.嗯。 سلام الرحمة. 啊？ يا الله حلو الحين أبى أدخل. 嗯。,bad_asr,ASR_LOW_QUALITY,07a93fb4-ad45-44e0-97a1-3a5252350040,qwen3-asr-flash-filetrans,2026-04-26 00:45:35,unknown,unknown,normal,no_issue,no_task,المتصل يقول 'الحين أبى أدخل' مما يدل على محاولته الانضمام إلى حصة أو درس.
9ba34090026cdc6ac855df99a0b6f92b,voice_599292582,599292582,62371490,EGCC-maiwaheed,2313(Maqsam),2026-04-22 01:35:58,双方接通,post_class_followup,0.9,العميل يرغب بتجديد الاشتراك والانتقال للمستوى التالي ولكن يؤجل الدفع والإشتراك إلى فترة الإجازة الصيفية (يونيو/يوليو) لتوفر الأب للدفع. كما يذكر أنه لا يحضر بعض الحصص مع المدرس لتجنب توتر الطفل.,high,,,,,,,,,,,,,,high,,need_parent_approval,,,,,,,,,,success,,,,2026-04-26 00:31:05,2026-04-26 00:45:53,http://pd-fscall-record.oss-cn-hongkong.aliyuncs.com/2026-04-22/maqsam-MaiWaheed.298304005.mp3?OSSAccessKeyId=LTAI5t8sBUhKT5YzXBHvmGGq&Expires=1777141806&Signature=0c5nEOu5dAesDKDiainnfqydf6s%3D,http://pd-fscall-record.oss-cn-hongkong.aliyuncs.com/2026-04-22/maqsam-MaiWaheed.298304005.mp3?OSSAccessKeyId=LTAI5t8sBUhKT5YzXBHvmGGq&Expires=1777141806&Signature=0c5nEOu5dAesDKDiainnfqydf6s%3D,sales-engine/recordings/2026-04-22/user_62371490__voice_599292582.mp3,https://sales-engine-audio.oss-cn-hongkong.aliyuncs.com/sales-engine/recordings/2026-04-22/user_62371490__voice_599292582.mp3?OSSAccessKeyId=LTAI5t6Jd8PozcNwqEKaFS1q&Expires=1777142756&Signature=NKYrK63xdEqnnbBccLsMyVynnDA%3D,أهلاً سادة مي حياك الله يا مرحبا معلش والله عز عزناك سادة مي بس توني دور لي مكان في البيت أيوة.أيوة بالضبط.السادة مين في صوت عندك؟قلتي عن عبد الله أيوة.Hmm. Yes.يعني خلص حصة؟إيه اللي هي البكرة مع الحصص المجانية حسبتوها.Yes.เอ๊ะ อะไรอยู่والله إني ودي أجدد أستاذة مي على المستوى اللي هو الانتقال للمستوى اللي بعده بس عادي مثلاً سيجوم مستواه وإن شاء الله بعد ما ااا إن شاء الله نحصل تعرفين يعني أبوه ما هو كل الوقت يعني بيدفع لي فأنا قلت له بالإجازة بالإجازة.ببدأ معه أنتي عارفة إجازتنا اللي هي خليني أقول لك في الميلادي في أبريل مايو يونيو الظاهر يونيو يوليو.إيه إيه من يونيو يوليو عادي أجدد اشتراكي إيه بس الحين لا والله ما أقدر إذا بس الأستاذة مي ما أدري أنا ترى ما حضرت معه يعني كل شهر عشرة ما دخلت معه نهائيًا لأني أنا أحس إني إذا دخلت أنا ما أقدر أنا أوتره خلاص.وما تحملنا أجاوب شفت إذا شفته وطول الوقت إذا بعد انتهى الحصة لازم أجلس على قولك أهلاً سادة مي حياك الله يا مرحبا معلش والله عز عزناك سادة مي بس توني دور لي مكان في البيت أيوة. أيوة بالضبط. السادة مين في صوت عندك؟ قلتي عن عبد الله أيوة. Hmm. Yes. يعني خلص حصة؟ إيه اللي هي البكرة مع الحصص المجانية حسبتوها. Yes. เอ๊ะ อะไรอยู่ والله إني ودي أجدد أستاذة مي على المستوى اللي هو الانتقال للمستوى اللي بعده بس عادي مثلاً سيجوم مستواه وإن شاء الله بعد ما ااا إن شاء الله نحصل تعرفين يعني أبوه ما هو كل الوقت يعني بيدفع لي فأنا قلت له بالإجازة بالإجازة. ببدأ معه أنتي عارفة إجازتنا اللي هي خليني أقول لك في الميلادي في أبريل مايو يونيو الظاهر يونيو يوليو. إيه إيه من يونيو يوليو عادي أجدد اشتراكي إيه بس الحين لا والله ما أقدر إذا بس الأستاذة مي ما أدري أنا ترى ما حضرت معه يعني كل شهر عشرة ما دخلت معه نهائيًا لأني أنا أحس إني إذا دخلت أنا ما أقدر أنا أوتره خلاص. وما تحملنا أجاوب شفت إذا شفته وطول الوقت إذا بعد انتهى الحصة لازم أجلس على قولك,bad_asr,ASR_LOW_QUALITY,a2ee2fc7-a19d-4ea0-936a-ceef43366386,qwen3-asr-flash-filetrans,2026-04-26 00:46:09,good_need,satisfied,normal,no_issue,close_payment,العميل يرغب بالتجديد والانتقال للمستوى التالي ولكنه يؤجل الاشتراك والدفع إلى الإجازة الصيفية (يونيو/يوليو) لارتباط الدفع بموافقة الأب وتوفره. كما ذكر العميل أنه لا يحضر بعض الحصص مع المدرس لتجنب توتر الطفل.
57a80ced9825e76972aea0a09eab440b,voice_599293107,599293107,62371490,EGCC-maiwaheed,2313(Maqsam),2026-04-22 01:38:19,双方接通,post_class_followup,0.9,الأم تتواصل لمتابعة تقدم طفلها في دورة اللغة الإنجليزية، معبرة عن عدم رضاها عن مستوى التحدث وصعوبة متابعة الواجبات بسبب عملها. تخطط لتسجيل طفليها للدورات الصيفية (يونيو/يوليو) وتطلب خصمًا، وقد تحاول جمع زميلاتها للحصول على خصم جماعي.,high,,,,,,,,,,,,,,high,,schedule,,,,,,,,,,success,,,,2026-04-26 00:31:05,2026-04-26 00:46:09,http://pd-fscall-record.oss-cn-hongkong.aliyuncs.com/2026-04-22/maqsam-MaiWaheed.298304554.mp3?OSSAccessKeyId=LTAI5t8sBUhKT5YzXBHvmGGq&Expires=1777141805&Signature=5BIUTqpwBwAgZBWCyj6YE32%2BzNQ%3D,http://pd-fscall-record.oss-cn-hongkong.aliyuncs.com/2026-04-22/maqsam-MaiWaheed.298304554.mp3?OSSAccessKeyId=LTAI5t8sBUhKT5YzXBHvmGGq&Expires=1777141805&Signature=5BIUTqpwBwAgZBWCyj6YE32%2BzNQ%3D,sales-engine/recordings/2026-04-22/user_62371490__voice_599293107.mp3,https://sales-engine-audio.oss-cn-hongkong.aliyuncs.com/sales-engine/recordings/2026-04-22/user_62371490__voice_599293107.mp3?OSSAccessKeyId=LTAI5t6Jd8PozcNwqEKaFS1q&Expires=1777142774&Signature=zUbzrgbkvjlK3tb6GqpFkkF8neA%3D,"ما استخدم أي شبكة مرة ضعيفة إيه فقول لك فما أدري هل هو فعلاً فعلاً تحسن مستواه عندها أم لأن الهدف اللي أنا كنت أبيه إنه يتكلم إنجليش على الأقل يسأل ما أدري هل هو ممكن عشان ما يراجع الحصة؟Hey.أيوة هذا اللي أنا بيوصله فعلا هو مو مو لدرجة الطلاق ولا شيء صح إني أنا أحس إنه تحسن شوي ااا بس ما هو ذاك ال ما أدري ترى أنا الصراحة يا أساتذة ما كنت وراه خلاص لو كنت وراه أنا أعرف إنه بيكون مستوى أفضل بس توتر توتر الولد ما ياباني أحضر معه.Really, how the hell.हाँ तो अम्मUh huh.أيوة أنا أقول هدفي مع عيالي الله يحفظهم عندي على طول أقول خلي خلي ما أبي أفصل حصص الإنجليش أنا نهائيًا على طول مش هم هي بس تعرفين المادة والله صعبة حتى مفكره إني أدرس أخته معه في الإجازة. لو.إيه جوان إيه بس إنه لو دخلت الإثنين إن شاء الله يعني من يونيو يصير في خصم لهم الإثنين.Oh. So, hm.إيه ما مدى ما قتي جلسات المفروض تسوي خصوم عشان الناس فعلا مو كل واحد بيروح مثلا مركز تدريب ويكون حضوري بالعكس ااا أحس ما شاء الله حلو ومور تيشر مع الحالة ويصير يحضر حالة.What.بالفعل إيه.That's just a book.Hey. Huh.إن شاء الله إن شاء الله يا أستاذة مي هو وقتة عادي ودي يا أستاذة مي بس شفتو المادة العلمية اللي تشرح ما إذا أنا في إجازة يعني في الإجازة أنا أقدر أتحكم فيهم بس وقت الدوام مرة صعب.طبعا أنا أداوم سهران أنا موظفة بعد بشركة ااا فاجي متأخر ال يعني ما يمديني حتى أذاكر لهم في الإجازة أقدر أجيهم صاحين أجيهم أمنا نايمين وسوهم صاحون صاحون صاحين إذا كانوا هم في إجازة أقدر أتحكم نوعا ما على الأقل أراجع لهم الدرس عاد أنا على قولتهم يستاذ أطقطق في الإنجليزي مو مرة مرة.إيه يعني مثلا أي شيء أروح أترجم بس أحيانًا ما عندي حتى وقت إني أترجم يعني مثلا أحيانًا يرسلون واجب أنا ما عرفته ولا إني عارفة حتى طريقة الدخول عليه والجواب وكيف زي مثلا في واجب كل ما أضغط اللي هي فيها ااا الحا أحيانًا وغالبا ودائما إذا بختار أنا.إيه إيه إيه استخدمتها بس أنا يوم أنقر أنقر على الإجابة ما تم ما تطلع لي الإجابة يرجع نفس السؤال في بعض الطرق في بعض الإجابات أنا ما عرفتها فإذا كنت داوم ما عندي وقت فأقول أنا أنسب لهم وقت صح إني حتى في الدومات بإذن الله بيستمرون بس ودي بالتأسيس ودي بالأشياء الأساسية اللي لازم أضمن إنهم عارفينها تكون في الإجازة ويفلي المادة إيه.Hey. Hey, from about me. Hm.إيه هو هو تدرين أستاذة مي وش الهدف هو متشوق إنه يتكلم إنجليش إيه مرة مرة يقول ماما أنا دخلت بس ها شفتي يا ماما ما تكلمت إنجليزي يقوله.Hmm.Hmm. Hmm.Hmm.ไม่Hey. Hey.إيه ولا استفاد ولا شيءI.Hey, what's next? Hmm.But.ahí yo, ehHmm.I.Okay.Hmm. I.Hmm.Hmm.อะไรสักอย่าง เฮ้ยUm.Hmm.เฮ้ย บ้าUm.हाँ ये वो ना दिलीप हैتقصدون المراجعة اللي أخذوها ولا عادي يمارسون اللغة يعني مع كل شوية يسمعون متحدثين في اللغة؟Hmm.إيه. لا لا إن شاء الله لا لا لا إن شاء الله بإذن الله فترة هذه اللي بتوقف فيها ما أدفع فيها حصص ولا شيء برجع أنا راجع لها مراجعات بسيطة. إيه. أمم.嗯。With.إيه صح والله معاك حق هذا ماي فعلاً ب إيه بإذن الله إن إن شاء الله هذه مدرستنا اللي بنستمر معها ااا مع عبد الله جوان وأخوهم متوسط زي متوسط السنة هذه يصير أولى ثانوي.It.لا أفضلهم أفضلهم ما شاء الله ما عليه إيه إيه يقرأ يكتب بس إنه يبي ممارسة تحدث تحدث يبي يتحدث أيوة المعمم بدخله إن شاء الله في الإجازة كلهم جلستهم في الإجازة بإذن الله بس إن شاء الله يجي خصم حلو بخليها.Yes.والله إذا ما في والله يا أستاذة مي إحنا ما نقدر والله أنا أتمنى عندي المادة اللي أدخلهم وأخليهم ما يفطرون في الإنجليش يعني هذا أهم عندي بس إنه تعرفين المادة والله صعبة.إيه والله يا ريت بس هذا ما يجيأمم أي والله يلت يلت التميز إن شاء الله يحسبون حساب على الإجازة إن شاء الله اللي هي يونيو يوليو.الله يرضى عليك شكراً الله يسعدك أستاذة مي وما قصرتي الله يسعدك شكراً لكم يا أختي طيبة.Like ah.And.Yes.طيب وإذا حجزت لا مو فيني الفترة هذه لو حجزت إن شاء الله يعني في يونيو ما ما في هنا نفس العرض؟آه ما أدري قلت بدخله جوان معه كأنه يعني مشترك جديد ويصير له عشرةI.Hey.أبى أشوف زميلاتي الموظفات إذا يقدرون يضيفون عيالهم وتواصل معك أقول فلانة فلان عشان تضيفون عبد الله عشان خصه.Um, in Shanghai.إن شاء الله بإذن الله بإذن الله إن شاء الله يسهل.يعطيك العافية شكرا لك أستاذة مي الله يسعدك يا رب رنيت بالعافية يارب تسلمي شكرا.Good luck.إن شاء الله يا رب آمين يا رب يا رب يا كريم ويا لحظة لك يا رب.يعطيك العافية ما عندي رقمك إذا إن شاء الله بإذن الله أحتاج شيء أراسلك واتس بإذن الله.أعطيك وعطيتك ما وكل شيء ولهن أبشري.خلاص إن شاء الله أنا خلال هاليومين بإذن الله بقول للموظفات اللي عندي إذا حابين يدخلون أولادهم كده وإذا إذا عندهم استطاعة واللي بي ينمي المهارات في الإنجليش واللي عنده ضعف إيه.It's.يا الله إن شاء الله بإذن الله جزاك الله خير على هالمعلومة أبشري بإذن الله يعطيك العافية دا مين شكراً لك. ما استخدم أي شبكة مرة ضعيفة إيه فقول لك فما أدري هل هو فعلاً فعلاً تحسن مستواه عندها أم لأن الهدف اللي أنا كنت أبيه إنه يتكلم إنجليش على الأقل يسأل ما أدري هل هو ممكن عشان ما يراجع الحصة؟ Hey. أيوة هذا اللي أنا بيوصله فعلا هو مو مو لدرجة الطلاق ولا شيء صح إني أنا أحس إنه تحسن شوي ااا بس ما هو ذاك ال ما أدري ترى أنا الصراحة يا أساتذة ما كنت وراه خلاص لو كنت وراه أنا أعرف إنه بيكون مستوى أفضل بس توتر توتر الولد ما ياباني أحضر معه. Really, how the hell. हाँ तो अम्म Uh huh. أيوة أنا أقول هدفي مع عيالي الله يحفظهم عندي على طول أقول خلي خلي ما أبي أفصل حصص الإنجليش أنا نهائيًا على طول مش هم هي بس تعرفين المادة والله صعبة حتى مفكره إني أدرس أخته معه في الإجازة. لو. إيه جوان إيه بس إنه لو دخلت الإثنين إن شاء الله يعني من يونيو يصير في خصم لهم الإثنين. Oh. So, hm. إيه ما مدى ما قتي جلسات المفروض تسوي خصوم عشان الناس فعلا مو كل واحد بيروح مثلا مركز تدريب ويكون حضوري بالعكس ااا أحس ما شاء الله حلو ومور تيشر مع الحالة ويصير يحضر حالة. What. بالفعل إيه. That's just a book. Hey. Huh. إن شاء الله إن شاء الله يا أستاذة مي هو وقتة عادي ودي يا أستاذة مي بس شفتو المادة العلمية اللي تشرح ما إذا أنا في إجازة يعني في الإجازة أنا أقدر أتحكم فيهم بس وقت الدوام مرة صعب. طبعا أنا أداوم سهران أنا موظفة بعد بشركة ااا فاجي متأخر ال يعني ما يمديني حتى أذاكر لهم في الإجازة أقدر أجيهم صاحين أجيهم أمنا نايمين وسوهم صاحون صاحون صاحين إذا كانوا هم في إجازة أقدر أتحكم نوعا ما على الأقل أراجع لهم الدرس عاد أنا على قولتهم يستاذ أطقطق في الإنجليزي مو مرة مرة. إيه يعني مثلا أي شيء أروح أترجم بس أحيانًا ما عندي حتى وقت إني أترجم يعني مثلا أحيانًا يرسلون واجب أنا ما عرفته ولا إني عارفة حتى طريقة الدخول عليه والجواب وكيف زي مثلا في واجب كل ما أضغط اللي هي فيها ااا الحا أحيانًا وغالبا ودائما إذا بختار أنا. إيه إيه إيه استخدمتها بس أنا يوم أنقر أنقر على الإجابة ما تم ما تطلع لي الإجابة يرجع نفس السؤال في بعض الطرق في بعض الإجابات أنا ما عرفتها فإذا كنت داوم ما عندي وقت فأقول أنا أنسب لهم وقت صح إني حتى في الدومات بإذن الله بيستمرون بس ودي بالتأسيس ودي بالأشياء الأساسية اللي لازم أضمن إنهم عارفينها تكون في الإجازة ويفلي المادة إيه. Hey. Hey, from about me. Hm. إيه هو هو تدرين أستاذة مي وش الهدف هو متشوق إنه يتكلم إنجليش إيه مرة مرة يقول ماما أنا دخلت بس ها شفتي يا ماما ما تكلمت إنجليزي يقوله. Hmm. Hmm. Hmm. ไม่ Hey. Hey. إيه ولا استفاد ولا شيء I. Hey, what's next? Hmm. But. ahí yo, eh Okay. Hmm. I. อะไรสักอย่าง เฮ้ย Um. เฮ้ย บ้า हाँ ये वो ना दिलीप है تقصدون المراجعة اللي أخذوها ولا عادي يمارسون اللغة يعني مع كل شوية يسمعون متحدثين في اللغة؟ إيه. لا لا إن شاء الله لا لا لا إن شاء الله بإذن الله فترة هذه اللي بتوقف فيها ما أدفع فيها حصص ولا شيء برجع أنا راجع لها مراجعات بسيطة. إيه. أمم. 嗯。 With. إيه صح والله معاك حق هذا ماي فعلاً ب إيه بإذن الله إن إن شاء الله هذه مدرستنا اللي بنستمر معها ااا مع عبد الله جوان وأخوهم متوسط زي متوسط السنة هذه يصير أولى ثانوي. It. لا أفضلهم أفضلهم ما شاء الله ما عليه إيه إيه يقرأ يكتب بس إنه يبي ممارسة تحدث تحدث يبي يتحدث أيوة المعمم بدخله إن شاء الله في الإجازة كلهم جلستهم في الإجازة بإذن الله بس إن شاء الله يجي خصم حلو بخليها. Yes. والله إذا ما في والله يا أستاذة مي إحنا ما نقدر والله أنا أتمنى عندي المادة اللي أدخلهم وأخليهم ما يفطرون في الإنجليش يعني هذا أهم عندي بس إنه تعرفين المادة والله صعبة. إيه والله يا ريت بس هذا ما يجي أمم أي والله يلت يلت التميز إن شاء الله يحسبون حساب على الإجازة إن شاء الله اللي هي يونيو يوليو. الله يرضى عليك شكراً الله يسعدك أستاذة مي وما قصرتي الله يسعدك شكراً لكم يا أختي طيبة. Like ah. And. طيب وإذا حجزت لا مو فيني الفترة هذه لو حجزت إن شاء الله يعني في يونيو ما ما في هنا نفس العرض؟ آه ما أدري قلت بدخله جوان معه كأنه يعني مشترك جديد ويصير له عشرة أبى أشوف زميلاتي الموظفات إذا يقدرون يضيفون عيالهم وتواصل معك أقول فلانة فلان عشان تضيفون عبد الله عشان خصه. Um, in Shanghai. إن شاء الله بإذن الله بإذن الله إن شاء الله يسهل. يعطيك العافية شكرا لك أستاذة مي الله يسعدك يا رب رنيت بالعافية يارب تسلمي شكرا. Good luck. إن شاء الله يا رب آمين يا رب يا رب يا كريم ويا لحظة لك يا رب. يعطيك العافية ما عندي رقمك إذا إن شاء الله بإذن الله أحتاج شيء أراسلك واتس بإذن الله. أعطيك وعطيتك ما وكل شيء ولهن أبشري. خلاص إن شاء الله أنا خلال هاليومين بإذن الله بقول للموظفات اللي عندي إذا حابين يدخلون أولادهم كده وإذا إذا عندهم استطاعة واللي بي ينمي المهارات في الإنجليش واللي عنده ضعف إيه. It's. يا الله إن شاء الله بإذن الله جزاك الله خير على هالمعلومة أبشري بإذن الله يعطيك العافية دا مين شكراً لك.",bad_asr,ASR_LOW_QUALITY,55ec2a99-5413-4a78-94fd-5eb664014f73,qwen3-asr-flash-filetrans,2026-04-26 00:47:10,good_need,dissatisfied_course,normal,no_issue,close_payment,الأم تتابع حول تجربة أطفالها السابقة وتخطط لتسجيلهم لدورات صيفية جديدة، مع التركيز على الحصول على خصومات. تعبر عن رغبتها القوية في استمرار أطفالها في تعلم الإنجليزية لكن لديها تحفظات على عدم تقدمهم في التحدث وصعوبة متابعتها بسبب عملها، كما أنها مهتمة بالخصم. هي مستعدة للتسجيل إذا توفر الخصم المطلوب والتوقيت المناسب.
ee738f11ccf99e7c2a7705bf86a5e6ab,voice_599295098,599295098,62985225,EGCC-eman.amr,2289(Maqsam),2026-04-22 01:57:11,双方接通,no_answer_or_voicemail,1.0,وصلت المكالمة إلى نظام البريد الصوتي. تم إلغاء الرسالة بنجاح في النهاية.,unknown,,,,,,,,,,,,,,unknown,,none,,,,,,,,,,success,,,,2026-04-26 00:31:05,2026-04-26 00:49:04,http://pd-fscall-record.oss-cn-hongkong.aliyuncs.com/2026-04-22/maqsam-Eman.Amr.298308385.mp3?OSSAccessKeyId=LTAI5t8sBUhKT5YzXBHvmGGq&Expires=1777141641&Signature=492FdSTlWbrcBkcNwlI8nCGHyS4%3D,http://pd-fscall-record.oss-cn-hongkong.aliyuncs.com/2026-04-22/maqsam-Eman.Amr.298308385.mp3?OSSAccessKeyId=LTAI5t8sBUhKT5YzXBHvmGGq&Expires=1777141641&Signature=492FdSTlWbrcBkcNwlI8nCGHyS4%3D,sales-engine/recordings/2026-04-22/user_62985225__voice_599295098.mp3,https://sales-engine-audio.oss-cn-hongkong.aliyuncs.com/sales-engine/recordings/2026-04-22/user_62985225__voice_599295098.mp3?OSSAccessKeyId=LTAI5t6Jd8PozcNwqEKaFS1q&Expires=1777142948&Signature=m/KATrVE%2BKbFcp0/mvvPgRUfmrY%3D,بتسجيل رسالتك بعد الصافرة عندما تنتهي، يرجى إنهاء المكالمة أو الضغط على أي زر لاستعراض خيارات إضافية.للاستماع إلى رسالتك، اختر الرقم واحد. لعلة تسجيل رسالتك، اختر الرقم اثنان. لإلغاء رسالتك، اختر الرقم ثلاثة. لإرسال رسالتك، اختر الرقم أربعة.يرجى تحديد خيارك أو سيتم إنهاء المكالمة. للاستماع إلى رسالتك، اختر الرقم واحد. لعلة تسجيل رسالتك، اختر الرقم اثنان. لإلغاء رسالتك، اختر الرقم ثلاثة. لإرسال رسالتك، اختر الرقم أربعة.يرجى تحديد خيارك أو سيتم إنهاء المكالمة. للاستماع إلى رسالتك، اختر الرقم واحد. لعلة تسجيل رسالتك، اختر الرقم اثنان. لإلغاء رسالتك، اختر الرقم ثلاثة. لإرسال رسالتك، اختر الرقم أربعة.تم إلغاء رسالتك بنجاح، شكرا لاتصالك. بتسجيل رسالتك بعد الصافرة عندما تنتهي، يرجى إنهاء المكالمة أو الضغط على أي زر لاستعراض خيارات إضافية. للاستماع إلى رسالتك، اختر الرقم واحد. لعلة تسجيل رسالتك، اختر الرقم اثنان. لإلغاء رسالتك، اختر الرقم ثلاثة. لإرسال رسالتك، اختر الرقم أربعة. يرجى تحديد خيارك أو سيتم إنهاء المكالمة. للاستماع إلى رسالتك، اختر الرقم واحد. لعلة تسجيل رسالتك، اختر الرقم اثنان. لإلغاء رسالتك، اختر الرقم ثلاثة. لإرسال رسالتك، اختر الرقم أربعة. تم إلغاء رسالتك بنجاح، شكرا لاتصالك.,bad_asr,ASR_LOW_QUALITY,967d19a3-e942-4ac2-a84d-3eac17500f75,qwen3-asr-flash-filetrans,2026-04-26 00:49:24,unknown,unknown,no_real_conversation,unknown,no_task,وصلت المكالمة إلى نظام البريد الصوتي ولم يتم التواصل مع العميل.
fb0a68f5b19bb212c4fb94f99a853c16,voice_599296159,599296159,62987051,EGCC-fatmamohamed,2310(Maqsam),2026-04-22 02:03:14,双方接通,unknown,0.4,المستلم يقول إنه مشغول حاليًا ويرفض الاستمرار في المكالمة، مع وجود كلمات بلغات أخرى.,unknown,,,,,,,,,,,,,,none,,schedule,,,,,,,,,,success,,,,2026-04-26 00:31:05,2026-04-26 00:49:24,http://pd-fscall-record.oss-cn-hongkong.aliyuncs.com/2026-04-22/maqsam-FatmaMohamed.298309469.mp3?OSSAccessKeyId=LTAI5t8sBUhKT5YzXBHvmGGq&Expires=1777141804&Signature=4rfh8kDvQvgJEmXhmFy9TuGQY7Y%3D,http://pd-fscall-record.oss-cn-hongkong.aliyuncs.com/2026-04-22/maqsam-FatmaMohamed.298309469.mp3?OSSAccessKeyId=LTAI5t8sBUhKT5YzXBHvmGGq&Expires=1777141804&Signature=4rfh8kDvQvgJEmXhmFy9TuGQY7Y%3D,sales-engine/recordings/2026-04-22/user_62987051__voice_599296159.mp3,https://sales-engine-audio.oss-cn-hongkong.aliyuncs.com/sales-engine/recordings/2026-04-22/user_62987051__voice_599296159.mp3?OSSAccessKeyId=LTAI5t6Jd8PozcNwqEKaFS1q&Expires=1777142967&Signature=DMBh3hDtmWfMzE2kZOiayqDs9T8%3D,مرحبا.عليكم السلام.طيب.غدا على الساحل.对，一定去啊我。Ouais.No no no no.أنا مشغول الحين والله.Yeah. مرحبا. عليكم السلام. طيب. غدا على الساحل. 对，一定去啊我。 Ouais. No no no no. أنا مشغول الحين والله. Yeah.,bad_asr,ASR_LOW_QUALITY,c7bc3f77-0ace-4910-8881-9e27ad59a8c6,qwen3-asr-flash-filetrans,2026-04-26 00:49:33,wrong_number,unknown,normal,no_issue,no_task,المستلم يقول إنه مشغول حاليًا ويرفض التحدث، مع استخدام كلمات بلغات متعددة (الصينية والفرنسية والإنجليزية) مما يشير إلى أن الرقم قد يكون خاطئًا أو الشخص غير مهتم بالمكالمة.
3c63927615c8946c3ce7159fa16465b5,voice_599296447,599296447,62985225,EGCC-eman.amr,2289(Maqsam),2026-04-22 02:05:59,双方接通,post_class_followup,0.6,المتصل (سعد، 16 عامًا) يسأل عن تفاصيل الدورة والسعر، ويذكر أنها المرة الأولى له. يطلب مهلة للتشاور مع والدته ووالده بشأن العرض والمبلغ.,unknown,,,,,,,,,,,,,,high,,need_parent_approval,,,,,,,,,,success,,,,2026-04-26 00:31:05,2026-04-26 00:49:33,http://pd-fscall-record.oss-cn-hongkong.aliyuncs.com/2026-04-22/maqsam-Eman.Amr.298309923.mp3?OSSAccessKeyId=LTAI5t8sBUhKT5YzXBHvmGGq&Expires=1777141641&Signature=CCqarm%2BLhTFBDIPhKqY%2BkYIHviQ%3D,http://pd-fscall-record.oss-cn-hongkong.aliyuncs.com/2026-04-22/maqsam-Eman.Amr.298309923.mp3?OSSAccessKeyId=LTAI5t8sBUhKT5YzXBHvmGGq&Expires=1777141641&Signature=CCqarm%2BLhTFBDIPhKqY%2BkYIHviQ%3D,sales-engine/recordings/2026-04-22/user_62985225__voice_599296447.mp3,https://sales-engine-audio.oss-cn-hongkong.aliyuncs.com/sales-engine/recordings/2026-04-22/user_62985225__voice_599296447.mp3?OSSAccessKeyId=LTAI5t6Jd8PozcNwqEKaFS1q&Expires=1777142978&Signature=1ZsENxTl9Zey2LiRMn%2BKoZtVb60%3D,"عليكم السلام.Claro, claro.You know.Tý mám zelenou košili, aspoň to mám.أسفت منها.You know.Uh huh.اسمي سعد عمري ستة عشر سنة.Finally.هذه أول مرة.ええはいええ妻の愛子。عادي من اليوم ولا بكرة.You know.عن خصوص إيش؟تمام أنا طبعاً أشعر تقبل التصامم.아, 시끄러워.แล้วصفر خمسة خمسة.ثمانية ستة ثلاث، ثمانية ستة ثلاث، صفر خمسة خمسة، ثمانية ستة اثنين، ثلاثة ستة.Yeah.You know.一枪。嗯。Right.لا لا لغة ااا استمرارية بشكل عام.You know.You know.أيوه، أنا سوبراني.Ah.行了，嗯，对。क्या हुआإن شاء الله.لا على حسب شو الفرق؟Dale.يعني حوالي ثلاثة أربعة.Ah bonOkay.ثلاثة، اثنين، يمكن أربعة، يمكن خلي أحد اثنين ثلاثة.يعني كم توقع توقع المبلغ؟أص خليني أتساهم مع الوالدة دعيني أتكلم معكم أخليه يتكلم معكم.إن شاء الله عسى أعطي الوالد العرض وهذه الأشياء كلها للعرض.إن شاء الله.Est-ce qu'on aouais. عليكم السلام. Claro, claro. You know. Tý mám zelenou košili, aspoň to mám. أسفت منها. Uh huh. اسمي سعد عمري ستة عشر سنة. Finally. هذه أول مرة. ええはいええ妻の愛子。 عادي من اليوم ولا بكرة. عن خصوص إيش؟ تمام أنا طبعاً أشعر تقبل التصامم. 아, 시끄러워. แล้ว صفر خمسة خمسة. ثمانية ستة ثلاث، ثمانية ستة ثلاث، صفر خمسة خمسة، ثمانية ستة اثنين، ثلاثة ستة. Yeah. 一枪。 嗯。 Right. لا لا لغة ااا استمرارية بشكل عام. أيوه، أنا سوبراني. Ah. 行了，嗯，对。 क्या हुआ إن شاء الله. لا على حسب شو الفرق؟ Dale. يعني حوالي ثلاثة أربعة. Ah bon Okay. ثلاثة، اثنين، يمكن أربعة، يمكن خلي أحد اثنين ثلاثة. يعني كم توقع توقع المبلغ؟ أص خليني أتساهم مع الوالدة دعيني أتكلم معكم أخليه يتكلم معكم. إن شاء الله عسى أعطي الوالد العرض وهذه الأشياء كلها للعرض. Est-ce qu'on a ouais.",bad_asr,ASR_LOW_QUALITY,b56db0ef-64da-4184-b885-8cfa472b8a50,qwen3-asr-flash-filetrans,2026-04-26 00:50:12,good_need,unknown,normal,unknown,manager_review,المتصل (سعد، 16 عامًا) مهتم بالدورة ويسأل عن السعر، لكنه يحتاج لموافقة والديه قبل اتخاذ القرار. يوجد الكثير من الضوضاء واللغات الأجنبية في التسجيل مما يجعل أجزاء منه غير مفهومة بوضوح.
310a94338ea73789088e05cede109c7c,voice_599297150,599297150,62971764,EGCC-tasneemmahmoud,2311(Maqsam),2026-04-22 02:11:41,双方接通,unknown,0.2,تحتوي المكالمة على خليط من اللغات الأجنبية والعربية. تتحدث الأجزاء العربية عن تعلم قواعد اللغة الإنجليزية (المضارع البسيط، إضافة ing) وتقديم أمثلة مثل 'I go to school'. كما يذكر المتحدث تعلم المحاسبة والقراءة، ويقول 'بديت أتعلم'، ويطلب 'بس علمني عشان أنا أعلمهم'. لا يوجد سياق واضح لمكالمة مبيعات أو خدمة عملاء محددة.,unknown,,,,,,,,,,,,,,unknown,,unknown,,,,,,,,,,success,,,,2026-04-26 00:31:05,2026-04-26 00:50:12,http://pd-fscall-record.oss-cn-hongkong.aliyuncs.com/2026-04-22/maqsam-TasneemMahmoud.298310834.mp3?OSSAccessKeyId=LTAI5t8sBUhKT5YzXBHvmGGq&Expires=1777141802&Signature=mez1%2FHeJd03biwns0xnacRGHTkE%3D,http://pd-fscall-record.oss-cn-hongkong.aliyuncs.com/2026-04-22/maqsam-TasneemMahmoud.298310834.mp3?OSSAccessKeyId=LTAI5t8sBUhKT5YzXBHvmGGq&Expires=1777141802&Signature=mez1%2FHeJd03biwns0xnacRGHTkE%3D,sales-engine/recordings/2026-04-22/user_62971764__voice_599297150.mp3,https://sales-engine-audio.oss-cn-hongkong.aliyuncs.com/sales-engine/recordings/2026-04-22/user_62971764__voice_599297150.mp3?OSSAccessKeyId=LTAI5t6Jd8PozcNwqEKaFS1q&Expires=1777143016&Signature=9N5cRE2iNi5X3bBKOiMRjiZ0A6o%3D,"Hola.طيب الحمد لله.कोई इसकाWas?Ey, wäisch du wetr.أخذت عن ال السيمبل بريزينت وا.وأخذت ال شو اسمه نضيف نضيف لا أي إن جي أو إيش على الجبلازيكوتعلمت المحاسبة والقراءة.أيوة يعني بديت أتعلمÄchمثل ماذا تفعل في الليلة ذكر؟진짜.对。咩。اللي أقدر عليه، زي مثلًا أنا أتعلم صانع.لأنه قول شو اسمه فلانة أضيف الآي في الجملة أو زي والبلاوات هذا الج الجنب في الجمل زي آي غو تو سكول زي كذا.Wow, okay. Was zähne isch? Ah, äh, neun Uhr acht Uhr. Nei, nei, acht Uhr.I I go, I.I go to school at nine o'clock.¿Está ahí, Egon?अच्छा अच्छा चलो बात कर लेते हैं अबไม่ใช่คนอื่นคนเดียว โมจิดิRemove duty.بس علمني عشان أنا أعلمهم.لا ما موجودة الحين شوية هم شغالة بتنكسر.Claro. ¿Cuál es si la del WhatsAppTu vois, magnifique. Hola. طيب الحمد لله. कोई इसका Was? Ey, wäisch du wetr. أخذت عن ال السيمبل بريزينت وا. وأخذت ال شو اسمه نضيف نضيف لا أي إن جي أو إيش على الجبلازيك وتعلمت المحاسبة والقراءة. أيوة يعني بديت أتعلم Äch مثل ماذا تفعل في الليلة ذكر؟ 진짜. 对。 咩。 اللي أقدر عليه، زي مثلًا أنا أتعلم صانع. لأنه قول شو اسمه فلانة أضيف الآي في الجملة أو زي والبلاوات هذا الج الجنب في الجمل زي آي غو تو سكول زي كذا. Wow, okay. Was zähne isch? Ah, äh, neun Uhr acht Uhr. Nei, nei, acht Uhr. I I go, I. I go to school at nine o'clock. ¿Está ahí, Egon? अच्छा अच्छा चलो बात कर लेते हैं अब ไม่ใช่คนอื่นคนเดียว โมจิดิ Remove duty. بس علمني عشان أنا أعلمهم. لا ما موجودة الحين شوية هم شغالة بتنكسر. Claro. ¿Cuál es si la del WhatsApp Tu vois, magnifique.",bad_asr,ASR_LOW_QUALITY,53ae040a-a053-43eb-b080-97b0113da504,qwen3-asr-flash-filetrans,2026-04-26 00:50:41,unknown,unknown,no_real_conversation,unknown,no_task,المكالمة مشوشة للغاية وتحتوي على عدة لغات أجنبية (ألمانية، إسبانية، إنجليزية) بالإضافة إلى العربية، مما يجعل فهم السياق العام وتحديد مرحلة المكالمة صعبًا للغاية. الأجزاء العربية تتحدث عن تجربة التعلم الشخصية ولا توجد مؤشرات واضحة على عملية بيع، تأكيد حصة، إلغاء، أو متابعة.
350a0a8269c32b7536c79ba5e7daf070,voice_599298968,599298968,62985225,EGCC-eman.amr,2289(Maqsam),2026-04-22 02:26:45,双方接通,no_answer_or_voicemail,1.0,المكالمة عبارة عن رسالة صوتية آلية (بريد صوتي) توفر خيارات لتسجيل أو الاستماع أو إلغاء الرسالة. تم إلغاء الرسالة بنجاح.,unknown,,,,,,,,,,,,,,unknown,,none,,,,,,,,,,success,,,,2026-04-26 00:31:05,2026-04-26 00:51:09,http://pd-fscall-record.oss-cn-hongkong.aliyuncs.com/2026-04-22/maqsam-Eman.Amr.298313396.mp3?OSSAccessKeyId=LTAI5t8sBUhKT5YzXBHvmGGq&Expires=1777141640&Signature=tP1IrEvGZ3PURH6hlMk%2FZRNYc6Y%3D,http://pd-fscall-record.oss-cn-hongkong.aliyuncs.com/2026-04-22/maqsam-Eman.Amr.298313396.mp3?OSSAccessKeyId=LTAI5t8sBUhKT5YzXBHvmGGq&Expires=1777141640&Signature=tP1IrEvGZ3PURH6hlMk%2FZRNYc6Y%3D,sales-engine/recordings/2026-04-22/user_62985225__voice_599298968.mp3,https://sales-engine-audio.oss-cn-hongkong.aliyuncs.com/sales-engine/recordings/2026-04-22/user_62985225__voice_599298968.mp3?OSSAccessKeyId=LTAI5t6Jd8PozcNwqEKaFS1q&Expires=1777143073&Signature=YdkmDaGpLHI/gTP4WRJzK/CgMZU%3D,بتسجيل رسالتك بعد الصافرة عندما تنتهي، يرجى إنهاء المكالمة أو الضغط على أي زر لاستعراض خيارات إضافية.للاستماع إلى رسالتك، اختر الرقم واحد. لعلة تسجيل رسالتك، اختر الرقم اثنان. لإلغاء رسالتك، اختر الرقم ثلاثة. لإرسال رسالتك، اختر الرقم أربعة.يرجى تحديد خيارك أو سيتم إنهاء المكالمة. للاستماع إلى رسالتك، اختر الرقم واحد. لعلة تسجيل رسالتك، اختر الرقم اثنان. لإلغاء رسالتك، اختر الرقم ثلاثة. لإرسال رسالتك، اختر الرقم أربعة.يرجى تحديد خيارك أو سيتم إنهاء المكالمة. للاستماع إلى رسالتك، اختر الرقم واحد. ل إعادة تسجيل رسالتك، اختر الرقم اثنان. لإلغاء رسالتك، اختر الرقم ثلاثة. لإرسال رسالتك، اختر الرقم أربعة.تم إلغاء رسالتك بنجاح. شكرا لاتصالك. بتسجيل رسالتك بعد الصافرة عندما تنتهي، يرجى إنهاء المكالمة أو الضغط على أي زر لاستعراض خيارات إضافية. للاستماع إلى رسالتك، اختر الرقم واحد. لعلة تسجيل رسالتك، اختر الرقم اثنان. لإلغاء رسالتك، اختر الرقم ثلاثة. لإرسال رسالتك، اختر الرقم أربعة. يرجى تحديد خيارك أو سيتم إنهاء المكالمة. للاستماع إلى رسالتك، اختر الرقم واحد. لعلة تسجيل رسالتك، اختر الرقم اثنان. لإلغاء رسالتك، اختر الرقم ثلاثة. لإرسال رسالتك، اختر الرقم أربعة. يرجى تحديد خيارك أو سيتم إنهاء المكالمة. للاستماع إلى رسالتك، اختر الرقم واحد. ل إعادة تسجيل رسالتك، اختر الرقم اثنان. لإلغاء رسالتك، اختر الرقم ثلاثة. لإرسال رسالتك، اختر الرقم أربعة. تم إلغاء رسالتك بنجاح. شكرا لاتصالك.,bad_asr,ASR_LOW_QUALITY,7165d7ec-5457-4e15-b3a4-a1e31bf271ed,qwen3-asr-flash-filetrans,2026-04-26 00:51:26,invalid_or_noise,unknown,no_real_conversation,no_issue,no_task,المكالمة عبارة عن رسالة صوتية آلية فقط (بريد صوتي)، ولا يوجد بها أي محادثة حقيقية أو محتوى متعلق بالمبيعات.
27cb11e9615bd15fd3f101206c31144c,voice_599334871,599334871,61933186,EGCC-tasneemmahmoud,2311(Maqsam),2026-04-22 17:48:43,双方接通,post_class_followup,0.6,المكالمة تتعلق بمتعلم يرغب في تحسين اللغة الإنجليزية بسبب الإلزامية والشغف البسيط، ويشتكي من عدم معرفة كيفية البدء والملل من محاولات سابقة. يستفسر عن مدة الدورة وقيمتها، ويذكر مرونة جدوله. طلب المندوب رقم والدة المتصل لمناقشة التفاصيل وإتمام الإجراءات.,high,,,,,,,,,,,,,,high,,price,,,,,,,,,,success,,,,2026-04-26 00:31:05,2026-04-26 00:53:23,http://pd-fscall-record.oss-cn-hongkong.aliyuncs.com/2026-04-22/maqsam-TasneemMahmoud.298439620.mp3?OSSAccessKeyId=LTAI5t8sBUhKT5YzXBHvmGGq&Expires=1777141798&Signature=Nj34At4AmylbO6j%2B9FO0XXjA3oo%3D,http://pd-fscall-record.oss-cn-hongkong.aliyuncs.com/2026-04-22/maqsam-TasneemMahmoud.298439620.mp3?OSSAccessKeyId=LTAI5t8sBUhKT5YzXBHvmGGq&Expires=1777141798&Signature=Nj34At4AmylbO6j%2B9FO0XXjA3oo%3D,sales-engine/recordings/2026-04-22/user_61933186__voice_599334871.mp3,https://sales-engine-audio.oss-cn-hongkong.aliyuncs.com/sales-engine/recordings/2026-04-22/user_61933186__voice_599334871.mp3?OSSAccessKeyId=LTAI5t6Jd8PozcNwqEKaFS1q&Expires=1777143208&Signature=826Ymju633cQ9MbsbSP1/y7OaLk%3D,"هلا سلام الله يبارككم.Férez, ¿ser qué?euh喂。诶，下一轮再联系啊。اسمي اسمه عبد الرزاقصحيح، أمر سبعة عشر.لا فاا فعلاًeuhوالله للنغلب المضاعفة الحين تبغى إنجليزيلا والله ما حجزت رحلة.إلا إن شاء الله بخسر بس خلص تصلي استحقي بخسر إن شاء الله.أقول له والله أكيد والله والله أكيد ودي أطور اللغة لنفسي وللجماعة بعد كلها.والله يعني كو يعني كويس نوعًا ما ما هو مرة يعني يمكن ممكن أي وقت ممكن ما أكيد يعني.Hmm.ما عليش والله ما سألت جينك وشو؟啊。والله اللي أواجه فيه ااا يعني المشكلة إني مثلاً أحاول أتعلم بعدين خلاص يعني أطفش أقول خلاص يعني مو بلازم ووو لأني يا أخي ما أبدي من أبدأ ما أدري كيف أبدأ ااا يعني إني أنا ما أدري من أبدأ يعني ما أعرف كيف أبدأ ااا أتعلم حاولت الاستماع حاولت كل شيء ما يعني ما في فايدة.والله والله حابب أتعلمها يعني شيء بسيط والأكثر يعني ملزوم علي الأكثر لكن أنا ودي ثاني ودي يعني.يعني في شغف في شغف شوي في شغف بسيط ممكن إذا بديت ممكن إذا بديت أشوف نفسي إيه أسمعك أسمعك.إلا إلا في شبكة أبعلم كإنه أنا يعني مش ال مش اللي ودي أتعلمه بالإنجليزي إني يعني أول شيء ممكن الشغف أو الشغف يعني قليل شوي لكن إلزامية أكثر.Ah.طيب أنتي تقولين هي إلزامية ولا لأنك إني أحب أتعلم ممكن أنا شوفي أول شيء السبب الرئيسي إنها إلزامية وثاني شيء إن ما عرفت أتعلم ممكن لو عرفت أتعلم أحبها أكثر يعني لو بديت أتعلم شيء بسيط ممكن أحبها مع الوقت.The house.شوف المنهج المدرسي معروف إنه مو كويس يعني لكن دخل دورة شهرين ثلاث شهور إيه حكومي.دخلت مدرسة، دخلت دورة معلش ثلاث شهور، تعلمت منها تعلمت منها شيء بسيط يعني، مو ب وقالوا لي المستوى أيون، حضوري حضوري إلا حضوري حضوري.يعني استفدت شيء بسيط يعني لكن مو بقد المدة يعني هذا الشغلإيه صح بس إنه ما يعني عطاني شهادة أي ون وأنا ما أشوف إنه يعني ما أشوف إنه إني تعلمت يعني.المدرس المدرس طبعاً أكيد المدرس المدرس هو اللي له دور وقتها كان كذي مو ب يعني كنت أجي بس عشان يدافع فلوس يعني.Um, add it to add it. Do you want?بيون بيون عادي بيون كويس.umوبس إن مدتها طويلة يعني بطول وأنا بطول وأنا أتعلم.صح لأن اللغة الإنجليزية الحين يعني زي القدرات التحصيلي ترى أهميتها زي زي غيرها زي النسبة الثانوية زي كل شيء.pues, no es la penaطبعاً نستلم أفضلية على غيره.Hmm.لا شفت الإعلانات صراحة.嗯。Hm.嗯。No sé.哎。哎，嗯。Hmm.¿cómo?Um.ahora bueno, muchas gracias.嗯。¿qué onda?أنا عادي يعني جدول أي وقت عادي أصلاً.Okay.¿ahí, o?إلا بإذن الله بإذن الله بإذن الله.إيه رقم الوالدة صفر خمسة صفر إيه الوالدة الوالدة.¿papá?أربعة ثمانية.صفر خمسة صفر.أربعة ثمانية.اتنين وثلاثين ثمانية؟واحد صفر اثنين.Eduardo.Okay.嗯，他把算上去去，干了。在吗？嗯。تمام طيب ما عليه شوف يعني كم مدة الاشتراك يعني كم قيمة الاشتراك قصدك؟Um.طيب ثلاث شهور يعني كم فلوس؟哎。لا لا بس كده تفسر يعني بس الفرصة ما انفسها لناah, hasta en los Más de la esquina.哎呀，感觉很。到了。嗯。当然了。哎，咋咋个来睡觉了？呃，陈薇。والله كتقريبا من الجوال.哎。在吗？تمامًا مش عاجب.خلاص مفهومहाँPues, la verdad es que no, ¿verdadالسلام عليكم شكرا.más para mí. هلا سلام الله يبارككم. Férez, ¿ser qué? euh 喂。 诶，下一轮再联系啊。 اسمي اسمه عبد الرزاق صحيح، أمر سبعة عشر. لا فاا فعلاً والله للنغلب المضاعفة الحين تبغى إنجليزي لا والله ما حجزت رحلة. إلا إن شاء الله بخسر بس خلص تصلي استحقي بخسر إن شاء الله. أقول له والله أكيد والله والله أكيد ودي أطور اللغة لنفسي وللجماعة بعد كلها. والله يعني كو يعني كويس نوعًا ما ما هو مرة يعني يمكن ممكن أي وقت ممكن ما أكيد يعني. Hmm. ما عليش والله ما سألت جينك وشو؟ 啊。 والله اللي أواجه فيه ااا يعني المشكلة إني مثلاً أحاول أتعلم بعدين خلاص يعني أطفش أقول خلاص يعني مو بلازم ووو لأني يا أخي ما أبدي من أبدأ ما أدري كيف أبدأ ااا يعني إني أنا ما أدري من أبدأ يعني ما أعرف كيف أبدأ ااا أتعلم حاولت الاستماع حاولت كل شيء ما يعني ما في فايدة. والله والله حابب أتعلمها يعني شيء بسيط والأكثر يعني ملزوم علي الأكثر لكن أنا ودي ثاني ودي يعني. يعني في شغف في شغف شوي في شغف بسيط ممكن إذا بديت ممكن إذا بديت أشوف نفسي إيه أسمعك أسمعك. إلا إلا في شبكة أبعلم كإنه أنا يعني مش ال مش اللي ودي أتعلمه بالإنجليزي إني يعني أول شيء ممكن الشغف أو الشغف يعني قليل شوي لكن إلزامية أكثر. Ah. طيب أنتي تقولين هي إلزامية ولا لأنك إني أحب أتعلم ممكن أنا شوفي أول شيء السبب الرئيسي إنها إلزامية وثاني شيء إن ما عرفت أتعلم ممكن لو عرفت أتعلم أحبها أكثر يعني لو بديت أتعلم شيء بسيط ممكن أحبها مع الوقت. The house. شوف المنهج المدرسي معروف إنه مو كويس يعني لكن دخل دورة شهرين ثلاث شهور إيه حكومي. دخلت مدرسة، دخلت دورة معلش ثلاث شهور، تعلمت منها تعلمت منها شيء بسيط يعني، مو ب وقالوا لي المستوى أيون، حضوري حضوري إلا حضوري حضوري. يعني استفدت شيء بسيط يعني لكن مو بقد المدة يعني هذا الشغل إيه صح بس إنه ما يعني عطاني شهادة أي ون وأنا ما أشوف إنه يعني ما أشوف إنه إني تعلمت يعني. المدرس المدرس طبعاً أكيد المدرس المدرس هو اللي له دور وقتها كان كذي مو ب يعني كنت أجي بس عشان يدافع فلوس يعني. Um, add it to add it. Do you want? بيون بيون عادي بيون كويس. um وبس إن مدتها طويلة يعني بطول وأنا بطول وأنا أتعلم. صح لأن اللغة الإنجليزية الحين يعني زي القدرات التحصيلي ترى أهميتها زي زي غيرها زي النسبة الثانوية زي كل شيء. pues, no es la pena طبعاً نستلم أفضلية على غيره. لا شفت الإعلانات صراحة. 嗯。 Hm. No sé. 哎。 哎，嗯。 ¿cómo? Um. ahora bueno, muchas gracias. ¿qué onda? أنا عادي يعني جدول أي وقت عادي أصلاً. Okay. ¿ahí, o? إلا بإذن الله بإذن الله بإذن الله. إيه رقم الوالدة صفر خمسة صفر إيه الوالدة الوالدة. ¿papá? أربعة ثمانية. صفر خمسة صفر. اتنين وثلاثين ثمانية؟ واحد صفر اثنين. Eduardo. 嗯，他把算上去去，干了。 在吗？ تمام طيب ما عليه شوف يعني كم مدة الاشتراك يعني كم قيمة الاشتراك قصدك؟ طيب ثلاث شهور يعني كم فلوس؟ لا لا بس كده تفسر يعني بس الفرصة ما انفسها لنا ah, hasta en los Más de la esquina. 哎呀，感觉很。 到了。 当然了。 哎，咋咋个来睡觉了？ 呃，陈薇。 والله كتقريبا من الجوال. تمامًا مش عاجب. خلاص مفهوم हाँ Pues, la verdad es que no, ¿verdad السلام عليكم شكرا. más para mí.",bad_asr,ASR_LOW_QUALITY,edbaa680-2b43-4fff-84b8-97bbc280fb5b,qwen3-asr-flash-filetrans,2026-04-26 00:54:07,good_need,unknown,normal,no_issue,close_payment,طلب المندوب رقم والدة المتصل في نهاية المكالمة، مما يشير إلى محاولة إتمام عملية التسجيل والدفع.
28bbb1c5495780addb54bf92ddbad1cf,voice_599339290,599339290,62981587,51habiba.hassan,2244(Maqsam),2026-04-22 18:18:17,双方接通,unknown,0.1,المكالمة تحتوي على ضوضاء شديدة ولغات متعددة وجمل متقطعة وغير مفهومة، مع ذكر اسم ليان ووقت محتمل (ساعة ثنتين)، ولكن لا يوجد حوار واضح أو غرض محدد.,unknown,,,,,,,,,,,,,,unknown,,none,,,,,,,,,,success,,,,2026-04-26 00:31:05,2026-04-26 00:54:34,http://pd-fscall-record.oss-cn-hongkong.aliyuncs.com/2026-04-22/maqsam-habiba.hassan.298454341.mp3?OSSAccessKeyId=LTAI5t8sBUhKT5YzXBHvmGGq&Expires=1777141638&Signature=iPhBRJLZrPSJlOFdEeeqXSG8Qa4%3D,http://pd-fscall-record.oss-cn-hongkong.aliyuncs.com/2026-04-22/maqsam-habiba.hassan.298454341.mp3?OSSAccessKeyId=LTAI5t8sBUhKT5YzXBHvmGGq&Expires=1777141638&Signature=iPhBRJLZrPSJlOFdEeeqXSG8Qa4%3D,sales-engine/recordings/2026-04-22/user_62981587__voice_599339290.mp3,https://sales-engine-audio.oss-cn-hongkong.aliyuncs.com/sales-engine/recordings/2026-04-22/user_62981587__voice_599339290.mp3?OSSAccessKeyId=LTAI5t6Jd8PozcNwqEKaFS1q&Expires=1777143278&Signature=yCDUJWF6vnL1kEgazloAkPUOyPY%3D,"हैलोAïe je sais pas.¿EsJa.Eh ja, sicher.الحمد لله كويسsept milléniums¡vean!Layan.Yeah.أنا عندي سؤال تاسع سنةاسمي ليان بلام.It's fine. Anyway.네.哎呦。أقدر أخلي على الدورين هو ده؟Yeah.Да.哎呦。أمس حديثها.Tu m'as grattéEt, comment?在。Ah.Hm. Ah.对。Could you guess?su vozلا أول مرةah, a veces repiten.Hm.हाँsí, es así.True.euh ça va être comme tu fais quoiHello, anyone home?Et là, comme ce que çaشباب وفتية.su suerte está.No hay de.Ah, to how to say.Oui je viens.응.Mhm.嗯，两。Um, actually.ساعة ثنتين يعني ثنتين ثنتين ونص.अच्छाHm. हैलो Aïe je sais pas. ¿Es Ja. Eh ja, sicher. الحمد لله كويس sept milléniums ¡vean! Layan. Yeah. أنا عندي سؤال تاسع سنة اسمي ليان بلام. It's fine. Anyway. 네. 哎呦。 أقدر أخلي على الدورين هو ده؟ Да. أمس حديثها. Tu m'as gratté Et, comment? 在。 Ah. Hm. Ah. 对。 Could you guess? su voz لا أول مرة ah, a veces repiten. Hm. हाँ sí, es así. True. euh ça va être comme tu fais quoi Hello, anyone home? Et là, comme ce que ça شباب وفتية. su suerte está. No hay de. Ah, to how to say. Oui je viens. 응. Mhm. 嗯，两。 Um, actually. ساعة ثنتين يعني ثنتين ثنتين ونص. अच्छा",bad_asr,ASR_LOW_QUALITY,d9a90915-4d08-4b5d-964e-3cf095af21a9,qwen3-asr-flash-filetrans,2026-04-26 00:54:59,invalid_or_noise,unknown,no_real_conversation,unknown,no_task,المكالمة عبارة عن ضوضاء شديدة ولغات متعددة (عربية، فرنسية، إسبانية، ألمانية، كورية، صينية، إنجليزية، روسية، هندية) وجمل متقطعة وغير مفهومة، مما يجعل تصنيفها أو استخلاص معلومات منها مستحيلاً.
c7b8cf9b4926c8ca4fc2d598bb5df356,voice_599339640,599339640,0,EGCC-tasneemmahmoud,2311(Maqsam),2026-04-22 18:20:33,双方接通,pre_class_confirm,1.0,العميل، حمد (16 عامًا)، طالب. يبحث عن تحسين لغته الإنجليزية بشكل عام والتحضير لاختبار IELTS. لديه مستوى جيد في القراءة والمفردات، لكن ضعيف في القواعد والكتابة. حجز حصة تجريبية غدًا الساعة 3:30 عصرًا. وقدم رقم والده للتواصل.,high,,,,,,,,,,,,,,high,,none,,,,,,,,,,success,,,,2026-04-26 00:31:05,2026-04-26 00:54:59,http://pd-fscall-record.oss-cn-hongkong.aliyuncs.com/2026-04-22/maqsam-TasneemMahmoud.298455569.mp3?OSSAccessKeyId=LTAI5t8sBUhKT5YzXBHvmGGq&Expires=1777141795&Signature=eRFE80ChqqlTQaFXDpLsLmELJqg%3D,http://pd-fscall-record.oss-cn-hongkong.aliyuncs.com/2026-04-22/maqsam-TasneemMahmoud.298455569.mp3?OSSAccessKeyId=LTAI5t8sBUhKT5YzXBHvmGGq&Expires=1777141795&Signature=eRFE80ChqqlTQaFXDpLsLmELJqg%3D,sales-engine/recordings/2026-04-22/user_0__voice_599339640.mp3,https://sales-engine-audio.oss-cn-hongkong.aliyuncs.com/sales-engine/recordings/2026-04-22/user_0__voice_599339640.mp3?OSSAccessKeyId=LTAI5t6Jd8PozcNwqEKaFS1q&Expires=1777143303&Signature=FwyCgbiLeH99HbNGf8O3JZjvNx8%3D,"السلام عليكم.الحمد لله طيب.Ei asenneke.Hold on a minute.بس الإيه؟Ese.الاسم؟ آه اسمي اسمي حمد المري.呃，谁？苏大希。آمين بس يي لو سمحتي أختي لو تخليني الصوت أوضح شوية أو شيء زي كده لأن صوت شوش عندي شوية إيه.لازم يشوف شوية، الحين كويس.أنا بصف؟euh Océanie.哎。هدفي؟ هدف الصراحة هدفين، الأول أني أختبر السكيب، والثاني أطور لغتي الإنجليزية يعني لأي غرض، ليالعب، ليتابع الفيلم، لتواصل مع الثانيين.Ouais, ah ouais.那也行。إيه أختبر سبع الحين ما ما اختبرت السباحة بختبر القريب إن شاء الله.इसमें भी लोग भेज दियाآه مستواي. آه أنا استطع يعني قريت أقدر أقرأ. وسكابري حقه مو بمرة واجد لكن كويس لكن من ناحية الجرامر نص ونص والك ار شو اسمه الرايتينج اللي هو الكتابة ما أبدًا مرة.ما أقدر ااا أكتب جملة من رأسي.哎。تقريبا يعني.أوكي، يعني الحين أعرف أنا ناس باللغة الإنجليزية.إيه أوكي أوكي إيه بس أعرف أنا اللغة الإنجليزية والأشياء اللي أحبها.Hi, I am Hamad. I am sixteen years old. I am. I am studying in school Muhammad bin Fahd. Prince Muhammad bin Fahd Complex, and what the what I am what the favorite things I love.Watching play video games and watching anime and learning learning different things. I'm also learning different things. And also, I love basketball.I love basketball, but playing not usually. Ah yes.حياة تفرح.تقدم يعني أقدر أتكلم مع الناس برياحية وأختي وعادة.بالضبط تقريباً.شوفت من أتوقع كنت أبحث عن اختبار شو اسمه اختبار اللغة الإنجليزي تحديد اختبار اللغة الإنجليزية وطلع لي فايف ون توك أول خيار.The rats.لا، من نص ساعة وربع، هي أول مرة تقريبا، يمكن استخدم تطبيق المواد الثانية لكن اللغة الإنجليزية لا.Hm.أحجزتها بكرة الساعة إلا أحجزت بكرة الساعة تقريباً ثلاثة ونص بالعصر.إيه ثلاثة ونص العصر بكرة.Вообще.الوالد أعطيك الحين هذا هذا ترى هذا رقم الوالدة بس أعطيك رقم الوالد.صفر خمسة صفر واحد سبعة ثمانية.سبعة ثمانية تسعة ستة سبعة ثمانية.Uh huh.محمد حامد المريحمد المري.Ah.Uh huh.إيش نصلك؟Ahaa, ahaa, kerron tarinan.ثقافة؟Uh huh.أممم أحب أن أعيش.أحفظ بعد القاعدة اللغوية كالزيادة عشان ناس في زيادة.اليوم أنا يوم شفت المواعيد ما لقيت شيء فاضي.إيه هذه القد إيه أنا كل مشغول إني عندي حلقة تحفيظ قرآن.ثمانية وقت ما أقدر أكون متواجد فيه، أكون برا، فاا بفضل بكرة نكون الساعة ثلاثة ونص الحين غابي نفس الوقت دا.Play.تقريباً الساعة ثلاثة ونص إيه.Action.嗯，行。Eş.خالص طيب، إيه تمام.الرابط إيه أرسلتيه الحين؟تم حجز الحصة بالتجويه من الجاح خميس الساعة خمسة.طيب بخصوص الاشتراكات وهذه كيف؟हाँहाँ对呀。آه خلاص أتكل على في.哎。أوكي خلاص هاديك العافية.خلاص ما في مشكلة ااا أعطيني خبر没钥匙。إيه جاني. خلاص ودي كلاس هذه بكرة الساعة ثلاثة ااا الثالثة العصر، تلتاشر نص. يلا.Yeah. السلام عليكم. الحمد لله طيب. Ei asenneke. Hold on a minute. بس الإيه؟ Ese. الاسم؟ آه اسمي اسمي حمد المري. 呃，谁？ 苏大希。 آمين بس يي لو سمحتي أختي لو تخليني الصوت أوضح شوية أو شيء زي كده لأن صوت شوش عندي شوية إيه. لازم يشوف شوية، الحين كويس. أنا بصف؟ euh Océanie. 哎。 هدفي؟ هدف الصراحة هدفين، الأول أني أختبر السكيب، والثاني أطور لغتي الإنجليزية يعني لأي غرض، ليالعب، ليتابع الفيلم، لتواصل مع الثانيين. Ouais, ah ouais. 那也行。 إيه أختبر سبع الحين ما ما اختبرت السباحة بختبر القريب إن شاء الله. इसमें भी लोग भेज दिया آه مستواي. آه أنا استطع يعني قريت أقدر أقرأ. وسكابري حقه مو بمرة واجد لكن كويس لكن من ناحية الجرامر نص ونص والك ار شو اسمه الرايتينج اللي هو الكتابة ما أبدًا مرة. ما أقدر ااا أكتب جملة من رأسي. تقريبا يعني. أوكي، يعني الحين أعرف أنا ناس باللغة الإنجليزية. إيه أوكي أوكي إيه بس أعرف أنا اللغة الإنجليزية والأشياء اللي أحبها. Hi, I am Hamad. I am sixteen years old. I am. I am studying in school Muhammad bin Fahd. Prince Muhammad bin Fahd Complex, and what the what I am what the favorite things I love. Watching play video games and watching anime and learning learning different things. I'm also learning different things. And also, I love basketball. I love basketball, but playing not usually. Ah yes. حياة تفرح. تقدم يعني أقدر أتكلم مع الناس برياحية وأختي وعادة. بالضبط تقريباً. شوفت من أتوقع كنت أبحث عن اختبار شو اسمه اختبار اللغة الإنجليزي تحديد اختبار اللغة الإنجليزية وطلع لي فايف ون توك أول خيار. The rats. لا، من نص ساعة وربع، هي أول مرة تقريبا، يمكن استخدم تطبيق المواد الثانية لكن اللغة الإنجليزية لا. Hm. أحجزتها بكرة الساعة إلا أحجزت بكرة الساعة تقريباً ثلاثة ونص بالعصر. إيه ثلاثة ونص العصر بكرة. Вообще. الوالد أعطيك الحين هذا هذا ترى هذا رقم الوالدة بس أعطيك رقم الوالد. صفر خمسة صفر واحد سبعة ثمانية. سبعة ثمانية تسعة ستة سبعة ثمانية. Uh huh. محمد حامد المري حمد المري. Ah. إيش نصلك؟ Ahaa, ahaa, kerron tarinan. ثقافة؟ أممم أحب أن أعيش. أحفظ بعد القاعدة اللغوية كالزيادة عشان ناس في زيادة. اليوم أنا يوم شفت المواعيد ما لقيت شيء فاضي. إيه هذه القد إيه أنا كل مشغول إني عندي حلقة تحفيظ قرآن. ثمانية وقت ما أقدر أكون متواجد فيه، أكون برا، فاا بفضل بكرة نكون الساعة ثلاثة ونص الحين غابي نفس الوقت دا. Play. تقريباً الساعة ثلاثة ونص إيه. Action. 嗯，行。 Eş. خالص طيب، إيه تمام. الرابط إيه أرسلتيه الحين؟ تم حجز الحصة بالتجويه من الجاح خميس الساعة خمسة. طيب بخصوص الاشتراكات وهذه كيف؟ हाँ 对呀。 آه خلاص أتكل على في. أوكي خلاص هاديك العافية. خلاص ما في مشكلة ااا أعطيني خبر 没钥匙。 إيه جاني. خلاص ودي كلاس هذه بكرة الساعة ثلاثة ااا الثالثة العصر، تلتاشر نص. يلا. Yeah.",bad_asr,ASR_LOW_QUALITY,bf5414a0-c1b9-41a6-b786-46310a7c929d,qwen3-asr-flash-filetrans,2026-04-26 00:55:43,good_need,unknown,normal,no_issue,close_payment,تم تأكيد حجز حصة تجريبية للعميل. العميل أبدى اهتمامًا عاليًا بالحضور وسأل عن الاشتراكات، مما يشير إلى نية شراء قوية. لديه حاجة واضحة لتطوير اللغة الإنجليزية (لـ IELTS والاستخدام العام) ولم يبد أي اعتراضات. الإجراء التالي هو متابعة إتمام الدفع بعد الحصة التجريبية.
43eb3c2aefb25a12a43ed55438b204c7,voice_599341006,599341006,62987400,EGCC-fatmamohamed,2310(Maqsam),2026-04-22 18:25:43,双方接通,unknown,0.0,تساؤلات حول رسوم الدورة، سياسة الانسحاب إذا لم يناسب المسار أو المعلم، موعد الدورة (يوم الخميس)، آلية الدخول للمحاضرة (هل هي رابط؟)، ومطلب أن تكون المعلمة عربية. إشارة إلى أن المحاضرة ستعمل على رقم معين.,unknown,,,,,,,,,,,,,,unknown,,unknown,,,,,,,,,,success,,,,2026-04-26 00:31:05,2026-04-26 00:55:43,http://pd-fscall-record.oss-cn-hongkong.aliyuncs.com/2026-04-22/maqsam-FatmaMohamed.298458227.mp3?OSSAccessKeyId=LTAI5t8sBUhKT5YzXBHvmGGq&Expires=1777141795&Signature=7OAMCs7nj0QLvKql8f27s%2FKpWZc%3D,http://pd-fscall-record.oss-cn-hongkong.aliyuncs.com/2026-04-22/maqsam-FatmaMohamed.298458227.mp3?OSSAccessKeyId=LTAI5t8sBUhKT5YzXBHvmGGq&Expires=1777141795&Signature=7OAMCs7nj0QLvKql8f27s%2FKpWZc%3D,sales-engine/recordings/2026-04-22/user_62987400__voice_599341006.mp3,https://sales-engine-audio.oss-cn-hongkong.aliyuncs.com/sales-engine/recordings/2026-04-22/user_62987400__voice_599341006.mp3?OSSAccessKeyId=LTAI5t6Jd8PozcNwqEKaFS1q&Expires=1777143347&Signature=Eey5u%2BhR1w7Vs1p8g8WaRM0OqH0%3D,"Allô? Allez, tout va bien.¿Se llama Nico? Eh, es queإيه هذا لازم نبغى المحاضرات عليه.फिर वो ना पाल बाΜια ραφή στο μπρεκ. Ραφή στο μπρεκ.أيوة رفيق رفيق رفيق أيوة.Bye.الدورة مجانية ولا عليها رسوم؟Hello.مثل التمرين.Um.أمي تمام طيبة بسألك هل يمكن لو المسار مثلًا ما ناسبني وقدرتي ما تناسبني هل يمدينا نسحب من الدورة ولا إيش؟لا أي خطأ كبيرCan you hear me?تمام طيب متى قلتوا لنا حددت الدورة ولا اليوم إحنا نحقق؟يوم الخميس.السلام، السلام Saunders تمام خوي خلاص.المحاضرة شو طيب بدقيقة خير هل تعرف كيف تختم المحاضرة؟ هي مثل رابط صح هو رابط تمام ينفتح ينفتح الرابط وقت المحاضرة صح ليش؟مبتدئة مبتدئة.لا بس تعرف الحروف.聊什么？Video.بغيك تأخذ مخالص مكليay, ¿que, qué me ríeWhich.هي تسمع، هي تسمع، بس يعني ما هي بنفس المبهمة حاجة أنا هفهمها.حتى المعلمة عربية ولا أجنبية، قلت لها أهم شيء المعلمة عربية، الناس تفهمني يعني، ليه وأنا أبغى عربية.It was beautiful.哎呦。किसAh, just you can like, madam, can you repeat again?Ahoj. Oh, tak díky za přivízení. Ovinox jsme našli čá, šestnáct, jim to když.Veux une recette de? C'est marqué.ना ना ना कन्नू किन्तुHello, hello.خلاص المحاضرة هتشتغل هي على الرقم ده.أي تمام خلاص فهمت معاكYeah, it's a lot. Allô? Allez, tout va bien. ¿Se llama Nico? Eh, es que إيه هذا لازم نبغى المحاضرات عليه. फिर वो ना पाल बा Μια ραφή στο μπρεκ. Ραφή στο μπρεκ. أيوة رفيق رفيق رفيق أيوة. Bye. الدورة مجانية ولا عليها رسوم؟ Hello. مثل التمرين. Um. أمي تمام طيبة بسألك هل يمكن لو المسار مثلًا ما ناسبني وقدرتي ما تناسبني هل يمدينا نسحب من الدورة ولا إيش؟ لا أي خطأ كبير Can you hear me? تمام طيب متى قلتوا لنا حددت الدورة ولا اليوم إحنا نحقق؟ يوم الخميس. السلام، السلام Saunders تمام خوي خلاص. المحاضرة شو طيب بدقيقة خير هل تعرف كيف تختم المحاضرة؟ هي مثل رابط صح هو رابط تمام ينفتح ينفتح الرابط وقت المحاضرة صح ليش؟ مبتدئة مبتدئة. لا بس تعرف الحروف. 聊什么？ Video. بغيك تأخذ مخالص مكلي ay, ¿que, qué me ríe Which. هي تسمع، هي تسمع، بس يعني ما هي بنفس المبهمة حاجة أنا هفهمها. حتى المعلمة عربية ولا أجنبية، قلت لها أهم شيء المعلمة عربية، الناس تفهمني يعني، ليه وأنا أبغى عربية. It was beautiful. 哎呦。 किस Ah, just you can like, madam, can you repeat again? Ahoj. Oh, tak díky za přivízení. Ovinox jsme našli čá, šestnáct, jim to když. Veux une recette de? C'est marqué. ना ना ना कन्नू किन्तु Hello, hello. خلاص المحاضرة هتشتغل هي على الرقم ده. أي تمام خلاص فهمت معاك Yeah, it's a lot.",bad_asr,ASR_LOW_QUALITY,16eb391f-a899-4b4e-8ab2-abc689fe7b8c,qwen3-asr-flash-filetrans,2026-04-26 00:56:10,invalid_or_noise,unknown,no_real_conversation,unknown,manager_review,الملف الصوتي يحتوي على لغات متعددة (فرنسية، إسبانية، يونانية، صينية، هندية، تشيكية، إنجليزية) وضوضاء عالية وأجزاء غير مترابطة، مما يجعل تحليل المكالمة غير ممكن بشكل دقيق ويشير إلى مشكلة في جودة التسجيل أو التفريغ.
c8440dcd1786a7843b248ae9ec4e1e58,voice_599342200,599342200,62986235,EGCC-maiwaheed,2313(Maqsam),2026-04-22 18:30:55,双方接通,post_class_followup,1.0,العميل يستفسر عن كورس لتعلم أساسيات اللغة الإنجليزية، ويناقش تفاصيل الحصص والأسعار مع الموظف. أظهر العميل اهتماماً كبيراً بالعرض، وطلب إرسال التسعيرة وتفاصيل الجدول عبر الواتساب لمراجعتها مع والده. وعد العميل بالتحدث مع والده في نفس الليلة قبل الساعة التاسعة للعودة بالتأكيد وإتمام الدفع.,unknown,,,,,,,,,,,,,,high,,need_parent_approval,,,,,,,,,,success,,,,2026-04-26 00:31:05,2026-04-26 00:56:14,http://pd-fscall-record.oss-cn-hongkong.aliyuncs.com/2026-04-22/maqsam-MaiWaheed.298461250.mp3?OSSAccessKeyId=LTAI5t8sBUhKT5YzXBHvmGGq&Expires=1777141794&Signature=gJXxPIqgFGI62%2FQicn2KoWqYX4c%3D,http://pd-fscall-record.oss-cn-hongkong.aliyuncs.com/2026-04-22/maqsam-MaiWaheed.298461250.mp3?OSSAccessKeyId=LTAI5t8sBUhKT5YzXBHvmGGq&Expires=1777141794&Signature=gJXxPIqgFGI62%2FQicn2KoWqYX4c%3D,sales-engine/recordings/2026-04-22/user_62986235__voice_599342200.mp3,https://sales-engine-audio.oss-cn-hongkong.aliyuncs.com/sales-engine/recordings/2026-04-22/user_62986235__voice_599342200.mp3?OSSAccessKeyId=LTAI5t6Jd8PozcNwqEKaFS1q&Expires=1777143379&Signature=%2BxDgr6hiZ794I8SUpdUJ3m76oDY%3D,"السلام ورحمة الله وبركاته يا هلا يا هلا حياك الله يا هلا يا هلا.إيه نعم الحمد لله إن شاء الله.ممتاز.هو يعني الوقت اللي أنا فيه أبغى على أساس يافلنا يعني الوقت معي شوي ضيق شوي يعني.إيه ااا بعد المدة القصيرة هذه يعني.إيه أبى أتعلم يعني الأساسيات الحروف نطقها والصوتها أنا يمكن يعني عندي بعذاف يعني أبغى أحاول أخذ حاجة بسيطة.Hmm.إن شاء الله.الصوت الصوت الصوت والله الصوت شوية كده مو بواضح.يعني نفس الشيء بس أوضح شوي يعني.ها يعني حاجة بسيطة.ما عليش، هلا؟إيه كذا كذا واضح اسمه.Mental.مدة الحصة كم يكون فردية صح؟Mom.Most ah.Mont Mont Tas.طيب تقدرين ترسلين لي مثلًا التسعيرة على الواتس أب عشان أقراها وأوريها الوالد؟Yeah.لا أنا أبغى أعلم بس أبغى يعني أقرأ عليها الأسعار وكذا إذا يعني كده.Et et et et à à à comment?والله عندي بس يعني بخيار أخير هذهMom's up.Long shot.Mom, chat.Montas.Allô, euh, euh, ça va?Okay.اليوم أنتي هذا العرض الخمسين بالمئة؟系。My, my asthma. My asthma.Ei va.والله مناسب يعني حاجة بسيطة يعني ما نقدر ننزل شوية عن ألفين حاجة بسيطة.طيب بسألك عن إيه إنت إيه؟Oh, um.ممتاز، ااا عدنا نشتغل جيم، عن طريق تابع في عشرة شهور أو.ممتاز وطيب ااا إيش اسمه ااا أبغى الأربع شهور يعني يعني دام هذا كان مرة بس السعر يعني والله شوي شوي والله يعني.साहेब साहेब साहेबUn huh.أووه صحيح والله السعر السعر الصراحة يعني لطيف شوية يعني مو مرة شوية، ااا بس تقدر أنت ترسل تفاصيل أبى أنا أجي لوالدي إذا مرة أقدر أكلمكم على الواتساب أقصده يمكن عشرة شهور؟Ouais.Momotar.ألف ونص. نعم مناسب جدا جدا كيف من عشرين ألف ولا ميتين وخمسين كويس.أنا بصراحة فكرت السعر الصراحة يعني أقل من حاجة بسيطة يعني بس إنه سعركم الصراحة على هالشيء اللي شفناه مرة ممتاز.Hmm.طيب، ايه ااا هل فيه مثلا جدول ايه هو الاستراحة مدتها كام؟أنا أبغى أنا أبغى مكثتHmm.ممتاز ااا في لها جدول عندكم أقدر أطلع عليه مثلاً جدول حصص وكذا هي ساعة صح؟आह आहUm. Talk.Montage, montage, montage.يعني حتى لو بغيت مثلاً يوم أو اثنين أخذها بعد ما يغلق الاشتراك بيوم.Ah, quiet.طيب طيب، ممتاز زواجتك رح أبعد أنا والله بكلم الوالد ممتاز، ااا الوالد إن شاء الله ما عنده إشكالية إن شاء الله، ااا وإذا تم إن شاء الله برجع أرسِل واتساب على نفس ال هذا.Alors, voyons, ça monte ça, ah, ah, ah, ah, il monte.Montage.Among.Ah.إن شاء الله بإذن الواحد الأحد بإذن الله.إن شاء الله اليوم إن شاء الله في الليل كده إن شاء الله قبل الوالد وأكلمه.إيه إن شاء الله من العرض اللي أنتي الساعة اتنعش تقولتي؟إن شاء الله قبل تسعة لأن أنا كنت بكلمه اليوم حسب العرض يمكن قبل الساعة اثناعش فإن شاء الله أكلمه قبل إن شاء الله الساعة تسعة بإذن الله.啊。Mountain.طيب طيب الله يعطيك العافية. السلام ورحمة الله وبركاته يا هلا يا هلا حياك الله يا هلا يا هلا. إيه نعم الحمد لله إن شاء الله. ممتاز. هو يعني الوقت اللي أنا فيه أبغى على أساس يافلنا يعني الوقت معي شوي ضيق شوي يعني. إيه ااا بعد المدة القصيرة هذه يعني. إيه أبى أتعلم يعني الأساسيات الحروف نطقها والصوتها أنا يمكن يعني عندي بعذاف يعني أبغى أحاول أخذ حاجة بسيطة. Hmm. إن شاء الله. الصوت الصوت الصوت والله الصوت شوية كده مو بواضح. يعني نفس الشيء بس أوضح شوي يعني. ها يعني حاجة بسيطة. ما عليش، هلا؟ إيه كذا كذا واضح اسمه. Mental. مدة الحصة كم يكون فردية صح؟ Mom. Most ah. Mont Mont Tas. طيب تقدرين ترسلين لي مثلًا التسعيرة على الواتس أب عشان أقراها وأوريها الوالد؟ Yeah. لا أنا أبغى أعلم بس أبغى يعني أقرأ عليها الأسعار وكذا إذا يعني كده. Et et et et à à à comment? والله عندي بس يعني بخيار أخير هذه Mom's up. Long shot. Mom, chat. Montas. Allô, euh, euh, ça va? Okay. اليوم أنتي هذا العرض الخمسين بالمئة؟ 系。 My, my asthma. My asthma. Ei va. والله مناسب يعني حاجة بسيطة يعني ما نقدر ننزل شوية عن ألفين حاجة بسيطة. طيب بسألك عن إيه إنت إيه؟ Oh, um. ممتاز، ااا عدنا نشتغل جيم، عن طريق تابع في عشرة شهور أو. ممتاز وطيب ااا إيش اسمه ااا أبغى الأربع شهور يعني يعني دام هذا كان مرة بس السعر يعني والله شوي شوي والله يعني. साहेब साहेब साहेब Un huh. أووه صحيح والله السعر السعر الصراحة يعني لطيف شوية يعني مو مرة شوية، ااا بس تقدر أنت ترسل تفاصيل أبى أنا أجي لوالدي إذا مرة أقدر أكلمكم على الواتساب أقصده يمكن عشرة شهور؟ Ouais. Momotar. ألف ونص. نعم مناسب جدا جدا كيف من عشرين ألف ولا ميتين وخمسين كويس. أنا بصراحة فكرت السعر الصراحة يعني أقل من حاجة بسيطة يعني بس إنه سعركم الصراحة على هالشيء اللي شفناه مرة ممتاز. طيب، ايه ااا هل فيه مثلا جدول ايه هو الاستراحة مدتها كام؟ أنا أبغى أنا أبغى مكثت ممتاز ااا في لها جدول عندكم أقدر أطلع عليه مثلاً جدول حصص وكذا هي ساعة صح؟ आह आह Um. Talk. Montage, montage, montage. يعني حتى لو بغيت مثلاً يوم أو اثنين أخذها بعد ما يغلق الاشتراك بيوم. Ah, quiet. طيب طيب، ممتاز زواجتك رح أبعد أنا والله بكلم الوالد ممتاز، ااا الوالد إن شاء الله ما عنده إشكالية إن شاء الله، ااا وإذا تم إن شاء الله برجع أرسِل واتساب على نفس ال هذا. Alors, voyons, ça monte ça, ah, ah, ah, ah, il monte. Montage. Among. Ah. إن شاء الله بإذن الواحد الأحد بإذن الله. إن شاء الله اليوم إن شاء الله في الليل كده إن شاء الله قبل الوالد وأكلمه. إيه إن شاء الله من العرض اللي أنتي الساعة اتنعش تقولتي؟ إن شاء الله قبل تسعة لأن أنا كنت بكلمه اليوم حسب العرض يمكن قبل الساعة اثناعش فإن شاء الله أكلمه قبل إن شاء الله الساعة تسعة بإذن الله. 啊。 Mountain. طيب طيب الله يعطيك العافية.",bad_asr,ASR_LOW_QUALITY,45ea608b-fa47-401b-b43b-172be0231074,qwen3-asr-flash-filetrans,2026-04-26 00:57:09,good_need,unknown,normal,no_issue,close_payment,العميل أبدى رغبة قوية في الاشتراك وأكد أنه سيتحدث مع والده للحصول على الموافقة لإتمام عملية الدفع في نفس اليوم، مما يعني أن الخطوة التالية هي انتظار تأكيد الدفع.
3eb7c3e1ec2ea62eb79d2c3eb6845e6c,voice_599342278,599342278,62985046,EGCC-eman.amr,2289(Maqsam),2026-04-22 18:31:17,双方接通,pre_class_reschedule,0.3,المكالمة تتضمن لغات متعددة وضوضاء. يطلب المتحدث تأجيل الموعد إلى فترة العصر لأنه استيقظ للتو، ويذكر انتظار رد من مسافر وإعطاء خبر غداً.,low,,,,,,,,,,,,,,unknown,,schedule,,,,,,,,,,success,,,,2026-04-26 00:31:05,2026-04-26 00:57:09,http://pd-fscall-record.oss-cn-hongkong.aliyuncs.com/2026-04-22/maqsam-Eman.Amr.298461448.mp3?OSSAccessKeyId=LTAI5t8sBUhKT5YzXBHvmGGq&Expires=1777141637&Signature=9DQ14BHJRDFDbIObzdNzj7w7HFg%3D,http://pd-fscall-record.oss-cn-hongkong.aliyuncs.com/2026-04-22/maqsam-Eman.Amr.298461448.mp3?OSSAccessKeyId=LTAI5t8sBUhKT5YzXBHvmGGq&Expires=1777141637&Signature=9DQ14BHJRDFDbIObzdNzj7w7HFg%3D,sales-engine/recordings/2026-04-22/user_62985046__voice_599342278.mp3,https://sales-engine-audio.oss-cn-hongkong.aliyuncs.com/sales-engine/recordings/2026-04-22/user_62985046__voice_599342278.mp3?OSSAccessKeyId=LTAI5t6Jd8PozcNwqEKaFS1q&Expires=1777143432&Signature=s2L9R7vKdpS9YxngjiS2qfikrWc%3D,"हैलो अलैकुम सलाम참잘해요.هو لسه اليوم بييرد عالمسافر إن شاء اللهإن شاء الله بكرة بعطيك الخبر إن شاء الله.कुछ लोग मार दोगे लाना होगा लेडीज़ काWhat the other.خلينا على العصر عشان الحين أنا سوني صاحب من النوم. أطيب لعب.Ah, pero la real es que. हैलो अलैकुम सलाम 참잘해요. هو لسه اليوم بييرد عالمسافر إن شاء الله إن شاء الله بكرة بعطيك الخبر إن شاء الله. कुछ लोग मार दोगे लाना होगा लेडीज़ का What the other. خلينا على العصر عشان الحين أنا سوني صاحب من النوم. أطيب لعب. Ah, pero la real es que.",bad_asr,ASR_LOW_QUALITY,cf7aa886-5f92-4fe9-9f21-28ffe20a5a04,qwen3-asr-flash-filetrans,2026-04-26 00:57:21,unknown,unknown,no_real_conversation,unknown,rebook_trial,المكالمة تحتوي على لغات متعددة (عربية، كورية، هندية، إسبانية) وضوضاء، مما يعيق الفهم الكامل. يطلب المتصل تأجيل الموعد إلى العصر لأنه استيقظ للتو من النوم. لا يوجد نقاش حول الدورة أو الشراء، وذكر انتظار خبر من مسافر.
064c7477fc50444a8599d8b66eb7e9e5,voice_599343264,599343264,62972656,51habiba.hassan,2244(Maqsam),2026-04-22 18:33:48,双方接通,unknown,0.5,المكالمة قصيرة جداً وتقتصر على التحية وتأكيد الاتصال، لا يوجد محتوى حقيقي.,unknown,,,,,,,,,,,,,,unknown,,none,,,,,,,,,,success,,,,2026-04-26 00:31:05,2026-04-26 00:57:21,http://pd-fscall-record.oss-cn-hongkong.aliyuncs.com/2026-04-22/maqsam-habiba.hassan.298462739.mp3?OSSAccessKeyId=LTAI5t8sBUhKT5YzXBHvmGGq&Expires=1777141636&Signature=OvDn9sjliELLjeUddtgEpEgFPTo%3D,http://pd-fscall-record.oss-cn-hongkong.aliyuncs.com/2026-04-22/maqsam-habiba.hassan.298462739.mp3?OSSAccessKeyId=LTAI5t8sBUhKT5YzXBHvmGGq&Expires=1777141636&Signature=OvDn9sjliELLjeUddtgEpEgFPTo%3D,sales-engine/recordings/2026-04-22/user_62972656__voice_599343264.mp3,https://sales-engine-audio.oss-cn-hongkong.aliyuncs.com/sales-engine/recordings/2026-04-22/user_62972656__voice_599343264.mp3?OSSAccessKeyId=LTAI5t6Jd8PozcNwqEKaFS1q&Expires=1777143444&Signature=j1WWLcmNzfHv6srDuAyNp35V5ps%3D,"AllôYeah.Welcome, Salam.Allô ? Eh.हैलो Allô Yeah. Welcome, Salam. Allô ? Eh. हैलो",bad_asr,ASR_LOW_QUALITY,cbb9d09c-b70e-4fa4-9744-057dda75ec60,qwen3-asr-flash-filetrans,2026-04-26 00:57:30,unknown,unknown,no_real_conversation,no_issue,no_task,المكالمة تحتوي فقط على تحيات وأصوات تأكيد الاتصال، ولا يوجد أي معلومات كافية لتحديد مرحلة المكالمة أو نية العميل أو أي اعتراضات.
f226283a65df7b0d1edb70f279102be7,voice_599346376,599346376,62985225,EGCC-eman.amr,2289(Maqsam),2026-04-22 18:47:29,双方接通,post_class_followup,1.0,الأم مشغولة، تم التواصل مع الأب شخصياً ويتم المتابعة معه حالياً.,unknown,,,,,,,,,,,,,,unknown,,none,,,,,,,,,,success,,,,2026-04-26 00:31:05,2026-04-26 00:57:34,http://pd-fscall-record.oss-cn-hongkong.aliyuncs.com/2026-04-22/maqsam-Eman.Amr.298469407.mp3?OSSAccessKeyId=LTAI5t8sBUhKT5YzXBHvmGGq&Expires=1777141635&Signature=YjfTi4hsa5%2BwiIjeEoJDJEJE5No%3D,http://pd-fscall-record.oss-cn-hongkong.aliyuncs.com/2026-04-22/maqsam-Eman.Amr.298469407.mp3?OSSAccessKeyId=LTAI5t8sBUhKT5YzXBHvmGGq&Expires=1777141635&Signature=YjfTi4hsa5%2BwiIjeEoJDJEJE5No%3D,sales-engine/recordings/2026-04-22/user_62985225__voice_599346376.mp3,https://sales-engine-audio.oss-cn-hongkong.aliyuncs.com/sales-engine/recordings/2026-04-22/user_62985225__voice_599346376.mp3?OSSAccessKeyId=LTAI5t6Jd8PozcNwqEKaFS1q&Expires=1777143456&Signature=4git0Q82L5F%2Bm5bm3WQ4INVwjKQ%3D,อ๋อ ไม่ทราบว่า什么？أمي مشغولة كان الوالد بذاتي، واصلين معه حالياً.Hm. อ๋อ ไม่ทราบว่า 什么？ أمي مشغولة كان الوالد بذاتي، واصلين معه حالياً. Hm.,bad_asr,ASR_LOW_QUALITY,b6b03087-cebd-400a-b7de-44941d7501a3,qwen3-asr-flash-filetrans,2026-04-26 00:57:42,good_need,unknown,normal,no_issue,close_payment,تم التواصل مع ولي الأمر (الأب) لمتابعة الموضوع بعدما كانت الأم مشغولة.
faf6f6e438714c4a3c621e92a1d70a5d,voice_599346708,599346708,62942303,51habiba.hassan,2244(Maqsam),2026-04-22 18:47:14,双方接通,unknown,0.1,اللغة في التسجيل ليست العربية ولا يمكن فهم المحتوى.,unknown,,,,,,,,,,,,,,unknown,,unknown,,,,,,,,,,success,,,,2026-04-26 00:31:05,2026-04-26 00:57:42,http://pd-fscall-record.oss-cn-hongkong.aliyuncs.com/2026-04-22/maqsam-habiba.hassan.298469297.mp3?OSSAccessKeyId=LTAI5t8sBUhKT5YzXBHvmGGq&Expires=1777141636&Signature=RIAbg4oBQPJfH3r7lO35tBreb34%3D,http://pd-fscall-record.oss-cn-hongkong.aliyuncs.com/2026-04-22/maqsam-habiba.hassan.298469297.mp3?OSSAccessKeyId=LTAI5t8sBUhKT5YzXBHvmGGq&Expires=1777141636&Signature=RIAbg4oBQPJfH3r7lO35tBreb34%3D,sales-engine/recordings/2026-04-22/user_62942303__voice_599346708.mp3,https://sales-engine-audio.oss-cn-hongkong.aliyuncs.com/sales-engine/recordings/2026-04-22/user_62942303__voice_599346708.mp3?OSSAccessKeyId=LTAI5t6Jd8PozcNwqEKaFS1q&Expires=1777143465&Signature=jU1sHN6FPZL69Yx/a1t2Shw90Ck%3D,"唉，对呀。A ver, cómo será. Antes ya estábamos.I. I.Okay.明日はんぱい。うんうん。 唉，对呀。 A ver, cómo será. Antes ya estábamos. I. I. Okay. 明日はんぱい。うんうん。",bad_asr,ASR_LOW_QUALITY,4766a613-fe16-4100-a01d-9f11de96cb6a,qwen3-asr-flash-filetrans,2026-04-26 00:57:50,invalid_or_noise,unknown,no_real_conversation,unknown,no_task,اللغة المستخدمة في المكالمة ليست العربية السعودية، والمحتوى غير مفهوم لتقييم أي من الحقول.
0bd19e0aac92eefb781e22b444b5fb9c,voice_599352356,599352356,62524412,51nadamuhammad,2245(Maqsam),2026-04-22 19:08:46,双方接通,unknown,0.3,المتلقي غير مدرك لسبب الاتصال ومن هو المتصل، ويبدو غير مهتم بالتسجيل أو غير راغب فيه. المحادثة مشوشة وتحتوي على لغات متعددة.,low,,,,,,,,,,,,,,none,,low_interest,,,,,,,,,,success,,,,2026-04-26 00:31:05,2026-04-26 01:00:09,http://pd-fscall-record.oss-cn-hongkong.aliyuncs.com/2026-04-22/maqsam-NadaMuhammad.298479096.mp3?OSSAccessKeyId=LTAI5t8sBUhKT5YzXBHvmGGq&Expires=1777141790&Signature=d1%2F%2BsJZz0IkjNthXKRTvKPLkzfU%3D,http://pd-fscall-record.oss-cn-hongkong.aliyuncs.com/2026-04-22/maqsam-NadaMuhammad.298479096.mp3?OSSAccessKeyId=LTAI5t8sBUhKT5YzXBHvmGGq&Expires=1777141790&Signature=d1%2F%2BsJZz0IkjNthXKRTvKPLkzfU%3D,sales-engine/recordings/2026-04-22/user_62524412__voice_599352356.mp3,https://sales-engine-audio.oss-cn-hongkong.aliyuncs.com/sales-engine/recordings/2026-04-22/user_62524412__voice_599352356.mp3?OSSAccessKeyId=LTAI5t6Jd8PozcNwqEKaFS1q&Expires=1777143613&Signature=%2BT5tN4Hl2FkFV%2Bht1R29C1FDYzU%3D,"Hello. Hello Can you hear now?Um.ولما أدري منو طلبWill night.Hm.The.Oh yeah.You. Ah.¿Aló?لا لا بريو ما عدنا بغي نسجل. يا دوبك لا.Hello.क्या क्या नहींما شاء الله يعني ما أعرف عن الشيءAh, my brother.Ujú, qué horror.Ah ah ah ah ahYeah.因為嗯，咩都冇噶。So.看见他。No está con. Hello. Hello Can you hear now? Um. ولما أدري منو طلب Will night. Hm. The. Oh yeah. You. Ah. ¿Aló? لا لا بريو ما عدنا بغي نسجل. يا دوبك لا. Hello. क्या क्या नहीं ما شاء الله يعني ما أعرف عن الشيء Ah, my brother. Ujú, qué horror. Ah ah ah ah ah Yeah. 因為嗯，咩都冇噶。 So. 看见他。 No está con.",bad_asr,ASR_LOW_QUALITY,195a3ecd-79f1-4bd9-8784-c478df028144,qwen3-asr-flash-filetrans,2026-04-26 01:00:23,no_trial_or_not_aware,unknown,no_real_conversation,unknown,no_task,المتلقي لا يعلم سبب الاتصال ولا يبدو مهتماً بالتسجيل (لا لا بريو ما عدنا بغي نسجل. يا دوبك لا). المكالمة مشوشة وتحتوي على لغات متعددة مما يشير إلى عدم وجود محادثة حقيقية واضحة.
c4df97dceb9c288fa2675e17c0af88be,voice_599352553,599352553,62979296,51habiba.hassan,2244(Maqsam),2026-04-22 19:09:15,双方接通,unknown,0.1,مكالمة غير واضحة المعالم تحتوي على كلمات عربية وإسبانية وتركية وجمل غير مترابطة، مما يجعل تحديد سياقها أو غرضها مستحيلاً. لا يوجد محتوى يتعلق بالبيع أو الدورة.,unknown,,,,,,,,,,,,,,unknown,,unknown,,,,,,,,,,success,,,,2026-04-26 00:31:05,2026-04-26 01:00:23,http://pd-fscall-record.oss-cn-hongkong.aliyuncs.com/2026-04-22/maqsam-habiba.hassan.298479316.mp3?OSSAccessKeyId=LTAI5t8sBUhKT5YzXBHvmGGq&Expires=1777141630&Signature=VCkoG0QcU6DX3BERHpXYKTzZgM0%3D,http://pd-fscall-record.oss-cn-hongkong.aliyuncs.com/2026-04-22/maqsam-habiba.hassan.298479316.mp3?OSSAccessKeyId=LTAI5t8sBUhKT5YzXBHvmGGq&Expires=1777141630&Signature=VCkoG0QcU6DX3BERHpXYKTzZgM0%3D,sales-engine/recordings/2026-04-22/user_62979296__voice_599352553.mp3,https://sales-engine-audio.oss-cn-hongkong.aliyuncs.com/sales-engine/recordings/2026-04-22/user_62979296__voice_599352553.mp3?OSSAccessKeyId=LTAI5t6Jd8PozcNwqEKaFS1q&Expires=1777143626&Signature=/0A0V1l3SWZg1DflMIxZwEJodzo%3D,哎呀，反正。وعليكم السلامأحسن أحسنوالله بالتمام حاليًا بس شو بطري ما راح أكرر بالتمام حاليًا.Con el trasar vamos.Unos.أربعة ونصف أي؟Bir beş milyon teşekkür ederim. 哎呀，反正。 وعليكم السلام أحسن أحسن والله بالتمام حاليًا بس شو بطري ما راح أكرر بالتمام حاليًا. Con el trasar vamos. Unos. أربعة ونصف أي؟ Bir beş milyon teşekkür ederim.,bad_asr,ASR_LOW_QUALITY,4f9b8c59-f56b-43e5-97bc-cd7cd270213f,qwen3-asr-flash-filetrans,2026-04-26 01:00:35,invalid_or_noise,unknown,no_real_conversation,unknown,no_task,المكالمة تتضمن كلمات بلغات متعددة (عربي، إسباني، تركي) وجمل غير مفهومة وغير مترابطة، مما يمنع تحليلها أو استخلاص أي معلومات مفيدة منها. لا يمكن تحديد غرض المكالمة.
5033e78d5da82ea4a194a1624aa351e6,voice_599356913,599356913,62516946,51nadamuhammad,2245(Maqsam),2026-04-22 19:21:23,双方接通,unknown,0.1,يحتوي التسجيل على كلمات متفرقة بلغات مختلفة (الإنجليزية، الصينية/الكورية/اليابانية، والعربية). توجد إشارة إلى اجتياز اختبارات وتسجيل، مع طلب الاحتفاظ بالرقم على واتساب. لا يوجد حوار متكامل.,unknown,,,,,,,,,,,,,,unknown,,unknown,,,,,,,,,,success,,,,2026-04-26 00:31:05,2026-04-26 01:03:02,http://pd-fscall-record.oss-cn-hongkong.aliyuncs.com/2026-04-22/maqsam-NadaMuhammad.298485329.mp3?OSSAccessKeyId=LTAI5t8sBUhKT5YzXBHvmGGq&Expires=1777141788&Signature=wDkCQ5Kto8YacRg9lWVxxrNzAvo%3D,http://pd-fscall-record.oss-cn-hongkong.aliyuncs.com/2026-04-22/maqsam-NadaMuhammad.298485329.mp3?OSSAccessKeyId=LTAI5t8sBUhKT5YzXBHvmGGq&Expires=1777141788&Signature=wDkCQ5Kto8YacRg9lWVxxrNzAvo%3D,sales-engine/recordings/2026-04-22/user_62516946__voice_599356913.mp3,https://sales-engine-audio.oss-cn-hongkong.aliyuncs.com/sales-engine/recordings/2026-04-22/user_62516946__voice_599356913.mp3?OSSAccessKeyId=LTAI5t6Jd8PozcNwqEKaFS1q&Expires=1777143786&Signature=od9skuQJpJmNsDl2XKoPYVwi1xI%3D,"Okay. Sure. Um.अम्म बिल्कुलUm. Ah.Hey.No.Yeah. Okay.وا حلوةWhat.Ah.الحين فتت اختبارات وصفت اختبارات وسجل.Eleven by this line, I'll write. That is correct.嗯，好。응.I.Ah, all the ah activity.응.About us.Zachalors commeCould have.아.응그러나.تمام بس خليك الرقم على واتسابI don't have a pet.I love.뭐.啊。是啊。是吗？ Okay. Sure. Um. अम्म बिल्कुल Um. Ah. Hey. No. Yeah. Okay. وا حلوة What. Ah. الحين فتت اختبارات وصفت اختبارات وسجل. Eleven by this line, I'll write. That is correct. 嗯，好。 응. I. Ah, all the ah activity. About us. Zach alors comme Could have. 아. 응그러나. تمام بس خليك الرقم على واتساب I don't have a pet. I love. 뭐. 啊。 是啊。 是吗？",bad_asr,ASR_LOW_QUALITY,ce8ba458-25a8-49c4-a839-764830d850ab,qwen3-asr-flash-filetrans,2026-04-26 01:03:25,unknown,unknown,no_real_conversation,unknown,no_task,التسجيل يحتوي على لغات متعددة وغير مفهومة (إنجليزية، صينية/كورية/يابانية، وعربية متقطعة). لا يوجد حوار متكامل أو سياق واضح لتحديد طبيعة المكالمة أو غرضها. العبارات العربية المفهومة قليلة جدًا ولا تكفي للتحليل الشامل.
34bfde2b2b05e4750269046d7b23623f,voice_599359849,599359849,62980555,EGCC-maiwaheed,2313(Maqsam),2026-04-22 19:33:50,双方接通,unknown,1.0,المستلم يجيب بأنه نائم وغير متاح للتحدث حاليًا.,unknown,,,,,,,,,,,,,,unknown,,schedule,,,,,,,,,,success,,,,2026-04-26 00:31:05,2026-04-26 01:03:45,http://pd-fscall-record.oss-cn-hongkong.aliyuncs.com/2026-04-22/maqsam-MaiWaheed.298491184.mp3?OSSAccessKeyId=LTAI5t8sBUhKT5YzXBHvmGGq&Expires=1777141787&Signature=tX2xyIxqXH8etY5u8oibLYJbpy4%3D,http://pd-fscall-record.oss-cn-hongkong.aliyuncs.com/2026-04-22/maqsam-MaiWaheed.298491184.mp3?OSSAccessKeyId=LTAI5t8sBUhKT5YzXBHvmGGq&Expires=1777141787&Signature=tX2xyIxqXH8etY5u8oibLYJbpy4%3D,sales-engine/recordings/2026-04-22/user_62980555__voice_599359849.mp3,https://sales-engine-audio.oss-cn-hongkong.aliyuncs.com/sales-engine/recordings/2026-04-22/user_62980555__voice_599359849.mp3?OSSAccessKeyId=LTAI5t6Jd8PozcNwqEKaFS1q&Expires=1777143827&Signature=bzeqOF5N4333hArbUP%2BuzRF%2BZYY%3D,السلام والرحمة.能。لا والله نايم أنا الحين.Hmm. السلام والرحمة. 能。 لا والله نايم أنا الحين. Hmm.,bad_asr,ASR_LOW_QUALITY,70b70426-21ab-4624-8389-3373878a7be0,qwen3-asr-flash-filetrans,2026-04-26 01:03:53,unknown,unknown,normal,unknown,rebook_trial,المستلم أبلغ بأنه نائم وغير متاح للتحدث.
3ca9e88605de1112cfcfda511e265a4d,voice_599360112,599360112,62972474,EGCC-fatmamohamed,2310(Maqsam),2026-04-22 19:33:23,双方接通,unknown,0.0,المحتوى غير صالح لتحليل مكالمة مبيعات سعودية بسبب تداخل اللغات.,unknown,,,,,,,,,,,,,,unknown,,unknown,,,,,,,,,,success,,,,2026-04-26 00:31:05,2026-04-26 01:03:53,http://pd-fscall-record.oss-cn-hongkong.aliyuncs.com/2026-04-22/maqsam-FatmaMohamed.298490953.mp3?OSSAccessKeyId=LTAI5t8sBUhKT5YzXBHvmGGq&Expires=1777141787&Signature=V6y0cR5VHkJeBqmFXqQcIGW%2FuhE%3D,http://pd-fscall-record.oss-cn-hongkong.aliyuncs.com/2026-04-22/maqsam-FatmaMohamed.298490953.mp3?OSSAccessKeyId=LTAI5t8sBUhKT5YzXBHvmGGq&Expires=1777141787&Signature=V6y0cR5VHkJeBqmFXqQcIGW%2FuhE%3D,sales-engine/recordings/2026-04-22/user_62972474__voice_599360112.mp3,https://sales-engine-audio.oss-cn-hongkong.aliyuncs.com/sales-engine/recordings/2026-04-22/user_62972474__voice_599360112.mp3?OSSAccessKeyId=LTAI5t6Jd8PozcNwqEKaFS1q&Expires=1777143836&Signature=sTOue%2BZ3thqfC0NWI1hfK21dp68%3D,Little sad.हैलो那个。啊。还有呢。لا، ست درس اجتماعي.是的。 Little sad. हैलो 那个。 啊。 还有呢。 لا، ست درس اجتماعي. 是的。,bad_asr,ASR_LOW_QUALITY,6058e11e-9d3d-45f9-8506-f2d818ffeb86,qwen3-asr-flash-filetrans,2026-04-26 01:04:02,invalid_or_noise,unknown,no_real_conversation,unknown,no_task,النص يحتوي على مزيج من اللغات الإنجليزية والصينية والهندية والعربية بشكل غير متماسك، ولا يمكن تحليله كجزء من مكالمة مبيعات سعودية باللغة العربية.
f6da3d34e44fafeb814cd491d462d829,voice_599360694,599360694,0,EGCC-tasneemmahmoud,2311(Maqsam),2026-04-22 19:39:14,双方接通,pre_class_confirm,1.0,تواصلت البائعة مع أم مريم بعد أن علمت ابنتها بالدورة. الأم تستفسر عن نظام الدورة والحصة التجريبية وتعبر عن قلقها بشأن الميزانية. وافقت على حضور ابنتها للحصة التجريبية وطلبت من البائعة التواصل معها لاحقاً لمناقشة الدفع بعد مشاورة الأب.,high,,,,,,,,,,,,,,low,,price,,,,,,,,,,success,,,,2026-04-26 00:31:05,2026-04-26 01:04:19,http://pd-fscall-record.oss-cn-hongkong.aliyuncs.com/2026-04-22/maqsam-TasneemMahmoud.298494309.mp3?OSSAccessKeyId=LTAI5t8sBUhKT5YzXBHvmGGq&Expires=1777141784&Signature=2%2FfD%2BxZQ0vqX2XbA%2BSUgM%2FTUsFs%3D,http://pd-fscall-record.oss-cn-hongkong.aliyuncs.com/2026-04-22/maqsam-TasneemMahmoud.298494309.mp3?OSSAccessKeyId=LTAI5t8sBUhKT5YzXBHvmGGq&Expires=1777141784&Signature=2%2FfD%2BxZQ0vqX2XbA%2BSUgM%2FTUsFs%3D,sales-engine/recordings/2026-04-22/user_0__voice_599360694.mp3,https://sales-engine-audio.oss-cn-hongkong.aliyuncs.com/sales-engine/recordings/2026-04-22/user_0__voice_599360694.mp3?OSSAccessKeyId=LTAI5t6Jd8PozcNwqEKaFS1q&Expires=1777143863&Signature=4kE9QuakhEZy4k/LRz6me9hUC2I%3D,"ألو أهلاً حياك إن شاء الله يا هلا ومرحبا كلمتني بنتي مريوم إن أنتم مسوين الدورة فقلت أحسن تكلميني عشان أفهم يعني إيش نظامكم ماني بفاهمة شيء يعني والله عن الموضوع فيا ليت تفهميني الله يرضي عنك.In your.لا والله يا عمري أنتي.طيب بصير حين دراستها عن بعد يعني؟أيوة طيب وهذا اللي تقولين عليه تجريبية هي حصة واحدة؟طيب طيب ممتاز طيب و وبعد كذا يعني الحين أنتوا قيمتوا وحسيتوا مثلاً أنها مستواها جيد أو مستوى جيد جداً في الإنجليزي ااا إيش اللي بعد الخطوة الثانية شن هي؟إيه فهمت اللي تستوعب اللي تفهم اللي اللي ماشية معكم طيب.أيوة طيبJa, das ist.طيب وبعدين أنا أنا أبي أفهم يعني إن هل بيكون في مبالغ مالية يعني ندفعها أو شيء؟تمام طيب.eh,هو والله عشان يعني الصراحة ما في ميزانية فأنا كا يوم إنها كلمتني فقلت لها خليها هي تتواصل معي شخصية عشان أعرف إيش وأكون على بينة والصراحة الميزانية يعني ما في ميزانية فعشان كذا أنا خائفة من الموضوع.You are more short.كم في الشهر؟خليني أقول لك لو مستواها جيد كم بيصير في الشهر تدفع؟أيوة يعني كذا كم ممكن تدفع في الشهر؟خمسين ريال.Elfeخمسة وأربعين حصة طيب كم تدفع في الشهر؟And you.아.أيوة لا والله أبدًا الميزانية خليني أتكلم مع أبوها وهذا رقمي خزني أنت شوف أتكلم مع أبوها وأرسل.ischخلاص عيوني أنا بخليها تحضر أيوة خلاص أنا بخليها تحضر الحصة التجريبية عادي وأنتِ وزني وأنا بشاور أبوها وتوصلي معي على رقمي هذا ثمانية حبيبتي.¿Es?أيوة أيوة في عندي واتساب حبيبتي أم مريم أم مريم خزنيني أم مريميا عمر ينتهي تمام على خير على خير تمام الله يجزاك خير يا رب طيب طيب مشكورة يا حبيبتي حياك الله في آمان في آمان الله مع السلامة. ألو أهلاً حياك إن شاء الله يا هلا ومرحبا كلمتني بنتي مريوم إن أنتم مسوين الدورة فقلت أحسن تكلميني عشان أفهم يعني إيش نظامكم ماني بفاهمة شيء يعني والله عن الموضوع فيا ليت تفهميني الله يرضي عنك. In your. لا والله يا عمري أنتي. طيب بصير حين دراستها عن بعد يعني؟ أيوة طيب وهذا اللي تقولين عليه تجريبية هي حصة واحدة؟ طيب طيب ممتاز طيب و وبعد كذا يعني الحين أنتوا قيمتوا وحسيتوا مثلاً أنها مستواها جيد أو مستوى جيد جداً في الإنجليزي ااا إيش اللي بعد الخطوة الثانية شن هي؟ إيه فهمت اللي تستوعب اللي تفهم اللي اللي ماشية معكم طيب. أيوة طيب Ja, das ist. طيب وبعدين أنا أنا أبي أفهم يعني إن هل بيكون في مبالغ مالية يعني ندفعها أو شيء؟ تمام طيب. eh, هو والله عشان يعني الصراحة ما في ميزانية فأنا كا يوم إنها كلمتني فقلت لها خليها هي تتواصل معي شخصية عشان أعرف إيش وأكون على بينة والصراحة الميزانية يعني ما في ميزانية فعشان كذا أنا خائفة من الموضوع. You are more short. كم في الشهر؟ خليني أقول لك لو مستواها جيد كم بيصير في الشهر تدفع؟ أيوة يعني كذا كم ممكن تدفع في الشهر؟ خمسين ريال. Elfe خمسة وأربعين حصة طيب كم تدفع في الشهر؟ And you. 아. أيوة لا والله أبدًا الميزانية خليني أتكلم مع أبوها وهذا رقمي خزني أنت شوف أتكلم مع أبوها وأرسل. isch خلاص عيوني أنا بخليها تحضر أيوة خلاص أنا بخليها تحضر الحصة التجريبية عادي وأنتِ وزني وأنا بشاور أبوها وتوصلي معي على رقمي هذا ثمانية حبيبتي. ¿Es? أيوة أيوة في عندي واتساب حبيبتي أم مريم أم مريم خزنيني أم مريم يا عمر ينتهي تمام على خير على خير تمام الله يجزاك خير يا رب طيب طيب مشكورة يا حبيبتي حياك الله في آمان في آمان الله مع السلامة.",bad_asr,ASR_LOW_QUALITY,7a302d71-817f-4db0-b08a-e67d3095900a,qwen3-asr-flash-filetrans,2026-04-26 01:04:42,weak_need,unknown,normal,no_issue,rebook_trial,الأم استفسرت عن تفاصيل الدورة والحصة التجريبية وأبدت قلقها من التكلفة (الميزانية). وافقت على حضور ابنتها للحصة التجريبية وستتشاور مع الأب بشأن الدفع لاحقاً.
1cd5eef5b8bc4df8480986c97cda9a45,voice_599360903,599360903,62987580,EGCC-maiwaheed,2313(Maqsam),2026-04-22 19:36:57,双方接通,post_class_followup,0.6,المستلمة تتذكر المتصلة لكنها غير متفرغة حالياً للتحدث.,unknown,,,,,,,,,,,,,,unknown,,schedule,,,,,,,,,,success,,,,2026-04-26 00:31:05,2026-04-26 01:04:55,http://pd-fscall-record.oss-cn-hongkong.aliyuncs.com/2026-04-22/maqsam-MaiWaheed.298493027.mp3?OSSAccessKeyId=LTAI5t8sBUhKT5YzXBHvmGGq&Expires=1777141785&Signature=vfGT640Vx03MvUy9vFhHImGp4qQ%3D,http://pd-fscall-record.oss-cn-hongkong.aliyuncs.com/2026-04-22/maqsam-MaiWaheed.298493027.mp3?OSSAccessKeyId=LTAI5t8sBUhKT5YzXBHvmGGq&Expires=1777141785&Signature=vfGT640Vx03MvUy9vFhHImGp4qQ%3D,sales-engine/recordings/2026-04-22/user_62987580__voice_599360903.mp3,https://sales-engine-audio.oss-cn-hongkong.aliyuncs.com/sales-engine/recordings/2026-04-22/user_62987580__voice_599360903.mp3?OSSAccessKeyId=LTAI5t6Jd8PozcNwqEKaFS1q&Expires=1777143899&Signature=n/eVLl6T/7XcUR89LLPWJKhcen8%3D,"पारेख मुझे राम नहींEva.إيه أتذكر أتذكر يا ريت إيه.والله الحمد لله أنت كيفك؟تمام بس الحين أنا ماني فاضية.إيه مشهورة شوي.ما أعرف ما شفته إلا الآنगर्मीええその。Y a la maestra, ella. पारेख मुझे राम नहीं Eva. إيه أتذكر أتذكر يا ريت إيه. والله الحمد لله أنت كيفك؟ تمام بس الحين أنا ماني فاضية. إيه مشهورة شوي. ما أعرف ما شفته إلا الآن गर्मी ええその。 Y a la maestra, ella.",bad_asr,ASR_LOW_QUALITY,f0135130-6ab6-449d-b8f9-7828bdac5174,qwen3-asr-flash-filetrans,2026-04-26 01:05:10,unknown,unknown,normal,no_issue,rebook_trial,العميلة غير متفرغة للتحدث حالياً.
9ab8678ddfc2c92876d0eeac117f640a,voice_599363769,599363769,62981025,51habiba.hassan,2244(Maqsam),2026-04-22 19:48:51,双方接通,unknown,0.1,تبدأ المكالمة بتحية ويتم ذكر اسم لجين. يوجد نقاش قصير حول تطلعات جامعية وتخصصات، وربما دورات للطلاب في البحرين. يعبر أحد الأطراف عن عدم معرفته بالتفاصيل. المكالمة تتحول لاحقاً إلى حديث غير مترابط تماماً.,unknown,,,,,,,,,,,,,,unknown,,unknown,,,,,,,,,,success,,,,2026-04-26 00:31:05,2026-04-26 01:05:41,http://pd-fscall-record.oss-cn-hongkong.aliyuncs.com/2026-04-22/maqsam-habiba.hassan.298499536.mp3?OSSAccessKeyId=LTAI5t8sBUhKT5YzXBHvmGGq&Expires=1777141628&Signature=vUspsw5%2F6FY9eyKMVga8gjZjurY%3D,http://pd-fscall-record.oss-cn-hongkong.aliyuncs.com/2026-04-22/maqsam-habiba.hassan.298499536.mp3?OSSAccessKeyId=LTAI5t8sBUhKT5YzXBHvmGGq&Expires=1777141628&Signature=vUspsw5%2F6FY9eyKMVga8gjZjurY%3D,sales-engine/recordings/2026-04-22/user_62981025__voice_599363769.mp3,https://sales-engine-audio.oss-cn-hongkong.aliyuncs.com/sales-engine/recordings/2026-04-22/user_62981025__voice_599363769.mp3?OSSAccessKeyId=LTAI5t6Jd8PozcNwqEKaFS1q&Expires=1777143946&Signature=KtzoK/YlAMHkyhsnfojySHPX6R0%3D,"Hmm.Allô ?عليكم السلام ورحمة الله.嗯。Yes, my career.You know.إن شاء الله بسمع ونكتب خرم برشين عادل بالجوار.Hmm. Okay.اسمي لجين.Eugene.ए वो लूट जाए लूट जाएदुनिया का क्या स्नेह नहींYeah.Good evening.Yeah.It's on box, sir.تطلعات خارج الجامعةالداخل في المرحلة الجامعية.أقول داخل المرحلة الجامعية.أنا أقول يا حبيبتي أنا أقول لك داخل التخصص يعني جامعي أنا تحبيبي.الشائع في الجامعة البحريني.Strax efter varvet av mig.لا ما ني عارفة الأغراض.ah, no alta.Um.You.Um. Okay.أنا راح أخبرهم.أقول لها هخبرها.لا ما عندها خبر.Come on now, pick it up. Okay.My eyes, honey.No, bueno, lo que nos resta.لا في الوقت راسلين أنتم أول.لا حماش وصفOh okay, so.لا ولا صعب مرةUh huh.That's so lovely. Hmm.فجأة دخلت على غابات.طيب، ذلك يُمْكِن.طلاع البركان. Hmm. Allô ? عليكم السلام ورحمة الله. 嗯。 Yes, my career. You know. إن شاء الله بسمع ونكتب خرم برشين عادل بالجوار. Hmm. Okay. اسمي لجين. Eugene. ए वो लूट जाए लूट जाए दुनिया का क्या स्नेह नहीं Yeah. Good evening. It's on box, sir. تطلعات خارج الجامعة الداخل في المرحلة الجامعية. أقول داخل المرحلة الجامعية. أنا أقول يا حبيبتي أنا أقول لك داخل التخصص يعني جامعي أنا تحبيبي. الشائع في الجامعة البحريني. Strax efter varvet av mig. لا ما ني عارفة الأغراض. ah, no alta. Um. You. Um. Okay. أنا راح أخبرهم. أقول لها هخبرها. لا ما عندها خبر. Come on now, pick it up. Okay. My eyes, honey. No, bueno, lo que nos resta. لا في الوقت راسلين أنتم أول. لا حماش وصف Oh okay, so. لا ولا صعب مرة Uh huh. That's so lovely. Hmm. فجأة دخلت على غابات. طيب، ذلك يُمْكِن. طلاع البركان.",bad_asr,ASR_LOW_QUALITY,b57bf7cb-7b0a-49e1-8c36-48cd78ab389f,qwen3-asr-flash-filetrans,2026-04-26 01:06:04,invalid_or_noise,unknown,no_real_conversation,unknown,no_task,المكالمة مجزأة وغير مترابطة بشكل كبير، وتحتوي على محادثات غير ذات صلة بالموضوع. من الصعب تحديد سياقها أو الغرض منها بدقة.
50ee8393fb58303316774c98cf04c531,voice_599365856,599365856,62984549,EGCC-eman.amr,2289(Maqsam),2026-04-22 19:55:20,双方接通,in_class_support,0.9,المتصل يواجه مشكلة تقنية في الدخول للحصة باستخدام الباركود على جهاز الكمبيوتر الخاص به. تلقى رسالة برابط حصة من مستشارة تعليمية. يطلب المساعدة في كيفية فتح الباركود على الكمبيوتر، كما يطلب من الوكيل معاودة الاتصال به بعد ساعتين لأنه نائم.,high,,,,,,,,,,,,,,unknown,,technical_issue,,,,,,,,,,success,,,,2026-04-26 00:31:05,2026-04-26 01:06:04,http://pd-fscall-record.oss-cn-hongkong.aliyuncs.com/2026-04-22/maqsam-Eman.Amr.298503193.mp3?OSSAccessKeyId=LTAI5t8sBUhKT5YzXBHvmGGq&Expires=1777141628&Signature=0STTD5qP4eNYc14edmZjZNXG3fs%3D,http://pd-fscall-record.oss-cn-hongkong.aliyuncs.com/2026-04-22/maqsam-Eman.Amr.298503193.mp3?OSSAccessKeyId=LTAI5t8sBUhKT5YzXBHvmGGq&Expires=1777141628&Signature=0STTD5qP4eNYc14edmZjZNXG3fs%3D,sales-engine/recordings/2026-04-22/user_62984549__voice_599365856.mp3,https://sales-engine-audio.oss-cn-hongkong.aliyuncs.com/sales-engine/recordings/2026-04-22/user_62984549__voice_599365856.mp3?OSSAccessKeyId=LTAI5t6Jd8PozcNwqEKaFS1q&Expires=1777143970&Signature=8IWn9covLU7sq6oJKcq/o4ItKvY%3D,"ألو؟ عليكم السلام ورحمة الله.No sé.哎呦。Matar.Yezan, 17 sen.叶大人。拜拜拜。ثاني سؤال.है ना你找死。Ahora no.Allô?下一个。على حسب، عشان كذا.哎。من الراحل فاهدي.啊。对呀。إني أصير أتابع أفلام وأفهمها وبعدين راح أسافر برا وأكون أفهم الناس وأتكلم معاهم وأقدر آخذ لاحق بسوني.Hmm.لا كم درس يبغا؟أقولها تكمل دراستي برا بعدين جامعة.哎。آه طبعا هامن.Okay.Uh huh.mhmOkay.哎呦。And.buenoOkay.哦。对，应该还是。أقول أيوة صحيح عشان استوعب مرتين في الأسبوع ثلاثة دقائق.Okay.Okay.Okay.رابع تخصص ديني أجو؟جاتني رسالة حضرتنا يعني إيمان مستشارة تعليمية من منصة بعدين تحتي رابط هذا رابط الحصة؟mjum.Okay.Okay.Hm.ok ok.没有。طيب ده عريشة يعني ما حكيت أشوفه للتجدي.عطيك الرجل لا.صفر خمسة صفر؟ثلاثة خمسة؟أربعة خمسة، ثمانية خمسة اثنين.是啊，对对。الآن.嗯，对。طيب، هتتفرع له؟أيوة ما في مشكلة بس اتفرع لي بعد ساعتين أفضل عشان أنا نايم.Hmm.俩。Ah, sí.ah嗯。Okay.Okay.全南方。Yeah.Okay.Uh huh.To use.Okay.因为，嗯。ok, alors.ممكن ممكن ثانية؟三所红旗。चावलAh, sí.راح أحضر من جهاز كمبيوترك.DC.Ah, sí.जरूरokey.ओकेدخلت طلع لي طلع لي باركود مكتوب تحته متابعة الدرس.بس كيف أفتح الباركود في البي سي ما أعرف؟Okay.Okay.哎呦，哎呦。Okay.Okay.啊。ناش نادرة، لا لا نادرة شو اسمه اللي يعمل إسكان.أيوه أنا ما فهمت كيف الطريقة بالضبط يعني خذيت الكاميرا وشغلت هذا.أيوه هو مكتوب عندي قدامي في الشاشة.Certainly.مرة ثانية ادخل على الباركود.Oh.哎，宇哥。مكتوب قدامنا غير مباشر.嗯，那那那必须的。बसरتمام تمام.Okay.慢慢说。呃，对，可能是。छोटा रामासा ألو؟ عليكم السلام ورحمة الله. No sé. 哎呦。 Matar. Yezan, 17 sen. 叶大人。 拜拜拜。 ثاني سؤال. है ना 你找死。 Ahora no. Allô? 下一个。 على حسب، عشان كذا. 哎。 من الراحل فاهدي. 啊。 对呀。 إني أصير أتابع أفلام وأفهمها وبعدين راح أسافر برا وأكون أفهم الناس وأتكلم معاهم وأقدر آخذ لاحق بسوني. Hmm. لا كم درس يبغا؟ أقولها تكمل دراستي برا بعدين جامعة. آه طبعا هامن. Okay. Uh huh. mhm And. bueno 哦。 对，应该还是。 أقول أيوة صحيح عشان استوعب مرتين في الأسبوع ثلاثة دقائق. رابع تخصص ديني أجو؟ جاتني رسالة حضرتنا يعني إيمان مستشارة تعليمية من منصة بعدين تحتي رابط هذا رابط الحصة؟ mjum. Hm. ok ok. 没有。 طيب ده عريشة يعني ما حكيت أشوفه للتجدي. عطيك الرجل لا. صفر خمسة صفر؟ ثلاثة خمسة؟ أربعة خمسة، ثمانية خمسة اثنين. 是啊，对对。 الآن. 嗯，对。 طيب، هتتفرع له؟ أيوة ما في مشكلة بس اتفرع لي بعد ساعتين أفضل عشان أنا نايم. 俩。 Ah, sí. ah 嗯。 全南方。 Yeah. To use. 因为，嗯。 ok, alors. ممكن ممكن ثانية؟ 三所红旗。 चावल راح أحضر من جهاز كمبيوترك. DC. जरूर okey. ओके دخلت طلع لي طلع لي باركود مكتوب تحته متابعة الدرس. بس كيف أفتح الباركود في البي سي ما أعرف؟ 哎呦，哎呦。 ناش نادرة، لا لا نادرة شو اسمه اللي يعمل إسكان. أيوه أنا ما فهمت كيف الطريقة بالضبط يعني خذيت الكاميرا وشغلت هذا. أيوه هو مكتوب عندي قدامي في الشاشة. Certainly. مرة ثانية ادخل على الباركود. Oh. 哎，宇哥。 مكتوب قدامنا غير مباشر. 嗯，那那那必须的。 बसर تمام تمام. 慢慢说。 呃，对，可能是。 छोटा रामासा",bad_asr,ASR_LOW_QUALITY,55174f13-052a-4711-b12b-af9740e58f54,qwen3-asr-flash-filetrans,2026-04-26 01:06:58,good_need,unknown,normal,no_issue,rebook_trial,المتصل لم يتمكن من الدخول للحصة بسبب مشكلة تقنية في استخدام الباركود على الكمبيوتر، وطلب معاودة الاتصال به بعد ساعتين لكونه نائماً.
2f419a5c4454190396f80fff37e19681,voice_599366072,599366072,61933186,EGCC-tasneemmahmoud,2311(Maqsam),2026-04-22 19:54:15,双方接通,unknown,0.0,المحتوى غير مفهوم واللغة ليست العربية.,unknown,,,,,,,,,,,,,,unknown,,unknown,,,,,,,,,,success,,,,2026-04-26 00:31:05,2026-04-26 01:06:58,http://pd-fscall-record.oss-cn-hongkong.aliyuncs.com/2026-04-22/maqsam-TasneemMahmoud.298502539.mp3?OSSAccessKeyId=LTAI5t8sBUhKT5YzXBHvmGGq&Expires=1777141781&Signature=JxIjPb4kaHugn5kkJ4OPKTiR5rQ%3D,http://pd-fscall-record.oss-cn-hongkong.aliyuncs.com/2026-04-22/maqsam-TasneemMahmoud.298502539.mp3?OSSAccessKeyId=LTAI5t8sBUhKT5YzXBHvmGGq&Expires=1777141781&Signature=JxIjPb4kaHugn5kkJ4OPKTiR5rQ%3D,sales-engine/recordings/2026-04-22/user_61933186__voice_599366072.mp3,https://sales-engine-audio.oss-cn-hongkong.aliyuncs.com/sales-engine/recordings/2026-04-22/user_61933186__voice_599366072.mp3?OSSAccessKeyId=LTAI5t6Jd8PozcNwqEKaFS1q&Expires=1777144021&Signature=mM0Pu2Ak11VQF5kp6BNzQDIl7Y4%3D,"Alors là.准备。Exacto.那么。Absolument.啊？哎，那今晚今晚那今晚今晚今晚。看了。在下午。No, no, no sé.啊，对。 Alors là. 准备。 Exacto. 那么。 Absolument. 啊？哎，那今晚今晚那今晚今晚今晚。 看了。 在下午。 No, no, no sé. 啊，对。",bad_asr,ASR_LOW_QUALITY,bd7f602b-b3ba-42c3-9a32-e0cd70f3f404,qwen3-asr-flash-filetrans,2026-04-26 01:07:11,invalid_or_noise,unknown,no_real_conversation,unknown,no_task,المحتوى الموفر بالنسخة لا يتطابق مع لغة أو سياق مكالمة مبيعات عربية سعودية؛ إنه مزيج من لغات غير مفهومة (صينية وإسبانية وفرنسية).
c1c5731e9fd526390b010fa2eb561ffc,voice_599367089,599367089,62449161,51nadamuhammad,2245(Maqsam),2026-04-22 20:02:37,双方接通,unknown,0.1,المكالمة تحتوي على أصوات متقطعة وجمل بلغات متعددة (عربي، إسباني، إنجليزي، فرنسي، صيني، ألماني)، ولا يوجد حوار واضح يتعلق بمكالمة مبيعات لدورة إنجليزية.,unknown,,,,,,,,,,,,,,unknown,,unknown,,,,,,,,,,success,,,,2026-04-26 00:31:05,2026-04-26 01:07:14,http://pd-fscall-record.oss-cn-hongkong.aliyuncs.com/2026-04-22/maqsam-NadaMuhammad.298506961.mp3?OSSAccessKeyId=LTAI5t8sBUhKT5YzXBHvmGGq&Expires=1777141780&Signature=lThzln3aolPci60%2BVrpUhAnqY40%3D,http://pd-fscall-record.oss-cn-hongkong.aliyuncs.com/2026-04-22/maqsam-NadaMuhammad.298506961.mp3?OSSAccessKeyId=LTAI5t8sBUhKT5YzXBHvmGGq&Expires=1777141780&Signature=lThzln3aolPci60%2BVrpUhAnqY40%3D,sales-engine/recordings/2026-04-22/user_62449161__voice_599367089.mp3,https://sales-engine-audio.oss-cn-hongkong.aliyuncs.com/sales-engine/recordings/2026-04-22/user_62449161__voice_599367089.mp3?OSSAccessKeyId=LTAI5t6Jd8PozcNwqEKaFS1q&Expires=1777144037&Signature=o6q/ob4n8BTDSucggx4LmhkecJ0%3D,"ay, no le cojáis.And that.خير الحمد لله، أم؟Uh huh. Okay.Oui.Sí, eh.ما ما أنتي ما تعرفيك تريدين شغلSí, eh.Not sure.Hm.¿qué me pedíasNo, no sabes.¿sí?um真爽。来来来，啊，对。嗯，啊。ااا إيش اسمه ااا وش تسمونها يعني تأثير يكون فيها تأثير؟आ जानाDu, du weisch, du gi~ ay, no le cojáis. And that. خير الحمد لله، أم؟ Uh huh. Okay. Oui. Sí, eh. ما ما أنتي ما تعرفيك تريدين شغل Not sure. Hm. ¿qué me pedías No, no sabes. ¿sí? um 真爽。来来来，啊，对。 嗯，啊。 ااا إيش اسمه ااا وش تسمونها يعني تأثير يكون فيها تأثير؟ आ जाना Du, du weisch, du gi~",bad_asr,ASR_LOW_QUALITY,1f50a900-7108-4348-a26f-a4001e0b5d94,qwen3-asr-flash-filetrans,2026-04-26 01:07:31,invalid_or_noise,unknown,no_real_conversation,unknown,no_task,المكالمة عبارة عن خليط من الأصوات والجمل المتقطعة بلغات مختلفة، مما يجعل تحليلها غير ممكن لغرض تحديد مرحلة البيع أو النية.
e93720b21a53d9b2f2f2ce983ff0c931,voice_599371464,599371464,62987692,51habiba.hassan,2244(Maqsam),2026-04-22 20:15:32,双方接通,unknown,0.6,"المكالمة لم تتجاوز مرحلة التعارف أو تحديد هوية المتصل، مع تكرار عبارات ""ألو"" و""مين؟"" ومحاولات غير مكتملة للحديث.",unknown,,,,,,,,,,,,,,unknown,,none,,,,,,,,,,success,,,,2026-04-26 00:31:05,2026-04-26 01:08:59,http://pd-fscall-record.oss-cn-hongkong.aliyuncs.com/2026-04-22/maqsam-habiba.hassan.298512531.mp3?OSSAccessKeyId=LTAI5t8sBUhKT5YzXBHvmGGq&Expires=1777141625&Signature=2soBKd7%2B0q%2B8qc0itXxymEV%2Bme0%3D,http://pd-fscall-record.oss-cn-hongkong.aliyuncs.com/2026-04-22/maqsam-habiba.hassan.298512531.mp3?OSSAccessKeyId=LTAI5t8sBUhKT5YzXBHvmGGq&Expires=1777141625&Signature=2soBKd7%2B0q%2B8qc0itXxymEV%2Bme0%3D,sales-engine/recordings/2026-04-22/user_62987692__voice_599371464.mp3,https://sales-engine-audio.oss-cn-hongkong.aliyuncs.com/sales-engine/recordings/2026-04-22/user_62987692__voice_599371464.mp3?OSSAccessKeyId=LTAI5t6Jd8PozcNwqEKaFS1q&Expires=1777144142&Signature=ULhvEqIZhQN%2BaLOkIxw/uoUsVvM%3D,"ألو. ألو ألو. يا أخي مين؟或者讲。Well, um.من صلب ال. ألو. ألو ألو. يا أخي مين؟ 或者讲。 Well, um. من صلب ال.",bad_asr,ASR_LOW_QUALITY,d0bb23b6-b383-4e84-a562-e9fa349e6eee,qwen3-asr-flash-filetrans,2026-04-26 01:09:07,invalid_or_noise,unknown,no_real_conversation,no_issue,no_task,لم يتم تأسيس محادثة حقيقية؛ المتصل لم يعرف نفسه والمتلقي لم يتمكن من تحديد هوية المتصل. الكلام كان غير واضح ومتقطع.
c73d55313f7fc8c99cabbdd50c762915,voice_599374010,599374010,62872931,EGCC-maiwaheed,2313(Maqsam),2026-04-22 20:24:37,双方接通,unknown,0.1,المكالمة قصيرة جداً وتحتوي على كلمات بلغات مختلفة (روسية، فرنسية، وعربية) مثل 'Слышишь؟' و'ouais comme cela' و'هلا'. لا يوجد سياق لعملية بيع أو محادثة ذات معنى.,unknown,,,,,,,,,,,,,,unknown,,none,,,,,,,,,,success,,,,2026-04-26 00:31:05,2026-04-26 01:09:08,http://pd-fscall-record.oss-cn-hongkong.aliyuncs.com/2026-04-22/maqsam-MaiWaheed.298516484.mp3?OSSAccessKeyId=LTAI5t8sBUhKT5YzXBHvmGGq&Expires=1777141778&Signature=b8GQO1YJZxVfTBJy%2FHp%2F7yKDCUA%3D,http://pd-fscall-record.oss-cn-hongkong.aliyuncs.com/2026-04-22/maqsam-MaiWaheed.298516484.mp3?OSSAccessKeyId=LTAI5t8sBUhKT5YzXBHvmGGq&Expires=1777141778&Signature=b8GQO1YJZxVfTBJy%2FHp%2F7yKDCUA%3D,sales-engine/recordings/2026-04-22/user_62872931__voice_599374010.mp3,https://sales-engine-audio.oss-cn-hongkong.aliyuncs.com/sales-engine/recordings/2026-04-22/user_62872931__voice_599374010.mp3?OSSAccessKeyId=LTAI5t6Jd8PozcNwqEKaFS1q&Expires=1777144151&Signature=IS2rIlpS/iImXWgEIkzYilnTV00%3D,Слышишь?ouais comme celaهلا Слышишь? ouais comme cela هلا,bad_asr,ASR_LOW_QUALITY,44d02958-cae5-44fa-ab37-2734672c2068,qwen3-asr-flash-filetrans,2026-04-26 01:09:17,unknown,unknown,no_real_conversation,no_issue,no_task,المكالمة قصيرة للغاية وتتضمن كلمات بلغات متعددة غير مفهومة في سياق مكالمة مبيعات عربية، ولا يمكن استخلاص أي معلومات أو سياق للمكالمة.
f1f0bfe9ca697037658b46add120cbbb,voice_599374601,599374601,0,EGCC-eman.amr,2289(Maqsam),2026-04-22 20:29:58,双方接通,post_class_followup,0.3,المكالمة قصيرة وتحتوي على تحية وسؤال من الموظف للتأكد من اقتناع العميل بعد تجربة أو عرض.,unknown,,,,,,,,,,,,,,medium,,none,,,,,,,,,,success,,,,2026-04-26 00:31:05,2026-04-26 01:10:28,http://pd-fscall-record.oss-cn-hongkong.aliyuncs.com/2026-04-22/maqsam-Eman.Amr.298518738.mp3?OSSAccessKeyId=LTAI5t8sBUhKT5YzXBHvmGGq&Expires=1777141624&Signature=LQfFGoQb16kmry3aStKbSp373cE%3D,http://pd-fscall-record.oss-cn-hongkong.aliyuncs.com/2026-04-22/maqsam-Eman.Amr.298518738.mp3?OSSAccessKeyId=LTAI5t8sBUhKT5YzXBHvmGGq&Expires=1777141624&Signature=LQfFGoQb16kmry3aStKbSp373cE%3D,sales-engine/recordings/2026-04-22/user_0__voice_599374601.mp3,https://sales-engine-audio.oss-cn-hongkong.aliyuncs.com/sales-engine/recordings/2026-04-22/user_0__voice_599374601.mp3?OSSAccessKeyId=LTAI5t6Jd8PozcNwqEKaFS1q&Expires=1777144231&Signature=/LQwrK7XlWfyJxaoB6kzKIiAtco%3D,"So, are extra.الحمد لله كيفك أنتي؟Yes.أنت مقتنع تمام؟अच्छाYeah. So lah. So, are extra. الحمد لله كيفك أنتي؟ Yes. أنت مقتنع تمام؟ अच्छा Yeah. So lah.",bad_asr,ASR_LOW_QUALITY,17bc6fd8-b02d-42b6-94ca-eadf3010c2cc,qwen3-asr-flash-filetrans,2026-04-26 01:10:37,good_need,unknown,normal,no_issue,close_payment,الموظف يسأل العميل 'أنت مقتنع تمام؟' في محاولة لإنهاء عملية البيع أو تأكيد الالتزام بعد تجربة أو عرض، مما يشير إلى مرحلة متابعة. لا توجد معلومات كافية لتحديد نتيجة سؤال الاقتناع.
f51311dc45694c0d4ebf37b7f82644b7,voice_599375892,599375892,62987769,51nadamuhammad,2245(Maqsam),2026-04-22 20:33:48,双方接通,pre_class_confirm,0.9,مكالمة مع أم تستفسر عن دورة إنجليزية لابنتها التي تدرس إدارة الأعمال وترغب في تطوير لغتها. الأم تبحث عن معلمة (عربية أو أجنبية) تساعد في النطق وتطلب عروضًا جيدة للدورات، وتناقش طرق التواصل مع الابنة.,high,,,,,,,,,,,,,,high,,price,,,,,,,,,,success,,,,2026-04-26 00:31:05,2026-04-26 01:10:37,http://pd-fscall-record.oss-cn-hongkong.aliyuncs.com/2026-04-22/maqsam-NadaMuhammad.298520408.mp3?OSSAccessKeyId=LTAI5t8sBUhKT5YzXBHvmGGq&Expires=1777141776&Signature=Y1LgxCLnij0AycK3PEmgLrtY00Q%3D,http://pd-fscall-record.oss-cn-hongkong.aliyuncs.com/2026-04-22/maqsam-NadaMuhammad.298520408.mp3?OSSAccessKeyId=LTAI5t8sBUhKT5YzXBHvmGGq&Expires=1777141776&Signature=Y1LgxCLnij0AycK3PEmgLrtY00Q%3D,sales-engine/recordings/2026-04-22/user_62987769__voice_599375892.mp3,https://sales-engine-audio.oss-cn-hongkong.aliyuncs.com/sales-engine/recordings/2026-04-22/user_62987769__voice_599375892.mp3?OSSAccessKeyId=LTAI5t6Jd8PozcNwqEKaFS1q&Expires=1777144241&Signature=roJBx7gExxHWkm0%2B/yaNFfiCjHQ%3D,"Hello.No hay como que van por las minas.et moi ça fait.हाँ हाँ मालूम है मालूम हैالآن الأم بتخليك تكلمينها، بتعددين لها يعني، صح؟Everyone.hello طيب روضكم في روض خليه ولا لا؟أيوة ااا تفضل هي ليه لكيه؟ขึ้นมาแค่สอง แล้วมันก็จะมันตั้งแค่สองيعتبر كويس يعني تعرف تمشي حالها تقرأ، الأفرود يعرفهم كلهم.Taiwan.أنا بالنسبة لي أنا بيها تعدد أكثر قراءة كتب لأنها تطوير تخصص يعني حابة تخصص الإنجليش وخلية تبيه تتطور فيه الجامعة فهمتيني؟أيوة أيوة أيوة هي حاب اللغة أيوة أيوة هي حاب اللغة وتخصصها إدارة أعمال. وتخصصها هي مسارها إدارة أعمال فحتى لو تخصصها التخصصات الثانية الموارد البشرية وما شابه راح تكاد ينبنوك يعني.أيوة عشان كده أنا أقول لكما عندي معرفة إيش؟والله ما أدري حابه عربي ولا أجنبيه معلمه أنا حابه تكون يعني تساعد صدق صدق صحيح بمعنى الكلمة باللغه.Hmm.بيت في علم عربي عادي عادي ما عنده مشكلة أهم شيء تساعد إنها تنطق ال الكلمات كويسة والصوت.إيه واحدة لكام؟خلاص من واحدة واحدة ونص.تبنّي اليوم أكل عشان بكرة ممكن ترتاحين عشان الرحلة. خلاص شو بدي هاليوم أكل؟Okay.دورات في الإنجليزي لا لا.Taiwan.And young.Yep.أيوه ربنا خلاص ربنا يكون طيب.إيه فشوفي يعني أنا أبغى عرض كويس أنت ما جبت لي الحين عروض.हाँ हाँWhat.هلا إن شاء الله.إن شاء الله إن شاء الله.أيوة أيوة الله يخليكشوفي شوفي إخزعي على جوالي أنا رقمي أنا أفضل. لا هذا رقمها على أن نقل بعدين في الإشتراك يدخل رقمها هي وبيكون برنامج بجوالها بجهازها هي.Ah no.إيه بس ما عندها واتس الواتس ما عندها فما تقدرين ترسلين لها رابط إنستقرام أيوة عندها واتساب بس ما تحمله إنستقرام عندها السناب يعني هذا تعاملها أكثر شيء.أو ترقمي أنا خذي.سوبر خمسة خمسة.ثمانية خمسة خمسة.तो प्रशासन से चिट्ठा चला थातो प्रचलाता चित्त चलाता।आई हुआأيوة أيوة إن شاء الله همOkay.เอ๊ย อย่าทําอย่าทําอย่าทําอย่าทําอย่าทําأيوة أيوة تويت الحين يعني درست بجدة برجعني.أههه أنتي كنتي تعرفين أيوة خلاص أوكي.Why you are.إن شاء الله.Okay, yeah. My. Hello. No hay como que van por las minas. et moi ça fait. हाँ हाँ मालूम है मालूम है الآن الأم بتخليك تكلمينها، بتعددين لها يعني، صح؟ Everyone. hello طيب روضكم في روض خليه ولا لا؟ أيوة ااا تفضل هي ليه لكيه؟ ขึ้นมาแค่สอง แล้วมันก็จะมันตั้งแค่สอง يعتبر كويس يعني تعرف تمشي حالها تقرأ، الأفرود يعرفهم كلهم. Taiwan. أنا بالنسبة لي أنا بيها تعدد أكثر قراءة كتب لأنها تطوير تخصص يعني حابة تخصص الإنجليش وخلية تبيه تتطور فيه الجامعة فهمتيني؟ أيوة أيوة أيوة هي حاب اللغة أيوة أيوة هي حاب اللغة وتخصصها إدارة أعمال. وتخصصها هي مسارها إدارة أعمال فحتى لو تخصصها التخصصات الثانية الموارد البشرية وما شابه راح تكاد ينبنوك يعني. أيوة عشان كده أنا أقول لك ما عندي معرفة إيش؟ والله ما أدري حابه عربي ولا أجنبيه معلمه أنا حابه تكون يعني تساعد صدق صدق صحيح بمعنى الكلمة باللغه. Hmm. بيت في علم عربي عادي عادي ما عنده مشكلة أهم شيء تساعد إنها تنطق ال الكلمات كويسة والصوت. إيه واحدة لكام؟ خلاص من واحدة واحدة ونص. تبنّي اليوم أكل عشان بكرة ممكن ترتاحين عشان الرحلة. خلاص شو بدي هاليوم أكل؟ Okay. دورات في الإنجليزي لا لا. And young. Yep. أيوه ربنا خلاص ربنا يكون طيب. إيه فشوفي يعني أنا أبغى عرض كويس أنت ما جبت لي الحين عروض. हाँ हाँ What. هلا إن شاء الله. إن شاء الله إن شاء الله. أيوة أيوة الله يخليك شوفي شوفي إخزعي على جوالي أنا رقمي أنا أفضل. لا هذا رقمها على أن نقل بعدين في الإشتراك يدخل رقمها هي وبيكون برنامج بجوالها بجهازها هي. Ah no. إيه بس ما عندها واتس الواتس ما عندها فما تقدرين ترسلين لها رابط إنستقرام أيوة عندها واتساب بس ما تحمله إنستقرام عندها السناب يعني هذا تعاملها أكثر شيء. أو ترقمي أنا خذي. سوبر خمسة خمسة. ثمانية خمسة خمسة. तो प्रशासन से चिट्ठा चला था तो प्रचलाता चित्त चलाता। आई हुआ أيوة أيوة إن شاء الله هم เอ๊ย อย่าทําอย่าทําอย่าทําอย่าทําอย่าทํา أيوة أيوة تويت الحين يعني درست بجدة برجعني. أههه أنتي كنتي تعرفين أيوة خلاص أوكي. Why you are. إن شاء الله. Okay, yeah. My.",bad_asr,ASR_LOW_QUALITY,0794ba31-a1f7-4e40-a6ca-659b12dc6066,qwen3-asr-flash-filetrans,2026-04-26 01:10:58,good_need,unknown,normal,no_issue,close_payment,الأم تناقش متطلبات دورة الإنجليزية لابنتها، وتطلب عروضًا جيدة، وتظهر اهتمامًا عاليًا بالتسجيل. العائق الرئيسي هو عدم تقديم عروض مرضية بعد، مما يتطلب من البائع تقديم عروض لإتمام عملية الدفع.
342190800d294366f23c211e0293d059,voice_599375998,599375998,62970503,EGCC-eman.amr,2289(Maqsam),2026-04-22 20:33:25,双方接通,no_answer_or_voicemail,1.0,المكالمة عبارة عن نظام بريد صوتي آلي يكرر خيارات التسجيل والاستماع للرسائل، ولم يتم التواصل مع العميل.,unknown,,,,,,,,,,,,,,unknown,,none,,,,,,,,,,success,,,,2026-04-26 00:31:05,2026-04-26 01:10:58,http://pd-fscall-record.oss-cn-hongkong.aliyuncs.com/2026-04-22/maqsam-Eman.Amr.298520241.mp3?OSSAccessKeyId=LTAI5t8sBUhKT5YzXBHvmGGq&Expires=1777141623&Signature=9ZlHuA34wSjaDVejms89aDRY6nc%3D,http://pd-fscall-record.oss-cn-hongkong.aliyuncs.com/2026-04-22/maqsam-Eman.Amr.298520241.mp3?OSSAccessKeyId=LTAI5t8sBUhKT5YzXBHvmGGq&Expires=1777141623&Signature=9ZlHuA34wSjaDVejms89aDRY6nc%3D,sales-engine/recordings/2026-04-22/user_62970503__voice_599375998.mp3,https://sales-engine-audio.oss-cn-hongkong.aliyuncs.com/sales-engine/recordings/2026-04-22/user_62970503__voice_599375998.mp3?OSSAccessKeyId=LTAI5t6Jd8PozcNwqEKaFS1q&Expires=1777144262&Signature=OpLNFgHP8NJgV/prPbAK11wIXkM%3D,ابدأ بتسجيل رسالتك بعد الصافرة عندما تنتهي، يرجى إنهاء المكالمة أو الضغط على أي زر لاستعراض خيارات إضافية.للاستماع إلى رسالتك، اختر الرقم واحد. ل إعادة تسجيل رسالتك، اختر الرقم اثنان. لإلغاء رسالتك، اختر الرقم ثلاثة. لإرسال رسالتك، اختر الرقم أربعة.يرجى تحديد خيارك أو سيتم إنهاء المكالمة. للاستماع إلى رسالتك، اختر الرقم واحد. ل إعادة تسجيل رسالتك، اختر.لإعادة تشغيل رسالتك، اختر الرقم واحد. لخيارات إضافية، اختر الرقم اثنان.لإعادة تشغيل رسالتك، اختر الرقم واحد. لخيارات إضافية، اختر الرقم اثنان.يرجى تحديد خيارك أو سيتم إنهاء المكالمة. لاعادة تشغيل رسالتك، اختر الرقم واحد. ابدأ بتسجيل رسالتك بعد الصافرة عندما تنتهي، يرجى إنهاء المكالمة أو الضغط على أي زر لاستعراض خيارات إضافية. للاستماع إلى رسالتك، اختر الرقم واحد. ل إعادة تسجيل رسالتك، اختر الرقم اثنان. لإلغاء رسالتك، اختر الرقم ثلاثة. لإرسال رسالتك، اختر الرقم أربعة. يرجى تحديد خيارك أو سيتم إنهاء المكالمة. للاستماع إلى رسالتك، اختر الرقم واحد. ل إعادة تسجيل رسالتك، اختر. لإعادة تشغيل رسالتك، اختر الرقم واحد. لخيارات إضافية، اختر الرقم اثنان. يرجى تحديد خيارك أو سيتم إنهاء المكالمة. لاعادة تشغيل رسالتك، اختر الرقم واحد.,bad_asr,ASR_LOW_QUALITY,012ea4cb-ca05-4e31-8cc8-012186592f04,qwen3-asr-flash-filetrans,2026-04-26 01:11:15,invalid_or_noise,unknown,no_real_conversation,no_issue,no_task,المكالمة وصلت إلى نظام بريد صوتي آلي ولم تحدث أي محادثة حقيقية مع العميل.
d661c4d1ee0611f3b2633d8fde373d7e,voice_599376578,599376578,61933186,EGCC-tasneemmahmoud,2311(Maqsam),2026-04-22 20:38:51,双方接通,post_class_followup,1.0,المتصل يُبدي إعجابه بالحصة التجريبية ويذكر أنها كانت جيدة وعلمته نقاط قوته وضعفه. يطلب من الموظف الانتظار خمس دقائق للتشاور مع والده بخصوص الدفع أو الموافقة.,high,,,,,,,,,,,,,,medium,,need_parent_approval,,,,,,,,,,success,,,,2026-04-26 00:31:05,2026-04-26 01:11:15,http://pd-fscall-record.oss-cn-hongkong.aliyuncs.com/2026-04-22/maqsam-TasneemMahmoud.298522620.mp3?OSSAccessKeyId=LTAI5t8sBUhKT5YzXBHvmGGq&Expires=1777141776&Signature=sNC%2BfDw%2FjtSeHY%2BB%2Fnip1m77gn0%3D,http://pd-fscall-record.oss-cn-hongkong.aliyuncs.com/2026-04-22/maqsam-TasneemMahmoud.298522620.mp3?OSSAccessKeyId=LTAI5t8sBUhKT5YzXBHvmGGq&Expires=1777141776&Signature=sNC%2BfDw%2FjtSeHY%2BB%2Fnip1m77gn0%3D,sales-engine/recordings/2026-04-22/user_61933186__voice_599376578.mp3,https://sales-engine-audio.oss-cn-hongkong.aliyuncs.com/sales-engine/recordings/2026-04-22/user_61933186__voice_599376578.mp3?OSSAccessKeyId=LTAI5t6Jd8PozcNwqEKaFS1q&Expires=1777144279&Signature=zgw2qf%2BOWvLNuS4cWkGQxYqsAvM%3D,"مرحباً.أهلاً، بخير بالشرف.سألتني أسئلة وتكلمنا شوي وعلمتني مستواي، فعلاً كويسة هالصة.إيه الحمد لله عرفت يعني عرفت نقاط الضعف ونقاط القوة وكذا يعني.嗯。Hm.嗯，你想。โอเค อืม ใช่呃，我写。ليه كده كده إيه وان؟ طبعا طبعا طبعا إنت صادق.Uh huh.بإذن الله.إيه إن شاء الله بإذن الله.الوالد.Ouais.呃，哎，嘿嘿。إيه ما مشكلة عادي بس خ خمس دقايق كذا يعني بعد خمس دقايق.تمام.Alas, it. مرحباً. أهلاً، بخير بالشرف. سألتني أسئلة وتكلمنا شوي وعلمتني مستواي، فعلاً كويسة هالصة. إيه الحمد لله عرفت يعني عرفت نقاط الضعف ونقاط القوة وكذا يعني. 嗯。 Hm. 嗯，你想。 โอเค อืม ใช่ 呃，我写。 ليه كده كده إيه وان؟ طبعا طبعا طبعا إنت صادق. Uh huh. بإذن الله. إيه إن شاء الله بإذن الله. الوالد. Ouais. 呃，哎，嘿嘿。 إيه ما مشكلة عادي بس خ خمس دقايق كذا يعني بعد خمس دقايق. تمام. Alas, it.",bad_asr,ASR_LOW_QUALITY,93ba4342-366e-49d4-a999-748769294636,qwen3-asr-flash-filetrans,2026-04-26 01:11:30,good_need,satisfied,normal,no_issue,close_payment,المتصل أبدى إعجابه بالحصة التجريبية ويحتاج موافقة الوالد لإتمام عملية الدفع، مع طلب مهلة قصيرة للتشاور.
7e5b89cad3c8d57fe4a7e532b6ffb81c,voice_599376842,599376842,0,EGCC-maiwaheed,2313(Maqsam),2026-04-22 20:38:27,双方接通,duplicate_or_wrong,0.9,المستخدم يذكر أنه قد أكمل الاشتراك بالفعل.,unknown,,,,,,,,,,,,,,none,,none,,,,,,,,,,success,,,,2026-04-26 00:31:05,2026-04-26 01:12:07,http://pd-fscall-record.oss-cn-hongkong.aliyuncs.com/2026-04-22/maqsam-MaiWaheed.298522430.mp3?OSSAccessKeyId=LTAI5t8sBUhKT5YzXBHvmGGq&Expires=1777141776&Signature=TS7c9Jv7s4mXgGwNtHSEtO7SN0Y%3D,http://pd-fscall-record.oss-cn-hongkong.aliyuncs.com/2026-04-22/maqsam-MaiWaheed.298522430.mp3?OSSAccessKeyId=LTAI5t8sBUhKT5YzXBHvmGGq&Expires=1777141776&Signature=TS7c9Jv7s4mXgGwNtHSEtO7SN0Y%3D,sales-engine/recordings/2026-04-22/user_0__voice_599376842.mp3,https://sales-engine-audio.oss-cn-hongkong.aliyuncs.com/sales-engine/recordings/2026-04-22/user_0__voice_599376842.mp3?OSSAccessKeyId=LTAI5t6Jd8PozcNwqEKaFS1q&Expires=1777144331&Signature=/01ykQwb3XHkFrBtZWLTL2bPBJE%3D,Hola.Ah.I am not going down.Um.ว่ะquesto.How much.S.Um.مكمل اشتراك أصلاً.Hmm. Hola. Ah. I am not going down. Um. ว่ะ questo. How much. S. مكمل اشتراك أصلاً. Hmm.,bad_asr,ASR_LOW_QUALITY,f303956a-2e56-4437-9885-e86c356f7842,qwen3-asr-flash-filetrans,2026-04-26 01:12:21,no_need,unknown,normal,unknown,no_task,المستخدم يذكر أنه قد أكمل الاشتراك بالفعل، مما يشير إلى أن الاتصال كان مبنيًا على معلومات غير محدثة.
667450d35e96e06ec38d39a71b284c99,voice_599378339,599378339,62834530,EGCC-eman.amr,2289(Maqsam),2026-04-22 20:44:35,双方接通,no_answer_or_voicemail,1.0,المكالمة عبارة عن رسالة صوتية آلية تطلب من المتصل تسجيل رسالته وتوفر خيارات لإدارة الرسالة (الاستماع، إعادة التسجيل، الإلغاء، الإرسال). تم إلغاء الرسالة بنجاح في النهاية.,unknown,,,,,,,,,,,,,,unknown,,unknown,,,,,,,,,,success,,,,2026-04-26 00:31:05,2026-04-26 01:12:42,http://pd-fscall-record.oss-cn-hongkong.aliyuncs.com/2026-04-22/maqsam-Eman.Amr.298525066.mp3?OSSAccessKeyId=LTAI5t8sBUhKT5YzXBHvmGGq&Expires=1777141623&Signature=Lb9HyLnFGtRVjjcg0y49sgsGrXU%3D,http://pd-fscall-record.oss-cn-hongkong.aliyuncs.com/2026-04-22/maqsam-Eman.Amr.298525066.mp3?OSSAccessKeyId=LTAI5t8sBUhKT5YzXBHvmGGq&Expires=1777141623&Signature=Lb9HyLnFGtRVjjcg0y49sgsGrXU%3D,sales-engine/recordings/2026-04-22/user_62834530__voice_599378339.mp3,https://sales-engine-audio.oss-cn-hongkong.aliyuncs.com/sales-engine/recordings/2026-04-22/user_62834530__voice_599378339.mp3?OSSAccessKeyId=LTAI5t6Jd8PozcNwqEKaFS1q&Expires=1777144366&Signature=wE6au0v/zBXQ75iTY%2BbxzvZFJqY%3D,ابدأ بتسجيل رسالتك بعد الصافرة عندما تنتهي. يرجى إنهاء المكالمة أو الضغط على أي زر لاستعراض خيارات إضافية.للاستماع إلى رسالتك، اختر الرقم واحد. ل إعادة تسجيل رسالتك، اختر الرقم اثنان. لإلغاء رسالتك، اختر الرقم ثلاثة. لإرسال رسالتك، اختر الرقم أربعة.يرجى تحديد خيارك أو سيتم إنهاء المكالمة. للاستماع إلى رسالتك، اختر الرقم واحد. لعلامة تسجيل رسالتك، اختر الرقم اثنان. لإلغاء رسالتك، اختر الرقم ثلاثة. لإرسال رسالتك، اختر الرقم أربعة.يرجى تحديد خيارك أو سيتم إنهاء المكالمة. للاستماع إلى رسالتك، اختر الرقم واحد. ل إعادة تسجيل رسالتك، اختر الرقم اثنان. لإلغاء رسالتك، اختر الرقم ثلاثة. لإرسال رسالتك، اختر الرقم أربعة.تم إلغاء رسالتك بنجاح، شكراً لاتصالك. ابدأ بتسجيل رسالتك بعد الصافرة عندما تنتهي. يرجى إنهاء المكالمة أو الضغط على أي زر لاستعراض خيارات إضافية. للاستماع إلى رسالتك، اختر الرقم واحد. ل إعادة تسجيل رسالتك، اختر الرقم اثنان. لإلغاء رسالتك، اختر الرقم ثلاثة. لإرسال رسالتك، اختر الرقم أربعة. يرجى تحديد خيارك أو سيتم إنهاء المكالمة. للاستماع إلى رسالتك، اختر الرقم واحد. لعلامة تسجيل رسالتك، اختر الرقم اثنان. لإلغاء رسالتك، اختر الرقم ثلاثة. لإرسال رسالتك، اختر الرقم أربعة. يرجى تحديد خيارك أو سيتم إنهاء المكالمة. للاستماع إلى رسالتك، اختر الرقم واحد. ل إعادة تسجيل رسالتك، اختر الرقم اثنان. لإلغاء رسالتك، اختر الرقم ثلاثة. لإرسال رسالتك، اختر الرقم أربعة. تم إلغاء رسالتك بنجاح، شكراً لاتصالك.,bad_asr,ASR_LOW_QUALITY,73401077-58ff-42df-9a28-e084b0e7958a,qwen3-asr-flash-filetrans,2026-04-26 01:12:59,unknown,unknown,voicemail_long_duration,unknown,no_task,المكالمة كانت عبارة عن نظام رد آلي (بريد صوتي) ولم يحدث أي تفاعل بشري أو محادثة مبيعات. الرسائل الآلية كانت طويلة ومتكررة.
30dc44b1db837c8e6b90c64767f81081,voice_599381707,599381707,62796982,EGCC-maiwaheed,2313(Maqsam),2026-04-22 21:10:26,双方接通,unknown,0.1,المكالمة غير مفهومة وتحتوي على أجزاء غير مترابطة ولغات متعددة (العربية، الإنجليزية، وغيرها) مع وجود ضوضاء عالية، ولا يمكن استخلاص هدف واضح منها.,unknown,,,,,,,,,,,,,,unknown,,unknown,,,,,,,,,,success,,,,2026-04-26 00:31:05,2026-04-26 01:14:17,http://pd-fscall-record.oss-cn-hongkong.aliyuncs.com/2026-04-22/maqsam-MaiWaheed.298537127.mp3?OSSAccessKeyId=LTAI5t8sBUhKT5YzXBHvmGGq&Expires=1777141771&Signature=t%2FXY6hhJsSNY6RkMI1Hpj%2FHIUt4%3D,http://pd-fscall-record.oss-cn-hongkong.aliyuncs.com/2026-04-22/maqsam-MaiWaheed.298537127.mp3?OSSAccessKeyId=LTAI5t8sBUhKT5YzXBHvmGGq&Expires=1777141771&Signature=t%2FXY6hhJsSNY6RkMI1Hpj%2FHIUt4%3D,sales-engine/recordings/2026-04-22/user_62796982__voice_599381707.mp3,https://sales-engine-audio.oss-cn-hongkong.aliyuncs.com/sales-engine/recordings/2026-04-22/user_62796982__voice_599381707.mp3?OSSAccessKeyId=LTAI5t6Jd8PozcNwqEKaFS1q&Expires=1777144462&Signature=b4idN8B12u3R0Cbcj1SU5JSPx60%3D,"系啊。系咯。أنت ماذا تريدين كذا بسرعة؟Um.Um.Yes.هي عاجة.Ah, July.¿qué, qué?أبخلها بعطر طويل يا مول حلو.المهم عنا درستها أبي هالحالة كنت في القاسمة.أقول أبيها متفرقة الإنجليزي مرة واحدة.Yeah, actually, I yeah.ليش الوقت لآخر صار فتحAh, she has a touch.हम्मHmm.¿qué?It, it is.والله ما أنت عارفة هي أحيانًا تعرفين المراهقة داعية تونس تعملكأبسط على أبسط على تفكير واحد تفكير واحد إن جيت شفت إنت حط فيها أي ثوبي حط فيها.ما تقدر تقطع مرةNice.Um.A N.Hello.Þetta er svo sérstök ábyrð að þetta er þessi ábyrð.It's a.誒，即是誒，即系誒，即系嗱。ए येHmm.أي تمام يعطيكم العافية آه.I can.السلام عليكم ورحمة الله وبركاتهوالله راح فيها أحيانًا بعدين روحنا من هناك.I take it. What's up Huh.Bye. You be my at first. Come on. Yeah. 系啊。系咯。 أنت ماذا تريدين كذا بسرعة؟ Um. Yes. هي عاجة. Ah, July. ¿qué, qué? أبخلها بعطر طويل يا مول حلو. المهم عنا درستها أبي هالحالة كنت في القاسمة. أقول أبيها متفرقة الإنجليزي مرة واحدة. Yeah, actually, I yeah. ليش الوقت لآخر صار فتح Ah, she has a touch. हम्म Hmm. ¿qué? It, it is. والله ما أنت عارفة هي أحيانًا تعرفين المراهقة داعية تونس تعملك أبسط على أبسط على تفكير واحد تفكير واحد إن جيت شفت إنت حط فيها أي ثوبي حط فيها. ما تقدر تقطع مرة Nice. A N. Hello. Þetta er svo sérstök ábyrð að þetta er þessi ábyrð. It's a. 誒，即是誒，即系誒，即系嗱。 ए ये أي تمام يعطيكم العافية آه. I can. السلام عليكم ورحمة الله وبركاته والله راح فيها أحيانًا بعدين روحنا من هناك. I take it. What's up Huh. Bye. You be my at first. Come on. Yeah.",bad_asr,ASR_LOW_QUALITY,f7407974-647c-463b-ab40-06d4ff95f877,qwen3-asr-flash-filetrans,2026-04-26 01:14:36,invalid_or_noise,unknown,no_real_conversation,unknown,no_task,المكالمة غير مفهومة وغير مترابطة وتحتوي على لغات متعددة وضوضاء عالية، مما يمنع فهم محتواها أو تحديد الهدف منها.
3952a6bbbd722f462ddf8f4f6f63735e,voice_599383083,599383083,62319337,EGCC-eman.amr,2289(Maqsam),2026-04-22 21:24:08,双方接通,unknown,0.1,مكالمة غير واضحة تحتوي على لغات متعددة وجمل متقطعة. الجزء العربي يشير إلى اعتراف المتحدث بالخطأ وأن شيئًا ما لم ينجح.,unknown,,,,,,,,,,,,,,unknown,,unknown,,,,,,,,,,success,,,,2026-04-26 00:31:05,2026-04-26 01:16:13,http://pd-fscall-record.oss-cn-hongkong.aliyuncs.com/2026-04-22/maqsam-Eman.Amr.298544408.mp3?OSSAccessKeyId=LTAI5t8sBUhKT5YzXBHvmGGq&Expires=1777141617&Signature=VOnBTFBv2%2B348bYzFKBuNf04IYA%3D,http://pd-fscall-record.oss-cn-hongkong.aliyuncs.com/2026-04-22/maqsam-Eman.Amr.298544408.mp3?OSSAccessKeyId=LTAI5t8sBUhKT5YzXBHvmGGq&Expires=1777141617&Signature=VOnBTFBv2%2B348bYzFKBuNf04IYA%3D,sales-engine/recordings/2026-04-22/user_62319337__voice_599383083.mp3,https://sales-engine-audio.oss-cn-hongkong.aliyuncs.com/sales-engine/recordings/2026-04-22/user_62319337__voice_599383083.mp3?OSSAccessKeyId=LTAI5t6Jd8PozcNwqEKaFS1q&Expires=1777144576&Signature=Za3KWOl7cKN7uPyQcyh3QLlNocw%3D,เชิญครับ到了。राधा रानी माँ की चालأنا ما نستجل غلطانين نحنا غلطانين.没事。对呀。الله.فما ضربت نهائيًا يعني.सर आप เชิญครับ 到了。 राधा रानी माँ की चाल أنا ما نستجل غلطانين نحنا غلطانين. 没事。 对呀。 الله. فما ضربت نهائيًا يعني. सर आप,bad_asr,ASR_LOW_QUALITY,b5b73f0f-062e-408e-bfc8-b3e4f42de031,qwen3-asr-flash-filetrans,2026-04-26 01:16:28,unknown,unknown,no_real_conversation,unknown,no_task,النص يحتوي على مزيج من اللغات (العربية، التايلاندية، الهندية، الصينية) وجمل غير مترابطة، مما يجعل استنتاج أي معلومات دقيقة حول سياق المكالمة أو غرضها مستحيلاً. الجمل العربية المحدودة تشير إلى ارتباك واعتراف بالخطأ.
3ea29993f03295e4d4a13deb393a5ca2,voice_599384848,599384848,0,51nadamuhammad,2245(Maqsam),2026-04-22 21:34:18,双方接通,post_class_followup,0.8,العميل يستفسر عن تفاصيل الاشتراك، عدد الحصص الأسبوعية، وطرق الدفع. الوكيل يقدم عروضًا ويناقش كيفية إتمام الاشتراك.,high,,,,,,,,,,,,,,high,,none,,,,,,,,,,success,,,,2026-04-26 00:31:05,2026-04-26 01:18:33,http://pd-fscall-record.oss-cn-hongkong.aliyuncs.com/2026-04-22/maqsam-NadaMuhammad.298549748.mp3?OSSAccessKeyId=LTAI5t8sBUhKT5YzXBHvmGGq&Expires=1777141768&Signature=xx7DY8yERxv0DZuG8ziB6GhFyMg%3D,http://pd-fscall-record.oss-cn-hongkong.aliyuncs.com/2026-04-22/maqsam-NadaMuhammad.298549748.mp3?OSSAccessKeyId=LTAI5t8sBUhKT5YzXBHvmGGq&Expires=1777141768&Signature=xx7DY8yERxv0DZuG8ziB6GhFyMg%3D,sales-engine/recordings/2026-04-22/user_0__voice_599384848.mp3,https://sales-engine-audio.oss-cn-hongkong.aliyuncs.com/sales-engine/recordings/2026-04-22/user_0__voice_599384848.mp3?OSSAccessKeyId=LTAI5t6Jd8PozcNwqEKaFS1q&Expires=1777144717&Signature=pNKijY3JlOybXywmYDFuCU34ZCY%3D,"¿Aló?And what I concern.No, ajá, ya.¿y yo?ใช่ไหมصرت عندك قطة؟طيب ك ااا يعني كم الإشتراك هيكون كم مرة في الأسبوع؟ahí se más.Yeah.يبدأ معه، مع عرب أول.है माँไปتمام طيب كمل اشتراك وكيف ترسل لي رسالة يعني؟啊。أتوقع بالكاشUh huh.Hmm.没有，我妈。تمام إن شاء الله شوف إذا هذا اتريد هي وقت عشان نشوفها.طب إيش تريدي عاد العرضين بالتتابع تمارا مثلاً؟I.Mom. Hmm. Good job.I understand. See you, SEMA. Not good.I'm sure. Yeah, yeah, that's nice. ¿Aló? And what I concern. No, ajá, ya. ¿y yo? ใช่ไหม صرت عندك قطة؟ طيب ك ااا يعني كم الإشتراك هيكون كم مرة في الأسبوع؟ ahí se más. Yeah. يبدأ معه، مع عرب أول. है माँ ไป تمام طيب كمل اشتراك وكيف ترسل لي رسالة يعني؟ 啊。 أتوقع بالكاش Uh huh. Hmm. 没有，我妈。 تمام إن شاء الله شوف إذا هذا اتريد هي وقت عشان نشوفها. طب إيش تريدي عاد العرضين بالتتابع تمارا مثلاً؟ I. Mom. Hmm. Good job. I understand. See you, SEMA. Not good. I'm sure. Yeah, yeah, that's nice.",bad_asr,ASR_LOW_QUALITY,20b7f3f6-784a-45b2-96ae-d2b8922309bf,qwen3-asr-flash-filetrans,2026-04-26 01:18:51,good_need,unknown,normal,no_issue,close_payment,المحادثة تتضمن استفسارات من العميل حول تفاصيل الاشتراك (كم مرة في الأسبوع)، طرق الدفع (أتوقع بالكاش)، وكيفية إتمام الاشتراك. الوكيل يقدم عروضًا ويستفسر عن الأفضل للعميل، مما يشير إلى اهتمام قوي بالشراء والرغبة في إتمام العملية.
fc6eaf33c367dd40e82bd7df2afe26bf,voice_599385491,599385491,62993396,EGCC-eman.amr,2289(Maqsam),2026-04-22 21:39:14,双方接通,pre_class_confirm,1.0,المتصلة مهتمة بتعلم اللغة الإنجليزية للسفر والتحدث بطلاقة، ولديها معرفة أساسية. تسأل عن غلاء الأسعار وتنوي تقييم الحصة التجريبية الأولى قبل التسجيل. زوجها هو المسؤول والموافق على تعلمها.,high,,,,,,,,,,,,,,medium,,price,,,,,,,,,,success,,,,2026-04-26 00:31:05,2026-04-26 01:19:12,http://pd-fscall-record.oss-cn-hongkong.aliyuncs.com/2026-04-22/maqsam-Eman.Amr.298551964.mp3?OSSAccessKeyId=LTAI5t8sBUhKT5YzXBHvmGGq&Expires=1777141615&Signature=51nWLwKevszGimHcGiotAwJ7y7k%3D,http://pd-fscall-record.oss-cn-hongkong.aliyuncs.com/2026-04-22/maqsam-Eman.Amr.298551964.mp3?OSSAccessKeyId=LTAI5t8sBUhKT5YzXBHvmGGq&Expires=1777141615&Signature=51nWLwKevszGimHcGiotAwJ7y7k%3D,sales-engine/recordings/2026-04-22/user_62993396__voice_599385491.mp3,https://sales-engine-audio.oss-cn-hongkong.aliyuncs.com/sales-engine/recordings/2026-04-22/user_62993396__voice_599385491.mp3?OSSAccessKeyId=LTAI5t6Jd8PozcNwqEKaFS1q&Expires=1777144757&Signature=J5rJZboaKLale4ZUaFhR2Vz7Y0o%3D,"Asissa.आय कम से कमSome.शाक्यओके आयाمع الطالبة تحديدا شخصيا.أنا اسمي أسميه جمال.Amerika mengajar.لسة ما أدرس ما أدرس¿Qué?إن شاء الله عشان سفر.对。Okay.ห๊ะ? มัน social media มัน social media นี่แหละมันأيوة بالضبط أبغى أسرع أخرا وأتعلم وأتكلم كل شيء إنجليزي ما أبغى عربي خلاص.Okay okay.哎，下午。唉呀。mhm.系啊。mhm.I.มิชชั่นإن شاء الله.لا أنا أعرف الحروف، أعرف الأرقام، وأعرف بعض الأفعال والزي كده، يعني أنا أعرف شوية من الإنجليزي، بس معرفة زيادة، أعرف أقرأ، ممكن أعرف بعض الكلمة، أعرف أترجمها، بس ما أعرف أتكلم كده بطلاقة.अय्याश哎呀。拜，拜。Inshallah.إن شاء الله.오.I.إلا أمايا.ए अब ताज़लीokay.ال من من إيش؟ما عندي مسئول أنا متزوجة زوجي المسؤول عليا.哎喲。ال الحينآه بس هو ما هو هو هو ما حتقدري تتواصلي معه لأنه هو في اليمن فما حت ما تقدري تتواصلي معه ممكن أعطيك ممكن ممكن أعطيك يعني إذا تبغين شخص بالغ ممكن أعطيك أمه أبوه عادي تكلميهم.لا لا هو موافق عادي ما عنده مشكلة هو بحتى يبغانا نتعلم كل اللغات تركي ألماني فرنسي أي شيء.哎呦。ahí vaلا ما أعرف عشان شفته من أول حصة ببلاش قلت يلا خليني أسجل.umआएगाum哎呀。ไปด้วยกัน哎。हेल्थبس ليش كذا الأسعار غالية؟哎呦哎呦。أوكيه، فهشوف الحصة الأولى هذه كيف بعدين إذا يعني حسيت ممكن أنا استفدت منها ممكن هسجل.ओके हेल्थहाँ हाँअच्छाअमेज़नOkey. Okey.अच्छाओके哇。आई बायाإيش ريت صور بالضبط؟哦，誒，如果有先翻。متابعة درس بغا.مكتوب ثلاث ثلاث ساعات وعشر دقائق.ahí va, pues va.अच्छाلازم يعني.ओके ओके ओके ओके मुश्किल है系系。ओकेتمام. لا لا شكرًا، لا بأس.โอเค โอเค じゃあ。إن شاء الله باي. Asissa. आय कम से कम Some. शाक्य ओके आया مع الطالبة تحديدا شخصيا. أنا اسمي أسميه جمال. Amerika mengajar. لسة ما أدرس ما أدرس ¿Qué? إن شاء الله عشان سفر. 对。 Okay. ห๊ะ? มัน social media มัน social media นี่แหละมัน أيوة بالضبط أبغى أسرع أخرا وأتعلم وأتكلم كل شيء إنجليزي ما أبغى عربي خلاص. Okay okay. 哎，下午。 唉呀。 mhm. 系啊。 I. มิชชั่น إن شاء الله. لا أنا أعرف الحروف، أعرف الأرقام، وأعرف بعض الأفعال والزي كده، يعني أنا أعرف شوية من الإنجليزي، بس معرفة زيادة، أعرف أقرأ، ممكن أعرف بعض الكلمة، أعرف أترجمها، بس ما أعرف أتكلم كده بطلاقة. अय्याश 哎呀。 拜，拜。 Inshallah. 오. إلا أمايا. ए अब ताज़ली okay. ال من من إيش؟ ما عندي مسئول أنا متزوجة زوجي المسؤول عليا. 哎喲。 ال الحين آه بس هو ما هو هو هو ما حتقدري تتواصلي معه لأنه هو في اليمن فما حت ما تقدري تتواصلي معه ممكن أعطيك ممكن ممكن أعطيك يعني إذا تبغين شخص بالغ ممكن أعطيك أمه أبوه عادي تكلميهم. لا لا هو موافق عادي ما عنده مشكلة هو بحتى يبغانا نتعلم كل اللغات تركي ألماني فرنسي أي شيء. 哎呦。 ahí va لا ما أعرف عشان شفته من أول حصة ببلاش قلت يلا خليني أسجل. um आएगा ไปด้วยกัน 哎。 हेल्थ بس ليش كذا الأسعار غالية؟ 哎呦哎呦。 أوكيه، فهشوف الحصة الأولى هذه كيف بعدين إذا يعني حسيت ممكن أنا استفدت منها ممكن هسجل. ओके हेल्थ हाँ हाँ अच्छा अमेज़न Okey. Okey. ओके 哇。 आई बाया إيش ريت صور بالضبط؟ 哦，誒，如果有先翻。 متابعة درس بغا. مكتوب ثلاث ثلاث ساعات وعشر دقائق. ahí va, pues va. لازم يعني. ओके ओके ओके ओके मुश्किल है 系系。 تمام. لا لا شكرًا، لا بأس. โอเค โอเค じゃあ。 إن شاء الله باي.",bad_asr,ASR_LOW_QUALITY,722a3c50-2b12-4ee2-b425-b6e811746b9b,qwen3-asr-flash-filetrans,2026-04-26 01:19:43,good_need,unknown,normal,no_issue,close_payment,المتصلة مهتمة بتعلم الإنجليزية للسفر والتحدث بطلاقة. لديها اعتراض واضح على الأسعار وستقرر بعد تقييم الحصة التجريبية الأولى. الزوج موافق على التعلم.
f075cbb312f2e1f0c3f1ee4c205fa5dc,voice_599388641,599388641,62994147,EGCC-tasneemmahmoud,2311(Maqsam),2026-04-22 21:54:55,双方接通,post_class_followup,0.8,العميل/ة يعبر عن رغبة قوية في تطوير لغته الإنجليزية لمستوى متقدم جداً بغرض التخصص كطبيبة، ويؤكد على ضرورة ذلك لمستقبله. يتم تأكيد رقم التواصل.,unknown,,,,,,,,,,,,,,high,,none,,,,,,,,,,success,,,,2026-04-26 00:31:05,2026-04-26 01:20:45,http://pd-fscall-record.oss-cn-hongkong.aliyuncs.com/2026-04-22/maqsam-TasneemMahmoud.298558615.mp3?OSSAccessKeyId=LTAI5t8sBUhKT5YzXBHvmGGq&Expires=1777141766&Signature=5zGEihEMl6civ6U9RElmVWRv5b4%3D,http://pd-fscall-record.oss-cn-hongkong.aliyuncs.com/2026-04-22/maqsam-TasneemMahmoud.298558615.mp3?OSSAccessKeyId=LTAI5t8sBUhKT5YzXBHvmGGq&Expires=1777141766&Signature=5zGEihEMl6civ6U9RElmVWRv5b4%3D,sales-engine/recordings/2026-04-22/user_62994147__voice_599388641.mp3,https://sales-engine-audio.oss-cn-hongkong.aliyuncs.com/sales-engine/recordings/2026-04-22/user_62994147__voice_599388641.mp3?OSSAccessKeyId=LTAI5t6Jd8PozcNwqEKaFS1q&Expires=1777144850&Signature=QCw%2BDSyNwajd1ZRSZ0exJhv6UDE%3D,"Have some.Driver.Yeah.Y ya.Ah, it's my private limited.It's me. What else.丽雅丽雅。أرسيل عبد الله هتى.حتى.Ah, I'm with the bash.كل ثانوي.Huh, and.أبى أتطور يعني أبغى أتعلم زيادة.أتطور من نفسيأمم مو مرة والله.والله الصراحة كلهاA.Baba kelme.ما أعرف أقول الكلمة.ما فجرهet auagrapheالمستوى بوصله خاصه على أعرف مستوى التوب التوب.Yes.إن شاء الله.هي مش صعبة.啊。Ah.Thanks so much.ما قلت شيء.And.ये वो पता नहींالصراحة هو لازم علي لأنه أنا أبغى تخصص دكتورة إن شاء الله فاا لازم.لا أنا حابة صراحتاً.Hmm¿y CharlotteYeah.哎呦。Ja.Okey.ok t'asAh, so ah, hamster suffer.إيه خمسة صفر أربعة ااا صفر خمسة صفر.هو نفس الرقم اللي قاعد تكلميني فيه.إيوه لأن أنا ما أقدر أقعد بركة مطر لها.خاصة تلك المختفي لأنه برد موجود.What do you think.hmm.Yeah.صفر خمسة صفر.واحد صفر ستة.أه ثمانية اثنين.واحد صفر.איך רגמתי?Yeah.Yeah.Yes.HmmOkay.Okay.Yeah.Ah, how to start? Yeah.ค่ะلحد الآن لا.嗯，下了。อะไรนะ ซี แมสก์นะ Have some. Driver. Yeah. Y ya. Ah, it's my private limited. It's me. What else. 丽雅丽雅。 أرسيل عبد الله هتى. حتى. Ah, I'm with the bash. كل ثانوي. Huh, and. أبى أتطور يعني أبغى أتعلم زيادة. أتطور من نفسي أمم مو مرة والله. والله الصراحة كلها A. Baba kelme. ما أعرف أقول الكلمة. ما فجره et auagraphe المستوى بوصله خاصه على أعرف مستوى التوب التوب. Yes. إن شاء الله. هي مش صعبة. 啊。 Ah. Thanks so much. ما قلت شيء. And. ये वो पता नहीं الصراحة هو لازم علي لأنه أنا أبغى تخصص دكتورة إن شاء الله فاا لازم. لا أنا حابة صراحتاً. Hmm ¿y Charlotte 哎呦。 Ja. Okey. ok t'as Ah, so ah, hamster suffer. إيه خمسة صفر أربعة ااا صفر خمسة صفر. هو نفس الرقم اللي قاعد تكلميني فيه. إيوه لأن أنا ما أقدر أقعد بركة مطر لها. خاصة تلك المختفي لأنه برد موجود. What do you think. hmm. صفر خمسة صفر. واحد صفر ستة. أه ثمانية اثنين. واحد صفر. איך רגמתי? Okay. Ah, how to start? Yeah. ค่ะ لحد الآن لا. 嗯，下了。 อะไรนะ ซี แมสก์นะ",bad_asr,ASR_LOW_QUALITY,8adca9eb-50c9-4132-9a74-7927c1e5d3a5,qwen3-asr-flash-filetrans,2026-04-26 01:21:11,good_need,unknown,normal,no_issue,close_payment,العميل/ة لديه حاجة قوية وواضحة (تخصص طب) لتطوير اللغة الإنجليزية لمستوى عالٍ جداً، ويبدي اهتماماً كبيراً ورغبة حقيقية دون أي اعتراضات، مما يجعله مؤهلاً للدفع.
0feb2db25bf37a20faefbd74bf021780,voice_599388647,599388647,61850540,EGCC-fatmamohamed,2310(Maqsam),2026-04-22 21:54:21,双方接通,post_class_followup,0.8,مكالمة مع ولي أمر طالب يدعى محمود. تصف الوالدة ابنها بالكسول رغم قدراته في اللغة الإنجليزية ومواد مثل الفيزياء والكيمياء. تعبر عن إحباطها من عدم مبادرته وتعتبر أنه يحتاج إلى دفع لتحسين أدائه وتكوين الجمل الصحيحة. تشكر المتصل على جهودها وتتمنى تحسن الأمور.,low,,,,,,,,,,,,,,low,,low_interest,,,,,,,,,,success,,,,2026-04-26 00:31:05,2026-04-26 01:21:11,http://pd-fscall-record.oss-cn-hongkong.aliyuncs.com/2026-04-22/maqsam-FatmaMohamed.298558389.mp3?OSSAccessKeyId=LTAI5t8sBUhKT5YzXBHvmGGq&Expires=1777141766&Signature=SN6%2Bv2kalfLODr3zKopQXQ7JyUQ%3D,http://pd-fscall-record.oss-cn-hongkong.aliyuncs.com/2026-04-22/maqsam-FatmaMohamed.298558389.mp3?OSSAccessKeyId=LTAI5t8sBUhKT5YzXBHvmGGq&Expires=1777141766&Signature=SN6%2Bv2kalfLODr3zKopQXQ7JyUQ%3D,sales-engine/recordings/2026-04-22/user_61850540__voice_599388647.mp3,https://sales-engine-audio.oss-cn-hongkong.aliyuncs.com/sales-engine/recordings/2026-04-22/user_61850540__voice_599388647.mp3?OSSAccessKeyId=LTAI5t6Jd8PozcNwqEKaFS1q&Expires=1777144876&Signature=RozJ5o57%2Brawk7TXEEMQkl/b6uU%3D,"No.Why because I want to.أهون يبقى في مثل هذا الحال.te sirve Más, yo pienso.بخير والله تمام والله الحمد لله، كيف ما ترياك تمام والله الحمد لله، مكتوب صح؟على فكرة، ليش تتكلم الرجال؟ لأنك هنقول كمان أقول كده أو تفكر شوية.mmm.Ana José, Ana Lucía, la hija de Laura, vivían con ella. Ah, con, con su mamá, con ella, José.أيوه لكن مثل ما عشان في مدرسة ما مدارس ما حكومية عشان كده فانت خلينا نخلصهم عشان نلحقهم.أيوة أيوة أيوة.Very um.Um.Yeah.Um.Yeah. Ah. Um. Okay.ay, ojalá mi niña pueda.والله كويس كويس لكن هو عنده محادثتين ليه كان قاعد معنا في عمومته وكان الندى عندهم شديد فما قدر دخل قلت له طيب أنت كانتك تنمي في يوم وليلة عشان نأكل ونطعمه.فما كان لم يل إلا بعد ما تراجع، لكن غير كده أنا بتحبص، ااا قلت هو إيش؟ إذا أنا ليش بتعشغل له ولش عشان ترتيب الجملة، مركزين معاهم في البرامر، فانا قومته بيتكلم هو كويس يا محمود عشان انت تعرف تكوّن جملة كويسة، ولما تكون تعمل جملة تعملها بطريقة كويسة.هو بس شوف أنا بقول لمحمود محمود كسولي يعني بقول أنت ممكن تستفيد براكش أنا من قدراتك في البوقابرالي أنت لو لقيت بوقابر كبيرة بتتحسن لكن محمود كسولش.لا لا لا ما تدري ما ينحزم بيقول حقك يعني لا أنا بس بكون عايدة منه أكثر يعني هو بعد ما يحصل الشهادة هو غيرته ببليه كويس يعني كويس مستمتع بالشهادة ما قعد يشكلي حاجة اممم غيرته وأنا بس بحس إن هو عايز من الجهات هو لوحده يعني هو لو اشتغل على نفسه أكثر يأخذ يبدع أكثر. وهو ماشي ولا قعد يسافر يا حبيبي.ما قعدت أقول له حسنا كيف؟ يقول لي كويس، المهم يقول لي أوكي يعني، بعمل له شد بس.mhmI see.برجعلكHmm. Hmm.Um.Hm.شو يسوي؟ دخلوا الكويت.Um.أممم بتصير، والله شو ما يفطم على الدرج حتى العيال، يمكن أنا مش عارفين مع محمود وهو محمود بقى في درج كبيرة، يمروا محلة كبيرة خذ حاجاتك، حاجاتك.¿Qué?أيوة يعني هات محبود تحته دريت كبير يعني شوفتي النظام اللي هم يعني هات في الجريد ماين بدو ناس الكتب بتاعة العيدية عرفتي يعني ناس فيزيكس وكيميستري وحاجات زي دي فأنا بكون عايزة إنهم هم بروا ويقروا ويستوعبوا كده هو كسول كده عرفتي فكده يعني غيروا ربنا يهديه وبركة إن شاء الله.mhmeh, mhm. No sé, solo la fotografía que salimos.Gustaría que igual, no sé, si a ustedes les pasa lo mismo. Todos de capaz de irse.किधर कोई है किधर कोई है किधर कोई है सैफ अहमद माँhello hello كده أحسن؟أيوة أيوة صوتك بيجي متقطع صوتك بيجي متقطع أيوة الأول كان كويس أنا سامعاك أيوة.قلت لك إن شاء الله يعني أنا بتمنى إنه تكون الأمور كويسة.And.ما ما قصرتي ما قصرتي والله المتعة تانية بآخر فرصة أحكيها لمحمود ما قصرتي والله والله يحاسب يحاسبنا يا راني بتجدنا وكمان والله يبادلك نفس الشعور.I'm not happy to tell it. Hmm.طبعًا طبعًا طبعًا هتكون سمعة حلوة بالنسبة لكم صح أكيد.Ahí va. Eh, um. Umjú, aquí estaba, mal hecha, falta de menos de chico, o sea, yo no sé, seguro el jefe, la tiene. No. Why because I want to. أهون يبقى في مثل هذا الحال. te sirve Más, yo pienso. بخير والله تمام والله الحمد لله، كيف ما ترياك تمام والله الحمد لله، مكتوب صح؟ على فكرة، ليش تتكلم الرجال؟ لأنك هنقول كمان أقول كده أو تفكر شوية. mmm. Ana José, Ana Lucía, la hija de Laura, vivían con ella. Ah, con, con su mamá, con ella, José. أيوه لكن مثل ما عشان في مدرسة ما مدارس ما حكومية عشان كده فانت خلينا نخلصهم عشان نلحقهم. أيوة أيوة أيوة. Very um. Um. Yeah. Yeah. Ah. Um. Okay. ay, ojalá mi niña pueda. والله كويس كويس لكن هو عنده محادثتين ليه كان قاعد معنا في عمومته وكان الندى عندهم شديد فما قدر دخل قلت له طيب أنت كانتك تنمي في يوم وليلة عشان نأكل ونطعمه. فما كان لم يل إلا بعد ما تراجع، لكن غير كده أنا بتحبص، ااا قلت هو إيش؟ إذا أنا ليش بتعشغل له ولش عشان ترتيب الجملة، مركزين معاهم في البرامر، فانا قومته بيتكلم هو كويس يا محمود عشان انت تعرف تكوّن جملة كويسة، ولما تكون تعمل جملة تعملها بطريقة كويسة. هو بس شوف أنا بقول لمحمود محمود كسولي يعني بقول أنت ممكن تستفيد براكش أنا من قدراتك في البوقابرالي أنت لو لقيت بوقابر كبيرة بتتحسن لكن محمود كسولش. لا لا لا ما تدري ما ينحزم بيقول حقك يعني لا أنا بس بكون عايدة منه أكثر يعني هو بعد ما يحصل الشهادة هو غيرته ببليه كويس يعني كويس مستمتع بالشهادة ما قعد يشكلي حاجة اممم غيرته وأنا بس بحس إن هو عايز من الجهات هو لوحده يعني هو لو اشتغل على نفسه أكثر يأخذ يبدع أكثر. وهو ماشي ولا قعد يسافر يا حبيبي. ما قعدت أقول له حسنا كيف؟ يقول لي كويس، المهم يقول لي أوكي يعني، بعمل له شد بس. mhm I see. برجعلك Hmm. Hmm. Hm. شو يسوي؟ دخلوا الكويت. أممم بتصير، والله شو ما يفطم على الدرج حتى العيال، يمكن أنا مش عارفين مع محمود وهو محمود بقى في درج كبيرة، يمروا محلة كبيرة خذ حاجاتك، حاجاتك. ¿Qué? أيوة يعني هات محبود تحته دريت كبير يعني شوفتي النظام اللي هم يعني هات في الجريد ماين بدو ناس الكتب بتاعة العيدية عرفتي يعني ناس فيزيكس وكيميستري وحاجات زي دي فأنا بكون عايزة إنهم هم بروا ويقروا ويستوعبوا كده هو كسول كده عرفتي فكده يعني غيروا ربنا يهديه وبركة إن شاء الله. eh, mhm. No sé, solo la fotografía que salimos. Gustaría que igual, no sé, si a ustedes les pasa lo mismo. Todos de capaz de irse. किधर कोई है किधर कोई है किधर कोई है सैफ अहमद माँ hello hello كده أحسن؟ أيوة أيوة صوتك بيجي متقطع صوتك بيجي متقطع أيوة الأول كان كويس أنا سامعاك أيوة. قلت لك إن شاء الله يعني أنا بتمنى إنه تكون الأمور كويسة. And. ما ما قصرتي ما قصرتي والله المتعة تانية بآخر فرصة أحكيها لمحمود ما قصرتي والله والله يحاسب يحاسبنا يا راني بتجدنا وكمان والله يبادلك نفس الشعور. I'm not happy to tell it. Hmm. طبعًا طبعًا طبعًا هتكون سمعة حلوة بالنسبة لكم صح أكيد. Ahí va. Eh, um. Umjú, aquí estaba, mal hecha, falta de menos de chico, o sea, yo no sé, seguro el jefe, la tiene.",bad_asr,ASR_LOW_QUALITY,b93c3149-d925-47a1-8b98-5563659e15d2,qwen3-asr-flash-filetrans,2026-04-26 01:21:32,good_need,satisfied,no_real_conversation,no_issue,recover_dissatisfied_user,ولي الأمر يناقش مشكلة كسل ابنها محمود وعدم رغبته في المبادرة رغم ذكائه. هناك تداخل كبير في اللغات (العربية، الإنجليزية، الإسبانية) وضوضاء بالخلفية مما يجعل المكالمة صعبة الفهم وغير متماسكة.
e4195650ed57f85659c5cddb47604cd0,voice_599390787,599390787,62994199,EGCC-maiwaheed,2313(Maqsam),2026-04-22 22:09:01,双方接通,pre_class_reschedule,1.0,العميل (16 عامًا) يرغب بتطوير لغته الإنجليزية لمستقبله الأكاديمي وللتواصل في دول الخليج، حيث يواجه صعوبة في التحدث رغم قدرته على القراءة. قام بحجز حصة تجريبية يوم الخميس 4:30 مساءً، ثم طلب تغيير الموعد إلى 2:30 مساءً بعد الدوام لأنه يكون متفرغًا. لديه استفسارات حول كيفية معرفة بدء الحصة وتفاصيل الحصة المجانية ونظام الاشتراك المدفوع.,high,,,,,,,,,,,,,,medium,,none,,,,,,,,,,success,,,,2026-04-26 00:31:05,2026-04-26 01:22:58,http://pd-fscall-record.oss-cn-hongkong.aliyuncs.com/2026-04-22/maqsam-MaiWaheed.298564883.mp3?OSSAccessKeyId=LTAI5t8sBUhKT5YzXBHvmGGq&Expires=1777141764&Signature=BTRpuuPbyXPTlRG6T2C2pRC8Rz0%3D,http://pd-fscall-record.oss-cn-hongkong.aliyuncs.com/2026-04-22/maqsam-MaiWaheed.298564883.mp3?OSSAccessKeyId=LTAI5t8sBUhKT5YzXBHvmGGq&Expires=1777141764&Signature=BTRpuuPbyXPTlRG6T2C2pRC8Rz0%3D,sales-engine/recordings/2026-04-22/user_62994199__voice_599390787.mp3,https://sales-engine-audio.oss-cn-hongkong.aliyuncs.com/sales-engine/recordings/2026-04-22/user_62994199__voice_599390787.mp3?OSSAccessKeyId=LTAI5t6Jd8PozcNwqEKaFS1q&Expires=1777144983&Signature=HvswVEdOc91xIZsIXzZuIlghRag%3D,"Okay.عليكم سلام.¿qué iba?ねえ。On rien.¿y vas?A mis papás.حابة أطور لأنه مستقبلي يعتمد على إنجليزي لو دخلت الجامعة.وأحسه يعني أنا بطور عشان إذا مثلاً حصة الإنجليزي يكون مستواي كويس لأنه لما نيجي دول الخليجات ما أعرف أتكلم.Sabes. Sí, ello.الصدق موضحة ذلك.¿podíasبرضو إزعاجOkay.Dale, qué guay, pues.أيوة بس يعني أعرف أقرا بس الكلمة ما تطلع شويةأو قبل الحمل بفترة في الكلمات الطويلة.أنا ودي إني أتعلم ال كل شيء يعني ما أبغى شيء وانشيله.Hmm.Okey.عرفته عن طريق النت بحثت عن دورات وطلع لي هذا البرنامج فجربت وعن إعلان.caí.¿tambiénلا أجنبية عربية أقصد.¿Mella?ओकेAre you okay.あ、こん。لا أحس اسمي وعمري كذا خلاص.Thank for sure.¿eh?Yeah.Okey, está bien.Sorry. Ah, my name is Eliot.嗯。É isso aí, demais, né?آه والله ما أدري مع إني كل سنة أقول تعبير بس خلاص.哎。أعرف أرقام معدودة يعني ما.你。¿Eh? Ay, Dios. ¡Ay, amor!Es, es dile, tranqui. Uy, sí.¿esMiss All.I am, sixteen.比较。Да да да, могу говорить.أي أربعة ونص العصر أيوة.I know.أنا حجز يوم الخميس好。لا لا عادي خليه اثنين ونص أنا فاضية اثنين ونص بعد الدوام嗯。طيب بس أنتي تريكم الوانصفر خمسة خمسةلا أيدي أيدي صفر خمسة صفر具體具體啊。看一下，看一下。eh, ¿cómo se, cómo se?ستة سبعة واحد أظن دقيقة خلّت أكل.啊。ليش ما تبغى؟ طيب ابني عيد الرقم معلش طيب صفر خمسة خمسة.ستة خمسة تسعة خمسة ستة سبعة واحد.¿Qué iba a pasar?不知道。على حسب يعني بعض الأحيان العيادة يكون عندي وبعض الأحيان الجوال عادي أنا ما يفرق معي.어.أي عندي مشكلة أكيد.この。طيب ومتى أعرف إن الحكة بدأت وأحضرها يعني؟متى يعني أحضر الحصة متى يعني يعني أعرف إن الحصة بدأت أو الدورة بدأت؟嗯。طيب المجاني هذا بس يوم الخميس صح بعدين الاشتراك الباقي؟Thank you.Okay. Sure. Come.Mike.الشكر المتقسّرين لا.Yes. Okay. عليكم سلام. ¿qué iba? ねえ。 On rien. ¿y vas? A mis papás. حابة أطور لأنه مستقبلي يعتمد على إنجليزي لو دخلت الجامعة. وأحسه يعني أنا بطور عشان إذا مثلاً حصة الإنجليزي يكون مستواي كويس لأنه لما نيجي دول الخليجات ما أعرف أتكلم. Sabes. Sí, ello. الصدق موضحة ذلك. ¿podías برضو إزعاج Dale, qué guay, pues. أيوة بس يعني أعرف أقرا بس الكلمة ما تطلع شوية أو قبل الحمل بفترة في الكلمات الطويلة. أنا ودي إني أتعلم ال كل شيء يعني ما أبغى شيء وانشيله. Hmm. Okey. عرفته عن طريق النت بحثت عن دورات وطلع لي هذا البرنامج فجربت وعن إعلان. caí. ¿también لا أجنبية عربية أقصد. ¿Mella? ओके Are you okay. あ、こん。 لا أحس اسمي وعمري كذا خلاص. Thank for sure. ¿eh? Yeah. Okey, está bien. Sorry. Ah, my name is Eliot. 嗯。 É isso aí, demais, né? آه والله ما أدري مع إني كل سنة أقول تعبير بس خلاص. 哎。 أعرف أرقام معدودة يعني ما. 你。 ¿Eh? Ay, Dios. ¡Ay, amor! Es, es dile, tranqui. Uy, sí. ¿es Miss All. I am, sixteen. 比较。 Да да да, могу говорить. أي أربعة ونص العصر أيوة. I know. أنا حجز يوم الخميس 好。 لا لا عادي خليه اثنين ونص أنا فاضية اثنين ونص بعد الدوام طيب بس أنتي تريكم الوان صفر خمسة خمسة لا أيدي أيدي صفر خمسة صفر 具體具體啊。看一下，看一下。 eh, ¿cómo se, cómo se? ستة سبعة واحد أظن دقيقة خلّت أكل. 啊。 ليش ما تبغى؟ طيب ابني عيد الرقم معلش طيب صفر خمسة خمسة. ستة خمسة تسعة خمسة ستة سبعة واحد. ¿Qué iba a pasar? 不知道。 على حسب يعني بعض الأحيان العيادة يكون عندي وبعض الأحيان الجوال عادي أنا ما يفرق معي. 어. أي عندي مشكلة أكيد. この。 طيب ومتى أعرف إن الحكة بدأت وأحضرها يعني؟ متى يعني أحضر الحصة متى يعني يعني أعرف إن الحصة بدأت أو الدورة بدأت؟ طيب المجاني هذا بس يوم الخميس صح بعدين الاشتراك الباقي؟ Thank you. Okay. Sure. Come. Mike. الشكر المتقسّرين لا. Yes.",bad_asr,ASR_LOW_QUALITY,2b2082b1-1b7a-41d8-b144-f3224fb593d3,qwen3-asr-flash-filetrans,2026-04-26 01:23:31,good_need,unknown,normal,no_preclass_confirmation,rebook_trial,العميل حجز حصة تجريبية ويطلب إعادة جدولتها من الخميس 4:30 مساءً إلى 2:30 مساءً بعد الدوام. كما يستفسر عن طريقة معرفة بدء الحصة المجانية وتفاصيل الاشتراك بعد انتهاء الفترة التجريبية، مما يشير إلى الحاجة لتوضيح معلومات ما قبل الحصة والتأكيد على الموعد الجديد.
2a46b005c5030fb939ab02f0659b4e8c,voice_599391072,599391072,62058598,EGCC-eman.amr,2289(Maqsam),2026-04-22 22:06:38,双方接通,post_class_followup,0.7,العميل يطلب وقتًا للتفكير والتشاور مع الآخرين قبل اتخاذ القرار، ووعد بالاتصال مجددًا لإعطاء الخبر.,low,,,,,,,,,,,,,,low,,none,,,,,,,,,,success,,,,2026-04-26 00:31:05,2026-04-26 01:23:50,http://pd-fscall-record.oss-cn-hongkong.aliyuncs.com/2026-04-22/maqsam-Eman.Amr.298563842.mp3?OSSAccessKeyId=LTAI5t8sBUhKT5YzXBHvmGGq&Expires=1777141613&Signature=qTXZPaCWE7eoIrPFY1NcqglE5JA%3D,http://pd-fscall-record.oss-cn-hongkong.aliyuncs.com/2026-04-22/maqsam-Eman.Amr.298563842.mp3?OSSAccessKeyId=LTAI5t8sBUhKT5YzXBHvmGGq&Expires=1777141613&Signature=qTXZPaCWE7eoIrPFY1NcqglE5JA%3D,sales-engine/recordings/2026-04-22/user_62058598__voice_599391072.mp3,https://sales-engine-audio.oss-cn-hongkong.aliyuncs.com/sales-engine/recordings/2026-04-22/user_62058598__voice_599391072.mp3?OSSAccessKeyId=LTAI5t6Jd8PozcNwqEKaFS1q&Expires=1777145034&Signature=OQmYp1yXdav66D4WTAOiz4mPI14%3D,سلام ورحمة الله.¿Aló? ¿Alá?哎呀，怎么？हाँأيوة موافق موافق.嗯。¿Ahí? ¿Ahí?嗯。يعني حاليًا ما هي تجربة حاليًا ولا؟啊。嗯。喂。Claro.啊。Uh huh.والله باقي خلي خلي خلينا نشوف وتشاور وشوف يعني يعني ما هي أوكي.أيوة بشاوره هو وأنا وهو بشوف أشاور نفسي يعني برضه.بشوف بشوف والله أنا بشوف وتأكد وأرد لك خبر إن شاء الله.بنشوف بنشوف برد عليك خبر إن شاء الله.على خير، على خير.على خير إن شاء الله. سلام ورحمة الله. ¿Aló? ¿Alá? 哎呀，怎么？ हाँ أيوة موافق موافق. 嗯。 ¿Ahí? ¿Ahí? يعني حاليًا ما هي تجربة حاليًا ولا؟ 啊。 喂。 Claro. Uh huh. والله باقي خلي خلي خلينا نشوف وتشاور وشوف يعني يعني ما هي أوكي. أيوة بشاوره هو وأنا وهو بشوف أشاور نفسي يعني برضه. بشوف بشوف والله أنا بشوف وتأكد وأرد لك خبر إن شاء الله. بنشوف بنشوف برد عليك خبر إن شاء الله. على خير، على خير. على خير إن شاء الله.,bad_asr,ASR_LOW_QUALITY,1e69db06-7bbd-40a1-8850-affaf3284adf,qwen3-asr-flash-filetrans,2026-04-26 01:24:07,weak_need,unknown,normal,no_issue,no_task,العميل يحتاج إلى وقت للتفكير والتشاور، وقد وعد بالرد على الوكيل بعد اتخاذ قراره.
4e940661f6053b02bdd8670fbee43d41,voice_599391619,599391619,62990418,51habiba.hassan,2244(Maqsam),2026-04-22 22:12:01,双方接通,duplicate_or_wrong,1.0,"العميل تتصل لتأكيد موعد حصة، ثم تكتشف أنها سجلت بالخطأ في المنصة الحالية بدلاً من منصة ""فهيم"" المجانية، وتطلب إلغاء التسجيل فوراً.",low,,,,,,,,,,,,,,none,,price,,,,,,,,,,success,,,,2026-04-26 00:31:05,2026-04-26 01:24:07,http://pd-fscall-record.oss-cn-hongkong.aliyuncs.com/2026-04-22/maqsam-habiba.hassan.298566304.mp3?OSSAccessKeyId=LTAI5t8sBUhKT5YzXBHvmGGq&Expires=1777141613&Signature=WT5VMYw3Zv%2F9d7%2FB79QNeOik7X8%3D,http://pd-fscall-record.oss-cn-hongkong.aliyuncs.com/2026-04-22/maqsam-habiba.hassan.298566304.mp3?OSSAccessKeyId=LTAI5t8sBUhKT5YzXBHvmGGq&Expires=1777141613&Signature=WT5VMYw3Zv%2F9d7%2FB79QNeOik7X8%3D,sales-engine/recordings/2026-04-22/user_62990418__voice_599391619.mp3,https://sales-engine-audio.oss-cn-hongkong.aliyuncs.com/sales-engine/recordings/2026-04-22/user_62990418__voice_599391619.mp3?OSSAccessKeyId=LTAI5t6Jd8PozcNwqEKaFS1q&Expires=1777145051&Signature=GIfrpzlo2j6l94pImZ%2B/4fbn7e0%3D,"Allô? Salut, bonsoir.الحمد لله بصحة.Hm.¿Y tú no fuiste a regresar? Ah.재환이.たに。تاني تاني.يعملين أربعة وعشرين.لا ما كملت الجامعة يعني بنصها وسحبت.كيف؟ عشان التخصص التخصص مو كويس إن شاء الله راح أكمل.أيوه إن شاء الله بأتمم لها.إنجليزي عشان كده أنا جاية بسلم إنجليزي.ingleseأمم أيوة إن شاء الله.مو مرة والله يعنيممكن ت تحت المتوسط بشويUm hm.الأساسيات هي بس مو مرة بعد شوي.أنا أخذت دورة بس إنه يعني ما استفدت منها كثير يعني استفدت منها شوي مو بمرة.لا كانت حضوري.Hmm.Online.أمم، لا أنا الأفضل عندي حضوري أكيد بس أنا الحين حالياً قاعدة أتعلم عن طريق الجوال عشان أبغى.Hmm.Uh huh.Hmm.صح بس الأونلاين لحاله صح ولا معايا أحد؟Ah yeah.So.Seven.तो ये मैंने बस आया हैااا بكرة الحصة الساعة ستة المغرب؟ستة ونص أنتي اللي بتكونين موجودة صح؟Anonyme.Ah, jetzt isch d'Zit nomol, ja, dä chli läser.لا قالوا لي مجاني ولا.Um.أنتم لازم تحكي لحظة لحظة أنتم منصة فهم فهموا ولا منصة إيش أنتم منصة إيش؟آه أنا حسبكم فهيم لأن فهيم مجانى هذه أنا سجلت فيها بالغلط إني إسحب التسجيل معليش.Hmm.أيوة أنا أبغى شيء متجر ما عادي.Hmm.Hmm.أوكي لا لا معلش المهم حبيبتي حاولي تحاولي تشتيلي تمام تمام يا طلعت. Allô? Salut, bonsoir. الحمد لله بصحة. Hm. ¿Y tú no fuiste a regresar? Ah. 재환이. たに。 تاني تاني. يعملين أربعة وعشرين. لا ما كملت الجامعة يعني بنصها وسحبت. كيف؟ عشان التخصص التخصص مو كويس إن شاء الله راح أكمل. أيوه إن شاء الله بأتمم لها. إنجليزي عشان كده أنا جاية بسلم إنجليزي. inglese أمم أيوة إن شاء الله. مو مرة والله يعني ممكن ت تحت المتوسط بشوي Um hm. الأساسيات هي بس مو مرة بعد شوي. أنا أخذت دورة بس إنه يعني ما استفدت منها كثير يعني استفدت منها شوي مو بمرة. لا كانت حضوري. Hmm. Online. أمم، لا أنا الأفضل عندي حضوري أكيد بس أنا الحين حالياً قاعدة أتعلم عن طريق الجوال عشان أبغى. Uh huh. صح بس الأونلاين لحاله صح ولا معايا أحد؟ Ah yeah. So. Seven. तो ये मैंने बस आया है ااا بكرة الحصة الساعة ستة المغرب؟ ستة ونص أنتي اللي بتكونين موجودة صح؟ Anonyme. Ah, jetzt isch d'Zit nomol, ja, dä chli läser. لا قالوا لي مجاني ولا. Um. أنتم لازم تحكي لحظة لحظة أنتم منصة فهم فهموا ولا منصة إيش أنتم منصة إيش؟ آه أنا حسبكم فهيم لأن فهيم مجانى هذه أنا سجلت فيها بالغلط إني إسحب التسجيل معليش. أيوة أنا أبغى شيء متجر ما عادي. أوكي لا لا معلش المهم حبيبتي حاولي تحاولي تشتيلي تمام تمام يا طلعت.",bad_asr,ASR_LOW_QUALITY,7de4947f-ba6d-43e6-a878-4059120bc6a6,qwen3-asr-flash-filetrans,2026-04-26 01:24:25,no_trial_or_not_aware,unknown,normal,unknown,no_task,"العميل سجلت بالخطأ في المنصة الحالية ظناً منها أنها منصة ""فهيم"" المجانية، وتطلب إلغاء التسجيل."
82e9ce12ede2ca92b41efe12732a2655,voice_599394604,599394604,62511608,EGCC-fatmamohamed,2310(Maqsam),2026-04-22 22:25:34,双方接通,unknown,0.1,المكالمة تحتوي على تحيات وتعابير إعجاب/استغراب متكررة مع كلمة حشو بلغة أجنبية.,unknown,,,,,,,,,,,,,,unknown,,unknown,,,,,,,,,,success,,,,2026-04-26 00:31:05,2026-04-26 01:25:49,http://pd-fscall-record.oss-cn-hongkong.aliyuncs.com/2026-04-22/maqsam-FatmaMohamed.298572410.mp3?OSSAccessKeyId=LTAI5t8sBUhKT5YzXBHvmGGq&Expires=1777141761&Signature=XM4Y3iw7BS1DaJdKHb07Jlg7z9U%3D,http://pd-fscall-record.oss-cn-hongkong.aliyuncs.com/2026-04-22/maqsam-FatmaMohamed.298572410.mp3?OSSAccessKeyId=LTAI5t8sBUhKT5YzXBHvmGGq&Expires=1777141761&Signature=XM4Y3iw7BS1DaJdKHb07Jlg7z9U%3D,sales-engine/recordings/2026-04-22/user_62511608__voice_599394604.mp3,https://sales-engine-audio.oss-cn-hongkong.aliyuncs.com/sales-engine/recordings/2026-04-22/user_62511608__voice_599394604.mp3?OSSAccessKeyId=LTAI5t6Jd8PozcNwqEKaFS1q&Expires=1777145152&Signature=yZ%2BrCQ7ukxdZTxv%2Be1TgXAWVq4g%3D,Hello.آه ما شاء الله.الله الله.那个。 Hello. آه ما شاء الله. الله الله. 那个。,bad_asr,ASR_LOW_QUALITY,4caff4a8-d711-4c32-98e0-e41e4c6d878a,qwen3-asr-flash-filetrans,2026-04-26 01:25:57,unknown,unknown,no_real_conversation,unknown,no_task,"المحادثة تتكون من تحيات وعبارات تعجب ('ما شاء الله', 'الله الله') وكلمة حشو صينية ('那个')، ولا يوجد سياق أو محتوى واضح لتحديد الغرض من المكالمة."
a553a8a98d2bc9ebb15d2bec39deda48,voice_599395427,599395427,62993847,51nadamuhammad,2245(Maqsam),2026-04-22 22:31:10,双方接通,unknown,0.9,المتصلة أعربت عن رغبتها القوية في تعلم اللغة الإنجليزية لعدم إتقانها وكونها لم تكمل دراستها الجامعية، بعد أن رأت إعلاناً للدورة. وهي تبلغ 36 عاماً.,high,,,,,,,,,,,,,,high,,none,,,,,,,,,,success,,,,2026-04-26 00:31:05,2026-04-26 01:25:58,http://pd-fscall-record.oss-cn-hongkong.aliyuncs.com/2026-04-22/maqsam-NadaMuhammad.298574709.mp3?OSSAccessKeyId=LTAI5t8sBUhKT5YzXBHvmGGq&Expires=1777141760&Signature=KYfN2DWd0XQYNi5VgJNOhNooBWM%3D,http://pd-fscall-record.oss-cn-hongkong.aliyuncs.com/2026-04-22/maqsam-NadaMuhammad.298574709.mp3?OSSAccessKeyId=LTAI5t8sBUhKT5YzXBHvmGGq&Expires=1777141760&Signature=KYfN2DWd0XQYNi5VgJNOhNooBWM%3D,sales-engine/recordings/2026-04-22/user_62993847__voice_599395427.mp3,https://sales-engine-audio.oss-cn-hongkong.aliyuncs.com/sales-engine/recordings/2026-04-22/user_62993847__voice_599395427.mp3?OSSAccessKeyId=LTAI5t6Jd8PozcNwqEKaFS1q&Expires=1777145162&Signature=iBQ5eI/drCWtQJMG3Jl4zGRF0Iw%3D,"¿hola?ما رأيك في الشغلالحمد لله مين معاي哎。उसके बाद हैI know I know.Come on.غزل.وأنا كبيرة بصراحةأنا ستة وثلاثين، ستة وثلاثين.sì è lo stesso coriandoli. è uguale nello stesso. tema.أيوه أه شركت干嘛没有。แต่มันก็لا بحب أتعلم اللغة بس كذا لأني ما أعرف شيء في الإنجليزيأيوة ليه حلا دي؟أنا ثانوية الحين الصراحة ما في لغات ثانوية أنا.لا أنا خلصت بس أنا ليش ما كملت دراستي عشان كذا أبغى اللغة.أيوة أيوة أيوة أنا عزازة عربي.在干嘛没有？لا لا على نفس الجهاز ما يجي فيه؟Hey du.Claro. Okey.ah, okey, es shaker, shaker.لا مرة أنا ما في لغة بس هو في اللي عرفه بس ما عرفت أتكلم.哎哎呦哎呦。لا بس شوفت كذا إعلان دخلت.干完了，下来。अब यह किया करYa la vas a ¿hola? ما رأيك في الشغل الحمد لله مين معاي 哎。 उसके बाद है I know I know. Come on. غزل. وأنا كبيرة بصراحة أنا ستة وثلاثين، ستة وثلاثين. sì è lo stesso coriandoli. è uguale nello stesso. tema. أيوه أه شركت 干嘛没有。 แต่มันก็ لا بحب أتعلم اللغة بس كذا لأني ما أعرف شيء في الإنجليزي أيوة ليه حلا دي؟ أنا ثانوية الحين الصراحة ما في لغات ثانوية أنا. لا أنا خلصت بس أنا ليش ما كملت دراستي عشان كذا أبغى اللغة. أيوة أيوة أيوة أنا عزازة عربي. 在干嘛没有？ لا لا على نفس الجهاز ما يجي فيه؟ Hey du. Claro. Okey. ah, okey, es shaker, shaker. لا مرة أنا ما في لغة بس هو في اللي عرفه بس ما عرفت أتكلم. 哎哎呦哎呦。 لا بس شوفت كذا إعلان دخلت. 干完了，下来。 अब यह किया कर Ya la vas a",bad_asr,ASR_LOW_QUALITY,ae1fcea8-4a15-412c-8db8-4ace0647e78e,qwen3-asr-flash-filetrans,2026-04-26 01:26:15,good_need,unknown,normal,no_issue,rebook_trial,المتصلة لديها رغبة قوية وحاجة واضحة لتعلم اللغة الإنجليزية وتطوير ذاتها، وقد أبدت اهتمامها بعد رؤية إعلان.
f47daf9b6bb5f13ef1a0e21d98381b82,voice_599396447,599396447,62988612,EGCC-fatmamohamed,2310(Maqsam),2026-04-22 22:38:00,双方接通,post_class_followup,0.6,تتحدث المكالمة عن تقييم مستوى اللغة الإنجليزية للعميل، حيث ذكر العميل حاجته للدراسة، وقدرته على التحدث والفهم مع صعوبة في القواعد. يتم إبلاغه عن رابط وموعد للتقييم.,high,,,,,,,,,,,,,,high,,none,,,,,,,,,,success,,,,2026-04-26 00:31:05,2026-04-26 01:26:15,http://pd-fscall-record.oss-cn-hongkong.aliyuncs.com/2026-04-22/maqsam-FatmaMohamed.298577784.mp3?OSSAccessKeyId=LTAI5t8sBUhKT5YzXBHvmGGq&Expires=1777141759&Signature=UYGCaPY7ceFgXzFGTfhx3J1diUg%3D,http://pd-fscall-record.oss-cn-hongkong.aliyuncs.com/2026-04-22/maqsam-FatmaMohamed.298577784.mp3?OSSAccessKeyId=LTAI5t8sBUhKT5YzXBHvmGGq&Expires=1777141759&Signature=UYGCaPY7ceFgXzFGTfhx3J1diUg%3D,sales-engine/recordings/2026-04-22/user_62988612__voice_599396447.mp3,https://sales-engine-audio.oss-cn-hongkong.aliyuncs.com/sales-engine/recordings/2026-04-22/user_62988612__voice_599396447.mp3?OSSAccessKeyId=LTAI5t6Jd8PozcNwqEKaFS1q&Expires=1777145180&Signature=xErNWPFmTG%2BKERyrsiIkrRUQ%2Bl0%3D,"Salam alaikoum.وشو؟ هلا هلا.誒。Okay.Ég var í ríki.เอียดิเอ่า เอ๊ะสติ.متوسطA kid.أكره هذه الكلمة، بس كتب ما أعرف.Hey, hey.أتفهم شوي بس مو كثير خير.还有啊。أعرف أعرف عن نفس بس القواعد صعبة شوي.哎喲。أنا أعرف يعني أنا أتكلم إنجليزي وأعرف أفهم إنجليزي وأقراه.Hi.أيوة عشان الدراسة.เป็นดัชนีจามจุรีEi vaan.صحة عامة.Okay.أيوه وصلنا على الجوال.Come on.لا والله ما بعرف.أي هذا على الصح.I.Hav en far, er samme samme.Um. I can be a.Hmm.Okay.हाँ सहनتمام تمام.أفهم أفهم عليك.啥设备？خمسة على المحظورة.तमामآه فاهم يعني تقيم المستوى.فاه فاه مالك.Ja, das hat es nicht.أيوه عند الرابط، اليوم والساعة.Hey, hvað ánkaði til þess hendi? Já, mér líkar þetta. Já, mér líkar með þetta kennara, þetta er mikið spart. Já, hérna. Já, hérna. Salam alaikoum. وشو؟ هلا هلا. 誒。 Okay. Ég var í ríki. เอียดิเอ่า เอ๊ะ สติ. متوسط A kid. أكره هذه الكلمة، بس كتب ما أعرف. Hey, hey. أتفهم شوي بس مو كثير خير. 还有啊。 أعرف أعرف عن نفس بس القواعد صعبة شوي. 哎喲。 أنا أعرف يعني أنا أتكلم إنجليزي وأعرف أفهم إنجليزي وأقراه. Hi. أيوة عشان الدراسة. เป็นดัชนีจามจุรี Ei vaan. صحة عامة. أيوه وصلنا على الجوال. Come on. لا والله ما بعرف. أي هذا على الصح. I. Hav en far, er samme samme. Um. I can be a. Hmm. हाँ सहन تمام تمام. أفهم أفهم عليك. 啥设备？ خمسة على المحظورة. तमाम آه فاهم يعني تقيم المستوى. فاه فاه مالك. Ja, das hat es nicht. أيوه عند الرابط، اليوم والساعة. Hey, hvað ánkaði til þess hendi? Já, mér líkar þetta. Já, mér líkar með þetta kennara, þetta er mikið spart. Já, hérna. Já, hérna.",bad_asr,ASR_LOW_QUALITY,fc9e13dc-0877-4aed-a555-66887d235201,qwen3-asr-flash-filetrans,2026-04-26 01:26:37,good_need,unknown,background_noise_only,no_issue,rebook_trial,العميل يحتاج لتعلم الإنجليزية لأغراض الدراسة، وهو قادر على التحدث والفهم ولكن يواجه صعوبة في القواعد. المكالمة تركز على تحديد موعد لتقييم المستوى عبر رابط.
f5a3c4c81baa3c2eedaf2ac155026e7d,voice_599396618,599396618,62992031,51nadamuhammad,2245(Maqsam),2026-04-22 22:37:24,双方接通,pre_class_cancel,1.0,يتحدث المتصل عن خطة دفع، ثم يقوم بإلغاء الخدمة أو الاشتراك بشكل صريح.,low,,,,,,,,,,,,,,none,,price,,,,,,,,,,success,,,,2026-04-26 00:31:05,2026-04-26 01:26:37,http://pd-fscall-record.oss-cn-hongkong.aliyuncs.com/2026-04-22/maqsam-NadaMuhammad.298577487.mp3?OSSAccessKeyId=LTAI5t8sBUhKT5YzXBHvmGGq&Expires=1777141759&Signature=iqREcVC0Qz%2B3u%2BiX%2FPshr3J%2BdEI%3D,http://pd-fscall-record.oss-cn-hongkong.aliyuncs.com/2026-04-22/maqsam-NadaMuhammad.298577487.mp3?OSSAccessKeyId=LTAI5t8sBUhKT5YzXBHvmGGq&Expires=1777141759&Signature=iqREcVC0Qz%2B3u%2BiX%2FPshr3J%2BdEI%3D,sales-engine/recordings/2026-04-22/user_62992031__voice_599396618.mp3,https://sales-engine-audio.oss-cn-hongkong.aliyuncs.com/sales-engine/recordings/2026-04-22/user_62992031__voice_599396618.mp3?OSSAccessKeyId=LTAI5t6Jd8PozcNwqEKaFS1q&Expires=1777145200&Signature=RU6ZtIOxSo39DVXC4a6qpqBZSPM%3D,"हाँ लाعليكم السلام.अल्हम्दुलिल्लाहI think.Don't.哎呦啊。لا الطالبة هي من الأم كلمي.et, bah, bah c'est quelque chose, beaucoup de personnesअब क्या अंताई अब क्याلا سفر سفر سفر.Uh huh.يعني كان الفلوس.Hmm.系哇。ألفين ألفين في الشهرثلاثة شهور بالفعل؟ لا شكراً الله يعطيك العافية. يا رح شكراً إيه لا لا كنسل إيه شكراً طالع ما قدر يا رح شكراً. إيه التمرة كم طيب ها؟Okay.مئة وثمانية وثمانين في الشهر، طمارا.Um, I want.Ouais. Ben.นี่ นั่นเลย แล้วก็เขาก็เลยได้เข้าไปทัวร์ส่วนมากผมشكرًا، إيه لا لا لا تنسي ليها الله يعافيك، يا سلام. हाँ ला عليكم السلام. अल्हम्दुलिल्लाह I think. Don't. 哎呦啊。 لا الطالبة هي من الأم كلمي. et, bah, bah c'est quelque chose, beaucoup de personnes अब क्या अंताई अब क्या لا سفر سفر سفر. Uh huh. يعني كان الفلوس. Hmm. 系哇。 ألفين ألفين في الشهر ثلاثة شهور بالفعل؟ لا شكراً الله يعطيك العافية. يا رح شكراً إيه لا لا كنسل إيه شكراً طالع ما قدر يا رح شكراً. إيه التمرة كم طيب ها؟ Okay. مئة وثمانية وثمانين في الشهر، طمارا. Um, I want. Ouais. Ben. นี่ นั่นเลย แล้วก็เขาก็เลยได้เข้าไปทัวร์ส่วนมากผม شكرًا، إيه لا لا لا تنسي ليها الله يعافيك، يا سلام.",bad_asr,ASR_LOW_QUALITY,2f044a33-6cd1-46ac-848f-91e5a5d6e32d,qwen3-asr-flash-filetrans,2026-04-26 01:26:51,no_need,unknown,normal,no_issue,no_task,المتصل ألغى الاشتراك بعد مناقشة خطط الدفع، مشيرًا إلى أن الأمر غير ممكن، مما يشير إلى أن السبب متعلق بالتكلفة أو القدرة على الدفع.
1fb00865fda4ae66fdab652f5f797a51,voice_599397472,599397472,62804264,51nadamuhammad,2245(Maqsam),2026-04-22 22:44:20,双方接通,post_class_followup,0.9,العميل مهتم بدورة اللغة الإنجليزية ويواجه صعوبات في طرق الدفع (رفض تمارا/تابي، عدم وجود اشتراك شهري، الحاجة لفتح حساب بنكي جديد للأقساط). يستفسر عن عدد الحصص الأسبوعية، مدة الحصة، وإمكانية الإلغاء. يبدي رغبة قوية في التسجيل ويبحث عن حلول للدفع وتنسيق تاريخ الدفع مع راتبه.,high,,,,,,,,,,,,,,high,,payment_method,,,,,,,,,,success,,,,2026-04-26 00:31:05,2026-04-26 01:26:53,http://pd-fscall-record.oss-cn-hongkong.aliyuncs.com/2026-04-22/maqsam-NadaMuhammad.298580614.mp3?OSSAccessKeyId=LTAI5t8sBUhKT5YzXBHvmGGq&Expires=1777141758&Signature=Ctv72xxR6n7WHSVo0NM%2BevlgRmI%3D,http://pd-fscall-record.oss-cn-hongkong.aliyuncs.com/2026-04-22/maqsam-NadaMuhammad.298580614.mp3?OSSAccessKeyId=LTAI5t8sBUhKT5YzXBHvmGGq&Expires=1777141758&Signature=Ctv72xxR6n7WHSVo0NM%2BevlgRmI%3D,sales-engine/recordings/2026-04-22/user_62804264__voice_599397472.mp3,https://sales-engine-audio.oss-cn-hongkong.aliyuncs.com/sales-engine/recordings/2026-04-22/user_62804264__voice_599397472.mp3?OSSAccessKeyId=LTAI5t6Jd8PozcNwqEKaFS1q&Expires=1777145218&Signature=yXoRT7E5AK24CmE3TcmTBmlRbdM%3D,"हाँ नाوعليكم السلام هلا.نعم عليكم السلام هلا هلا أبشر هلاوالله الحمد لله أنت إخبارك.والله الحمد لله ما عليه يا رب لك الحمد أنت مكبار ربي أم.والله إن شاء الله اتحسن مرة تتعب مرة موجودة بالمستشفى.إن شاء الله يا رب لك كريم إن شاء الله بإذن الله.إن شاء الله.هو كم يصير علينا القصف لأني ما أدري هي تمارا تقبلنا ولا حاطيني بسمة.Um. Um.Okay. Hmm.الأهل يفتحون لي، الراجحي يفتح لي.أبي شلون أفتح الراج شو أنا بالراج شو شلون ميتين اثنين وستين إيه.تأخذون يعني فيزوما دانا مدى.عندي فيزا بس الفيزا مية وخمسين ريال ياخدون مني كل شهر يعني.Hmm.متى هذا؟ أم هم.طيب ما في عندكم إلا الماء؟النمة النمة.بس الأهلي والراجحي.آه تقول ما في اشتراك شهر لازم خمسة وأربعين حصة أيوة.Um.إيش اسمه ده؟يعني أسوي تطبيقه.I know, but then hmm.It.oui on laisse on achte pas.مو أنتوا بتقولون خمسة وأربعين حالة خاصة؟طيب اتناعش دفعة كام؟That.طيب كم؟إيه كم أخ واحد بلوس؟أيوه كم هو الأخير المجموع؟يأخذونها لمدة اثنعش شهر مدة سنة يعنيأيوه لا ما عندي لا.Hmm.الأهلي خلاص أنا بفتح حساب بالأهلي وأبدأ أحط بدفعتها كل شهر.أنا عندي تمارو تابي بس الظهر تابي رافع علي بسمة.لا ما بتابيه بتمارة.إيه تمارا لأن ما عليا هم كابي يحطوني بسمة يعني بالقائمة السوداء أمم.Hmm.طيب هذا الحين أنا ما معي فلوس شلون يفتح لي؟Okay.إذا كان الرواتب بخمسة وعشرين؟أرسلي لي يوم متى الراتب الأحد يوم ثمانية وعشرين آه.إيه ثمانية وعشرين عشان يكون أول استلام الرواتب معنا في الأسبوع هذا بيوم يومين خلاص كل شيء يروح لفواتيره وروح.اليوم سبع وعشرين يكون استلام الر ايه شوفي إذا كان استلام الرواتب أحد يوم سبع وعشرين عادي العصر كلميني الظهر كلميني أكون يعني.Um. Um.خلاص بما أن الله.عليه قصاد، عليه كل أنا كل أمشي أقصاد.Hmm. Hmm.إذا ما ظبط إذا ما ظبط خيرة وخلاص يعني خلاص إذا ما ظبط أممTäällä sitten näin.Oh yeah.خلاص يكون شو اسمه هذا كم الأسبوع كم حصة؟Hmm.طيب ليش ااا ليش هذا رقمكم مو سعودي؟لا لا عادي عادي عادي ما عندي مشكلة بس يعني عشان أتأكد أنتوا وين موجودين بالرياض؟طيب خلاص يعني خلاص موج دو إيش البرنامج؟ لا عادي عادي ما عندي مشكلةلا لا معلق أنا ما والله خليني على الشغل لأني ما كثير أرقام عندي والله ما عندي مشكلة بس إن شاء الله بعتيني بعتيني إن شاء الله يا إن شاء الله إنه يفتح معي تمرة لأني إذا ما يفتح معي تمرة ما أقدر أسوي شيء.طيب أستاذة شو اسمها إيش كنت بقول أستاذة ندى يعني كم حصة بالأسبوع؟Un huh.सीहावाजी वाक सीहाHmm.But.طيب وهي ساعة تكفي يعني ما تكفي الساعة.第一。Hm.再一个，再一个。طيب إذا مثلاً ضلينا ثلاث شهور أربع شهور وبغينا نكنسل عادي؟إذا بغيت تكمل أيوة. نشوف نفسها.أها أنا ودي نشوف يعني أنا مثلا شهر شهرين ثلاثة ما قدرت أدفع أقساط يعني أقدر أكنسل عادي؟Hmm.أيوه والله مستشفى أيوة.卡拉是。خلاص والله أنا عشانك والله والله إني حبيتك وإن شاء الله نعرف، إيه والله إن شاء الله، خلاص والله بعدين.Hmm.Hmm.Uh huh.خلاص والله بإذن الله إحنا إن شاء الله نقدر عليها بإذن الله خلاص والله إذا إذا على كمار إن شاء الله إذا قبلوني والله إن شاء الله بإذن الله.والله إني بشوف إذا قدرت أفتح الأهلي أحسن عشان.بالتالي أنا راح أفتح الأهلي بس ما راح أعرف لأن أنتي تضبطينه معاي.How I say the.أقول لهم يعني.نعم أقول لهم أبغى أفتح حساب للتكسي خلاص بإذن الله خلاص بإذن الله يعطيك العافية.الله يسلم عمرك الله يعافيك على بكم عافية على على. हाँ ना وعليكم السلام هلا. نعم عليكم السلام هلا هلا أبشر هلا والله الحمد لله أنت إخبارك. والله الحمد لله ما عليه يا رب لك الحمد أنت مكبار ربي أم. والله إن شاء الله اتحسن مرة تتعب مرة موجودة بالمستشفى. إن شاء الله يا رب لك كريم إن شاء الله بإذن الله. إن شاء الله. هو كم يصير علينا القصف لأني ما أدري هي تمارا تقبلنا ولا حاطيني بسمة. Um. Um. Okay. Hmm. الأهل يفتحون لي، الراجحي يفتح لي. أبي شلون أفتح الراج شو أنا بالراج شو شلون ميتين اثنين وستين إيه. تأخذون يعني فيزوما دانا مدى. عندي فيزا بس الفيزا مية وخمسين ريال ياخدون مني كل شهر يعني. Hmm. متى هذا؟ أم هم. طيب ما في عندكم إلا الماء؟ النمة النمة. بس الأهلي والراجحي. آه تقول ما في اشتراك شهر لازم خمسة وأربعين حصة أيوة. Um. إيش اسمه ده؟ يعني أسوي تطبيقه. I know, but then hmm. It. oui on laisse on achte pas. مو أنتوا بتقولون خمسة وأربعين حالة خاصة؟ طيب اتناعش دفعة كام؟ That. طيب كم؟ إيه كم أخ واحد بلوس؟ أيوه كم هو الأخير المجموع؟ يأخذونها لمدة اثنعش شهر مدة سنة يعني أيوه لا ما عندي لا. الأهلي خلاص أنا بفتح حساب بالأهلي وأبدأ أحط بدفعتها كل شهر. أنا عندي تمارو تابي بس الظهر تابي رافع علي بسمة. لا ما بتابيه بتمارة. إيه تمارا لأن ما عليا هم كابي يحطوني بسمة يعني بالقائمة السوداء أمم. طيب هذا الحين أنا ما معي فلوس شلون يفتح لي؟ Okay. إذا كان الرواتب بخمسة وعشرين؟ أرسلي لي يوم متى الراتب الأحد يوم ثمانية وعشرين آه. إيه ثمانية وعشرين عشان يكون أول استلام الرواتب معنا في الأسبوع هذا بيوم يومين خلاص كل شيء يروح لفواتيره وروح. اليوم سبع وعشرين يكون استلام الر ايه شوفي إذا كان استلام الرواتب أحد يوم سبع وعشرين عادي العصر كلميني الظهر كلميني أكون يعني. خلاص بما أن الله. عليه قصاد، عليه كل أنا كل أمشي أقصاد. Hmm. Hmm. إذا ما ظبط إذا ما ظبط خيرة وخلاص يعني خلاص إذا ما ظبط أمم Täällä sitten näin. Oh yeah. خلاص يكون شو اسمه هذا كم الأسبوع كم حصة؟ طيب ليش ااا ليش هذا رقمكم مو سعودي؟ لا لا عادي عادي عادي ما عندي مشكلة بس يعني عشان أتأكد أنتوا وين موجودين بالرياض؟ طيب خلاص يعني خلاص موج دو إيش البرنامج؟ لا عادي عادي ما عندي مشكلة لا لا معلق أنا ما والله خليني على الشغل لأني ما كثير أرقام عندي والله ما عندي مشكلة بس إن شاء الله بعتيني بعتيني إن شاء الله يا إن شاء الله إنه يفتح معي تمرة لأني إذا ما يفتح معي تمرة ما أقدر أسوي شيء. طيب أستاذة شو اسمها إيش كنت بقول أستاذة ندى يعني كم حصة بالأسبوع؟ Un huh. सीहावाजी वाक सीहा But. طيب وهي ساعة تكفي يعني ما تكفي الساعة. 第一。 Hm. 再一个，再一个。 طيب إذا مثلاً ضلينا ثلاث شهور أربع شهور وبغينا نكنسل عادي؟ إذا بغيت تكمل أيوة. نشوف نفسها. أها أنا ودي نشوف يعني أنا مثلا شهر شهرين ثلاثة ما قدرت أدفع أقساط يعني أقدر أكنسل عادي؟ أيوه والله مستشفى أيوة. 卡拉是。 خلاص والله أنا عشانك والله والله إني حبيتك وإن شاء الله نعرف، إيه والله إن شاء الله، خلاص والله بعدين. Uh huh. خلاص والله بإذن الله إحنا إن شاء الله نقدر عليها بإذن الله خلاص والله إذا إذا على كمار إن شاء الله إذا قبلوني والله إن شاء الله بإذن الله. والله إني بشوف إذا قدرت أفتح الأهلي أحسن عشان. بالتالي أنا راح أفتح الأهلي بس ما راح أعرف لأن أنتي تضبطينه معاي. How I say the. أقول لهم يعني. نعم أقول لهم أبغى أفتح حساب للتكسي خلاص بإذن الله خلاص بإذن الله يعطيك العافية. الله يسلم عمرك الله يعافيك على بكم عافية على على.",bad_asr,ASR_LOW_QUALITY,ef04fd16-9bdf-4eff-b193-05cae103323d,qwen3-asr-flash-filetrans,2026-04-26 01:27:28,good_need,unknown,normal,no_issue,close_payment,العميل بحاجة لفتح حساب بنكي جديد (الأهلي) ومحاولة تفعيل تمارا للدفع بالتقسيط. يجب على الموظف متابعة العميل بعد تاريخ استلام الراتب (يوم 28) للمساعدة في إتمام عملية الدفع والتسجيل.
40c4d7c242248c56c1a78ead17b1e070,voice_599400290,599400290,62994147,EGCC-tasneemmahmoud,2311(Maqsam),2026-04-22 23:02:42,双方接通,unknown,0.1,المكالمة تحتوي على مزيج من اللغات وعبارات غير مفهومة، لا يوجد محادثة حقيقية أو سياق واضح.,unknown,,,,,,,,,,,,,,unknown,,unknown,,,,,,,,,,success,,,,2026-04-26 00:31:05,2026-04-26 01:27:49,http://pd-fscall-record.oss-cn-hongkong.aliyuncs.com/2026-04-22/maqsam-TasneemMahmoud.298588135.mp3?OSSAccessKeyId=LTAI5t8sBUhKT5YzXBHvmGGq&Expires=1777141757&Signature=oq5W7QPF9YzE3N80H5uiKJDByOE%3D,http://pd-fscall-record.oss-cn-hongkong.aliyuncs.com/2026-04-22/maqsam-TasneemMahmoud.298588135.mp3?OSSAccessKeyId=LTAI5t8sBUhKT5YzXBHvmGGq&Expires=1777141757&Signature=oq5W7QPF9YzE3N80H5uiKJDByOE%3D,sales-engine/recordings/2026-04-22/user_62994147__voice_599400290.mp3,https://sales-engine-audio.oss-cn-hongkong.aliyuncs.com/sales-engine/recordings/2026-04-22/user_62994147__voice_599400290.mp3?OSSAccessKeyId=LTAI5t6Jd8PozcNwqEKaFS1q&Expires=1777145272&Signature=3yJo%2BNI91S2ajzZs8k8NUavCShg%3D,Okay. Hmm.فتحت دحين لأن صدفة¿cuánto tiempoΕίτε καλεμμένα σήμα.Et en Palestine.أودي شبقة وقفة أبكي حولك.Um.Okay.Hmmमैंने तो पढ़ा था ऐसेمن البيت، بعدها تأخذ.نعم، فتحت عليكم.Okay.por supuesto.Nada más.السلام عليكم ورحمة اللهOkay. Okay. Hmm. فتحت دحين لأن صدفة ¿cuánto tiempo Είτε καλεμμένα σήμα. Et en Palestine. أودي شبقة وقفة أبكي حولك. Um. Okay. Hmm मैंने तो पढ़ा था ऐसे من البيت، بعدها تأخذ. نعم، فتحت عليكم. por supuesto. Nada más. السلام عليكم ورحمة الله,bad_asr,ASR_LOW_QUALITY,255d62f6-1c9d-4a56-891e-b5773f7e342e,qwen3-asr-flash-filetrans,2026-04-26 01:28:02,invalid_or_noise,unknown,no_real_conversation,no_issue,no_task,المكالمة تتألف من كلمات متقطعة ولغات متعددة (عربية، إسبانية، يونانية، فرنسية، هندية) ولا يمكن استخلاص أي معنى أو غرض للمكالمة.
7be0831d437b7c7b5a920881502bfa76,voice_599401747,599401747,62980396,51nadamuhammad,2245(Maqsam),2026-04-22 23:17:05,双方接通,unknown,0.1,المكالمة تحتوي على لغات متعددة وغير مفهومة كسياق مكالمة مبيعات سعودية عربية.,unknown,,,,,,,,,,,,,,unknown,,unknown,,,,,,,,,,success,,,,2026-04-26 00:31:05,2026-04-26 01:28:14,http://pd-fscall-record.oss-cn-hongkong.aliyuncs.com/2026-04-22/maqsam-NadaMuhammad.298592977.mp3?OSSAccessKeyId=LTAI5t8sBUhKT5YzXBHvmGGq&Expires=1777141756&Signature=iBKLu7QNbxtxefaQsM1DmGZhdtc%3D,http://pd-fscall-record.oss-cn-hongkong.aliyuncs.com/2026-04-22/maqsam-NadaMuhammad.298592977.mp3?OSSAccessKeyId=LTAI5t8sBUhKT5YzXBHvmGGq&Expires=1777141756&Signature=iBKLu7QNbxtxefaQsM1DmGZhdtc%3D,sales-engine/recordings/2026-04-22/user_62980396__voice_599401747.mp3,https://sales-engine-audio.oss-cn-hongkong.aliyuncs.com/sales-engine/recordings/2026-04-22/user_62980396__voice_599401747.mp3?OSSAccessKeyId=LTAI5t6Jd8PozcNwqEKaFS1q&Expires=1777145297&Signature=%2Bc%2B54khMMa2ZvVzHKvHat80AokI%3D,Allô.خير الحمد لله.on se.还有吗？يا الله يا الله.Child.念了。Okay. Allô. خير الحمد لله. on se. 还有吗？ يا الله يا الله. Child. 念了。 Okay.,bad_asr,ASR_LOW_QUALITY,88a642c0-4466-4159-8416-e6e3ddeb0e76,qwen3-asr-flash-filetrans,2026-04-26 01:28:23,invalid_or_noise,unknown,no_real_conversation,unknown,no_task,النسخ يحتوي على لغات متعددة (فرنسية، صينية، إنجليزية) ولا يمثل محادثة مبيعات سعودية عربية متماسكة. لا يمكن استخلاص معلومات دقيقة.
ae08c4e0c1d91757c300602808a7909e,voice_599401866,599401866,62257333,51nadamuhammad,2245(Maqsam),2026-04-22 23:19:47,双方接通,post_class_followup,0.9,الأم أعطت تقييم إيجابي لتفاعل ابنتها في أول حصة إنجليزية وتناقش الدفع بعد استشارة الأب. هناك اهتمام بمعلمة أجنبية.,high,,,,,,,,,,,,,,high,,need_parent_approval,,,,,,,,,,success,,,,2026-04-26 00:31:05,2026-04-26 01:28:50,http://pd-fscall-record.oss-cn-hongkong.aliyuncs.com/2026-04-22/maqsam-NadaMuhammad.298593953.mp3?OSSAccessKeyId=LTAI5t8sBUhKT5YzXBHvmGGq&Expires=1777141756&Signature=CzMOSbSVJ6HHbuSmW%2FgkTwnatzs%3D,http://pd-fscall-record.oss-cn-hongkong.aliyuncs.com/2026-04-22/maqsam-NadaMuhammad.298593953.mp3?OSSAccessKeyId=LTAI5t8sBUhKT5YzXBHvmGGq&Expires=1777141756&Signature=CzMOSbSVJ6HHbuSmW%2FgkTwnatzs%3D,sales-engine/recordings/2026-04-22/user_62257333__voice_599401866.mp3,https://sales-engine-audio.oss-cn-hongkong.aliyuncs.com/sales-engine/recordings/2026-04-22/user_62257333__voice_599401866.mp3?OSSAccessKeyId=LTAI5t6Jd8PozcNwqEKaFS1q&Expires=1777145335&Signature=omR5uCwtQNV%2BBCa6OCWpPvUmxug%3D,"嗯。हैलो हाँ दर्द होता है हाँ系喎。Aló. ¿Ahora? ¿Aló? ¿Aló?Oh.الله حس لسه ما ينفع أجنبية لأنه لسه ما تفهم أيوة.啊，哎呦，哎呦，哎呦，哎呦，哎呦，哎呦，哎呦，哎呦。哎呦，哎呦啊，哎呦啊，怎么，哎呦。哎呦啊，怎么，哎呦啊。معلمة؟ أيوة أيوة بس أيوة ينفع معلمة أجنبية؟أجنبية. أيوة؟ أيوة؟ أيوة؟ أيوة؟Must have.أنا أمها وأهله كمان哎呦啊，你没有接上。哎呦啊。没有。ah, quelque chose pas嗯，说一下嘛。אה, כמארה, כביכול כמארה, אני לא שמעתי.يعني نص نص أتفاء. أيوة.系啊。อ่า ใช่ไหม ไอ้ว่ะ แม่ ตัดต่อเสร็จTambién.و طيبayAh.嗯。啊。تمام كل شيء.聽得，聽嗎？Ah.Pero eso esahmأيوه لا ما دعمتها هي دخلتها وهي أول مرة تحضر حصة إنجليزي وشوفتها تفاعلت معاكم وقدرت تجاوب.Um.فيه برضو أخوات أصغر منها إخوان.Ah. Ah.अच्छा माँ嗯。Ah, some of.응.系咯。응.嗯。嗯。哎呦。¿ ah?أها طيب يعني إن شاء الله طيب يعني إن شاء الله نبدأ الحصة إن شاء الله نحاول.إن شاء الله نحاول نبدأ الحصة.أيوة أكلم والدها وأشوف أسدد أول بعدين يعني.والد هامو موجود.啊，他啥都说。¿Estás mamá?在干嘛？就啱啱系，系咯。没有啊。Yeah.系咯。¿y quéHmm.Hmm.哎哟啊，哎呦啊。Okay.¿Qué más? ¿Qué más? ¿Qué más? ¿Qué más? ¿Qué más? ¿Qué más? 嗯。 हैलो हाँ दर्द होता है हाँ 系喎。 Aló. ¿Ahora? ¿Aló? ¿Aló? Oh. الله حس لسه ما ينفع أجنبية لأنه لسه ما تفهم أيوة. 啊，哎呦，哎呦，哎呦，哎呦，哎呦，哎呦，哎呦，哎呦。 哎呦，哎呦啊，哎呦啊，怎么，哎呦。哎呦啊，怎么，哎呦啊。 معلمة؟ أيوة أيوة بس أيوة ينفع معلمة أجنبية؟ أجنبية. أيوة؟ أيوة؟ أيوة؟ أيوة؟ Must have. أنا أمها وأهله كمان 哎呦啊，你没有接上。哎呦啊。没有。 ah, quelque chose pas 嗯，说一下嘛。 אה, כמארה, כביכול כמארה, אני לא שמעתי. يعني نص نص أتفاء. أيوة. 系啊。 อ่า ใช่ไหม ไอ้ว่ะ แม่ ตัดต่อเสร็จ También. و طيب ay Ah. 啊。 تمام كل شيء. 聽得，聽嗎？ Pero eso es ahm أيوه لا ما دعمتها هي دخلتها وهي أول مرة تحضر حصة إنجليزي وشوفتها تفاعلت معاكم وقدرت تجاوب. Um. فيه برضو أخوات أصغر منها إخوان. Ah. Ah. अच्छा माँ Ah, some of. 응. 系咯。 嗯。嗯。 哎呦。 ¿ ah? أها طيب يعني إن شاء الله طيب يعني إن شاء الله نبدأ الحصة إن شاء الله نحاول. إن شاء الله نحاول نبدأ الحصة. أيوة أكلم والدها وأشوف أسدد أول بعدين يعني. والد هامو موجود. 啊，他啥都说。 ¿Estás mamá? 在干嘛？ 就啱啱系，系咯。 没有啊。 Yeah. ¿y qué Hmm. 哎哟啊，哎呦啊。 Okay. ¿Qué más? ¿Qué más? ¿Qué más? ¿Qué más? ¿Qué más? ¿Qué más?",bad_asr,ASR_LOW_QUALITY,e847af76-6ef3-474f-8819-42c0223ec7b7,qwen3-asr-flash-filetrans,2026-04-26 01:29:16,good_need,satisfied,normal,no_issue,close_payment,الأم أعطت تقييمًا إيجابيًا لتفاعل ابنتها في الحصة الأولى، وتخطط للتحدث مع الأب لإتمام الدفع. كما أشارت إلى وجود أخوات أصغر يمكن أن يكونوا مهتمين.
7c7771d0432971e49e994b0e3b0f9ba4,voice_599406761,599406761,62967845,51habiba.hassan,2244(Maqsam),2026-04-23 00:11:28,双方接通,unknown,0.3,المكالمة تتضمن استفسارًا عن ما إذا كانت الدورة مجانية أم مدفوعة، مع وجود تداخلات صوتية وتشويش ومشاكل في الاتصال، وبعض الأجزاء غير المفهومة. ذكر المتصل أنه ليس في المنزل وأن الشبكة ضعيفة.,unknown,,,,,,,,,,,,,,unknown,,price,,,,,,,,,,success,,,,2026-04-26 00:31:05,2026-04-26 01:29:24,http://pd-fscall-record.oss-cn-hongkong.aliyuncs.com/2026-04-23/maqsam-habiba.hassan.298608141.mp3?OSSAccessKeyId=LTAI5t8sBUhKT5YzXBHvmGGq&Expires=1777141612&Signature=IwSg6WTZqxBtSMm5WRsP0xF8MOQ%3D,http://pd-fscall-record.oss-cn-hongkong.aliyuncs.com/2026-04-23/maqsam-habiba.hassan.298608141.mp3?OSSAccessKeyId=LTAI5t8sBUhKT5YzXBHvmGGq&Expires=1777141612&Signature=IwSg6WTZqxBtSMm5WRsP0xF8MOQ%3D,sales-engine/recordings/2026-04-23/user_62967845__voice_599406761.mp3,https://sales-engine-audio.oss-cn-hongkong.aliyuncs.com/sales-engine/recordings/2026-04-23/user_62967845__voice_599406761.mp3?OSSAccessKeyId=LTAI5t6Jd8PozcNwqEKaFS1q&Expires=1777145368&Signature=LanZRXo2gfF8xcbuntzz54kZmpw%3D,"हैलो हैलो समारा साعلى فكره سلام عليكم ان شاء الله.आज खड्डा हो रहाYeah, what.طيبات دورة هتكون مجانيّة ولا بالاشتراكات؟हाँ ओ कमला रसोंThat's it.Et voilà.So we can, how about yeah, ah.Espera, déjame empecé.seis, seisAyo.早上早睡。Yeah.مخلص السنة وين؟Yeah, I'm sorry.Bye.Now.Never talk to the job, huh Never talk to the job.अब तो रफ्तार है अब तो रफ्तार हैلا لا من السعودية مولودة في السعودية.متحمسة وصفتI I thought. What was the line.Ah okay, oh yeah.Must not.دوام بس ما هو مستقر يعني.ما هو مستقر؟That's normal.Must not.لا نحن اه أنا مو في البيت النت شاوي الشبكة ضعيفة.Ah, that's true.Bye.Bye.हाँ बाय तमाम इंशाल्लाहI am fine, Mashallah.शुक्र है आप एक लाभ है हैलो हैलो समारा सा على فكره سلام عليكم ان شاء الله. आज खड्डा हो रहा Yeah, what. طيبات دورة هتكون مجانيّة ولا بالاشتراكات؟ हाँ ओ कमला रसों That's it. Et voilà. So we can, how about yeah, ah. Espera, déjame empecé. seis, seis Ayo. 早上早睡。 Yeah. مخلص السنة وين؟ Yeah, I'm sorry. Bye. Now. Never talk to the job, huh Never talk to the job. अब तो रफ्तार है अब तो रफ्तार है لا لا من السعودية مولودة في السعودية. متحمسة وصفت I I thought. What was the line. Ah okay, oh yeah. Must not. دوام بس ما هو مستقر يعني. ما هو مستقر؟ That's normal. لا نحن اه أنا مو في البيت النت شاوي الشبكة ضعيفة. Ah, that's true. हाँ बाय तमाम इंशाल्लाह I am fine, Mashallah. शुक्र है आप एक लाभ है",bad_asr,ASR_LOW_QUALITY,498c3e7d-c0ba-49ed-aedb-8b4a8784cd67,qwen3-asr-flash-filetrans,2026-04-26 01:29:39,invalid_or_noise,unknown,no_real_conversation,unknown,manager_review,المكالمة متقطعة وغير واضحة، تحتوي على تداخلات لغوية وأجزاء غير مفهومة، بالإضافة إلى مشاكل في جودة الاتصال والشبكة. السؤال الرئيسي كان عن تسعيرة الدورة، لكن طبيعة المحادثة لا تسمح بتقييم واضح.
58c2fe5758fa035ead4080a65ca491e2,voice_599408479,599408479,62973007,EGCC-tasneemmahmoud,2311(Maqsam),2026-04-23 00:23:43,双方接通,unknown,0.1,المكالمة غامضة وتحتوي على جمل متقطعة بعدة لغات، مع ذكر مشكلة تقنية أن المتحدث يُطرد من التطبيق ويعاد إدخاله عند الضغط على شيء.,unknown,,,,,,,,,,,,,,unknown,,technical_issue,,,,,,,,,,success,,,,2026-04-26 00:31:05,2026-04-26 01:30:13,http://pd-fscall-record.oss-cn-hongkong.aliyuncs.com/2026-04-23/maqsam-TasneemMahmoud.298611678.mp3?OSSAccessKeyId=LTAI5t8sBUhKT5YzXBHvmGGq&Expires=1777141754&Signature=hKvR5Fxwg9tXwhoPIrgv%2FNcarPE%3D,http://pd-fscall-record.oss-cn-hongkong.aliyuncs.com/2026-04-23/maqsam-TasneemMahmoud.298611678.mp3?OSSAccessKeyId=LTAI5t8sBUhKT5YzXBHvmGGq&Expires=1777141754&Signature=hKvR5Fxwg9tXwhoPIrgv%2FNcarPE%3D,sales-engine/recordings/2026-04-23/user_62973007__voice_599408479.mp3,https://sales-engine-audio.oss-cn-hongkong.aliyuncs.com/sales-engine/recordings/2026-04-23/user_62973007__voice_599408479.mp3?OSSAccessKeyId=LTAI5t6Jd8PozcNwqEKaFS1q&Expires=1777145418&Signature=kw0FDPPzKyjKqLQ02zYV5QSsFgE%3D,"Hello.Et ça marche.Okay.أوك، نعم الحمد لله.لا لسه ما لقيت شي مرة تانيةHmm.Hmm.Ég hættaði á því.इनसे क्याHmm.là, moi je veux direEh, jardín.对。بس تشتغل بالعكس يعني.إني متصابع لنفس الكاميرا.क्या नहीं रहालेकिन फिलहाल नहींأه ممكن تمارينه؟Okay.et et voilà.ऐसा रोचक स्टेटهو إنه كل ما أضغط شيء يطلعني بينرجع يدخلني.就。Um.إيه خلاص بالضبط.大不。Hmm.Okay.a是呢。 Hello. Et ça marche. Okay. أوك، نعم الحمد لله. لا لسه ما لقيت شي مرة تانية Hmm. Ég hættaði á því. इनसे क्या là, moi je veux dire Eh, jardín. 对。 بس تشتغل بالعكس يعني. إني متصابع لنفس الكاميرا. क्या नहीं रहा लेकिन फिलहाल नहीं أه ممكن تمارينه؟ et et voilà. ऐसा रोचक स्टेट هو إنه كل ما أضغط شيء يطلعني بينرجع يدخلني. 就。 Um. إيه خلاص بالضبط. 大不。 a是呢。",bad_asr,ASR_LOW_QUALITY,3be45aec-db9e-4bb8-af6a-cea75dcbd97b,qwen3-asr-flash-filetrans,2026-04-26 01:30:36,invalid_or_noise,technical_issue,no_real_conversation,unknown,no_task,العديد من اللغات المختلفة والجمل المتقطعة وغير المترابطة تجعل فهم المكالمة صعبًا للغاية، مع وجود شكوى تقنية وحيدة.
aa2043d418bf0966124aae98bdfb3dd1,voice_599409760,599409760,62952759,EGCC-maiwaheed,2313(Maqsam),2026-04-23 00:31:37,双方接通,pre_class_confirm,0.9,المستخدم يؤكد أنه سيدخل الآن.,high,,,,,,,,,,,,,,unknown,,none,,,,,,,,,,success,,,,2026-04-26 00:31:05,2026-04-26 01:30:48,http://pd-fscall-record.oss-cn-hongkong.aliyuncs.com/2026-04-23/maqsam-MaiWaheed.298613880.mp3?OSSAccessKeyId=LTAI5t8sBUhKT5YzXBHvmGGq&Expires=1777141753&Signature=q9xdrSMCyKcU2gnW06fa6wWnmZg%3D,http://pd-fscall-record.oss-cn-hongkong.aliyuncs.com/2026-04-23/maqsam-MaiWaheed.298613880.mp3?OSSAccessKeyId=LTAI5t8sBUhKT5YzXBHvmGGq&Expires=1777141753&Signature=q9xdrSMCyKcU2gnW06fa6wWnmZg%3D,sales-engine/recordings/2026-04-23/user_62952759__voice_599409760.mp3,https://sales-engine-audio.oss-cn-hongkong.aliyuncs.com/sales-engine/recordings/2026-04-23/user_62952759__voice_599409760.mp3?OSSAccessKeyId=LTAI5t6Jd8PozcNwqEKaFS1q&Expires=1777145451&Signature=/flk52uDFq78D5gyt695URlFBW4%3D,Okay.And.آه تمام دحين أدخل.ja lomakesää. Okay. And. آه تمام دحين أدخل. ja lomakesää.,bad_asr,ASR_LOW_QUALITY,4d84a350-83db-48b1-bf0d-f0ba3973ad5a,qwen3-asr-flash-filetrans,2026-04-26 01:30:56,unknown,unknown,normal,no_issue,no_task,يؤكد المستخدم دخوله للصف. يحتوي التسجيل على كلمات أجنبية (فنلندية) لا تتعلق بالمحادثة.
362d41941d7c81eb2e6aa69c354760d4,voice_599410140,599410140,62994147,EGCC-tasneemmahmoud,2311(Maqsam),2026-04-23 00:35:22,双方接通,unknown,0.1,التسجيل عبارة عن خليط من اللغات (العربية، الإنجليزية، الإسبانية، الفرنسية، التايلندية) وعبارات متقطعة وغير مترابطة، ولا يوجد حوار واضح يشير إلى مكالمة مبيعات حقيقية.,unknown,,,,,,,,,,,,,,unknown,,unknown,,,,,,,,,,success,,,,2026-04-26 00:31:05,2026-04-26 01:31:05,http://pd-fscall-record.oss-cn-hongkong.aliyuncs.com/2026-04-23/maqsam-TasneemMahmoud.298614967.mp3?OSSAccessKeyId=LTAI5t8sBUhKT5YzXBHvmGGq&Expires=1777141753&Signature=s8VSLl4yPcRQbEIKZQHSx1EKMeA%3D,http://pd-fscall-record.oss-cn-hongkong.aliyuncs.com/2026-04-23/maqsam-TasneemMahmoud.298614967.mp3?OSSAccessKeyId=LTAI5t8sBUhKT5YzXBHvmGGq&Expires=1777141753&Signature=s8VSLl4yPcRQbEIKZQHSx1EKMeA%3D,sales-engine/recordings/2026-04-23/user_62994147__voice_599410140.mp3,https://sales-engine-audio.oss-cn-hongkong.aliyuncs.com/sales-engine/recordings/2026-04-23/user_62994147__voice_599410140.mp3?OSSAccessKeyId=LTAI5t6Jd8PozcNwqEKaFS1q&Expires=1777145470&Signature=49DkvkkCXE/BiO2CzE1nuVlGQ4c%3D,"HelloAvec un chat.Five hundred lah.อ่า ค่าเทอมอ่ะHello.हाँEt au supermarché maintenantأتعلم أن أي شيء بابا أنا في باب معرفة تغني كذا قال لي لي معرفة تغنيها.cuál, ay, perdón. ¿ ah?yYeah.Yeah.Hm.Ah, you. Don't.Insha'Allah.إن شاء الله.الواحدة موجودة.And.Insha'Allah.Um.Yeah, for sport.ah, ¿sabes nadar?誒。A.I can't tell.And.Okay.Uh huh.y小布。Huh.¿Ya tiene bald ¿Te pone el baldé ¿Y a la, y a laWhat do you have to do?سلام عليكمIt was swag.أيوه هلا.Ahí va.أيوة أيوة أم ضارة صدق.ยังว่ะ哎，點啊。Oh really.Diet.إن شاء الله بإذن الله.ไป.呃，呃，瞎吧。That.اضغطوا على الاشتراك، على كابل اشتراك.就咩。Eh ja.ไปไป ไปดิฉันละบูหาخلاص تمام بدي أقول لكم خبر.إن شاء الله لا قدر يجابوها من مكة.الوالد بيسافر دحين.जालनाأربعة. إيه أم إن شاء الله. Hello Avec un chat. Five hundred lah. อ่า ค่าเทอมอ่ะ Hello. हाँ Et au supermarché maintenant أتعلم أن أي شيء بابا أنا في باب معرفة تغني كذا قال لي لي معرفة تغنيها. cuál, ay, perdón. ¿ ah? y Yeah. Hm. Ah, you. Don't. Insha'Allah. إن شاء الله. الواحدة موجودة. And. Um. Yeah, for sport. ah, ¿sabes nadar? 誒。 A. I can't tell. Okay. Uh huh. 小布。 Huh. ¿Ya tiene bald ¿Te pone el baldé ¿Y a la, y a la What do you have to do? سلام عليكم It was swag. أيوه هلا. Ahí va. أيوة أيوة أم ضارة صدق. ยังว่ะ 哎，點啊。 Oh really. Diet. إن شاء الله بإذن الله. ไป. 呃，呃，瞎吧。 That. اضغطوا على الاشتراك، على كابل اشتراك. 就咩。 Eh ja. ไปไป ไปดิฉันละบูหา خلاص تمام بدي أقول لكم خبر. إن شاء الله لا قدر يجابوها من مكة. الوالد بيسافر دحين. जालना أربعة. إيه أم إن شاء الله.",bad_asr,ASR_LOW_QUALITY,fbcbcc2b-9bd7-4c9a-9ab8-1c89b69b1f6a,qwen3-asr-flash-filetrans,2026-04-26 01:31:23,invalid_or_noise,unknown,no_real_conversation,unknown,no_task,التسجيل غير مفهوم ومكون من أصوات متقطعة ولغات متعددة ولا يمكن تحليل محتواه كحوار لمكالمة مبيعات، مما يجعله غير صالح للتقييم.
62d86cf78fea69ed26e01e0f7268b7d6,voice_599410386,599410386,62980092,51habiba.hassan,2244(Maqsam),2026-04-23 00:38:50,双方接通,post_class_followup,0.7,العميل لا يتذكر التسجيل، لكنه يبدي اهتمامًا بالتعلم من الصفر ويستفسر عن الأسعار والمدة. يذكر أن وضعه المادي لا يسمح حاليًا بسبب التزامات مالية، ويطلب معرفة المزيد عن التطبيق والموقع. يفضل التواصل مساءً بسبب طبيعة عمله الليلي، وتم تحديد موعد متابعة.,medium,,,,,,,,,,,,,,low,,price,,,,,,,,,,success,,,,2026-04-26 00:31:05,2026-04-26 01:31:23,http://pd-fscall-record.oss-cn-hongkong.aliyuncs.com/2026-04-23/maqsam-habiba.hassan.298615896.mp3?OSSAccessKeyId=LTAI5t8sBUhKT5YzXBHvmGGq&Expires=1777141610&Signature=%2Flo1rwLiY4NGddmE4fhPTADUppw%3D,http://pd-fscall-record.oss-cn-hongkong.aliyuncs.com/2026-04-23/maqsam-habiba.hassan.298615896.mp3?OSSAccessKeyId=LTAI5t8sBUhKT5YzXBHvmGGq&Expires=1777141610&Signature=%2Flo1rwLiY4NGddmE4fhPTADUppw%3D,sales-engine/recordings/2026-04-23/user_62980092__voice_599410386.mp3,https://sales-engine-audio.oss-cn-hongkong.aliyuncs.com/sales-engine/recordings/2026-04-23/user_62980092__voice_599410386.mp3?OSSAccessKeyId=LTAI5t6Jd8PozcNwqEKaFS1q&Expires=1777145489&Signature=xio0w/YxytWBbdbO0TVG0Se5hBw%3D,"¿Me vale? Ey, vale, vale.عليكم السلام تلاوة.خير الحمد لله من مت؟Once.عن بعد صح؟والله ما اتذكروالله أنا ما أدري أنا أمس جالس أدور أدور فما أدري والله إذا قدمت على شيء كثير والله ما أدري عنها.อาทิตย์التعزيز ذهلياً مع بدي.هلايلة معبدي.خمسة وعشرين.ثانوية بس.جامعة والله قدرات ما مشيني.أيوه قد راح.إيه أنا اليوم الحين أنا مظبط.آمين، سكوتى سكوتى.سيكورتي أمن أمن راجل أمن.嗯，算。مو عاد شغلي وتعلم كذا ودامستواي جيد وتحت جيد بشوي.嗯。زي الكتابة التحدث.بس تعلمه الأفعال المضارعة والواو.أفعال المضارع نشأته بالإنجليزي.لا أنا قاعد أتعلم عن طريق التصليح بس.لا والله عن طريق الموقع السوشيال ميديا مو عن طريق السوشيال ميديا عن طريق المواقع والبحث ذا.Hm.¡qué bien!嗯。نعم، هو متى يكون مكتئب؟وقت الدورة متى يكون؟فأنا أقدر أخد يعني لمدة شهر وكده صح؟hm嗯。ehخلينا نقول خمس أيام.哪里？嗯，然后。那按那么说，嗯。कम अध्यापक嗯。Hm.饭。كم أقساط التمرة؟ أقساط التمرة كم؟หัวม้าก็เอาหลักสิบปีEn la barra de transporte.أي والله دقيقة أنا بشوف الموقع أنا ما أدري والله أغير موقع سجلت.嗯，那。هذا كم أخربه؟آخر رقم اللي على واتس صفر خمسة صفر؟嗯。أربعة ثلاثة اثنين.سبعة ستة.सुबह समानेهذا الاتصال بس.Right.جاني مع الرابطوالله أنا ما عدت.والله أنا في والله ما أعرف أنا في ناس والله ما أعرفهم يعني أنت مثلاً كذا أنا والله ما.noما شاء الله.شكله على الإنستغرام. أنا شفت مقطع على الإنستغرام اللي هو حق نفس التطبيق حقكم لكن اللون الأزرق اللي هو توقع ثلاثين أو عشرة. هلأ الإعلان.أنا والله أبغى أتعلم من الصفر عشان أكون أحسن لي.嗯。والله أنا أشوف أسعار تمر مناسب يعني المدة ثلاثة شهور ولا ستة شهور.Um.And.في شهادة صح؟But.أنا عشان كده بتعلم أنا عاوز أقول عشان كده بتعلم.嗯。因为他说我。أنا مو خايف يعني جرب أنا الحين وضع المادي ما يسمح لي شايفه؟ لأن عليه التزامات كثيرة شوي.كيف يعني؟والله استعملته مرة مرة واحدة بس لكن كان ابتسامات منزلية وكذا.嗯。嗯。Uh huh.¿Aló?موبايلي. موبايلي.嗯。ممكن ما أشتغل بعد السيكورتي أنا ممكن أشتغل أعلى من السيكورتي.Ajá.في خمسة وعشرين حصة صح؟嗯。كم حصة يعني في الأسبوع؟ أو فيقول خمسة وعشرين.في التسول لكم.ستة شهور.Not true.جرب.نجد ربوع الشعلة ألفان و مئتان و خمسين.啊？والله أنا من هنا وهنا، أنا معاك وما أني معاك.والله أنا جالس أشوف كم تطلع لي يعني ثلاثة شهور اثنين وخمسين اثنين وخمسين اثنين وخمسين.وعشان اتصال.أي رقم؟Ah.آخر ست مئة وثمانين.ممكن لأن ما جات ممكن عشان ذا الأطفال يبغى.نشوفه بعدين مو مشكلة بس الحين خلينا نتعلم عن ذي عن تطبيق وعن موقع عشان أعرف أكثر عنه.تمام تمام مو مشكلة.إن شاء الله، نستعكم أنا الصباح بكون ما بكون فاضي بكون نايم الصباح، لأن دوامي ليل أنا.طيب مو مشكلة خليها في الليل أحطها.bu muhiskle完了，可能是吧，我觉得，差不多吧。 ¿Me vale? Ey, vale, vale. عليكم السلام تلاوة. خير الحمد لله من مت؟ Once. عن بعد صح؟ والله ما اتذكر والله أنا ما أدري أنا أمس جالس أدور أدور فما أدري والله إذا قدمت على شيء كثير والله ما أدري عنها. อาทิตย์ التعزيز ذهلياً مع بدي. هلايلة معبدي. خمسة وعشرين. ثانوية بس. جامعة والله قدرات ما مشيني. أيوه قد راح. إيه أنا اليوم الحين أنا مظبط. آمين، سكوتى سكوتى. سيكورتي أمن أمن راجل أمن. 嗯，算。 مو عاد شغلي وتعلم كذا ودا مستواي جيد وتحت جيد بشوي. 嗯。 زي الكتابة التحدث. بس تعلمه الأفعال المضارعة والواو. أفعال المضارع نشأته بالإنجليزي. لا أنا قاعد أتعلم عن طريق التصليح بس. لا والله عن طريق الموقع السوشيال ميديا مو عن طريق السوشيال ميديا عن طريق المواقع والبحث ذا. Hm. ¡qué bien! نعم، هو متى يكون مكتئب؟ وقت الدورة متى يكون؟ فأنا أقدر أخد يعني لمدة شهر وكده صح؟ hm eh خلينا نقول خمس أيام. 哪里？ 嗯，然后。 那按那么说，嗯。 कम अध्यापक 饭。 كم أقساط التمرة؟ أقساط التمرة كم؟ หัวม้าก็เอาหลักสิบปี En la barra de transporte. أي والله دقيقة أنا بشوف الموقع أنا ما أدري والله أغير موقع سجلت. 嗯，那。 هذا كم أخربه؟ آخر رقم اللي على واتس صفر خمسة صفر؟ أربعة ثلاثة اثنين. سبعة ستة. सुबह समाने هذا الاتصال بس. Right. جاني مع الرابط والله أنا ما عدت. والله أنا في والله ما أعرف أنا في ناس والله ما أعرفهم يعني أنت مثلاً كذا أنا والله ما. no ما شاء الله. شكله على الإنستغرام. أنا شفت مقطع على الإنستغرام اللي هو حق نفس التطبيق حقكم لكن اللون الأزرق اللي هو توقع ثلاثين أو عشرة. هلأ الإعلان. أنا والله أبغى أتعلم من الصفر عشان أكون أحسن لي. والله أنا أشوف أسعار تمر مناسب يعني المدة ثلاثة شهور ولا ستة شهور. Um. And. في شهادة صح؟ But. أنا عشان كده بتعلم أنا عاوز أقول عشان كده بتعلم. 因为他说我。 أنا مو خايف يعني جرب أنا الحين وضع المادي ما يسمح لي شايفه؟ لأن عليه التزامات كثيرة شوي. كيف يعني؟ والله استعملته مرة مرة واحدة بس لكن كان ابتسامات منزلية وكذا. Uh huh. ¿Aló? موبايلي. موبايلي. ممكن ما أشتغل بعد السيكورتي أنا ممكن أشتغل أعلى من السيكورتي. Ajá. في خمسة وعشرين حصة صح؟ كم حصة يعني في الأسبوع؟ أو في قول خمسة وعشرين. في التسول لكم. ستة شهور. Not true. جرب. نجد ربوع الشعلة ألفان و مئتان و خمسين. 啊？ والله أنا من هنا وهنا، أنا معاك وما أني معاك. والله أنا جالس أشوف كم تطلع لي يعني ثلاثة شهور اثنين وخمسين اثنين وخمسين اثنين وخمسين. وعشان اتصال. أي رقم؟ Ah. آخر ست مئة وثمانين. ممكن لأن ما جات ممكن عشان ذا الأطفال يبغى. نشوفه بعدين مو مشكلة بس الحين خلينا نتعلم عن ذي عن تطبيق وعن موقع عشان أعرف أكثر عنه. تمام تمام مو مشكلة. إن شاء الله، نستعكم أنا الصباح بكون ما بكون فاضي بكون نايم الصباح، لأن دوامي ليل أنا. طيب مو مشكلة خليها في الليل أحطها. bu muhiskle 完了，可能是吧，我觉得，差不多吧。",bad_asr,ASR_LOW_QUALITY,c21ad7f1-2448-48ed-9f40-4ef676bec7c9,qwen3-asr-flash-filetrans,2026-04-26 01:32:11,no_trial_or_not_aware,unknown,normal,no_preclass_confirmation,rebook_trial,العميل لا يتذكر تسجيله أو تقديمه على الكورس، ولديه التزامات مادية تمنعه من الشراء الفوري. مع ذلك، أظهر اهتمامًا بالتعلم من الصفر ويرغب في معلومات إضافية عن التطبيق والموقع قبل اتخاذ قرار. تم الاتفاق على متابعة لاحقاً في المساء ليناسب دوامه الليلي.
603467dd28ce341670a96d32fb3c6449,voice_599411677,599411677,62990121,EGCC-fatmamohamed,2310(Maqsam),2026-04-23 00:48:29,双方接通,unknown,0.0,مكالمة قصيرة جداً بلغات غير العربية السعودية، ولا يوجد محتوى مفهوم.,unknown,,,,,,,,,,,,,,unknown,,unknown,,,,,,,,,,success,,,,2026-04-26 00:31:05,2026-04-26 01:33:12,http://pd-fscall-record.oss-cn-hongkong.aliyuncs.com/2026-04-23/maqsam-FatmaMohamed.298618130.mp3?OSSAccessKeyId=LTAI5t8sBUhKT5YzXBHvmGGq&Expires=1777141751&Signature=gwu52KYoLpKdZgc8FlYp4mAAmPo%3D,http://pd-fscall-record.oss-cn-hongkong.aliyuncs.com/2026-04-23/maqsam-FatmaMohamed.298618130.mp3?OSSAccessKeyId=LTAI5t8sBUhKT5YzXBHvmGGq&Expires=1777141751&Signature=gwu52KYoLpKdZgc8FlYp4mAAmPo%3D,sales-engine/recordings/2026-04-23/user_62990121__voice_599411677.mp3,https://sales-engine-audio.oss-cn-hongkong.aliyuncs.com/sales-engine/recordings/2026-04-23/user_62990121__voice_599411677.mp3?OSSAccessKeyId=LTAI5t6Jd8PozcNwqEKaFS1q&Expires=1777145595&Signature=Y3mORW5awM8muegbB66u3XUyjdU%3D,Okay.完了。嗯，得了。哎。Allô. Okay. 完了。 嗯，得了。 哎。 Allô.,bad_asr,ASR_LOW_QUALITY,f7f137ec-3f84-42c5-83e1-18115f915594,qwen3-asr-flash-filetrans,2026-04-26 01:33:21,invalid_or_noise,unknown,no_real_conversation,unknown,no_task,المكالمة قصيرة جداً ولا تتضمن محتوى ذا صلة بعملية بيع أو أي معلومات يمكن تحليلها. اللغة ليست العربية السعودية.
c2d9106ef6c351edad33cfbb82e895a5,voice_599411912,599411912,0,EGCC-maiwaheed,2313(Maqsam),2026-04-23 00:50:05,双方接通,invalid_or_noise,0.1,المكالمة تحتوي على لغات مختلطة (الفرنسية، الهندية، الصينية) ولا يوجد محتوى بيع واضح باللغة العربية. يبدو وكأنه لا يوجد محادثة حقيقية متعلقة بالمبيعات.,unknown,,,,,,,,,,,,,,none,,none,,,,,,,,,,success,,,,2026-04-26 00:31:05,2026-04-26 01:33:21,http://pd-fscall-record.oss-cn-hongkong.aliyuncs.com/2026-04-23/maqsam-MaiWaheed.298618486.mp3?OSSAccessKeyId=LTAI5t8sBUhKT5YzXBHvmGGq&Expires=1777141750&Signature=WdGu8y%2FEed%2B1IzEXbi32gH9u8d8%3D,http://pd-fscall-record.oss-cn-hongkong.aliyuncs.com/2026-04-23/maqsam-MaiWaheed.298618486.mp3?OSSAccessKeyId=LTAI5t8sBUhKT5YzXBHvmGGq&Expires=1777141750&Signature=WdGu8y%2FEed%2B1IzEXbi32gH9u8d8%3D,sales-engine/recordings/2026-04-23/user_0__voice_599411912.mp3,https://sales-engine-audio.oss-cn-hongkong.aliyuncs.com/sales-engine/recordings/2026-04-23/user_0__voice_599411912.mp3?OSSAccessKeyId=LTAI5t6Jd8PozcNwqEKaFS1q&Expires=1777145605&Signature=7zl0Z5Jc5ktZAZrSkwwgtRKFFjA%3D,Merhaba arkadaşlar.Ouais.वो मालूम चल गया बिस्मिल्लाह पहले बिस्मिल्लाह पहले行，那说，说什么呀？他两个在在跟着做啥子。那么啊啊，没没问题，谢谢了，谢谢，电话了。 Merhaba arkadaşlar. Ouais. वो मालूम चल गया बिस्मिल्लाह पहले बिस्मिल्लाह पहले 行，那说，说什么呀？ 他两个在在跟着做啥子。 那么啊啊，没没问题，谢谢了，谢谢，电话了。,bad_asr,ASR_LOW_QUALITY,ffb6cb4c-5b77-4a1b-93ff-d9701c7f182d,qwen3-asr-flash-filetrans,2026-04-26 01:33:30,invalid_or_noise,unknown,no_real_conversation,no_issue,no_task,المكالمة لا تحتوي على محتوى عربي ذي صلة بالمبيعات بشكل كافٍ، وتتضمن العديد من اللغات الأخرى (الفرنسية، الهندية، الصينية). لا يمكن استخلاص معلومات حول مرحلة المكالمة أو النوايا أو الاعتراضات من هذا النص.
19948f8d00e4b6e5dcfc447d483bebf5,voice_599413355,599413355,0,51nadamuhammad,2245(Maqsam),2026-04-23 01:02:42,双方接通,post_class_followup,0.9,المتصلة استفسرت عن عروض الأسعار لاستمرار ابنتها في الدورة، حيث تحتاج الابنة إلى المزيد من الممارسة في التحدث. ناقشت المتصلة تفاصيل الأسعار وطلبت تخفيضًا، ثم ذكرت أنها ستتشاور مع شخص آخر (بورا) وستعود بالرد عبر الواتساب. كان هناك تشويش ومشاكل في جودة الصوت من طرف الوكيل.,high,,,,,,,,,,,,,,high,,price,,,,,,,,,,success,,,,2026-04-26 00:31:05,2026-04-26 01:35:03,http://pd-fscall-record.oss-cn-hongkong.aliyuncs.com/2026-04-23/maqsam-NadaMuhammad.298621109.mp3?OSSAccessKeyId=LTAI5t8sBUhKT5YzXBHvmGGq&Expires=1777141747&Signature=k7hNKkG%2FuuDI2CqsLGcTiN%2FI0bk%3D,http://pd-fscall-record.oss-cn-hongkong.aliyuncs.com/2026-04-23/maqsam-NadaMuhammad.298621109.mp3?OSSAccessKeyId=LTAI5t8sBUhKT5YzXBHvmGGq&Expires=1777141747&Signature=k7hNKkG%2FuuDI2CqsLGcTiN%2FI0bk%3D,sales-engine/recordings/2026-04-23/user_0__voice_599413355.mp3,https://sales-engine-audio.oss-cn-hongkong.aliyuncs.com/sales-engine/recordings/2026-04-23/user_0__voice_599413355.mp3?OSSAccessKeyId=LTAI5t6Jd8PozcNwqEKaFS1q&Expires=1777145708&Signature=Wa3u8kXRdmsILSzMwn4S7u9nNUM%3D,"ألو أهلاً، مالك الحبيبتي، أهلاً.حياة.系喎。mhmأها هي لأن ما عندها ممارسة في التحدث عشان كذا تحتاج يعني.En chan.زعلانة عندك أبي ابتمس معك.أقول لك حولك زعاج يعني ما أسمعك مرة.Hey.Oh.Ahí va.mhm¡ ah, híjole!ترى إلى الآن سم صوتك أحس إنه بعيد مرة ما أسمعك كويس.شيل السبكير شكلك أنت حطيت سبكير عشان كذا ما يقريب بعد أكتر عشان أسمع طيب أوكي الحين إحنا المستوى هذا اللي نعرفه يبي لها أكثر ممارسة في الح الحديث في اللغة محادثة طيب.طيب الحين أبغى عروضكم أشوف يعني.لا عادي ما علي ما ربي ما في مشكلة بشوفها أنا مستمرة معها كويس خلاص تتم معها تستمر.Ajá.¿me escuchasكم المستوى الواحد مدته؟końcowa średnia chyba.हाँ हाँOui.हैأربعة وخمسمية هاتوا إيه يعني ألفين وميتين نسينUm hm.طيب.Hm.uh huhهاتني تخفض على طول ثلاثة آلاف ومية وخمسين ها؟mhmYes.Uh huh.Hmm.हाँ हाँخلاص أوكي حبيبتي أشوف أنا مع بورا وارد عليك في الواتس إن شاء الله تسلمي.لا لا حبيبتي أنا كلمة الله يعطيك العافية يا حبيبتي تسلمي.إيه إيه كتبتم كتبتم بس إذا بترسليلي عادي يعني في الواتسأوكي حبيبتي يلا تمام مع السلامة.إيه يمكن لا لا عادي حبيبتي تحصل ذي الأمور ما نزعلانها تسلمي يا حبيبتي لا عادي حبيبتي مسامحة مسامحة حقك تسلمي.Uh huh.إن شاء الله.إن شاء الله خلاص حبيبتي يلا مع السلامة مع السلامة مع السلامة. ألو أهلاً، مالك الحبيبتي، أهلاً. حياة. 系喎。 mhm أها هي لأن ما عندها ممارسة في التحدث عشان كذا تحتاج يعني. En chan. زعلانة عندك أبي ابتمس معك. أقول لك حولك زعاج يعني ما أسمعك مرة. Hey. Oh. Ahí va. ¡ ah, híjole! ترى إلى الآن سم صوتك أحس إنه بعيد مرة ما أسمعك كويس. شيل السبكير شكلك أنت حطيت سبكير عشان كذا ما ي قريب بعد أكتر عشان أسمع طيب أوكي الحين إحنا المستوى هذا اللي نعرفه يبي لها أكثر ممارسة في الح الحديث في اللغة محادثة طيب. طيب الحين أبغى عروضكم أشوف يعني. لا عادي ما علي ما ربي ما في مشكلة بشوفها أنا مستمرة معها كويس خلاص تتم معها تستمر. Ajá. ¿me escuchas كم المستوى الواحد مدته؟ końcowa średnia chyba. हाँ हाँ Oui. है أربعة وخمسمية هاتوا إيه يعني ألفين وميتين نسين Um hm. طيب. Hm. uh huh هاتني تخفض على طول ثلاثة آلاف ومية وخمسين ها؟ Yes. Uh huh. Hmm. خلاص أوكي حبيبتي أشوف أنا مع بورا وارد عليك في الواتس إن شاء الله تسلمي. لا لا حبيبتي أنا كلمة الله يعطيك العافية يا حبيبتي تسلمي. إيه إيه كتبتم كتبتم بس إذا بترسليلي عادي يعني في الواتس أوكي حبيبتي يلا تمام مع السلامة. إيه يمكن لا لا عادي حبيبتي تحصل ذي الأمور ما نزعلانها تسلمي يا حبيبتي لا عادي حبيبتي مسامحة مسامحة حقك تسلمي. إن شاء الله. إن شاء الله خلاص حبيبتي يلا مع السلامة مع السلامة مع السلامة.",bad_asr,ASR_LOW_QUALITY,124b8a59-050f-4513-8420-e024200b8197,qwen3-asr-flash-filetrans,2026-04-26 01:35:29,good_need,unknown,normal,unknown,close_payment,المتصلة أبدت اهتمامًا قويًا بالاستمرار في الدورة لطفلتها وناقشت الأسعار وطلبت تخفيضًا، مما يشير إلى نية شراء عالية وحاجة واضحة. الطلب الصريح للتخفيض يجعل السعر هو الاعتراض الرئيسي. ستعود المتصلة بالرد بعد التشاور، مما يجعل هدف الوكيل هو إنهاء عملية الدفع. كانت هناك مشكلة تقنية في الصوت من طرف الوكيل لكن المحادثة حقيقية.
c196edcc161fb6bb385dbd1feddc3be8,voice_599414961,599414961,62973007,EGCC-tasneemmahmoud,2311(Maqsam),2026-04-23 01:12:45,双方接通,pre_class_confirm,1.0,العميل يتصل للاستيضاح بشأن دورة اللغة الإنجليزية لأخته، حيث كانت الأم قد أجابت في السابق وظنت أن الدورة مجانية لكونهم مستفيدين من الضمان الاجتماعي وتلقوا دورات مجانية سابقة. العميل يؤكد عدم القدرة على الدفع ويطلب أن تكمل أخته الجزء المجاني فقط، ويستفسر عن مدة الفترة المجانية والفترة المدفوعة.,medium,,,,,,,,,,,,,,none,,price,,,,,,,,,,success,,,,2026-04-26 00:31:05,2026-04-26 01:37:02,http://pd-fscall-record.oss-cn-hongkong.aliyuncs.com/2026-04-23/maqsam-TasneemMahmoud.298623284.mp3?OSSAccessKeyId=LTAI5t8sBUhKT5YzXBHvmGGq&Expires=1777141746&Signature=D74MbqpCr1bhQppEL0frKCRVfe0%3D,http://pd-fscall-record.oss-cn-hongkong.aliyuncs.com/2026-04-23/maqsam-TasneemMahmoud.298623284.mp3?OSSAccessKeyId=LTAI5t8sBUhKT5YzXBHvmGGq&Expires=1777141746&Signature=D74MbqpCr1bhQppEL0frKCRVfe0%3D,sales-engine/recordings/2026-04-23/user_62973007__voice_599414961.mp3,https://sales-engine-audio.oss-cn-hongkong.aliyuncs.com/sales-engine/recordings/2026-04-23/user_62973007__voice_599414961.mp3?OSSAccessKeyId=LTAI5t6Jd8PozcNwqEKaFS1q&Expires=1777145827&Signature=ZnGgTvRaoKWnmdBtJ/hF799eaoU%3D,"Now.Earth.Hola, ¿cómo estás?наш Андрей, сайт.हाँHmm.Hmm.Aferin be, senin işimiz vardır.Et.What is.你不要出去说呀。Et ça marche.ओकेOkay.啊。Allô.أختي موجودة معي هنا.Esلا أبوي مش موجود.Yeah.Ancient.Okay.إن شاء الله.أبوي نايم الحين مش موجود جنبي بس أخواتي اللي قاعدين الكبار.So, please.हैल्लोOkay. So.أيوة الحمد لله بس حبيبتي صوتك مو واضح. والله في جنب الشوش بس أوكي أسمعك الحين.哎呦哎呦，嗯。بعد قلبي هو بروتوم هو بروتوم يعني بفلوس.هو لأنه قبل في منصة أختي دخلت منصة وقال إنه يعلمها باللغة الإنجليزية بس مجاني.طيب الحين ينفع تكمل بس الجزء اللي يعني الحين إذا أول أسبوع بدينا فلوس ما عليه خليها تكمل أما الجزء اللي لازم تدفع فيه ما يصير يعني ما عندنا مادية حكينا.المشكلة إن هي كانت تدري ردت عليك بس ما هي فاهمة.أيوة ما كانت أيوة ما كانت تدري فاتوقعت إنها مجاني لأن إحنا من تبع الضمان ووجاتنا من قبل المنصة علمونا تحصيلي وقدرات لأن قالوا إن أنتوا تبع الضمان فمجاني فإحنا توقعنا نفس الشيء.أيوة أيوة أيوة بس أخو الصراحة أنا ودي إذا بتكمل معاش حالياً مجاني بس إذا جا وقت يعني الوقت اللي فيه رسوم خلاص تسكرين عنده.كمان خبيطت؟طيب الحين الحين شنو الوقت اللي تبرتهم؟ شنو الوقت اللي بدرهم يعني أسبوع مثلاً؟أوكي تمام أنتي معاه مجاني أما إذا جاء وقت إنه لازم يعني مستوى ثاني أو كذا وبرسوم ما يسمح ما ينفع يعني أوه عشان ما في مادية يعني حاليًا. قلت لك بدري تنمو درسينها بعدين تقولين يعني دفعة أو كذا فقلت أعطيك يعني الموضوع واضح من البداية.لأنه والله أمي ردت بس ما هي بفاهمة فهمت توقعت مجانيYeah, yeah.Um. Now. Earth. Hola, ¿cómo estás? наш Андрей, сайт. हाँ Hmm. Aferin be, senin işimiz vardır. Et. What is. 你不要出去说呀。 Et ça marche. ओके Okay. 啊。 Allô. أختي موجودة معي هنا. Es لا أبوي مش موجود. Yeah. Ancient. إن شاء الله. أبوي نايم الحين مش موجود جنبي بس أخواتي اللي قاعدين الكبار. So, please. हैल्लो Okay. So. أيوة الحمد لله بس حبيبتي صوتك مو واضح. والله في جنب الشوش بس أوكي أسمعك الحين. 哎呦哎呦，嗯。 بعد قلبي هو بروتوم هو بروتوم يعني بفلوس. هو لأنه قبل في منصة أختي دخلت منصة وقال إنه يعلمها باللغة الإنجليزية بس مجاني. طيب الحين ينفع تكمل بس الجزء اللي يعني الحين إذا أول أسبوع بدينا فلوس ما عليه خليها تكمل أما الجزء اللي لازم تدفع فيه ما يصير يعني ما عندنا مادية حكينا. المشكلة إن هي كانت تدري ردت عليك بس ما هي فاهمة. أيوة ما كانت أيوة ما كانت تدري فاتوقعت إنها مجاني لأن إحنا من تبع الضمان ووجاتنا من قبل المنصة علمونا تحصيلي وقدرات لأن قالوا إن أنتوا تبع الضمان فمجاني فإحنا توقعنا نفس الشيء. أيوة أيوة أيوة بس أخو الصراحة أنا ودي إذا بتكمل معاش حالياً مجاني بس إذا جا وقت يعني الوقت اللي فيه رسوم خلاص تسكرين عنده. كمان خبيطت؟ طيب الحين الحين شنو الوقت اللي تبرتهم؟ شنو الوقت اللي بدرهم يعني أسبوع مثلاً؟ أوكي تمام أنتي معاه مجاني أما إذا جاء وقت إنه لازم يعني مستوى ثاني أو كذا وبرسوم ما يسمح ما ينفع يعني أوه عشان ما في مادية يعني حاليًا. قلت لك بدري تنمو درسينها بعدين تقولين يعني دفعة أو كذا فقلت أعطيك يعني الموضوع واضح من البداية. لأنه والله أمي ردت بس ما هي بفاهمة فهمت توقعت مجاني Yeah, yeah. Um.",bad_asr,ASR_LOW_QUALITY,a3d029ff-6489-42ba-ad3c-dc80107fb512,qwen3-asr-flash-filetrans,2026-04-26 01:37:25,weak_need,unknown,normal,no_preclass_confirmation,no_task,الأم أوصت أختها بالاشتراك ظنًا منها أنه مجاني لكونهم من مستفيدي الضمان الاجتماعي، وقد حصلوا على دورات مجانية سابقة. العميل يوضح أنه لا يوجد لديهم القدرة المالية للدفع ويريدون الاستفادة من أي جزء مجاني فقط، ويستفسر عن مدة الفترة المجانية.
c96edf516126a130251e6500dbb9ec5a,voice_599415226,599415226,62988001,EGCC-fatmamohamed,2310(Maqsam),2026-04-23 01:12:50,双方接通,unknown,0.1,مكالمة قصيرة جداً تتضمن تحية وأصوات غير واضحة وكلمات غير عربية، لا يمكن تحديد غرضها.,unknown,,,,,,,,,,,,,,unknown,,none,,,,,,,,,,success,,,,2026-04-26 00:31:05,2026-04-26 01:37:25,http://pd-fscall-record.oss-cn-hongkong.aliyuncs.com/2026-04-23/maqsam-FatmaMohamed.298623310.mp3?OSSAccessKeyId=LTAI5t8sBUhKT5YzXBHvmGGq&Expires=1777141746&Signature=Qe%2FvcAMsP153LqlCY0WPiI2LbGQ%3D,http://pd-fscall-record.oss-cn-hongkong.aliyuncs.com/2026-04-23/maqsam-FatmaMohamed.298623310.mp3?OSSAccessKeyId=LTAI5t8sBUhKT5YzXBHvmGGq&Expires=1777141746&Signature=Qe%2FvcAMsP153LqlCY0WPiI2LbGQ%3D,sales-engine/recordings/2026-04-23/user_62988001__voice_599415226.mp3,https://sales-engine-audio.oss-cn-hongkong.aliyuncs.com/sales-engine/recordings/2026-04-23/user_62988001__voice_599415226.mp3?OSSAccessKeyId=LTAI5t6Jd8PozcNwqEKaFS1q&Expires=1777145847&Signature=aJedG9XsT3KMpqrEJWpkX5qrIAM%3D,I don't.وعليكم السلامआई होआई वही हो जाएगाطيب.Players.Ill. I don't. وعليكم السلام आई हो आई वही हो जाएगा طيب. Players. Ill.,bad_asr,ASR_LOW_QUALITY,11e1da13-d51b-4a33-99df-16876a214725,qwen3-asr-flash-filetrans,2026-04-26 01:37:33,invalid_or_noise,unknown,no_real_conversation,unknown,no_task,المكالمة مقتضبة وغير واضحة للغاية، وتحتوي على كلمات غير عربية (إنجليزية وهندية/أردية)، ولا توجد معلومات كافية لتحديد أي تفاصيل متعلقة بالمكالمة أو العميل.
f78d695a93bf7a84a364eae88852c78b,voice_599416146,599416146,62987732,EGCC-eman.amr,2289(Maqsam),2026-04-23 01:23:02,双方接通,unknown,0.1,المكالمة غير مفهومة وتتضمن مزيجًا من اللغات (الإنجليزية، اليابانية، الفرنسية، الروسية) مع بعض الكلمات التي تبدو كعربية غير مترابطة. لا يوجد حوار بيع حقيقي.,unknown,,,,,,,,,,,,,,unknown,,unknown,,,,,,,,,,success,,,,2026-04-26 00:31:05,2026-04-26 01:37:46,http://pd-fscall-record.oss-cn-hongkong.aliyuncs.com/2026-04-23/maqsam-Eman.Amr.298625847.mp3?OSSAccessKeyId=LTAI5t8sBUhKT5YzXBHvmGGq&Expires=1777141605&Signature=Xq5Pn37OUNUHiaKuX%2FTWBSSnpgY%3D,http://pd-fscall-record.oss-cn-hongkong.aliyuncs.com/2026-04-23/maqsam-Eman.Amr.298625847.mp3?OSSAccessKeyId=LTAI5t8sBUhKT5YzXBHvmGGq&Expires=1777141605&Signature=Xq5Pn37OUNUHiaKuX%2FTWBSSnpgY%3D,sales-engine/recordings/2026-04-23/user_62987732__voice_599416146.mp3,https://sales-engine-audio.oss-cn-hongkong.aliyuncs.com/sales-engine/recordings/2026-04-23/user_62987732__voice_599416146.mp3?OSSAccessKeyId=LTAI5t6Jd8PozcNwqEKaFS1q&Expires=1777145869&Signature=3%2B6c3KOg8QY3vFSs3ICFtf9zfKo%3D,"Hello.يا كم سلامAshHi Eve.Ah, if.io ioああ電話番号になってる。Um. My dream.et ouiAre you a request?Actually.Thanks very much, and good morning.Я не надо Hello. يا كم سلام Ash Hi Eve. Ah, if. io io ああ電話番号になってる。 Um. My dream. et oui Are you a request? Actually. Thanks very much, and good morning. Я не надо",bad_asr,ASR_LOW_QUALITY,832a0e1c-64b2-4cda-ba93-b77d5dccf31d,qwen3-asr-flash-filetrans,2026-04-26 01:37:55,invalid_or_noise,unknown,no_real_conversation,no_issue,no_task,المحادثة غير واضحة وتفتقر إلى أي محتوى ذي صلة بعملية البيع. تتضمن كلمات وجملًا من لغات متعددة (إنجليزية، يابانية، فرنسية، روسية)، مما يشير إلى أن المكالمة ليست محادثة مبيعات طبيعية باللغة العربية السعودية.
41ae0b6ade58e47509f4db11532a2694,voice_599416428,599416428,0,EGCC-tasneemmahmoud,2311(Maqsam),2026-04-23 01:24:17,双方接通,unknown,0.8,تحية وسؤال عن الحال,unknown,,,,,,,,,,,,,,unknown,,none,,,,,,,,,,success,,,,2026-04-26 00:31:05,2026-04-26 01:37:55,http://pd-fscall-record.oss-cn-hongkong.aliyuncs.com/2026-04-23/maqsam-TasneemMahmoud.298626144.mp3?OSSAccessKeyId=LTAI5t8sBUhKT5YzXBHvmGGq&Expires=1777141744&Signature=Y9KTXRvuMyqrnW6e%2BxWX%2FayuK9U%3D,http://pd-fscall-record.oss-cn-hongkong.aliyuncs.com/2026-04-23/maqsam-TasneemMahmoud.298626144.mp3?OSSAccessKeyId=LTAI5t8sBUhKT5YzXBHvmGGq&Expires=1777141744&Signature=Y9KTXRvuMyqrnW6e%2BxWX%2FayuK9U%3D,sales-engine/recordings/2026-04-23/user_0__voice_599416428.mp3,https://sales-engine-audio.oss-cn-hongkong.aliyuncs.com/sales-engine/recordings/2026-04-23/user_0__voice_599416428.mp3?OSSAccessKeyId=LTAI5t6Jd8PozcNwqEKaFS1q&Expires=1777145878&Signature=%2BqBR%2B7UFX8VfjQYHPqWpLT%2BbMVE%3D,हैल्लोแล้ว哎呦。بخير الحمد لله إيش بك؟ हैल्लो แล้ว 哎呦。 بخير الحمد لله إيش بك؟,bad_asr,ASR_LOW_QUALITY,d1bc2e20-0d94-4b54-9e02-c2b61f3c76bf,qwen3-asr-flash-filetrans,2026-04-26 01:38:04,unknown,unknown,normal,no_issue,no_task,المحادثة قصيرة جداً وتتضمن تحية وسؤال عام عن الحال، لا يوجد سياق لغرض المكالمة.
4963a54ac496b566267d4a100b5e6b09,voice_599416736,599416736,62988014,EGCC-eman.amr,2289(Maqsam),2026-04-23 01:26:23,双方接通,duplicate_or_wrong,0.9,المتصل عليه ذكر أنه باكستاني وليس سعودي ولا يعرف المتصل ولا يعلم سبب المكالمة، مما يشير إلى أنه رقم خاطئ أو شخص غير مستهدف.,unknown,,,,,,,,,,,,,,none,,none,,,,,,,,,,success,,,,2026-04-26 00:31:05,2026-04-26 01:38:53,http://pd-fscall-record.oss-cn-hongkong.aliyuncs.com/2026-04-23/maqsam-Eman.Amr.298626714.mp3?OSSAccessKeyId=LTAI5t8sBUhKT5YzXBHvmGGq&Expires=1777141604&Signature=fbHm3%2BiMTIzNKRorJAzlupaYYCE%3D,http://pd-fscall-record.oss-cn-hongkong.aliyuncs.com/2026-04-23/maqsam-Eman.Amr.298626714.mp3?OSSAccessKeyId=LTAI5t8sBUhKT5YzXBHvmGGq&Expires=1777141604&Signature=fbHm3%2BiMTIzNKRorJAzlupaYYCE%3D,sales-engine/recordings/2026-04-23/user_62988014__voice_599416736.mp3,https://sales-engine-audio.oss-cn-hongkong.aliyuncs.com/sales-engine/recordings/2026-04-23/user_62988014__voice_599416736.mp3?OSSAccessKeyId=LTAI5t6Jd8PozcNwqEKaFS1q&Expires=1777145936&Signature=gIwWxNw9z6PaAQUfUB2yGhZm6wQ%3D,I'm sorry.はい。والله ما أعرف يا أختي المشكلة من ترى شو إيش يا إيش يبغى أنا باكستاني ما في سعودي.यह मालूम है रवि यहHaben Sie isch müesch gellOlen. Entä myslri?أيوه أنت كلام مصرية ما في كلام عربي، ما في مشكلة، مش مشكلة ليش تسأل إيش تبغانا؟ما لا ما لي شغل ما أعرفه لا ما أسمعه، بس بس بس. I'm sorry. はい。 والله ما أعرف يا أختي المشكلة من ترى شو إيش يا إيش يبغى أنا باكستاني ما في سعودي. यह मालूम है रवि यह Haben Sie isch müesch gell Olen. Entä myslri? أيوه أنت كلام مصرية ما في كلام عربي، ما في مشكلة، مش مشكلة ليش تسأل إيش تبغانا؟ ما لا ما لي شغل ما أعرفه لا ما أسمعه، بس بس بس.,bad_asr,ASR_LOW_QUALITY,849f3ff0-e096-4a40-aed9-4e96ed39566f,qwen3-asr-flash-filetrans,2026-04-26 01:39:02,wrong_number,unknown,normal,no_issue,no_task,المتصل عليه ذكر أنه باكستاني وليس سعودي، ولا يعرف سبب المكالمة، مما يشير إلى أن الرقم خاطئ.
8ead9e9cdf80f5133d9c7db5b1d7be19,voice_599417627,599417627,62984317,51habiba.hassan,2244(Maqsam),2026-04-23 01:30:46,双方接通,post_class_followup,0.9,المكالمة هي متابعة مع عميلة مهتمة بتسجيل ابنتها في دورة اللغة الإنجليزية. تناقش العميلة أسعار الدورة وخطط الدفع، وتستفسر عن خصم 90% للعائلة، وعن وضعها كمطلقة وإمكانية الحصول على دعم. يتم الاتفاق على تحديد موعد لدرس تجريبي أو حصة مجانية ليوم غد الساعة 4:30 مساءً.,high,,,,,,,,,,,,,,high,,price,,,,,,,,,,success,,,,2026-04-26 00:31:05,2026-04-26 01:39:14,http://pd-fscall-record.oss-cn-hongkong.aliyuncs.com/2026-04-23/maqsam-habiba.hassan.298627820.mp3?OSSAccessKeyId=LTAI5t8sBUhKT5YzXBHvmGGq&Expires=1777141604&Signature=WLSzMYxWNicyUjAZ4kjRvRgIM20%3D,http://pd-fscall-record.oss-cn-hongkong.aliyuncs.com/2026-04-23/maqsam-habiba.hassan.298627820.mp3?OSSAccessKeyId=LTAI5t8sBUhKT5YzXBHvmGGq&Expires=1777141604&Signature=WLSzMYxWNicyUjAZ4kjRvRgIM20%3D,sales-engine/recordings/2026-04-23/user_62984317__voice_599417627.mp3,https://sales-engine-audio.oss-cn-hongkong.aliyuncs.com/sales-engine/recordings/2026-04-23/user_62984317__voice_599417627.mp3?OSSAccessKeyId=LTAI5t6Jd8PozcNwqEKaFS1q&Expires=1777145959&Signature=6ekK4fCBXE%2BHpJkyYlINRaj9uJQ%3D,"Allô¿a ver, cómo seráخير، الحمد لله كيفك أنت؟Oh.Je peux pas te le dire, ouais, il est那我。哎喲。你。哎喲。sí.没有，没有。ah, me estásen, tal, tan, cosas.يعني أعرف بعض الكلمات. وبعض الجمل. بس ما أعرف أقرأ.Move to the.ااا اسمع كده يعنيBest ah, my name best.लाडली बहन माँما كنت يعني حاطة فكرة في بالي إني أبى أتعلم إنجليزي وكذا.يعني نص نصأتعلم مثلاً من مثلاً أتعلم من الأفلام أو شيء زي كذا.Yeah.That.In.أيوة لأن لما بكون متمارسة مع هذا الشيء أسمع الكلمات وأسمع ال.Um.Yeah.Okay Okay.Yes.ااا الحين أقول مشكلتي الترجمةقلتي ماينيم يعني اسمي حبيبة وعمري كذا.हाँ ऐसेNo. ¿Y no?يرتديون يعوض ثقيل؟I love you.أعتقد ساكنة في السعوديةيا أستاكم في السعودية؟Mm, no entendí.No.Max ohOkay. It.مأسية.Müemer.Ask.Can.Yualda.تمام عطيكي الحين أول رسالة واتسابeuh, ben, toi, Annieصفر خمسة صفر أربعة اثنين أربعة ثلاثة تسعة اثنين ثلاثة.Hello.أيوة، سهل.إلا موجودة جنبي.So.أهلاً، وعليكم السلام. أهلاً وعليكم. أيوة؟¡Ay, o sea, más.أبتة الله أهلاً حياك.الحمد لله هذا أحلى خبر.والله يا ليث والله أتمنى الشيء هذا هي بتحب الإنجليزي بس إنه شوي شوي مبتدأة يعني.él me trata, ummUh huh.الحمد لله وإن شاء الله الأكبر أكبر إن شاء الله من ما كان أبدOkay.No.أيوه فيها اشتراك في ناشينI know.Thank.Uh huh.Hm.يعني أنتوا بالمملكة العربية السعودية كلها أنتوا بس موجودين بالرياض صح؟أممم أيوة عرفت عرفت اللي بيقصر مولहै ही वो गति तुम्हाराلا إحنا بال أنا ساكنة بالشرقية لو سمحتي في الدمام في الدمام إيهالله يسلمك نور نورك عيني.Hmm. Are you.Thanks.أيوة أوكي أنا. أيوة طب بس هو بالشهر كم تدفع أنا؟طيب الحسب كم نص محسي¡muy bien!Are you.Hm. Uh. Huh.mhm¿buenoCome on.تمام خلاص أوكي أرد لك خبر بكرة. أرد لك خبر بكرة.أوكي طيب اليوم خاصية القسمة المجانية صح؟Hm.خلاص تمام الساعة لا مو اليوم بكرةأيوه لأنها هي لازم عندها دوام بكرة.hmUh huh.بالألتين يعني بس بشوف يعني بشوف وضعك أنتي لأن تعرفين أنا بستفسر من الضمان يعني فانتي كيف وضعك؟لا لا ضمان طلقة.المطلقة أيوةokey, vamos.لا تحضرها إن شاء الله، لا لا أنتي بس قولي لي ويلي الساعة كم هي راح تحضر أنا أوقف عندها تحضره.Laptop.Yeah.Okay.哎呦。Are you. Yeah, I am back to track of time.ااا رابع خريجطب الخمسة ثلاثة ثلاثة؟ ألو؟ تسعة واثنين؟ أربعين؟ ستة وستين؟ آه يا سيدي، لريما خمرني.صفر خمسة ستة؟ خذ جلسي. صفر خمسة ستة كم؟ ثلاث ثلاث أربعة؟ لا لا صفر خمسة ستة؟ ثلاث ثلاث أربعة؟ صفر ثمانية؟ اثنين سبعة؟موجود بعد؟ إذا إذا موجود أعطينا خصم تسعين بالمئة هذه العائلة كلها مسجلة أيوة تمام.حياك الله يا أختي، تعرفي ما قصرتي. خلاص، بكرة العصر صح؟嗰兩，啊，冇嘢。嗯。Hmm.Shh.Oh.Hello.赶紧擦擦。Yeah.¿y yo?哎喲。呃，俩。¿y luego?أربعة ونص، أربعة ونص.So.Now.لا على رقمي.So make the class so. Allô ¿a ver, cómo será خير، الحمد لله كيفك أنت؟ Oh. Je peux pas te le dire, ouais, il est 那我。 哎喲。你。哎喲。 sí. 没有，没有。 ah, me estás en, tal, tan, cosas. يعني أعرف بعض الكلمات. وبعض الجمل. بس ما أعرف أقرأ. Move to the. ااا اسمع كده يعني Best ah, my name best. लाडली बहन माँ ما كنت يعني حاطة فكرة في بالي إني أبى أتعلم إنجليزي وكذا. يعني نص نص أتعلم مثلاً من مثلاً أتعلم من الأفلام أو شيء زي كذا. Yeah. That. In. أيوة لأن لما بكون متمارسة مع هذا الشيء أسمع الكلمات وأسمع ال. Um. Okay Okay. Yes. ااا الحين أقول مشكلتي الترجمة قلتي ماينيم يعني اسمي حبيبة وعمري كذا. हाँ ऐसे No. ¿Y no? يرتديون يعوض ثقيل؟ I love you. أعتقد ساكنة في السعودية يا أستاكم في السعودية؟ Mm, no entendí. No. Max oh Okay. It. مأسية. Müemer. Ask. Can. Yualda. تمام عطيكي الحين أول رسالة واتساب euh, ben, toi, Annie صفر خمسة صفر أربعة اثنين أربعة ثلاثة تسعة اثنين ثلاثة. Hello. أيوة، سهل. إلا موجودة جنبي. So. أهلاً، وعليكم السلام. أهلاً وعليكم. أيوة؟ ¡Ay, o sea, más. أبتة الله أهلاً حياك. الحمد لله هذا أحلى خبر. والله يا ليث والله أتمنى الشيء هذا هي بتحب الإنجليزي بس إنه شوي شوي مبتدأة يعني. él me trata, umm Uh huh. الحمد لله وإن شاء الله الأكبر أكبر إن شاء الله من ما كان أبد Okay. أيوه فيها اشتراك في ناشين I know. Thank. Hm. يعني أنتوا بالمملكة العربية السعودية كلها أنتوا بس موجودين بالرياض صح؟ أممم أيوة عرفت عرفت اللي بيقصر مول है ही वो गति तुम्हारा لا إحنا بال أنا ساكنة بالشرقية لو سمحتي في الدمام في الدمام إيه الله يسلمك نور نورك عيني. Hmm. Are you. Thanks. أيوة أوكي أنا. أيوة طب بس هو بالشهر كم تدفع أنا؟ طيب الحسب كم نص محسي ¡muy bien! Are you. Hm. Uh. Huh. mhm ¿bueno Come on. تمام خلاص أوكي أرد لك خبر بكرة. أرد لك خبر بكرة. أوكي طيب اليوم خاصية القسمة المجانية صح؟ خلاص تمام الساعة لا مو اليوم بكرة أيوه لأنها هي لازم عندها دوام بكرة. hm بالألتين يعني بس بشوف يعني بشوف وضعك أنتي لأن تعرفين أنا بستفسر من الضمان يعني فانتي كيف وضعك؟ لا لا ضمان طلقة. المطلقة أيوة okey, vamos. لا تحضرها إن شاء الله، لا لا أنتي بس قولي لي ويلي الساعة كم هي راح تحضر أنا أوقف عندها تحضره. Laptop. 哎呦。 Are you. Yeah, I am back to track of time. ااا رابع خريج طب الخمسة ثلاثة ثلاثة؟ ألو؟ تسعة واثنين؟ أربعين؟ ستة وستين؟ آه يا سيدي، لريما خمرني. صفر خمسة ستة؟ خذ جلسي. صفر خمسة ستة كم؟ ثلاث ثلاث أربعة؟ لا لا صفر خمسة ستة؟ ثلاث ثلاث أربعة؟ صفر ثمانية؟ اثنين سبعة؟ موجود بعد؟ إذا إذا موجود أعطينا خصم تسعين بالمئة هذه العائلة كلها مسجلة أيوة تمام. حياك الله يا أختي، تعرفي ما قصرتي. خلاص، بكرة العصر صح؟ 嗰兩，啊，冇嘢。嗯。 Hmm. Shh. 赶紧擦擦。 ¿y yo? 哎喲。 呃，俩。 ¿y luego? أربعة ونص، أربعة ونص. Now. لا على رقمي. So make the class so.",bad_asr,ASR_LOW_QUALITY,923419ff-9aea-4e91-860c-eb263b631999,qwen3-asr-flash-filetrans,2026-04-26 01:40:21,good_need,unknown,normal,no_issue,close_payment,العميلة مهتمة بتسجيل ابنتها وتناقش بنشاط الأسعار والخصومات والترتيبات لدرس قادم. الاتفاق على موعد لليوم التالي مع مناقشة تفصيلية لتكاليف الاشتراك يشير إلى نية قوية للشراء.
adc4602383ec8d66537c5be327341d2a,voice_599418243,599418243,62980005,51nadamuhammad,2245(Maqsam),2026-04-23 01:36:48,双方接通,unknown,0.0,المحادثة تحتوي على عبارات متعددة اللغات وليست محادثة مبيعات واضحة. ذكرت عبارات مثل 'مع كندا' و 'خلاص أوكي أرسلتها جماعة'.,unknown,,,,,,,,,,,,,,unknown,,unknown,,,,,,,,,,success,,,,2026-04-26 00:31:05,2026-04-26 01:40:53,http://pd-fscall-record.oss-cn-hongkong.aliyuncs.com/2026-04-23/maqsam-NadaMuhammad.298629256.mp3?OSSAccessKeyId=LTAI5t8sBUhKT5YzXBHvmGGq&Expires=1777141742&Signature=uw7feSzaKQcLZFTT%2FzAAInmmloc%3D,http://pd-fscall-record.oss-cn-hongkong.aliyuncs.com/2026-04-23/maqsam-NadaMuhammad.298629256.mp3?OSSAccessKeyId=LTAI5t8sBUhKT5YzXBHvmGGq&Expires=1777141742&Signature=uw7feSzaKQcLZFTT%2FzAAInmmloc%3D,sales-engine/recordings/2026-04-23/user_62980005__voice_599418243.mp3,https://sales-engine-audio.oss-cn-hongkong.aliyuncs.com/sales-engine/recordings/2026-04-23/user_62980005__voice_599418243.mp3?OSSAccessKeyId=LTAI5t6Jd8PozcNwqEKaFS1q&Expires=1777146057&Signature=aGltB/thXY4BBko5TLJC8KjoEq0%3D,"Yeah.Take care of.ahora, ¿perdón qué?حلو والله.¡Híjole!Ah yes.Is.I get my little.مع كنداYes.خلاص أوكي أرسلتها جماعة.eh mamanah, ya, bueno.ใช่ไหม เอ๊ะما في مشكلة عادي لو بكرة أو بعده.Ah oui on peut.Oh, oh.Já, ég skal rækja málið rækja það.No.Okay.Sí, es la persona.ah, termina.Yes.Thank you.Thank you.I know.哎，听吗？Yeah.Myself. Yeah. Take care of. ahora, ¿perdón qué? حلو والله. ¡Híjole! Ah yes. Is. I get my little. مع كندا Yes. خلاص أوكي أرسلتها جماعة. eh maman ah, ya, bueno. ใช่ไหม เอ๊ะ ما في مشكلة عادي لو بكرة أو بعده. Ah oui on peut. Oh, oh. Já, ég skal rækja málið rækja það. No. Okay. Sí, es la persona. ah, termina. Thank you. I know. 哎，听吗？ Myself.",bad_asr,ASR_LOW_QUALITY,28b4168c-6657-4be6-bc0f-b32bd393a942,qwen3-asr-flash-filetrans,2026-04-26 01:41:07,unknown,unknown,no_real_conversation,unknown,no_task,المكالمة عبارة عن خليط من لغات وعبارات قصيرة ولا تشكل محادثة مبيعات مفهومة أو ذات سياق محدد، مما يمنع تحديد أي معلومات ذات معنى.
a388ffefe634d45a88a89761b1ac3c37,voice_599419020,599419020,60499265,51nadamuhammad,2245(Maqsam),2026-04-23 01:44:18,双方接通,post_class_followup,1.0,المكالمة لمتابعة ما بعد الحصة التجريبية. العميل مهتمة جداً بتسجيل ابنتها في دورة اللغة الإنجليزية وتناقش تفاصيل الدورة والدفع. لديها نية شراء قوية لكنها تنتظر نزول الراتب وتستفسر عن خيارات التقسيط. اتفقت على حزمة 4 أشهر ومتابعة الدفع لاحقًا.,high,,,,,,,,,,,,,,high,,payment_method,,,,,,,,,,success,,,,2026-04-26 00:31:05,2026-04-26 01:41:21,http://pd-fscall-record.oss-cn-hongkong.aliyuncs.com/2026-04-23/maqsam-NadaMuhammad.298630902.mp3?OSSAccessKeyId=LTAI5t8sBUhKT5YzXBHvmGGq&Expires=1777141741&Signature=b1OwVIiL3%2Bfyeek73NmBDO1W11I%3D,http://pd-fscall-record.oss-cn-hongkong.aliyuncs.com/2026-04-23/maqsam-NadaMuhammad.298630902.mp3?OSSAccessKeyId=LTAI5t8sBUhKT5YzXBHvmGGq&Expires=1777141741&Signature=b1OwVIiL3%2Bfyeek73NmBDO1W11I%3D,sales-engine/recordings/2026-04-23/user_60499265__voice_599419020.mp3,https://sales-engine-audio.oss-cn-hongkong.aliyuncs.com/sales-engine/recordings/2026-04-23/user_60499265__voice_599419020.mp3?OSSAccessKeyId=LTAI5t6Jd8PozcNwqEKaFS1q&Expires=1777146086&Signature=FwPgetXTBuENxFKmzhczfk4y3fk%3D,"على، ألو، و عليكم السلام.إيه نعم، هلا فيك، هلا.أهلاً و الله أهلاً هلا والله فيك هلا والله فيك هلا. هلا.أي حا حضرت حصه إيه أمم.تمام حلو تمام إيه تمامتمام، أمم.إيه أنا أنا أنا بيها تكون منطلقة في اللغة الإنجليزية لأن أنتي عارفة الحين أنا بيها تكون منطلقة في الإنجليزي في السبلنج وفي كل شيء لأن أنتي عارفة الحين الوقت هذا لازم الإنجليزي لازم يكون معنا لغة.أي والله تمام أي والله، إيه إيه هذا المشكلة حتى في المدرسة حتى مدرسة الحينه، لأن تعرف المدارس ما هو بيعني يشدو مرة لا.كمه أهلين هلا فيكوا هلا هلا والله في قلبي هلا والله هيك.嗯。صح صح صح إيه هذا هو إيه خلص صح哇系。没有了没有了。أيوة لازم أنتي عارفة لازم والله لازم، الله وياك يا قلبي وياك يلا فيك، أهل.誒做。系哇系哇。你話。تمام، تمام، حلو، تمام.إن شاء الله إن شاء الله إن شاء اللهوالله إني ما يعني ال الجلدية تكون إنجليزي إنجليزي كامل صح؟تقول أنا بيت تبع تبع هي تقول بيت تبع المعلمة ليتو.嗯，这么这么。تمام تمام.نص ساعة ولا نص ساعة الأفضل بس أهلها نتكلم تبيه ساعة ساعة هي ساعة حلو.إيه ليه لا حتى ما يصير معاك طويلة هاي السنة.صح إيه فهمه فهمه.تمام تمام.أيوة أكتمت إيه إيه صح إيه لأن أنتي عارفة الحين فترة الإختبارات بدأت يعني ابتدت فترة الإختبارات النهائية على ما تجهز لها إيه هي تنسق هي عتنسق وتشوف الوقت اللي يناسبها هي.حلو حلو طيب هي تواصل يعني مع معلمتها ولا كي ولا نختارها في الأيام؟يعني الحين الحين الأيام تحديد الأيام كيف تتواصل معكم وليه تتواصل مع مع؟干嘛？تمام تمام تمام يا عبد الرحمن.嗯，这么这么这么这么这么。哎呦。تمام تمام تمام بس يا قلبي يعني ايه معلش تتواصل هي معهم على الموقع ولا في رقم تكون تواصلوا هي معهم؟ تمام تمام حلو حلو.在吗？تمام حلو حلو حلو حلو تمام يا قلبي تمام.تمام تمام تمام تمام تمام الرس الرسوم.嗯，哎呦啊。Comment?你哎喲。嗯嗯。没有啊。这么。系喎，點啊。सहीOkay.تبى الدفع كامل يعني على طول ولا كيف يا قلبي؟أه حلو تمام.تمام تمام.ما أدري هي إيش الأفضل يعني كبداية هي إيش¡ay, Dios!哎，嗯。唉。在忙呢。没有了。صح صح.Yes.Uh huh.Okay.चलصح إيه صح معك والله طيب يقعدوا الحين يعني هي الحين خلاص يصير تختار الأكل يعني شو أختار لها أنا الحين يعني الحين خلاص تبدأ بإيش؟ركب ركب نار يعني.كم كم يومين كم تبقى في الأسبوع ثلاثة أيام كذي.Excuse me.ست شهور أكثر كم مبلغ؟الشوربة系哇。So.يعني إيش لون ورق؟ على ألف ريال صح كل شهر صح؟ لا إني أدفع كم أنا على كل شهر هذا؟哎，算，嗯，嗯。Yeah.إيه إيه في علشان عشر دفعة عادي صح؟Yes.تمام يعني لازم تبي كاميرا صح؟Hmm.تمام ما مشكلة تمام يعني ك كم خمسة آلاف؟خمسة وثلاثين.Success. Ah huh.哎。Yeah. Perhaps.I want.Hello, mom is here. Hello.حلو تمام حلو ماشي حلو تمام خلاص بعدين بنسق مع أبوها ونشوفها إن شاء الله إن شاء الله إيه ندخل تابي تابي وتمارة موجود الأقصاد صح؟الشيء قال ما هو بعادي لو بس أنتظر بس الراتب ينزل لأن التو ما نزل للحين.No.شفته شفته بجوال جود بس إن الحين اتعطل بعديه منزلة المستشفى الحين يعني يمكن تنزله حدي يمكن الأحد بضبطه إن شاء الله إيه إن شاء الله إيه.إن شاء الله. لا والله حاليًا أشتقت والله، هلأ حبيبتي كتير، هلأ حبيبتي اثنين وين؟ اثنين.Yeah.طيب هي نفسها حسسي أسبوع نفسها نفسها يعني لو اخترنا حسستين من الأسبوع يفرق التفعيل ولا ما يفرق؟ ما يفرق ما يفرق بس هي زي ما جاء.Well, just.أخذ لي أربع آلاف بس تأسسها صح ولا؟Hello.إيه بس أنا بالأخوة الأفضل لها الأفضل لها. يعني الحين هي لو خت يعني لو ختم أربع آلاف زي بعد ما تخلص من السعودية تحول أجنبية ولا لأ؟เอ้ย เอ้ย นี่ นี่ อืม อะ อยู่อ่ะطيب طيب يعني مثلا إذا اتقنت وإذا اتقنت وخلصت وخلصنا عادي لو بغيت حبة تكمل عادي ما في مانع صح؟With.Um.طيب دورات الذكاء الاصطناعي للموظفين تعطون دورات أي دي؟حلو. لا موجود موجود موجود الدورة أنا فيزيولوجيا أنا في مجال عملي. إذا كان صناعي أنتي عارفة الحين الذكاء الصناعي هو خلاص الحين العالم يتوجه عليه أي دورات؟ما مشكلة خلاص خليها على أربعة شهور الحين قلبي زين؟ إيه إيه خليها لين تخلص وتربط أمورها ويصير أنا خلصت يعني التزاماتي تبدأ عادي تدخل المستوى الثاني عادي.Just a moment.这样吗？أيوه أنا عديهم الاثنين صح؟ใช่ แล้วมันชอบ ใช่ ใช่ ใช่ ใช่ ใช่ ใช่ ใช่ ใช่ ใช่ ใช่ ใช่ ใช่ ใช่ ใช่ ใช่ ใช่ ใช่ ใช่ ใช่ ใช่خلاص أبى أشوفك خلاص أبى أرد لك بكرة تواصل معي، أتواصل معك على الواتساب بكرة إن شاء الله الصباح ها؟Yeah. Yeah.تمام تمام تمام يا غالي تمام الله يعطيك ألف عافية الله يسلمك الله يشرف لي والله تسلمين تسلملا عادي حد جود هو أصلًا معجود أهسا.Yes.إيه لأن جد ما عندي لأن الجوالها معي أكثر وقت بس عشان تصير معكم متابعة معكم أكثر شيء. تعبانة شوي. تمام. سما سما. سما سما سما مية أبي سما الله يحفظك الله يحفظك. على، ألو، و عليكم السلام. إيه نعم، هلا فيك، هلا. أهلاً و الله أهلاً هلا والله فيك هلا والله فيك هلا. هلا. أي حا حضرت حصه إيه أمم. تمام حلو تمام إيه تمام تمام، أمم. إيه أنا أنا أنا بيها تكون منطلقة في اللغة الإنجليزية لأن أنتي عارفة الحين أنا بيها تكون منطلقة في الإنجليزي في السبلنج وفي كل شيء لأن أنتي عارفة الحين الوقت هذا لازم الإنجليزي لازم يكون معنا لغة. أي والله تمام أي والله، إيه إيه هذا المشكلة حتى في المدرسة حتى مدرسة الحينه، لأن تعرف المدارس ما هو بيعني يشدو مرة لا. كمه أهلين هلا فيكوا هلا هلا والله في قلبي هلا والله هيك. 嗯。 صح صح صح إيه هذا هو إيه خلص صح 哇系。 没有了没有了。 أيوة لازم أنتي عارفة لازم والله لازم، الله وياك يا قلبي وياك يلا فيك، أهل. 誒做。系哇系哇。 你話。 تمام، تمام، حلو، تمام. إن شاء الله إن شاء الله إن شاء الله والله إني ما يعني ال الجلدية تكون إنجليزي إنجليزي كامل صح؟ تقول أنا بيت تبع تبع هي تقول بيت تبع المعلمة ليتو. 嗯，这么这么。 تمام تمام. نص ساعة ولا نص ساعة الأفضل بس أهلها نتكلم تبيه ساعة ساعة هي ساعة حلو. إيه ليه لا حتى ما يصير معاك طويلة هاي السنة. صح إيه فهمه فهمه. أيوة أكتمت إيه إيه صح إيه لأن أنتي عارفة الحين فترة الإختبارات بدأت يعني ابتدت فترة الإختبارات النهائية على ما تجهز لها إيه هي تنسق هي عتنسق وتشوف الوقت اللي يناسبها هي. حلو حلو طيب هي تواصل يعني مع معلمتها ولا كي ولا نختارها في الأيام؟ يعني الحين الحين الأيام تحديد الأيام كيف تتواصل معكم وليه تتواصل مع مع؟ 干嘛？ تمام تمام تمام يا عبد الرحمن. 嗯，这么这么这么这么这么。 哎呦。 تمام تمام تمام بس يا قلبي يعني ايه معلش تتواصل هي معهم على الموقع ولا في رقم تكون تواصلوا هي معهم؟ تمام تمام حلو حلو. 在吗？ تمام حلو حلو حلو حلو تمام يا قلبي تمام. تمام تمام تمام تمام تمام الرس الرسوم. 嗯，哎呦啊。 Comment? 你哎喲。 嗯嗯。 没有啊。 这么。 系喎，點啊。 सही Okay. تبى الدفع كامل يعني على طول ولا كيف يا قلبي؟ أه حلو تمام. ما أدري هي إيش الأفضل يعني كبداية هي إيش ¡ay, Dios! 哎，嗯。 唉。 在忙呢。 没有了。 صح صح. Yes. Uh huh. चल صح إيه صح معك والله طيب يقعدوا الحين يعني هي الحين خلاص يصير تختار الأكل يعني شو أختار لها أنا الحين يعني الحين خلاص تبدأ بإيش؟ ركب ركب نار يعني. كم كم يومين كم تبقى في الأسبوع ثلاثة أيام كذي. Excuse me. ست شهور أكثر كم مبلغ؟ الشوربة 系哇。 So. يعني إيش لون ورق؟ على ألف ريال صح كل شهر صح؟ لا إني أدفع كم أنا على كل شهر هذا؟ 哎，算，嗯，嗯。 Yeah. إيه إيه في علشان عشر دفعة عادي صح؟ تمام يعني لازم تبي كاميرا صح؟ Hmm. تمام ما مشكلة تمام يعني ك كم خمسة آلاف؟ خمسة وثلاثين. Success. Ah huh. 哎。 Yeah. Perhaps. I want. Hello, mom is here. Hello. حلو تمام حلو ماشي حلو تمام خلاص بعدين بنسق مع أبوها ونشوفها إن شاء الله إن شاء الله إيه ندخل تابي تابي وتمارة موجود الأقصاد صح؟ الشيء قال ما هو بعادي لو بس أنتظر بس الراتب ينزل لأن التو ما نزل للحين. No. شفته شفته بجوال جود بس إن الحين اتعطل بعديه منزلة المستشفى الحين يعني يمكن تنزله حدي يمكن الأحد بضبطه إن شاء الله إيه إن شاء الله إيه. إن شاء الله. لا والله حاليًا أشتقت والله، هلأ حبيبتي كتير، هلأ حبيبتي اثنين وين؟ اثنين. طيب هي نفسها حسسي أسبوع نفسها نفسها يعني لو اخترنا حسستين من الأسبوع يفرق التفعيل ولا ما يفرق؟ ما يفرق ما يفرق بس هي زي ما جاء. Well, just. أخذ لي أربع آلاف بس تأسسها صح ولا؟ Hello. إيه بس أنا بالأخوة الأفضل لها الأفضل لها. يعني الحين هي لو خت يعني لو ختم أربع آلاف زي بعد ما تخلص من السعودية تحول أجنبية ولا لأ؟ เอ้ย เอ้ย นี่ นี่ อืม อะ อยู่อ่ะ طيب طيب يعني مثلا إذا اتقنت وإذا اتقنت وخلصت وخلصنا عادي لو بغيت حبة تكمل عادي ما في مانع صح؟ With. Um. طيب دورات الذكاء الاصطناعي للموظفين تعطون دورات أي دي؟ حلو. لا موجود موجود موجود الدورة أنا فيزيولوجيا أنا في مجال عملي. إذا كان صناعي أنتي عارفة الحين الذكاء الصناعي هو خلاص الحين العالم يتوجه عليه أي دورات؟ ما مشكلة خلاص خليها على أربعة شهور الحين قلبي زين؟ إيه إيه خليها لين تخلص وتربط أمورها ويصير أنا خلصت يعني التزاماتي تبدأ عادي تدخل المستوى الثاني عادي. Just a moment. 这样吗？ أيوه أنا عديهم الاثنين صح؟ ใช่ แล้วมันชอบ ใช่ ใช่ ใช่ ใช่ ใช่ ใช่ ใช่ ใช่ ใช่ ใช่ ใช่ ใช่ ใช่ ใช่ ใช่ ใช่ ใช่ ใช่ ใช่ ใช่ خلاص أبى أشوفك خلاص أبى أرد لك بكرة تواصل معي، أتواصل معك على الواتساب بكرة إن شاء الله الصباح ها؟ Yeah. Yeah. تمام تمام تمام يا غالي تمام الله يعطيك ألف عافية الله يسلمك الله يشرف لي والله تسلمين تسلم لا عادي حد جود هو أصلًا معجود أهسا. إيه لأن جد ما عندي لأن الجوالها معي أكثر وقت بس عشان تصير معكم متابعة معكم أكثر شيء. تعبانة شوي. تمام. سما سما. سما سما سما مية أبي سما الله يحفظك الله يحفظك.",bad_asr,ASR_LOW_QUALITY,7fd07390-952c-453d-afc6-cf95e680feee,qwen3-asr-flash-filetrans,2026-04-26 01:42:30,good_need,unknown,normal,no_issue,close_payment,العميل مهتمة بتسجيل ابنتها بعد الحصة التجريبية، وناقشت الحزمة وخيارات الدفع. العقبة هي انتظار نزول الراتب وتأمل في استخدام خيارات التقسيط (تابي وتمارة). تم الاتفاق على حزمة لمدة 4 أشهر ومتابعة الدفع عند توفر الراتب.
edca43c55a84da9958de9f7dd1024d32,voice_599419676,599419676,62949543,EGCC-maiwaheed,2313(Maqsam),2026-04-23 01:50:44,双方接通,post_class_followup,0.3,تتضمن المكالمة مناقشة حول أسعار دورة اللغة الإنجليزية (7 شهور بـ 4000، شهر تجريبي بـ 50 ريال)، وخيارات الدفع (دفعة واحدة أو أقساط شهرية). كما تم الإشارة إلى ضرورة تحديد موعد لمتابعة النقاش غداً.,unknown,,,,,,,,,,,,,,high,,price,,,,,,,,,,success,,,,2026-04-26 00:31:05,2026-04-26 01:43:41,http://pd-fscall-record.oss-cn-hongkong.aliyuncs.com/2026-04-23/maqsam-MaiWaheed.298632104.mp3?OSSAccessKeyId=LTAI5t8sBUhKT5YzXBHvmGGq&Expires=1777141740&Signature=1vLOSUKrZOpByk6lT%2Fj051sAxYk%3D,http://pd-fscall-record.oss-cn-hongkong.aliyuncs.com/2026-04-23/maqsam-MaiWaheed.298632104.mp3?OSSAccessKeyId=LTAI5t8sBUhKT5YzXBHvmGGq&Expires=1777141740&Signature=1vLOSUKrZOpByk6lT%2Fj051sAxYk%3D,sales-engine/recordings/2026-04-23/user_62949543__voice_599419676.mp3,https://sales-engine-audio.oss-cn-hongkong.aliyuncs.com/sales-engine/recordings/2026-04-23/user_62949543__voice_599419676.mp3?OSSAccessKeyId=LTAI5t6Jd8PozcNwqEKaFS1q&Expires=1777146225&Signature=VDgfQ9uxHDvbZGqenygCa6EaBMI%3D,"我来公司了。pues, entiendo.y volcado a la crisis.Блядь я пока русский не могу выучуبكرة بتكلم أنا وأليك.هو كمان اشترات ااا嗯。Ich weiss nid.对，嗯。هو السعر والله، ما لك في.Yes.¿Cómo se está de llamada?嗯。لا ميار خبريني علىأنا برة الشارع الحينإيه عسى عشان استعد استعدت جاهزة وخلينا نتكلم. إيه.Y eso.怎么。أنت بتذكرو لي دروس ولا بتذكرو لي أشياء عامة؟嗯。Mhm.Eva.وكم تحصل في الأسبوع ولا على حسب¿cómo? ehHie isch ebe e Schuel, was?سبعة شهور بأربعة ألف بأربعة ألف؟يعني تجربة شهر بخمسين يصح؟هل أقدر هل أدفعها دفعة واحدة الأربعة آلاف ولا مقسمة كل شهر؟हाँ有啊。没有。Yes.أربعة مرات.没有啊。嘴巴像哈士奇啊，是吧？vas a casarसमबायخاصة إنك لما نولد نرجع توا على بكرة خبطة.Pues, ya lo echamos. 我来公司了。 pues, entiendo. y volcado a la crisis. Блядь я пока русский не могу выучу بكرة بتكلم أنا وأليك. هو كمان اشترات ااا 嗯。 Ich weiss nid. 对，嗯。 هو السعر والله، ما لك في. Yes. ¿Cómo se está de llamada? لا ميار خبريني على أنا برة الشارع الحين إيه عسى عشان استعد استعدت جاهزة وخلينا نتكلم. إيه. Y eso. 怎么。 أنت بتذكرو لي دروس ولا بتذكرو لي أشياء عامة؟ Mhm. Eva. وكم تحصل في الأسبوع ولا على حسب ¿cómo? eh Hie isch ebe e Schuel, was? سبعة شهور بأربعة ألف بأربعة ألف؟ يعني تجربة شهر بخمسين يصح؟ هل أقدر هل أدفعها دفعة واحدة الأربعة آلاف ولا مقسمة كل شهر؟ हाँ 有啊。 没有。 أربعة مرات. 没有啊。 嘴巴像哈士奇啊，是吧？ vas a casar सम बाय خاصة إنك لما نولد نرجع توا على بكرة خبطة. Pues, ya lo echamos.",bad_asr,ASR_LOW_QUALITY,943a9f5f-ecf8-4091-b487-d79ac32fe512,qwen3-asr-flash-filetrans,2026-04-26 01:43:59,good_need,unknown,no_real_conversation,no_issue,close_payment,العديد من اللغات الأجنبية (الإسبانية، الروسية، الألمانية، الصينية) تتخلل المحادثة بشكل كبير جداً، مما يجعل من الصعب تحديد السياق الكامل بدقة. الأجزاء العربية الواضحة تركز على استفسارات العميل حول تفاصيل الأسعار والدفع للدورة، مما يشير إلى محاولة لإتمام عملية بيع بعد تجربة أو استفسار مبدئي.
52c94c22ab8cf59dca383a705eed6240,voice_599419879,599419879,62984549,EGCC-eman.amr,2289(Maqsam),2026-04-23 01:51:59,双方接通,unknown,0.1,المكالمة قصيرة جداً ومكررة، تحتوي على تحيات عامة وعبارات إنجليزية وصينية ('老师好') لا تشير إلى محادثة مبيعات حقيقية.,unknown,,,,,,,,,,,,,,unknown,,none,,,,,,,,,,success,,,,2026-04-26 00:31:05,2026-04-26 01:43:59,http://pd-fscall-record.oss-cn-hongkong.aliyuncs.com/2026-04-23/maqsam-Eman.Amr.298632332.mp3?OSSAccessKeyId=LTAI5t8sBUhKT5YzXBHvmGGq&Expires=1777141603&Signature=1Dk9Aon4R%2FiUKGYILy%2FDaHXsq%2Bg%3D,http://pd-fscall-record.oss-cn-hongkong.aliyuncs.com/2026-04-23/maqsam-Eman.Amr.298632332.mp3?OSSAccessKeyId=LTAI5t8sBUhKT5YzXBHvmGGq&Expires=1777141603&Signature=1Dk9Aon4R%2FiUKGYILy%2FDaHXsq%2Bg%3D,sales-engine/recordings/2026-04-23/user_62984549__voice_599419879.mp3,https://sales-engine-audio.oss-cn-hongkong.aliyuncs.com/sales-engine/recordings/2026-04-23/user_62984549__voice_599419879.mp3?OSSAccessKeyId=LTAI5t6Jd8PozcNwqEKaFS1q&Expires=1777146242&Signature=M76zpSI9vdklXk0g%2BSjzkbO5zjU%3D,عليكم السلام.الحمد لله.سلام وعافيش.哎，老师好。Okay. Yeah. Have fun. عليكم السلام. الحمد لله. سلام وعافيش. 哎，老师好。 Okay. Yeah. Have fun.,bad_asr,ASR_LOW_QUALITY,0c63e13b-ea7f-47d9-8db1-c4f8a8e17257,qwen3-asr-flash-filetrans,2026-04-26 01:44:09,invalid_or_noise,unknown,no_real_conversation,no_issue,no_task,المحتوى عبارة عن تحيات وتكرار وعبارات بلغات مختلفة ('老师好' بالصينية)، ولا يوجد أي حديث متعلق بالخدمة أو البيع أو نية واضحة من المتصل. مما يجعلها غير صالحة للتحليل كعملية مبيعات.
0884599f58c9fce8874e8b8bbb2011ee,voice_599420063,599420063,62979732,EGCC-fatmamohamed,2310(Maqsam),2026-04-23 01:51:14,双方接通,in_class_support,0.6,المتحدث يحاول الانضمام إلى جلسة مباشرة ويواجه مشكلة تقنية (صوت/كاميرا). النص مختلط بلغات أخرى وغير واضح بشكل عام.,high,,,,,,,,,,,,,,unknown,,technical_issue,,,,,,,,,,success,,,,2026-04-26 00:31:05,2026-04-26 01:44:09,http://pd-fscall-record.oss-cn-hongkong.aliyuncs.com/2026-04-23/maqsam-FatmaMohamed.298632197.mp3?OSSAccessKeyId=LTAI5t8sBUhKT5YzXBHvmGGq&Expires=1777141739&Signature=f9VG4J%2BYYK8q4%2FA0o1N3y6DdMF8%3D,http://pd-fscall-record.oss-cn-hongkong.aliyuncs.com/2026-04-23/maqsam-FatmaMohamed.298632197.mp3?OSSAccessKeyId=LTAI5t8sBUhKT5YzXBHvmGGq&Expires=1777141739&Signature=f9VG4J%2BYYK8q4%2FA0o1N3y6DdMF8%3D,sales-engine/recordings/2026-04-23/user_62979732__voice_599420063.mp3,https://sales-engine-audio.oss-cn-hongkong.aliyuncs.com/sales-engine/recordings/2026-04-23/user_62979732__voice_599420063.mp3?OSSAccessKeyId=LTAI5t6Jd8PozcNwqEKaFS1q&Expires=1777146252&Signature=%2B/toHyeCXs5fPNYsvB0rObX7vdU%3D,हैलो¿Y va?Yes.Yeah.这样。一楼。ये वजह नहींOkey. La mía. Yes.Yeah.دخلت على متابعة الجلسة فقط. الجلسة المباشرة الآن. كيف؟ ها؟ الجوال.من الجوال.طيب أوكي. إيوه. لو أنا ما بالكاميرا عادة ما خليهم مدفوعة. أوكي، طيب الحين تسمعيني؟Tá aí. हैलो ¿Y va? Yes. Yeah. 这样。 一楼。 ये वजह नहीं Okey. La mía. Yes. دخلت على متابعة الجلسة فقط. الجلسة المباشرة الآن. كيف؟ ها؟ الجوال. من الجوال. طيب أوكي. إيوه. لو أنا ما بالكاميرا عادة ما خليهم مدفوعة. أوكي، طيب الحين تسمعيني؟ Tá aí.,bad_asr,ASR_LOW_QUALITY,a7b8cc94-916c-4d25-99f4-be4d79cdf0cc,qwen3-asr-flash-filetrans,2026-04-26 01:44:22,unknown,technical_issue,no_real_conversation,no_issue,unknown,النص يحتوي على تداخل لغوي (عربي، هندي، صيني، إسباني) وضوضاء عالية، مما يصعب فهم الحوار بشكل كامل. الأجزاء العربية تشير إلى محاولة الانضمام لجلسة مباشرة ومشاكل تقنية في السمع أو الكاميرا.
7b49713163f9b4d501d49fa95c253452,voice_599420565,599420565,62981103,EGCC-fatmamohamed,2310(Maqsam),2026-04-23 01:58:23,双方接通,in_class_support,0.9,المتصل يحاول الدخول إلى الفصل/المنصة ويواجه مشكلة تقنية.,high,,,,,,,,,,,,,,unknown,,technical_issue,,,,,,,,,,success,,,,2026-04-26 00:31:05,2026-04-26 01:44:23,http://pd-fscall-record.oss-cn-hongkong.aliyuncs.com/2026-04-23/maqsam-FatmaMohamed.298633386.mp3?OSSAccessKeyId=LTAI5t8sBUhKT5YzXBHvmGGq&Expires=1777141738&Signature=7Hxw71nPgZAHJzIhqpzCyqZLVWA%3D,http://pd-fscall-record.oss-cn-hongkong.aliyuncs.com/2026-04-23/maqsam-FatmaMohamed.298633386.mp3?OSSAccessKeyId=LTAI5t8sBUhKT5YzXBHvmGGq&Expires=1777141738&Signature=7Hxw71nPgZAHJzIhqpzCyqZLVWA%3D,sales-engine/recordings/2026-04-23/user_62981103__voice_599420565.mp3,https://sales-engine-audio.oss-cn-hongkong.aliyuncs.com/sales-engine/recordings/2026-04-23/user_62981103__voice_599420565.mp3?OSSAccessKeyId=LTAI5t6Jd8PozcNwqEKaFS1q&Expires=1777146265&Signature=IR7eESl1PAkYVuMOjU%2B/E9kJ%2BdQ%3D,Allô?إيه إيه جالس أحاول أدخل بس على إيدك.There you go.啊，来了来了。To. Last setup. Allô? إيه إيه جالس أحاول أدخل بس على إيدك. There you go. 啊，来了来了。 To. Last setup.,bad_asr,ASR_LOW_QUALITY,db84986e-d004-45a3-99d1-644e358a63ec,qwen3-asr-flash-filetrans,2026-04-26 01:44:31,good_need,technical_issue,normal,no_issue,no_task,"المتصل يواجه مشكلة تقنية في الدخول إلى الفصل الدراسي / المنصة عبر الإنترنت حيث قال: ""جالس أحاول أدخل بس على إيدك""."
99c37944ca172aa28eff0ee719c615bc,voice_599420811,599420811,62986235,EGCC-maiwaheed,2313(Maqsam),2026-04-23 01:57:39,双方接通,post_class_followup,0.7,العميل يتصل للاعتذار عن التأخير ويوضح أن والده يرى أن السعر مرتفع ويفضل الدورات الحضورية، بينما يفضل هو الدورات الأونلاين بسبب طبيعة عمله. كما أن العميل لديه مخاوف من الالتزام بالتقسيط بسبب وظيفته المؤقتة. وعد بمحاولة حل هذه الأمور مع والده والتواصل مجدداً بداية الشهر الجديد.,unknown,,,,,,,,,,,,,,medium,,payment_method,,,,,,,,,,success,,,,2026-04-26 00:31:05,2026-04-26 01:44:33,http://pd-fscall-record.oss-cn-hongkong.aliyuncs.com/2026-04-23/maqsam-MaiWaheed.298633257.mp3?OSSAccessKeyId=LTAI5t8sBUhKT5YzXBHvmGGq&Expires=1777141739&Signature=Tm0UAT3%2FVD3GAPFazGgZQQbljz4%3D,http://pd-fscall-record.oss-cn-hongkong.aliyuncs.com/2026-04-23/maqsam-MaiWaheed.298633257.mp3?OSSAccessKeyId=LTAI5t8sBUhKT5YzXBHvmGGq&Expires=1777141739&Signature=Tm0UAT3%2FVD3GAPFazGgZQQbljz4%3D,sales-engine/recordings/2026-04-23/user_62986235__voice_599420811.mp3,https://sales-engine-audio.oss-cn-hongkong.aliyuncs.com/sales-engine/recordings/2026-04-23/user_62986235__voice_599420811.mp3?OSSAccessKeyId=LTAI5t6Jd8PozcNwqEKaFS1q&Expires=1777146278&Signature=8g2U4cUdJR9sTElkIphVKSaFOCA%3D,ألو السلام عليكم. نعتذر نعتذر على التأخير، أرسلت والله على الواتساب بس ما أدري أنتم شفتوها أو لا.والله ما أدري إذا دقيقة أنا أسف. آه رسلت بس الصوتية موجودة ب ب باقية ما راحت لكم. على العموم إيه. على العموم أنا والله كلمت الوالد الوالد قال يعني السعر شوية يعني الصراحة يعني فوق المقدرة يعني الصراحة. إيه.أم داري داري بس يعني الوالد مع التزاماته يقول فترة طويلة شوي.آه بقى إيه فكنت تكفي طويلة شوية يعني.هو أنه صح الكلام هذا بس أنه الوايت شكله معتمد على مع مع يبي يدور شيء عندي هنا في جدة حضوريًا ما هو بأونلاين أنا والله بدي باللّاين عشان دواماتي وأشغالي فبحاول إني يعني أرجع أتواصل معكم في أقرب وقت والله.啊。صح صح.Um.أنا والله أبى أصبر على الوالد لين بداية الشهر الجديد مثال يمكن يتحسن شوي الوضع أرجع أسجل لأني أونلاين أنا أبغى أونلاين الصراحة حضوري ما أقدر والله ما في وقت فا يمكن نتواصل يمكن في تواصل معكم إن شاء الله في أقرب وقت.Uh huh.อีหน่า刷。hmلا عارف أعرف أعرف بس ما ودي والله الصراحة ألتزم بتكسيدات يمكن في الوقت الأيام الجاية ما أقدر أسددها لأن هي وظيفة مؤقتة ما هي برسمية.إن شاء الله إن شاء الله بقى. أبى أحاول إن شاء الله إني أصلح الأحوال إن شاء الله قبل بداية الشهر هذا يمكن لي التواصل معاكم بعدها.Uh huh.إن شاء الله، بإذن الله.يوم سبعة وعشرين، يوم سبعة وعشرين، يوم سبعة وعشرين.إن شاء الله الله يعطيك العافية. يا هلا. ألو السلام عليكم. نعتذر نعتذر على التأخير، أرسلت والله على الواتساب بس ما أدري أنتم شفتوها أو لا. والله ما أدري إذا دقيقة أنا أسف. آه رسلت بس الصوتية موجودة ب ب باقية ما راحت لكم. على العموم إيه. على العموم أنا والله كلمت الوالد الوالد قال يعني السعر شوية يعني الصراحة يعني فوق المقدرة يعني الصراحة. إيه. أم داري داري بس يعني الوالد مع التزاماته يقول فترة طويلة شوي. آه بقى إيه فكنت تكفي طويلة شوية يعني. هو أنه صح الكلام هذا بس أنه الوايت شكله معتمد على مع مع يبي يدور شيء عندي هنا في جدة حضوريًا ما هو بأونلاين أنا والله بدي باللّاين عشان دواماتي وأشغالي فبحاول إني يعني أرجع أتواصل معكم في أقرب وقت والله. 啊。 صح صح. Um. أنا والله أبى أصبر على الوالد لين بداية الشهر الجديد مثال يمكن يتحسن شوي الوضع أرجع أسجل لأني أونلاين أنا أبغى أونلاين الصراحة حضوري ما أقدر والله ما في وقت فا يمكن نتواصل يمكن في تواصل معكم إن شاء الله في أقرب وقت. Uh huh. อีหน่า 刷。 hm لا عارف أعرف أعرف بس ما ودي والله الصراحة ألتزم بتكسيدات يمكن في الوقت الأيام الجاية ما أقدر أسددها لأن هي وظيفة مؤقتة ما هي برسمية. إن شاء الله إن شاء الله بقى. أبى أحاول إن شاء الله إني أصلح الأحوال إن شاء الله قبل بداية الشهر هذا يمكن لي التواصل معاكم بعدها. إن شاء الله، بإذن الله. يوم سبعة وعشرين، يوم سبعة وعشرين، يوم سبعة وعشرين. إن شاء الله الله يعطيك العافية. يا هلا.,bad_asr,ASR_LOW_QUALITY,50ea27da-5507-44d2-9a98-03809df0fdca,qwen3-asr-flash-filetrans,2026-04-26 01:44:51,weak_need,unknown,normal,no_issue,no_task,العميل يواجه اعتراضات مالية (السعر المرتفع وصعوبة الالتزام بالتقسيط لوظيفته المؤقتة) واعتراضات على نمط الدورة (تفضيل والده للحضوري). وعد بمحاولة تسوية الأمور الداخلية والتواصل في أقرب وقت.
5187f0dfa0e9f56473b774bfd0dd2bdc,voice_599423741,599423741,62796982,EGCC-maiwaheed,2313(Maqsam),2026-04-23 02:26:47,双方接通,unknown,0.0,المحتوى غير عربي ولا يمكن تلخيصه.,unknown,,,,,,,,,,,,,,unknown,,unknown,,,,,,,,,,success,,,,2026-04-26 00:31:05,2026-04-26 01:45:09,http://pd-fscall-record.oss-cn-hongkong.aliyuncs.com/2026-04-23/maqsam-MaiWaheed.298638645.mp3?OSSAccessKeyId=LTAI5t8sBUhKT5YzXBHvmGGq&Expires=1777141737&Signature=hZR7wqM5lU6s%2B7FBegWgvrNlIvU%3D,http://pd-fscall-record.oss-cn-hongkong.aliyuncs.com/2026-04-23/maqsam-MaiWaheed.298638645.mp3?OSSAccessKeyId=LTAI5t8sBUhKT5YzXBHvmGGq&Expires=1777141737&Signature=hZR7wqM5lU6s%2B7FBegWgvrNlIvU%3D,sales-engine/recordings/2026-04-23/user_62796982__voice_599423741.mp3,https://sales-engine-audio.oss-cn-hongkong.aliyuncs.com/sales-engine/recordings/2026-04-23/user_62796982__voice_599423741.mp3?OSSAccessKeyId=LTAI5t6Jd8PozcNwqEKaFS1q&Expires=1777146312&Signature=sa2PQA8apaG5bZtluPs9i0EKntQ%3D,Not.Right. Yeah.Oh.Quatre collègues.哎呦，天呐。 Not. Right. Yeah. Oh. Quatre collègues. 哎呦，天呐。,bad_asr,ASR_LOW_QUALITY,7bd3fa6c-9324-4c99-8b3e-67861d652c7a,qwen3-asr-flash-filetrans,2026-04-26 01:45:18,invalid_or_noise,unknown,no_real_conversation,unknown,no_task,النسخة المكتوبة تحتوي على كلمات بلغات مختلفة (الإنجليزية، الفرنسية، الصينية) وليست باللغة العربية، ولا تمثل محادثة واضحة. لذلك، لا يمكن استخلاص أي معلومات محددة.
672ac49a209efd2028a1d3c285312ea9,voice_599424677,599424677,62985832,51nadamuhammad,2245(Maqsam),2026-04-23 02:36:07,双方接通,unknown,0.1,المكالمة تتكون من كلمات مجزأة وأرقام متقطعة، لا يوجد حديث مترابط أو مفهوم.,unknown,,,,,,,,,,,,,,unknown,,unknown,,,,,,,,,,success,,,,2026-04-26 00:31:05,2026-04-26 01:46:03,http://pd-fscall-record.oss-cn-hongkong.aliyuncs.com/2026-04-23/maqsam-NadaMuhammad.298640441.mp3?OSSAccessKeyId=LTAI5t8sBUhKT5YzXBHvmGGq&Expires=1777141736&Signature=O%2BWu9EUAbARssEJsXN33OxR2yrc%3D,http://pd-fscall-record.oss-cn-hongkong.aliyuncs.com/2026-04-23/maqsam-NadaMuhammad.298640441.mp3?OSSAccessKeyId=LTAI5t8sBUhKT5YzXBHvmGGq&Expires=1777141736&Signature=O%2BWu9EUAbARssEJsXN33OxR2yrc%3D,sales-engine/recordings/2026-04-23/user_62985832__voice_599424677.mp3,https://sales-engine-audio.oss-cn-hongkong.aliyuncs.com/sales-engine/recordings/2026-04-23/user_62985832__voice_599424677.mp3?OSSAccessKeyId=LTAI5t6Jd8PozcNwqEKaFS1q&Expires=1777146367&Signature=Q6o33WfWd8/gkmEQO3X3tVut5b0%3D,"I think.Okay.أي واحد ماله صبر سامح.आई ऑफ़ फादर है把他们炸炸。哎。أيوة بالضبط، بس هذا كلام معك.Hm.The green area.أنهض ببطء.إن شاء الله من تاريخ واحد.啊系啊。And child.¿Qué es?Oh yeah.The gig. Yeah.صفر خمسة أربعة أربعة.Yhtä paljon.ねえ手前なしって。ميه ثمانية وستة.Bye.Spicy.أربعة ثلاث مرات أربعة.Power.Just the money. Money is money.I.Moon child.Okay. Ah, otherwise. I think. Okay. أي واحد ماله صبر سامح. आई ऑफ़ फादर है 把他们炸炸。 哎。 أيوة بالضبط، بس هذا كلام معك. Hm. The green area. أنهض ببطء. إن شاء الله من تاريخ واحد. 啊系啊。 And child. ¿Qué es? Oh yeah. The gig. Yeah. صفر خمسة أربعة أربعة. Yhtä paljon. ねえ手前なしって。 ميه ثمانية وستة. Bye. Spicy. أربعة ثلاث مرات أربعة. Power. Just the money. Money is money. I. Moon child. Okay. Ah, otherwise.",bad_asr,ASR_LOW_QUALITY,31797b5d-d8d7-49eb-811b-cf0cdf87af09,qwen3-asr-flash-filetrans,2026-04-26 01:46:17,invalid_or_noise,unknown,no_real_conversation,unknown,no_task,المكالمة غير مفهومة ومتقطعة، تتضمن كلمات مجزأة وأرقام عشوائية ولا يوجد حوار واضح.
3d107462d62c7f965d82a1067926807a,voice_599424842,599424842,62985832,51nadamuhammad,2245(Maqsam),2026-04-23 02:34:05,双方接通,unknown,0.0,المحتوى المدخل ليس باللغة العربية، لذا لا يمكن تقديم ملخص عربي.,unknown,,,,,,,,,,,,,,unknown,,unknown,,,,,,,,,,success,,,,2026-04-26 00:31:05,2026-04-26 01:46:17,http://pd-fscall-record.oss-cn-hongkong.aliyuncs.com/2026-04-23/maqsam-NadaMuhammad.298640071.mp3?OSSAccessKeyId=LTAI5t8sBUhKT5YzXBHvmGGq&Expires=1777141736&Signature=T%2FpNXFCNPvL4gG0P%2FtOWvYI%2BDB4%3D,http://pd-fscall-record.oss-cn-hongkong.aliyuncs.com/2026-04-23/maqsam-NadaMuhammad.298640071.mp3?OSSAccessKeyId=LTAI5t8sBUhKT5YzXBHvmGGq&Expires=1777141736&Signature=T%2FpNXFCNPvL4gG0P%2FtOWvYI%2BDB4%3D,sales-engine/recordings/2026-04-23/user_62985832__voice_599424842.mp3,https://sales-engine-audio.oss-cn-hongkong.aliyuncs.com/sales-engine/recordings/2026-04-23/user_62985832__voice_599424842.mp3?OSSAccessKeyId=LTAI5t6Jd8PozcNwqEKaFS1q&Expires=1777146379&Signature=dumMllbTE8tmHj8DjPNuhAhCW2s%3D,当然了。,bad_asr,ASR_LOW_QUALITY,a2be69cf-f57e-4c33-9d2d-72797ed9bfbd,qwen3-asr-flash-filetrans,2026-04-26 01:46:26,invalid_or_noise,unknown,no_real_conversation,unknown,no_task,النص المدخل باللغة الصينية (当然了)، وليس باللغة العربية، مما يمنع التحليل الصحيح لمكالمة مبيعات سعودية.
c2f4ce494d476d92c94cfae62b45f193,voice_599475457,599475457,62998129,EGCC-tasneemmahmoud,2311(Maqsam),2026-04-23 17:57:07,双方接通,pre_class_reschedule,0.9,العميل يستفسر عن إمكانية تغيير موعد الحصة المسجلة ويسأل عن تسجيل طفلين آخرين بنفس رقم التواصل.,high,,,,,,,,,,,,,,high,,schedule,,,,,,,,,,success,,,,2026-04-26 00:31:05,2026-04-26 01:46:41,http://pd-fscall-record.oss-cn-hongkong.aliyuncs.com/2026-04-23/maqsam-TasneemMahmoud.298763493.mp3?OSSAccessKeyId=LTAI5t8sBUhKT5YzXBHvmGGq&Expires=1777141732&Signature=QnYmbpZiadR%2Be5kh9bqkGR2EtlE%3D,http://pd-fscall-record.oss-cn-hongkong.aliyuncs.com/2026-04-23/maqsam-TasneemMahmoud.298763493.mp3?OSSAccessKeyId=LTAI5t8sBUhKT5YzXBHvmGGq&Expires=1777141732&Signature=QnYmbpZiadR%2Be5kh9bqkGR2EtlE%3D,sales-engine/recordings/2026-04-23/user_62998129__voice_599475457.mp3,https://sales-engine-audio.oss-cn-hongkong.aliyuncs.com/sales-engine/recordings/2026-04-23/user_62998129__voice_599475457.mp3?OSSAccessKeyId=LTAI5t6Jd8PozcNwqEKaFS1q&Expires=1777146405&Signature=b5SFVV7YIYAxqAvIqpMnEJ1Eb%2Bc%3D,"अच्छाVery nice.أيوه أهلاً وسهلاً.أقدر أخليها وقت ثاني ولا خلاص اتسجلت؟هالعادي ما مشكلة بس طيب عندي استفسار ثاني أنا عندي ولد وبنت ثانيين أبغى تسجلهم ينفع على هذا الرقم عادي؟يعني هم الحين هم هم ثلاثة فجلت الواحد بدل الاثنين.Ah, from what, to have a.ต้องมีตังค์Oh yes Yes.工资不给，工资不给你。हाँ हिरन रहा था।Hmm.Hello, is this Helpline?But. अच्छा Very nice. أيوه أهلاً وسهلاً. أقدر أخليها وقت ثاني ولا خلاص اتسجلت؟ هالعادي ما مشكلة بس طيب عندي استفسار ثاني أنا عندي ولد وبنت ثانيين أبغى تسجلهم ينفع على هذا الرقم عادي؟ يعني هم الحين هم هم ثلاثة فجلت الواحد بدل الاثنين. Ah, from what, to have a. ต้องมีตังค์ Oh yes Yes. 工资不给，工资不给你。 हाँ हिरन रहा था। Hmm. Hello, is this Helpline? But.",bad_asr,ASR_LOW_QUALITY,fdda5445-da82-44f6-b235-2e8de62df585,qwen3-asr-flash-filetrans,2026-04-26 01:47:00,good_need,unknown,background_noise_only,no_issue,rebook_trial,العميل يرغب في تغيير موعد الحصة المسجلة ويستفسر عن إمكانية تسجيل طفلين آخرين، مما يستدعي إعادة جدولة الحصة الحالية وتوجيه تسجيل الأطفال الجدد.
ba4fc44a591ed4382d5dc8d95cd3bfb8,voice_599475672,599475672,62999750,EGCC-fatmamohamed,2310(Maqsam),2026-04-23 17:58:23,双方接通,pre_class_confirm,1.0,المستخدمة مبتدئة جداً بالإنجليزية، وترغب بالتعلم للدراسة والجامعة. تسأل عن آلية عمل الدروس التجريبية، جدول الحصص، كيفية الدخول، وجودة المحتوى المجاني، وتفضل معلمة.,high,,,,,,,,,,,,,,medium,,course_quality,,,,,,,,,,success,,,,2026-04-26 00:31:05,2026-04-26 01:47:00,http://pd-fscall-record.oss-cn-hongkong.aliyuncs.com/2026-04-23/maqsam-FatmaMohamed.298764051.mp3?OSSAccessKeyId=LTAI5t8sBUhKT5YzXBHvmGGq&Expires=1777141732&Signature=swuDed%2FymzbepGN5S3L9FJoYJKs%3D,http://pd-fscall-record.oss-cn-hongkong.aliyuncs.com/2026-04-23/maqsam-FatmaMohamed.298764051.mp3?OSSAccessKeyId=LTAI5t8sBUhKT5YzXBHvmGGq&Expires=1777141732&Signature=swuDed%2FymzbepGN5S3L9FJoYJKs%3D,sales-engine/recordings/2026-04-23/user_62999750__voice_599475672.mp3,https://sales-engine-audio.oss-cn-hongkong.aliyuncs.com/sales-engine/recordings/2026-04-23/user_62999750__voice_599475672.mp3?OSSAccessKeyId=LTAI5t6Jd8PozcNwqEKaFS1q&Expires=1777146425&Signature=nbbxE1iIq2PLKso7GZ9yeGH3U4U%3D,"أيوة هلاet moiالعصر.تمامGross so en.منال منال أيوة.Ámriðs að það er.What a life.لا ما أعرفها.أيوة من الصفر حرفياً لأن ما أعرف شيء لا الكبير ولا الصغير.I know.أبي أتعلم يعني عشان أعرف أقرأ أعرف أعرف أقرأ يعني الإنجليزي إذا شفت شيء قدامي أعرف أقرأه.أيوة برضه عشان الدراسة عشان الجامعة عشان كل شيء يعني.هذا؟ لا أنا لسه أنا لا أنا لسه أنا لسه بدرس.ei voi taidettan on.Ja.مم باغي صدق يعني بفكر شوف بفكر بس إنه طب يعني.Niin, niin on mun kanssa.إن شاء الله.Come.أيوة مثل مثل أي أو في يعني حرف الصغير ذاك إيش اسمه والكبير يعني كلها أيوة أيوة.أيوه بس بس الكتابة يعني تختلف.ليه حطي الكتابة ما أعرف أيوة؟Turn on.إيش هالناغة هرو.أيوة عندي شغوف.لا لا لأ أول مرة شفته بالإنستا قعدت أدور كده وحصلته قلت خلني أسجل ده منو مجانيإلا بيكون في بس إنه ما يعلمونك يعني بس كذا فهمتي إنه تقرأ تقرأ بعد تطلع.Um. But ah.أبداً، هو وقت تكلمت في الموضوع، بس تقول أفضل لك تخليني من الصوت.ادخلي من الصوت كده يعني تعلمي إنتي بعدين هتشوفي زي كده فهمتي؟أيوة أبدأ من أول أيوة الحين ما ينفع خلاص تتخرجي وأنتي يعني خلاص استردي يعنيأيوة بالضبط عشان كده قاعدة أقول لك طيب مين اللي هيعلمني مين يعني إيش هو إيش يعني فهمتي هل هو سعودي هل هو عشان أفهم عليه فهمتي؟mjumهيلو.صحيح أيوة ما يقص كده يعني الأفكارأيوة أيوة بس هي منصة يعني ولا رابط ولا إيش؟لا والله ما حملته.à qui il est doitأيوه أيوه ابتديها عشان ادخل على ده.وين تفضلين الآيباد أو الجوال ما يهم يعني صح؟أيوه طب أوكي تمام.¡chao!Okay, čau, mňoum, šukraj.嗯，是。أيوة ما أعرفها ما شاء الله تفهمين علي كيف.这样啊。Uh huh.حلو.Et vousHello.还有这种。Um hm.还聊。مرة حلو طيب متى أدخل كل يوم كل يوم ولا يعني في الأسبوع ولا كيف؟أيوة حلو يعني يشوفون مستواي كيفetSöydännes.Can.خلاص أك حلو.تمام أوكي تمام.हमें बरना पचाने हैंتمام أنا أدخل من رابط الساعة هو ساعة بعد يرسلون الرابط ولا كيف؟commentUh huh.Yeah.There you go.تمام، شكراً.لحد الآن ما في.أو والله ما أدري إيش أسأل عنه، بس اللي أتمناه إن شاء الله إنه كويس بالنسبة لي.الأفضل أنها تكون معلمة.嗯。helloUm.تمام.إن شاء الله.I see. أيوة هلا et moi العصر. تمام Gross so en. منال منال أيوة. Ámriðs að það er. What a life. لا ما أعرفها. أيوة من الصفر حرفياً لأن ما أعرف شيء لا الكبير ولا الصغير. I know. أبي أتعلم يعني عشان أعرف أقرأ أعرف أعرف أقرأ يعني الإنجليزي إذا شفت شيء قدامي أعرف أقرأه. أيوة برضه عشان الدراسة عشان الجامعة عشان كل شيء يعني. هذا؟ لا أنا لسه أنا لا أنا لسه أنا لسه بدرس. ei voi taidettan on. Ja. مم باغي صدق يعني بفكر شوف بفكر بس إنه طب يعني. Niin, niin on mun kanssa. إن شاء الله. Come. أيوة مثل مثل أي أو في يعني حرف الصغير ذاك إيش اسمه والكبير يعني كلها أيوة أيوة. أيوه بس بس الكتابة يعني تختلف. ليه حطي الكتابة ما أعرف أيوة؟ Turn on. إيش هالناغة هرو. أيوة عندي شغوف. لا لا لأ أول مرة شفته بالإنستا قعدت أدور كده وحصلته قلت خلني أسجل ده منو مجاني إلا بيكون في بس إنه ما يعلمونك يعني بس كذا فهمتي إنه تقرأ تقرأ بعد تطلع. Um. But ah. أبداً، هو وقت تكلمت في الموضوع، بس تقول أفضل لك تخليني من الصوت. ادخلي من الصوت كده يعني تعلمي إنتي بعدين هتشوفي زي كده فهمتي؟ أيوة أبدأ من أول أيوة الحين ما ينفع خلاص تتخرجي وأنتي يعني خلاص استردي يعني أيوة بالضبط عشان كده قاعدة أقول لك طيب مين اللي هيعلمني مين يعني إيش هو إيش يعني فهمتي هل هو سعودي هل هو عشان أفهم عليه فهمتي؟ mjum هيلو. صحيح أيوة ما يقص كده يعني الأفكار أيوة أيوة بس هي منصة يعني ولا رابط ولا إيش؟ لا والله ما حملته. à qui il est doit أيوه أيوه ابتديها عشان ادخل على ده. وين تفضلين الآيباد أو الجوال ما يهم يعني صح؟ أيوه طب أوكي تمام. ¡chao! Okay, čau, mňoum, šukraj. 嗯，是。 أيوة ما أعرفها ما شاء الله تفهمين علي كيف. 这样啊。 Uh huh. حلو. Et vous Hello. 还有这种。 Um hm. 还聊。 مرة حلو طيب متى أدخل كل يوم كل يوم ولا يعني في الأسبوع ولا كيف؟ أيوة حلو يعني يشوفون مستواي كيف et Söydännes. Can. خلاص أك حلو. تمام أوكي تمام. हमें बरना पचाने हैं تمام أنا أدخل من رابط الساعة هو ساعة بعد يرسلون الرابط ولا كيف؟ comment Yeah. There you go. تمام، شكراً. لحد الآن ما في. أو والله ما أدري إيش أسأل عنه، بس اللي أتمناه إن شاء الله إنه كويس بالنسبة لي. الأفضل أنها تكون معلمة. 嗯。 hello Um. تمام. I see.",bad_asr,ASR_LOW_QUALITY,7a4588ae-5260-4bbf-922d-d9088893e88f,qwen3-asr-flash-filetrans,2026-04-26 01:47:34,good_need,unknown,normal,no_issue,rebook_trial,المستخدمة لديها حاجة واضحة لتعلم الإنجليزية من الصفر وهي مهتمة بالتعلم، لكن لديها استفسارات حول آلية عمل الخدمة، جدول الحصص، كيفية الدخول إلى الدروس التجريبية، وجودة المحتوى التعليمي، بالإضافة إلى تفضيلها لمعلمة.
00905a37254a8abffe2a905c1d5d526e,voice_599476079,599476079,62998129,EGCC-tasneemmahmoud,2311(Maqsam),2026-04-23 18:00:11,双方接通,post_class_followup,1.0,الأم تتصل للاستفسار عن كيفية تسجيل أبنائها، الجوهرة (14 سنة) وعبد الله (18 سنة)، في الدورات بعد تجربة. ذكرت أن عبد الله تم تسجيله في الصباح. تستفسر عن التطبيق وكيفية التسجيل والسعر، ولديها تحفظات على السعر والقيمة التعليمية.,high,,,,,,,,,,,,,,high,,price,,,,,,,,,,success,,,,2026-04-26 00:31:05,2026-04-26 01:47:34,http://pd-fscall-record.oss-cn-hongkong.aliyuncs.com/2026-04-23/maqsam-TasneemMahmoud.298764833.mp3?OSSAccessKeyId=LTAI5t8sBUhKT5YzXBHvmGGq&Expires=1777141731&Signature=3iB5XTzBDll1Q1Qubb4dj6Gg%2B4M%3D,http://pd-fscall-record.oss-cn-hongkong.aliyuncs.com/2026-04-23/maqsam-TasneemMahmoud.298764833.mp3?OSSAccessKeyId=LTAI5t8sBUhKT5YzXBHvmGGq&Expires=1777141731&Signature=3iB5XTzBDll1Q1Qubb4dj6Gg%2B4M%3D,sales-engine/recordings/2026-04-23/user_62998129__voice_599476079.mp3,https://sales-engine-audio.oss-cn-hongkong.aliyuncs.com/sales-engine/recordings/2026-04-23/user_62998129__voice_599476079.mp3?OSSAccessKeyId=LTAI5t6Jd8PozcNwqEKaFS1q&Expires=1777146459&Signature=nci7ZWfvKwLkEE9VBXkrvKgQRtI%3D,"他那个利息高。Hundred.พออุ๊ยมันต้องหอยมากกว่านั้น ใช่一个月。उसके बाहरبسم الله البنت دانيةاللي اسمها الجوهرة عمرها أربعتاشرأيوه جوهرة.هو خلاص سجلته اليوم عبد الله سجلته الصباح عبد الله عنده ثمنتاعش.عادي يعني الله يحمينا تجيهم على نفس الرقم هذا ما في مشكلة يعني حصصهم تجي عادي.لا لا بتكون أيوة أكيد حتى ممكن ما في نفس اليوم يوم واحد واليوم الثاني واحد ثاني مو شرط كلهم في نفس اليوم.ตอนนี้لا رغمي أنا أمّه.So you. That's that's a lot ingredient. Hmm.طيب دقيقة دحين بطلع لك أنا حافظة والله.ثلاثة ثلاثة؟¿Usted tiene entrada, ¿ah?ثمانية خمسة؟Hola, Cecela.Now.Hello. Yeah.हाँ कोईطيب طيب مو مشكلة كيف إذا أبى أسجل لهم يعني الدورات أدخل على التطبيق نفسك أم ثمة تطبيق؟ถ้ามาเมื่อไหร่ไปเที่ยวที่นั่นดี น่าจะไปเที่ยวAh. Yes.हाँ ये दुखी दुखीعشان عشان نصحي على الكتابة، طيب دقيقة.Yeah.ये ठीक है ठीक हैet c'est votre femme qui fait ça?دقيقة. يا الله. دقيقة بالله عندي في صوت الحين.हैलो हैलोأيوة دقيقة عشان كنت بطلع رقم زي ما صفر خمسة طلعتلا لا ثلاثة بذي هذا خد بذي هذا عندك هو مرض موبوءة بس عندي رقم ثلاثة.Okay.फिर खंभे चलाते हैंon sekiz mayıs'ta.This side, this side.واحد خمسة.هو رقم عمتى لو وجدت عليكم أنا أبلغها لو ضغطنا اختيار شيء اختيار.Evet. Evet bu güzel, bu güzel, anlaşılan.طاهر طاهر أسلوب الطهر طاهر على الروح والجوهر على هذا الوجه أي طاهر.ต่อให้รึเปล่าहैOh, I think.Okay.Oh yeah.خليها لمكانها تبقى دقيقة سؤالها تكون فاضية اليوم.wala akong pasok.طيب ينفع معاها السعر بس؟والله نص نص مو مرة، ما في المدارس التعليمية ما هذا التعليم، يعني يبقالهم شوية.طيب تمام حطيها أربعة طيب الحسبة حقتها تيجي على الرقم اللي سجل ولا على رقمي؟सम समI never tried.Oh yeah.अभी मैं सिर्फ देखी हूँخلاص خليها زي ما هي ليها خمسة.你好。ก็มันคือมันก็ไม่ใช่แบบนี้Vous entendezأيوة لأنه ما أخد إنجليزي أصلاً لما دخلناهم المدرسة ما كان عندهم عندهم إنجليزي ما عندهم إلا ثانِي رابع.It's crazy.Wait.Yeah.تمام تمام تمام جزاك الله خير ويعطيك العافية.ใช่ไหม อะไรก็ได้ อะไรก็ได้ 他那个利息高。 Hundred. พออุ๊ยมันต้องหอยมากกว่านั้น ใช่ 一个月。 उसके बाहर بسم الله البنت دانية اللي اسمها الجوهرة عمرها أربعتاشر أيوه جوهرة. هو خلاص سجلته اليوم عبد الله سجلته الصباح عبد الله عنده ثمنتاعش. عادي يعني الله يحمينا تجيهم على نفس الرقم هذا ما في مشكلة يعني حصصهم تجي عادي. لا لا بتكون أيوة أكيد حتى ممكن ما في نفس اليوم يوم واحد واليوم الثاني واحد ثاني مو شرط كلهم في نفس اليوم. ตอนนี้ لا رغمي أنا أمّه. So you. That's that's a lot ingredient. Hmm. طيب دقيقة دحين بطلع لك أنا حافظة والله. ثلاثة ثلاثة؟ ¿Usted tiene entrada, ¿ah? ثمانية خمسة؟ Hola, Cecela. Now. Hello. Yeah. हाँ कोई طيب طيب مو مشكلة كيف إذا أبى أسجل لهم يعني الدورات أدخل على التطبيق نفسك أم ثمة تطبيق؟ ถ้ามาเมื่อไหร่ไปเที่ยวที่นั่นดี น่าจะไปเที่ยว Ah. Yes. हाँ ये दुखी दुखी عشان عشان نصحي على الكتابة، طيب دقيقة. Yeah. ये ठीक है ठीक है et c'est votre femme qui fait ça? دقيقة. يا الله. دقيقة بالله عندي في صوت الحين. हैलो हैलो أيوة دقيقة عشان كنت بطلع رقم زي ما صفر خمسة طلعت لا لا ثلاثة بذي هذا خد بذي هذا عندك هو مرض موبوءة بس عندي رقم ثلاثة. Okay. फिर खंभे चलाते हैं on sekiz mayıs'ta. This side, this side. واحد خمسة. هو رقم عمتى لو وجدت عليكم أنا أبلغها لو ضغطنا اختيار شيء اختيار. Evet. Evet bu güzel, bu güzel, anlaşılan. طاهر طاهر أسلوب الطهر طاهر على الروح والجوهر على هذا الوجه أي طاهر. ต่อให้รึเปล่า है Oh, I think. Oh yeah. خليها لمكانها تبقى دقيقة سؤالها تكون فاضية اليوم. wala akong pasok. طيب ينفع معاها السعر بس؟ والله نص نص مو مرة، ما في المدارس التعليمية ما هذا التعليم، يعني يبقالهم شوية. طيب تمام حطيها أربعة طيب الحسبة حقتها تيجي على الرقم اللي سجل ولا على رقمي؟ सम सम I never tried. अभी मैं सिर्फ देखी हूँ خلاص خليها زي ما هي ليها خمسة. 你好。 ก็มันคือมันก็ไม่ใช่แบบนี้ Vous entendez أيوة لأنه ما أخد إنجليزي أصلاً لما دخلناهم المدرسة ما كان عندهم عندهم إنجليزي ما عندهم إلا ثانِي رابع. It's crazy. Wait. تمام تمام تمام جزاك الله خير ويعطيك العافية. ใช่ไหม อะไรก็ได้ อะไรก็ได้",bad_asr,ASR_LOW_QUALITY,9ed7e8f5-e808-477e-9e9c-16e52d960d16,qwen3-asr-flash-filetrans,2026-04-26 01:48:07,good_need,dissatisfied_course,normal,no_issue,close_payment,الأم تستفسر عن تسجيل أبنائها في الدورات بعد تجربة وتواجه مشكلة في السعر والقيمة التعليمية التي لا تتناسب مع توقعاتها أو ما توفره المدارس التقليدية.
17067bee25c4430a336bbc7513786fc9,voice_599483337,599483337,62997453,51habiba.hassan,2244(Maqsam),2026-04-23 18:41:30,双方接通,unknown,0.1,المكالمة تحتوي على جمل غير مترابطة بلغات متعددة (فرنسية، هندية، روسية، إنجليزية) ولا تشكل محادثة مفهومة أو ذات صلة بمكالمة مبيعات.,unknown,,,,,,,,,,,,,,unknown,,unknown,,,,,,,,,,success,,,,2026-04-26 00:31:05,2026-04-26 01:48:07,http://pd-fscall-record.oss-cn-hongkong.aliyuncs.com/2026-04-23/maqsam-habiba.hassan.298783768.mp3?OSSAccessKeyId=LTAI5t8sBUhKT5YzXBHvmGGq&Expires=1777141601&Signature=doLeR%2Bcrh4a5JBsQ69CPzTmROOY%3D,http://pd-fscall-record.oss-cn-hongkong.aliyuncs.com/2026-04-23/maqsam-habiba.hassan.298783768.mp3?OSSAccessKeyId=LTAI5t8sBUhKT5YzXBHvmGGq&Expires=1777141601&Signature=doLeR%2Bcrh4a5JBsQ69CPzTmROOY%3D,sales-engine/recordings/2026-04-23/user_62997453__voice_599483337.mp3,https://sales-engine-audio.oss-cn-hongkong.aliyuncs.com/sales-engine/recordings/2026-04-23/user_62997453__voice_599483337.mp3?OSSAccessKeyId=LTAI5t6Jd8PozcNwqEKaFS1q&Expires=1777146490&Signature=A3sMoQQdQbFSaH2lnY2KKkvOF4E%3D,"Alors, on va voir les autres. Bonne soirée.सर¿ ah? ¿ ah?कोला माँ बाहर बोल कर आवाما فهمت علىмой шарикeuholla.ouais je vais avoir chaudÄh?Um.Thank you. Alors, on va voir les autres. Bonne soirée. सर ¿ ah? ¿ ah? कोला माँ बाहर बोल कर आवा ما فهمت على мой шарик euh olla. ouais je vais avoir chaud Äh? Um. Thank you.",bad_asr,ASR_LOW_QUALITY,8d52965e-f3e3-4f43-b221-f3be8461ce4f,qwen3-asr-flash-filetrans,2026-04-26 01:48:20,invalid_or_noise,unknown,no_real_conversation,unknown,no_task,المكالمة عبارة عن خليط من الكلمات والعبارات بلغات مختلفة مثل الفرنسية والهندية والروسية والإنجليزية، ولا تشكل حوارًا مفهومًا أو ذا صلة بمكالمة مبيعات. لا يمكن استخلاص أي معلومات مفيدة.
bc9ebc567d798fe81b342baa1cd4682b,voice_599484303,599484303,62994199,EGCC-maiwaheed,2313(Maqsam),2026-04-23 18:43:28,双方接通,unknown,0.1,المكالمة قصيرة جداً تحتوي على تحية أولية ورد عام.,unknown,,,,,,,,,,,,,,unknown,,none,,,,,,,,,,success,,,,2026-04-26 00:31:05,2026-04-26 01:48:20,http://pd-fscall-record.oss-cn-hongkong.aliyuncs.com/2026-04-23/maqsam-MaiWaheed.298784811.mp3?OSSAccessKeyId=LTAI5t8sBUhKT5YzXBHvmGGq&Expires=1777141730&Signature=PCbVkB3%2F1EAgnYrl6mCkDddGmk4%3D,http://pd-fscall-record.oss-cn-hongkong.aliyuncs.com/2026-04-23/maqsam-MaiWaheed.298784811.mp3?OSSAccessKeyId=LTAI5t8sBUhKT5YzXBHvmGGq&Expires=1777141730&Signature=PCbVkB3%2F1EAgnYrl6mCkDddGmk4%3D,sales-engine/recordings/2026-04-23/user_62994199__voice_599484303.mp3,https://sales-engine-audio.oss-cn-hongkong.aliyuncs.com/sales-engine/recordings/2026-04-23/user_62994199__voice_599484303.mp3?OSSAccessKeyId=LTAI5t6Jd8PozcNwqEKaFS1q&Expires=1777146502&Signature=K45m9NstO15tF5lO7pIa0j9vDog%3D,Aló.تمام الحمد لله.哎。mhm. Aló. تمام الحمد لله. 哎。 mhm.,bad_asr,ASR_LOW_QUALITY,ba84300a-25c0-4cf7-91a7-4656e15da939,qwen3-asr-flash-filetrans,2026-04-26 01:48:28,unknown,unknown,normal,no_issue,no_task,المكالمة قصيرة جداً ولا تحتوي على أي محتوى أو معلومات يمكن تحليلها.
29e316039e6225d46eb8cf5873deeec0,voice_599484829,599484829,62984549,EGCC-eman.amr,2289(Maqsam),2026-04-23 18:46:15,双方接通,unknown,0.0,المحتوى قصير جداً وغير مفهوم، ولا يبدو أنه باللغة العربية السعودية.,unknown,,,,,,,,,,,,,,unknown,,unknown,,,,,,,,,,success,,,,2026-04-26 00:31:05,2026-04-26 01:48:30,http://pd-fscall-record.oss-cn-hongkong.aliyuncs.com/2026-04-23/maqsam-Eman.Amr.298786241.mp3?OSSAccessKeyId=LTAI5t8sBUhKT5YzXBHvmGGq&Expires=1777141601&Signature=1MHk6HKjodj1fxzWZh%2B868tXPmg%3D,http://pd-fscall-record.oss-cn-hongkong.aliyuncs.com/2026-04-23/maqsam-Eman.Amr.298786241.mp3?OSSAccessKeyId=LTAI5t8sBUhKT5YzXBHvmGGq&Expires=1777141601&Signature=1MHk6HKjodj1fxzWZh%2B868tXPmg%3D,sales-engine/recordings/2026-04-23/user_62984549__voice_599484829.mp3,https://sales-engine-audio.oss-cn-hongkong.aliyuncs.com/sales-engine/recordings/2026-04-23/user_62984549__voice_599484829.mp3?OSSAccessKeyId=LTAI5t6Jd8PozcNwqEKaFS1q&Expires=1777146513&Signature=bGa3bs3hlunkZNIrriE/WZDCkJs%3D,嗯。,bad_asr,ASR_LOW_QUALITY,29c6f8b5-1b2a-4185-8404-124539ebb81c,qwen3-asr-flash-filetrans,2026-04-26 01:48:39,invalid_or_noise,unknown,no_real_conversation,no_issue,no_task,المكالمة تحتوي على مقطع صوتي قصير جداً وغير مفهوم ('嗯')، ولا يمكن تحليله ضمن سياق مكالمة مبيعات باللغة العربية السعودية.
52770ddb538dc5e4c947a23cf2842be0,voice_599489658,599489658,62996037,EGCC-tasneemmahmoud,2311(Maqsam),2026-04-23 19:09:26,双方接通,unknown,0.1,المكالمة تحتوي على تحيات بسيطة ومحاولة اتصال بدون حوار حقيقي أو محتوى للمبيعات.,unknown,,,,,,,,,,,,,,unknown,,none,,,,,,,,,,success,,,,2026-04-26 00:31:05,2026-04-26 01:49:22,http://pd-fscall-record.oss-cn-hongkong.aliyuncs.com/2026-04-23/maqsam-TasneemMahmoud.298797564.mp3?OSSAccessKeyId=LTAI5t8sBUhKT5YzXBHvmGGq&Expires=1777141730&Signature=i%2Bm%2F5rjVxiZleLUWTpgUzW8%2B%2FJ8%3D,http://pd-fscall-record.oss-cn-hongkong.aliyuncs.com/2026-04-23/maqsam-TasneemMahmoud.298797564.mp3?OSSAccessKeyId=LTAI5t8sBUhKT5YzXBHvmGGq&Expires=1777141730&Signature=i%2Bm%2F5rjVxiZleLUWTpgUzW8%2B%2FJ8%3D,sales-engine/recordings/2026-04-23/user_62996037__voice_599489658.mp3,https://sales-engine-audio.oss-cn-hongkong.aliyuncs.com/sales-engine/recordings/2026-04-23/user_62996037__voice_599489658.mp3?OSSAccessKeyId=LTAI5t6Jd8PozcNwqEKaFS1q&Expires=1777146565&Signature=V0sUAEByHnR7bXhx99gVATVd6Uc%3D,हाँ helloAllô हाँ hello Allô,bad_asr,ASR_LOW_QUALITY,e285c49c-2dd8-4a5d-92fd-d3389b71e6d1,qwen3-asr-flash-filetrans,2026-04-26 01:49:30,unknown,unknown,no_real_conversation,no_issue,no_task,المكالمة تحتوي على تحيات فقط وليست محادثة حقيقية لتقييم أي من الحقول المطلوبة، كما أن لغة المحادثة ليست العربية.
e0448282715986699749c1be02f98365,voice_599490513,599490513,62996037,EGCC-tasneemmahmoud,2311(Maqsam),2026-04-23 19:11:41,双方接通,pre_class_confirm,1.0,المكالمة لتأكيد حجز الطالب محمد إبراهيم لحصة اليوم الساعة الواحدة، ويسأل عن رابط الحصة. كما يشارك رقم والده ويصف مستواه في اللغة العربية.,high,,,,,,,,,,,,,,unknown,,none,,,,,,,,,,success,,,,2026-04-26 00:31:05,2026-04-26 01:50:39,http://pd-fscall-record.oss-cn-hongkong.aliyuncs.com/2026-04-23/maqsam-TasneemMahmoud.298798554.mp3?OSSAccessKeyId=LTAI5t8sBUhKT5YzXBHvmGGq&Expires=1777141728&Signature=pe%2FCKJK3uDZNzPObfuBFaM2Ix4o%3D,http://pd-fscall-record.oss-cn-hongkong.aliyuncs.com/2026-04-23/maqsam-TasneemMahmoud.298798554.mp3?OSSAccessKeyId=LTAI5t8sBUhKT5YzXBHvmGGq&Expires=1777141728&Signature=pe%2FCKJK3uDZNzPObfuBFaM2Ix4o%3D,sales-engine/recordings/2026-04-23/user_62996037__voice_599490513.mp3,https://sales-engine-audio.oss-cn-hongkong.aliyuncs.com/sales-engine/recordings/2026-04-23/user_62996037__voice_599490513.mp3?OSSAccessKeyId=LTAI5t6Jd8PozcNwqEKaFS1q&Expires=1777146644&Signature=yhA4dN0KkzxLVcso1F2OMkz/BGQ%3D,"¡háblame!啊什么？Allô.哎哎。أنتِ الاستاذة مين.Да, я, да, я.أي نعم حجزت اليوم صحيح.إيه أنا عجزت اليوم تقريبا الساعة واحدة. أها طيب شكرا.طيب طيب أنا أكيد بتعلم.إيه بحظر بحظر الحصة.محمد إبراهيم.محمد إبراهيم.Uh huh.I don't.أقول أقول لمحمد إبراهيمetاسم الرباعي يعني؟हमारे सपाटأنا في أول ثانوي.Yeah.طيب طيب بسوي لحظة.सही बोलाAbsolutely.رقم أبوك لحظة بشوفه.أهلاً. تجلي تجلي خمسة ثلاثة.etصفر صفر ثلاثة سبعة ثمانية تسعة ثمانية سبعة ثمانية تسعة ثمانية إيوه.صفر خمسة ثلاثة، صفر ثلاثة صفر، صفر ثلاثة، سبعة ثمانية سبعة ثمانية.سبعة ثمانية تسعة ثمانية طيب إيه هذا رقم الوالد إيه؟It's nice.Eh ehإيه انت واسطة.Um.eh, de nuestra región. Sí.Right.يعني يعني لما تبدأ الحصة بتديك إياها ليه ولا كيف؟إيه والله عندي عندي إمكانيات كتيرة بس بتن بتوصل لي الرابط ولا إيه؟对。طيب إن شاء الله طيب. إن شاء الله طيب. إن شاء الله تبارك الله. طيب طيب.bye, Mister Lampaya.مستواي والله عادنا عادنا شو تعليم شو تعليم زيادة.مستواي يعني أقرأ الكلام بس مو منطقه، إني عارف الحروف، عارف كل شيء بس ما أعرف أقرأ.Yeah. Right.إيه هذا الرقم اللي تدق عليه هذا الواتساب حقي.对。باي باي باي باي في أمان الله يا الله.Ah là là, je peux pas.individuali.pa ésta y bla, bla, bla.يلا شكرًا، ع السلامة. ¡háblame! 啊什么？ Allô. 哎哎。 أنتِ الاستاذة مين. Да, я, да, я. أي نعم حجزت اليوم صحيح. إيه أنا عجزت اليوم تقريبا الساعة واحدة. أها طيب شكرا. طيب طيب أنا أكيد بتعلم. إيه بحظر بحظر الحصة. محمد إبراهيم. Uh huh. I don't. أقول أقول لمحمد إبراهيم et اسم الرباعي يعني؟ हमारे सपाट أنا في أول ثانوي. Yeah. طيب طيب بسوي لحظة. सही बोला Absolutely. رقم أبوك لحظة بشوفه. أهلاً. تجلي تجلي خمسة ثلاثة. صفر صفر ثلاثة سبعة ثمانية تسعة ثمانية سبعة ثمانية تسعة ثمانية إيوه. صفر خمسة ثلاثة، صفر ثلاثة صفر، صفر ثلاثة، سبعة ثمانية سبعة ثمانية. سبعة ثمانية تسعة ثمانية طيب إيه هذا رقم الوالد إيه؟ It's nice. Eh eh إيه انت واسطة. Um. eh, de nuestra región. Sí. Right. يعني يعني لما تبدأ الحصة بتديك إياها ليه ولا كيف؟ إيه والله عندي عندي إمكانيات كتيرة بس بتن بتوصل لي الرابط ولا إيه؟ 对。 طيب إن شاء الله طيب. إن شاء الله طيب. إن شاء الله تبارك الله. طيب طيب. bye, Mister Lampaya. مستواي والله عادنا عادنا شو تعليم شو تعليم زيادة. مستواي يعني أقرأ الكلام بس مو منطقه، إني عارف الحروف، عارف كل شيء بس ما أعرف أقرأ. Yeah. Right. إيه هذا الرقم اللي تدق عليه هذا الواتساب حقي. باي باي باي باي في أمان الله يا الله. Ah là là, je peux pas. individuali. pa ésta y bla, bla, bla. يلا شكرًا، ع السلامة.",bad_asr,ASR_LOW_QUALITY,d98664ed-0516-423b-bad2-4beafe098e3d,qwen3-asr-flash-filetrans,2026-04-26 01:51:09,good_need,unknown,normal,no_issue,no_task,الطالب يؤكد حضوره لحصة اليوم الساعة 1 مساءً ويستفسر عن كيفية استلام رابط الحصة. كما يصف مستواه في اللغة العربية.
6f5575e01f7f7512b669c0a787174660,voice_599491051,599491051,62988786,EGCC-eman.amr,2289(Maqsam),2026-04-23 19:13:09,双方接通,duplicate_or_wrong,1.0,المتصلة تنفي بشدة قيامها بأي حجز، وتؤكد أنها لم تحمل المنصة، وتشير إلى أن المتصلين قد يكونون اتصلوا بالرقم الخطأ. كما ذكرت أنها تلقت رسالة حجز لم تقم به، وذكرت أن لديها عذراً (وفاة جدها).,unknown,,,,,,,,,,,,,,none,,none,,,,,,,,,,success,,,,2026-04-26 00:31:05,2026-04-26 01:51:09,http://pd-fscall-record.oss-cn-hongkong.aliyuncs.com/2026-04-23/maqsam-Eman.Amr.298799254.mp3?OSSAccessKeyId=LTAI5t8sBUhKT5YzXBHvmGGq&Expires=1777141599&Signature=%2BOklhZrC6CtEedYFkecLl8aLGLU%3D,http://pd-fscall-record.oss-cn-hongkong.aliyuncs.com/2026-04-23/maqsam-Eman.Amr.298799254.mp3?OSSAccessKeyId=LTAI5t8sBUhKT5YzXBHvmGGq&Expires=1777141599&Signature=%2BOklhZrC6CtEedYFkecLl8aLGLU%3D,sales-engine/recordings/2026-04-23/user_62988786__voice_599491051.mp3,https://sales-engine-audio.oss-cn-hongkong.aliyuncs.com/sales-engine/recordings/2026-04-23/user_62988786__voice_599491051.mp3?OSSAccessKeyId=LTAI5t6Jd8PozcNwqEKaFS1q&Expires=1777146672&Signature=ivCcu9vqFAr4BT7BzkrinmHQ1a0%3D,हैल्लोअल्लाह को सुनोطبعا أنا ما أنا ما أشتغل من فايف وان توك.¿Qué?لا أنا ما أنا ما صراحة أنا ما أخسر لا أنا ما حجزت.لا والله ما في أحدOkay.صح يعني يمكن إنتم غلطانين في الرجل.What.لا والله إن أنا حتى ماني محملة المنصة هذي.أيوه أنا جاتني رسالة قبل كم يوم إني أنا حجزت وأنا ما حجزت. لا والله عشان أنا الحين عندي عذر ويعني جدي ميت وعندي عذر ما أقدر.देखने वाला हैल्लो अल्लाह को सुनो طبعا أنا ما أنا ما أشتغل من فايف وان توك. ¿Qué? لا أنا ما أنا ما صراحة أنا ما أخسر لا أنا ما حجزت. لا والله ما في أحد Okay. صح يعني يمكن إنتم غلطانين في الرجل. What. لا والله إن أنا حتى ماني محملة المنصة هذي. أيوه أنا جاتني رسالة قبل كم يوم إني أنا حجزت وأنا ما حجزت. لا والله عشان أنا الحين عندي عذر ويعني جدي ميت وعندي عذر ما أقدر. देखने वाला,bad_asr,ASR_LOW_QUALITY,de085f86-a111-421b-98a6-c7f0822f7949,qwen3-asr-flash-filetrans,2026-04-26 01:51:21,wrong_number,unknown,normal,no_issue,no_task,المتصلة تؤكد عدم قيامها بالحجز وأنها لم تحمل المنصة، وتشير إلى وجود خطأ في الرقم أو الشخص، مع ذكر تلقيها لرسالة حجز لم تقم به.
3e9b5624350c7a3071eee7d791b63839,voice_599494297,599494297,62996652,51habiba.hassan,2244(Maqsam),2026-04-23 19:27:42,双方接通,post_class_failed,1.0,المكالمة متابعة لعميل لم يتمكن من حضور حصة سابقة. العميل يوضح أنه مشغول بالدوام حالياً ويطلب من المتصلة معاودة الاتصال به لاحقاً (بعد العصر أو المغرب) لمناقشة التفاصيل. لديه اهتمام باللغة الإنجليزية لمعرفة أساسياتها.,low,,,,,,,,,,,,,,low,,schedule,,,,,,,,,,success,,,,2026-04-26 00:31:05,2026-04-26 01:52:09,http://pd-fscall-record.oss-cn-hongkong.aliyuncs.com/2026-04-23/maqsam-habiba.hassan.298805784.mp3?OSSAccessKeyId=LTAI5t8sBUhKT5YzXBHvmGGq&Expires=1777141599&Signature=qGeR0pH8tvysypa4LpsjoWpBXvc%3D,http://pd-fscall-record.oss-cn-hongkong.aliyuncs.com/2026-04-23/maqsam-habiba.hassan.298805784.mp3?OSSAccessKeyId=LTAI5t8sBUhKT5YzXBHvmGGq&Expires=1777141599&Signature=qGeR0pH8tvysypa4LpsjoWpBXvc%3D,sales-engine/recordings/2026-04-23/user_62996652__voice_599494297.mp3,https://sales-engine-audio.oss-cn-hongkong.aliyuncs.com/sales-engine/recordings/2026-04-23/user_62996652__voice_599494297.mp3?OSSAccessKeyId=LTAI5t6Jd8PozcNwqEKaFS1q&Expires=1777146734&Signature=/dfEJKn4Ru6qtL/zHphm%2BS2D3YU%3D,"أنا أصلاً ما أحب أشوفها. أيوه هالة، عليك السلام. نعم. الحمد لله بخير إن شاء الله.I don't know why it's in it. I know. Probably I want. Um. I know. Not good.Alibaba.Ah, yeah.vean, vean, vean.Aiyah.Yeah. No. Sure.اثنين وعشرين.لأ اثنين.In. Lalage.أمي أنا. سناوي بس سناوي. لا لا. ما قدرت أدخل ما قدرت أدخل. أيوة أيوة في سبب معي.إيش؟ والله مو الحين إن شاء الله لقدام بإذن الله.أيوة بدوام. علينا دوام حراسات. حراسات أمي. يعني تقريباً أداوم حراسات؟फिर चले या वल्ला वहाँ फिरतीΛα μασίζετ, μασίζετ, μασίζετ. Πολλά μαστόα, μακέρε.أعرف الحروف، أعرف كم يعني كذا يعني أعرف عن نفسي، يعني إذا شفت كم كلمة كذا أحاول أتهجاها.أمطغها وكذا. يعني حاجة حاجات بسيطة كذا. أم والله اللي قدام يعني الواحد ممكن يكمل جامعة عشان كذا.والمجتمع اللي حولنا بعد يعني الواحد لازم يتواصل معاهم شغل إيه؟آه أخذت يعني تقريباً ثلاثة أيام.كنت أدخل دورات مجانية كده يومين ثلاثة كده بس. والله مو مرة يعني هو كله يعني تأسيس الحروف والأرقام فهمت؟ أيوة.Wow.Um.Ah.لا والله السوشيال ميديا يعني كل شخص كذا يشوفه ويتكلم على تغريدة ومميزاته.إيش لون؟ إيش لون؟ إيش لون؟ إيش لون؟ إيش لون؟ إيش لون؟Hmm. Check up.Um, is, enough.Hmm.Okay.Hmm. Yeah, I know. Kebab, kebab.على حسب الوضع يعني أمم.أيوة عندي.Um.Okay Okay.Um.Yeah.हैलोونظريين لازم تتشير الوالدةYeah.أوكي ما عندك مشكلة. قلت لك أوكي ما عندك مشكلة أنا حطيت كرد ما تواصل معه طيب.et Giga.tout se passe bien, d'accord, bien.إيه، كم بدنا نرقم؟ صفر خمسة أربعة.صفر خمسة أيوة اثنين ثلاثة ثمانية، اثنين ثمانية ثلاثة، لا اثنين ثمانية ثلاثة. اه اثنين خمسة ثلاثة تسعة.تسعة.เจลาจะจัดสรรYeah, yeah.Amina.Amina. Amina Amina. Amina. Amina. Amina. Amina. Amina. Amina. Amina. Amina. Amina. Amina. Amina. Amina. Amina. Amina. Amina. Amina. Amina. Amina. Amina.لكلميها كده على العصر أو بعد المغرب حاليًا ممكن تكون نايم أنا جاية من الدوام أيوة. بعطيك العافية.ما شاء اللهما شاء الله تبارك الله.إن شاء الله تبارك الله بإذن الله يعطيك العافية.So can.بإذن الله إن شاء الله إن شاء الله أنا أصلاً ما أحب أشوفها. أيوه هالة، عليك السلام. نعم. الحمد لله بخير إن شاء الله. I don't know why it's in it. I know. Probably I want. Um. I know. Not good. Alibaba. Ah, yeah. vean, vean, vean. Aiyah. Yeah. No. Sure. اثنين وعشرين. لأ اثنين. In. Lalage. أمي أنا. سناوي بس سناوي. لا لا. ما قدرت أدخل ما قدرت أدخل. أيوة أيوة في سبب معي. إيش؟ والله مو الحين إن شاء الله لقدام بإذن الله. أيوة بدوام. علينا دوام حراسات. حراسات أمي. يعني تقريباً أداوم حراسات؟ फिर चले या वल्ला वहाँ फिरती Λα μασίζετ, μασίζετ, μασίζετ. Πολλά μαστόα, μακέρε. أعرف الحروف، أعرف كم يعني كذا يعني أعرف عن نفسي، يعني إذا شفت كم كلمة كذا أحاول أتهجاها. أمطغها وكذا. يعني حاجة حاجات بسيطة كذا. أم والله اللي قدام يعني الواحد ممكن يكمل جامعة عشان كذا. والمجتمع اللي حولنا بعد يعني الواحد لازم يتواصل معاهم شغل إيه؟ آه أخذت يعني تقريباً ثلاثة أيام. كنت أدخل دورات مجانية كده يومين ثلاثة كده بس. والله مو مرة يعني هو كله يعني تأسيس الحروف والأرقام فهمت؟ أيوة. Wow. Um. Ah. لا والله السوشيال ميديا يعني كل شخص كذا يشوفه ويتكلم على تغريدة ومميزاته. إيش لون؟ إيش لون؟ إيش لون؟ إيش لون؟ إيش لون؟ إيش لون؟ Hmm. Check up. Um, is, enough. Hmm. Okay. Hmm. Yeah, I know. Kebab, kebab. على حسب الوضع يعني أمم. أيوة عندي. Okay Okay. Yeah. हैलो ونظريين لازم تتشير الوالدة أوكي ما عندك مشكلة. قلت لك أوكي ما عندك مشكلة أنا حطيت كرد ما تواصل معه طيب. et Giga. tout se passe bien, d'accord, bien. إيه، كم بدنا نرقم؟ صفر خمسة أربعة. صفر خمسة أيوة اثنين ثلاثة ثمانية، اثنين ثمانية ثلاثة، لا اثنين ثمانية ثلاثة. اه اثنين خمسة ثلاثة تسعة. تسعة. เจลาจะจัดสรร Yeah, yeah. Amina. Amina. Amina Amina. Amina. Amina. Amina. Amina. Amina. Amina. Amina. Amina. Amina. Amina. Amina. Amina. Amina. Amina. Amina. Amina. Amina. Amina. Amina. لكلميها كده على العصر أو بعد المغرب حاليًا ممكن تكون نايم أنا جاية من الدوام أيوة. بعطيك العافية. ما شاء الله ما شاء الله تبارك الله. إن شاء الله تبارك الله بإذن الله يعطيك العافية. So can. بإذن الله إن شاء الله إن شاء الله",bad_asr,ASR_LOW_QUALITY,1b1c7107-17ed-4ad9-8a5c-ef2803143f70,qwen3-asr-flash-filetrans,2026-04-26 01:52:35,good_need,unknown,normal,no_issue,rebook_trial,العميل لم يتمكن من حضور الحصة التجريبية لظروف العمل (دوام حراسات)، ويعبر عن رغبته في تعلم اللغة الإنجليزية للمستقبل. طلب إعادة الاتصال به في وقت لاحق (بعد العصر أو المغرب) لتحديد موعد مناسب.
fd100fafeb6431347f1244272a821afd,voice_599496225,599496225,62818451,EGCC-fatmamohamed,2310(Maqsam),2026-04-23 19:36:01,双方接通,unknown,0.0,المكالمة تحتوي على ضوضاء شديدة ولغات متعددة، مع بعض العبارات العربية المجزأة التي يصعب فهم سياقها ضمن مكالمة مبيعات. يبدو أن هناك إشارة إلى أخذ محاضرة والإعجاب بها، ولكن السياق غير واضح.,unknown,,,,,,,,,,,,,,unknown,,unknown,,,,,,,,,,success,,,,2026-04-26 00:31:05,2026-04-26 01:52:36,http://pd-fscall-record.oss-cn-hongkong.aliyuncs.com/2026-04-23/maqsam-FatmaMohamed.298809904.mp3?OSSAccessKeyId=LTAI5t8sBUhKT5YzXBHvmGGq&Expires=1777141725&Signature=oLUZk1%2BGzeRYSAIWRmdfltGkcak%3D,http://pd-fscall-record.oss-cn-hongkong.aliyuncs.com/2026-04-23/maqsam-FatmaMohamed.298809904.mp3?OSSAccessKeyId=LTAI5t8sBUhKT5YzXBHvmGGq&Expires=1777141725&Signature=oLUZk1%2BGzeRYSAIWRmdfltGkcak%3D,sales-engine/recordings/2026-04-23/user_62818451__voice_599496225.mp3,https://sales-engine-audio.oss-cn-hongkong.aliyuncs.com/sales-engine/recordings/2026-04-23/user_62818451__voice_599496225.mp3?OSSAccessKeyId=LTAI5t6Jd8PozcNwqEKaFS1q&Expires=1777146760&Signature=xzgqLpcQzLGMEzxgPp53OduVrUc%3D,"Já umělka.嗯。哎呦。啊，我哋。哎呦。Oh.Hello.Sí, yo te alcanzo a escuchar.سهلة سهلة.ehm.ah, no me restringe a alguien.número de estrés.I will.Um.¿y noYa.哎呦。And.اااا ياه ما ان شاء الله ما كنت قادرة أدخلهAnd.¿Aló?а дима морозов знаешь?No.اليوم الماضي أبيض تخلصAh well.ففرخنا ثلاثة لانسا.¿cuánto te lo vas aثلاث أحرف.tout ça c'est l'important这两天，嗯。لا صفر خمسة.Okay.Hello.¿Aló¿Algo?¿Aló?آه للهجةsí.إيه شافني وأنا أخدت أول محاضرة أو شو اسمه؟ أمم أوكيه أوه شفنا شو اسمه محاضرة وعجبني وضعنا كاتبين مسج فيها.ah, con mi ga, con galiciana.어뭐뭐알지.Hello.Um. I just to ask you, study.Yeah.y la geografía.In.嗯，饿的吧。Ah, c'est les bons, les bons.What.Ah, I'm not sure. Can you repeat me?Es que, eh, ¿qué me dicesOkay. Já umělka. 嗯。 哎呦。 啊，我哋。 Oh. Hello. Sí, yo te alcanzo a escuchar. سهلة سهلة. ehm. ah, no me restringe a alguien. número de estrés. I will. Um. ¿y no Ya. And. اااا ياه ما ان شاء الله ما كنت قادرة أدخله ¿Aló? а дима морозов знаешь? No. اليوم الماضي أبيض تخلص Ah well. ففرخنا ثلاثة لانسا. ¿cuánto te lo vas a ثلاث أحرف. tout ça c'est l'important 这两天，嗯。 لا صفر خمسة. Okay. ¿Aló ¿Algo? آه للهجة sí. إيه شافني وأنا أخدت أول محاضرة أو شو اسمه؟ أمم أوكيه أوه شفنا شو اسمه محاضرة وعجبني وضعنا كاتبين مسج فيها. ah, con mi ga, con galiciana. 어뭐뭐알지. Um. I just to ask you, study. Yeah. y la geografía. In. 嗯，饿的吧。 Ah, c'est les bons, les bons. What. Ah, I'm not sure. Can you repeat me? Es que, eh, ¿qué me dices",bad_asr,ASR_LOW_QUALITY,cbe609b5-945d-4cae-9a5a-fa9f42c315be,qwen3-asr-flash-filetrans,2026-04-26 01:52:53,invalid_or_noise,unknown,no_real_conversation,unknown,no_task,المكالمة عبارة عن خليط من لغات متعددة (الإسبانية، التشيكية، الصينية، الكورية، الإنجليزية) بالإضافة إلى العربية، مع ضوضاء شديدة وعدم وجود حوار متسق يخص مكالمة مبيعات. لا يمكن استخلاص معلومات ذات معنى من هذا المحتوى.
809d012df252667ef2de42eb24cd4a0f,voice_599498728,599498728,0,EGCC-fatmamohamed,2310(Maqsam),2026-04-23 19:43:28,双方接通,post_class_followup,1.0,العميل يستفسر عن تفاصيل باقات الكورسات، وخصوصاً باقة 50 حصة، وتواتر الحصص اليومي، والأسعار (2000 ريال، و2500 ريال بعد الخصم). يعبر العميل عن قلقه من طول مدة الدورة لأن ابنتهم لديها دراسة وبرامج أخرى. ويطلب إرسال كافة التفاصيل والعروض والأسعار عبر الواتساب للتشاور مع العائلة (الأم والأخ الأكبر) قبل اتخاذ القرار، ويطلب فرصة لإعادة النظر ويذكر أنه سيعاود الاتصال.,medium,,,,,,,,,,,,,,medium,,schedule,,,,,,,,,,success,,,,2026-04-26 00:31:05,2026-04-26 01:52:57,http://pd-fscall-record.oss-cn-hongkong.aliyuncs.com/2026-04-23/maqsam-FatmaMohamed.298813710.mp3?OSSAccessKeyId=LTAI5t8sBUhKT5YzXBHvmGGq&Expires=1777141724&Signature=S60n%2FzXuufQCsGIluORldGi4pfo%3D,http://pd-fscall-record.oss-cn-hongkong.aliyuncs.com/2026-04-23/maqsam-FatmaMohamed.298813710.mp3?OSSAccessKeyId=LTAI5t8sBUhKT5YzXBHvmGGq&Expires=1777141724&Signature=S60n%2FzXuufQCsGIluORldGi4pfo%3D,sales-engine/recordings/2026-04-23/user_0__voice_599498728.mp3,https://sales-engine-audio.oss-cn-hongkong.aliyuncs.com/sales-engine/recordings/2026-04-23/user_0__voice_599498728.mp3?OSSAccessKeyId=LTAI5t6Jd8PozcNwqEKaFS1q&Expires=1777146782&Signature=/nr5GNVCSsVRt1x8bUF3A2REJLs%3D,"سلام عليكم. وعليكم السلام ورحمة الله.الله يخليك حياك الله يا أستاذ هاني فيش.أهلًا وسهلًا، أيوة أيوة أيوة بخصوص خاطر نفسي ها؟Hmm.对。ما شاء الله.对，是。آه طيب كيف ترتيب هذه كيف طريقة إيوه؟Hmm.没有，那么。تأخذ كيس؟خمسين حصة؟ آه كل كل يوم كل كم كم وعد في اليوم؟Okay.干嘛？Okay.طيب، وهذا كم رسوم عليها؟اللي في الخصم أكثر كويس.كم القيمة يعني؟اه ألفين؟وإيش اللي قالت أقول قالت لي في شيء فيه خمسمية وكذا؟إجمالي المبلغ ألفين وخمسة ميللي هي رصي المدة كلها كان يعني خمسين خمسين جلسة.啊，那个，是吧？那，个是是，嗯。Hmm.ما نبغى فترة طويلة كده تمل وهي عندها دراسة وعندها برامج ثانية.Okay.أممم طيب إحنا لو قلنا.हाँ जीطيب أختي السؤال السني الكريم أستاذة.طيب اول عليك يا مر اه ممكن نضيفك ترسلولنا شيء على الواتساب نفس الكلام اللي قلتيه عشان نتشاور مع الوالدة مع اخوها الكبير وكذا ونشوف الأشياء المناسبة لها.Okay.هي أنا ودي بعد أعطيني فرصة ما علي بكلمكم ثاني.Yes.هذي هي فكرة؟Et voilà, c'est.हैलोتمام، خلاص، تمام، أرسلي لي بالتوضيح زين والمبلغ والمدة وكل الأشياء العروض الموجودة أرسليها لي.什么？什么？他。بسيطة ما في مشكلة نشوف الوضع ما في مشكلة الخيار كذا ولا كذا. شكرا يا عزيزي أرسلي لي يلا عافيتكم. شكرا يا استاذ الله يعطيك الصحة والعافية.شكرًا على اهتمامك، الله يعافيك، الله يرحم والديك. مع السلامة، حياً الله. سلام عليكم. وعليكم السلام ورحمة الله. الله يخليك حياك الله يا أستاذ هاني فيش. أهلًا وسهلًا، أيوة أيوة أيوة بخصوص خاطر نفسي ها؟ Hmm. 对。 ما شاء الله. 对，是。 آه طيب كيف ترتيب هذه كيف طريقة إيوه؟ 没有，那么。 تأخذ كيس؟ خمسين حصة؟ آه كل كل يوم كل كم كم وعد في اليوم؟ Okay. 干嘛？ طيب، وهذا كم رسوم عليها؟ اللي في الخصم أكثر كويس. كم القيمة يعني؟ اه ألفين؟ وإيش اللي قالت أقول قالت لي في شيء فيه خمسمية وكذا؟ إجمالي المبلغ ألفين وخمسة ميللي هي رصي المدة كلها كان يعني خمسين خمسين جلسة. 啊，那个，是吧？那，个是是，嗯。 ما نبغى فترة طويلة كده تمل وهي عندها دراسة وعندها برامج ثانية. أممم طيب إحنا لو قلنا. हाँ जी طيب أختي السؤال السني الكريم أستاذة. طيب اول عليك يا مر اه ممكن نضيفك ترسلولنا شيء على الواتساب نفس الكلام اللي قلتيه عشان نتشاور مع الوالدة مع اخوها الكبير وكذا ونشوف الأشياء المناسبة لها. هي أنا ودي بعد أعطيني فرصة ما علي بكلمكم ثاني. Yes. هذي هي فكرة؟ Et voilà, c'est. हैलो تمام، خلاص، تمام، أرسلي لي بالتوضيح زين والمبلغ والمدة وكل الأشياء العروض الموجودة أرسليها لي. 什么？ 什么？他。 بسيطة ما في مشكلة نشوف الوضع ما في مشكلة الخيار كذا ولا كذا. شكرا يا عزيزي أرسلي لي يلا عافيتكم. شكرا يا استاذ الله يعطيك الصحة والعافية. شكرًا على اهتمامك، الله يعافيك، الله يرحم والديك. مع السلامة، حياً الله.",bad_asr,ASR_LOW_QUALITY,58605c75-64cc-48fa-b320-ebdb7e61325c,qwen3-asr-flash-filetrans,2026-04-26 01:53:15,good_need,unknown,normal,no_issue,no_task,طلب العميل إرسال تفاصيل العروض والأسعار عبر الواتساب للتشاور مع العائلة (الأم والأخ الأكبر)، وأعرب عن قلقه من طول مدة الدورة لأن ابنتهم لديها دراسة وبرامج أخرى.
000e35bc0d3521fcb37154b2a898822c,voice_599498827,599498827,62996714,EGCC-maiwaheed,2313(Maqsam),2026-04-23 19:43:06,双方接通,unknown,0.1,المكالمة تحتوي على كلمات متقطعة بالإنجليزية والعربية والصينية، ولا يوجد محادثة واضحة أو سياق مفهوم.,unknown,,,,,,,,,,,,,,unknown,,unknown,,,,,,,,,,success,,,,2026-04-26 00:31:05,2026-04-26 01:53:15,http://pd-fscall-record.oss-cn-hongkong.aliyuncs.com/2026-04-23/maqsam-MaiWaheed.298813505.mp3?OSSAccessKeyId=LTAI5t8sBUhKT5YzXBHvmGGq&Expires=1777141724&Signature=xCbKWeKv%2FNeQlnCN7RIrTDTBxkA%3D,http://pd-fscall-record.oss-cn-hongkong.aliyuncs.com/2026-04-23/maqsam-MaiWaheed.298813505.mp3?OSSAccessKeyId=LTAI5t8sBUhKT5YzXBHvmGGq&Expires=1777141724&Signature=xCbKWeKv%2FNeQlnCN7RIrTDTBxkA%3D,sales-engine/recordings/2026-04-23/user_62996714__voice_599498827.mp3,https://sales-engine-audio.oss-cn-hongkong.aliyuncs.com/sales-engine/recordings/2026-04-23/user_62996714__voice_599498827.mp3?OSSAccessKeyId=LTAI5t6Jd8PozcNwqEKaFS1q&Expires=1777146799&Signature=ZfG7PbCGP7QlXsmXhZ3WhlW68Ds%3D,So.Oh.And so.We have.فارس يسعي فارسसुभाषAnd lost.Okay.Okay.Out of shape.妈的，说那些。Hmm. So. Oh. And so. We have. فارس يسعي فارس सुभाष And lost. Okay. Out of shape. 妈的，说那些。 Hmm.,bad_asr,ASR_LOW_QUALITY,6bf516b5-0e20-45c1-b12d-9d2960ad0069,qwen3-asr-flash-filetrans,2026-04-26 01:53:28,invalid_or_noise,unknown,no_real_conversation,unknown,no_task,المكالمة عبارة عن خليط من كلمات متقطعة بلغات مختلفة (إنجليزية، عربية، صينية) وضوضاء، مما يشير إلى عدم وجود محادثة هادفة أو جودة صوت سيئة للغاية.
4ec90042fa55c9a8700c454c088d9662,voice_599501841,599501841,62996037,EGCC-tasneemmahmoud,2311(Maqsam),2026-04-23 19:56:02,双方接通,unknown,0.1,المكالمة تحتوي على كلام صيني متقطع وغير مفهوم، ولا يوجد محادثة بيع واضحة. تم طرح سؤال 'ما اسمك؟' فقط.,unknown,,,,,,,,,,,,,,unknown,,unknown,,,,,,,,,,success,,,,2026-04-26 00:31:05,2026-04-26 01:53:28,http://pd-fscall-record.oss-cn-hongkong.aliyuncs.com/2026-04-23/maqsam-TasneemMahmoud.298819702.mp3?OSSAccessKeyId=LTAI5t8sBUhKT5YzXBHvmGGq&Expires=1777141723&Signature=XbkXnw6y5cGLZm8gdBPP5sW6j4E%3D,http://pd-fscall-record.oss-cn-hongkong.aliyuncs.com/2026-04-23/maqsam-TasneemMahmoud.298819702.mp3?OSSAccessKeyId=LTAI5t8sBUhKT5YzXBHvmGGq&Expires=1777141723&Signature=XbkXnw6y5cGLZm8gdBPP5sW6j4E%3D,sales-engine/recordings/2026-04-23/user_62996037__voice_599501841.mp3,https://sales-engine-audio.oss-cn-hongkong.aliyuncs.com/sales-engine/recordings/2026-04-23/user_62996037__voice_599501841.mp3?OSSAccessKeyId=LTAI5t6Jd8PozcNwqEKaFS1q&Expires=1777146812&Signature=6NpWpZ5WroUG221x44oYG1VGvKI%3D,发了。应该去那。哎，我觉得他不买个房子啊嗯。啥也不懂。嗯，这个嘛。Oh.啊。哦，你好。What.对，还不错。What is your name?可能包括即。 发了。 应该去那。 哎，我觉得他不买个房子啊嗯。 啥也不懂。 嗯，这个嘛。 Oh. 啊。 哦，你好。 What. 对，还不错。 What is your name? 可能包括即。,bad_asr,ASR_LOW_QUALITY,a93b5726-d990-4a63-8bfb-e10e6619c496,qwen3-asr-flash-filetrans,2026-04-26 01:53:41,invalid_or_noise,unknown,no_real_conversation,unknown,no_task,النسخة المكتوبة ليست باللغة العربية وهي مجزأة وغير مترابطة، مما يجعل استخلاص أي معلومات دقيقة حول الغرض من المكالمة مستحيلاً.
d4d2ff5801ca4706079cea8f206bb3b8,voice_599502751,599502751,62996037,EGCC-tasneemmahmoud,2311(Maqsam),2026-04-23 19:57:58,双方接通,unknown,0.0,مكالمة غير واضحة بمزيج من لغات متعددة (الإسبانية، الهندية، الصينية، العربية، التايلندية) ولا تحتوي على محتوى بيعي مفهوم.,unknown,,,,,,,,,,,,,,unknown,,unknown,,,,,,,,,,success,,,,2026-04-26 00:31:05,2026-04-26 01:53:41,http://pd-fscall-record.oss-cn-hongkong.aliyuncs.com/2026-04-23/maqsam-TasneemMahmoud.298820638.mp3?OSSAccessKeyId=LTAI5t8sBUhKT5YzXBHvmGGq&Expires=1777141723&Signature=IgDltjg1egoMmxcgRfr5ugjYYZg%3D,http://pd-fscall-record.oss-cn-hongkong.aliyuncs.com/2026-04-23/maqsam-TasneemMahmoud.298820638.mp3?OSSAccessKeyId=LTAI5t8sBUhKT5YzXBHvmGGq&Expires=1777141723&Signature=IgDltjg1egoMmxcgRfr5ugjYYZg%3D,sales-engine/recordings/2026-04-23/user_62996037__voice_599502751.mp3,https://sales-engine-audio.oss-cn-hongkong.aliyuncs.com/sales-engine/recordings/2026-04-23/user_62996037__voice_599502751.mp3?OSSAccessKeyId=LTAI5t6Jd8PozcNwqEKaFS1q&Expires=1777146825&Signature=mpT%2BtfLC9B4hWUpezQT7RTfwox4%3D,"आलमno, pero, ah, es que, es que, es que los cristianos, pues la, esa, esa, esa parada, pues, le está dando, baja al valor.वाहBut.la, me dijo, que había ya con celo en dichos días.वो मैं ये बात पर रहने देOkay.Oh.Sí, el, el, dejó libre a, a, un cajero de robo que ya, ya no ha llegado, ahorita no porqueOh my god.Ay, el frio de verdad, el frio, el frio de la, el frío de rato para allá como el calor.我讲。apa pengarang oleh wartawan?Yeah.ใช่ อ่า น้องรักษาهلا ومرحبا وعليه الخير وعليه السلام.उन दो आस्थाلكن ورغم ذلك تمام ما دام قدامك خمس دقائق أنا بصدق الوقت تأخذ خمس دقائق.Hmm.Oh.बात ही वहीं तो मैं इन आह खर्च करती भी है नाHello.喂，你好。ولكن هذه الحصبة طبعاً الحصبة الجدري هو تبدأ.لو ترى زحام هستان هستان جه. आलम no, pero, ah, es que, es que, es que los cristianos, pues la, esa, esa, esa parada, pues, le está dando, baja al valor. वाह But. la, me dijo, que había ya con celo en dichos días. वो मैं ये बात पर रहने दे Okay. Oh. Sí, el, el, dejó libre a, a, un cajero de robo que ya, ya no ha llegado, ahorita no porque Oh my god. Ay, el frio de verdad, el frio, el frio de la, el frío de rato para allá como el calor. 我讲。 apa pengarang oleh wartawan? Yeah. ใช่ อ่า น้องรักษา هلا ومرحبا وعليه الخير وعليه السلام. उन दो आस्था لكن ورغم ذلك تمام ما دام قدامك خمس دقائق أنا بصدق الوقت تأخذ خمس دقائق. Hmm. बात ही वहीं तो मैं इन आह खर्च करती भी है ना Hello. 喂，你好。 ولكن هذه الحصبة طبعاً الحصبة الجدري هو تبدأ. لو ترى زحام هستان هستان جه.",bad_asr,ASR_LOW_QUALITY,d1d71c2d-fdfb-49c0-ab77-7c2f78770b39,qwen3-asr-flash-filetrans,2026-04-26 01:53:54,invalid_or_noise,unknown,no_real_conversation,unknown,no_task,المكالمة تتكون من مقاطع صوتية بلغات مختلفة ولا تمثل محادثة بيع حقيقية باللغة العربية السعودية، مما يجعل تحليلها غير ممكن لأي من الأغراض المحددة.
1ec6c2a02294d22a0b5cc43232403151,voice_599507814,599507814,62992183,EGCC-tasneemmahmoud,2311(Maqsam),2026-04-23 20:19:44,双方接通,post_class_followup,0.2,التسجيل يحتوي على لغات متعددة مما يصعب فهمه. الجزء العربي يشير إلى أن العميل مشغول حالياً بالصلاة وسيعود لاحقاً، وقد يتأخر قليلاً. الوكيل ذكر أنه سيحاول التواصل معه مجدداً.,unknown,,,,,,,,,,,,,,unknown,,schedule,,,,,,,,,,success,,,,2026-04-26 00:31:05,2026-04-26 01:54:22,http://pd-fscall-record.oss-cn-hongkong.aliyuncs.com/2026-04-23/maqsam-TasneemMahmoud.298830645.mp3?OSSAccessKeyId=LTAI5t8sBUhKT5YzXBHvmGGq&Expires=1777141719&Signature=5qzGqyEYSu2%2FCNrDs7EeNMeOKcI%3D,http://pd-fscall-record.oss-cn-hongkong.aliyuncs.com/2026-04-23/maqsam-TasneemMahmoud.298830645.mp3?OSSAccessKeyId=LTAI5t8sBUhKT5YzXBHvmGGq&Expires=1777141719&Signature=5qzGqyEYSu2%2FCNrDs7EeNMeOKcI%3D,sales-engine/recordings/2026-04-23/user_62992183__voice_599507814.mp3,https://sales-engine-audio.oss-cn-hongkong.aliyuncs.com/sales-engine/recordings/2026-04-23/user_62992183__voice_599507814.mp3?OSSAccessKeyId=LTAI5t6Jd8PozcNwqEKaFS1q&Expires=1777146866&Signature=5ieXbaQfUVEmFvct3qVSXJpUuQw%3D,"हैलोيا هلا والله أختنا.हाँ那当然的。هو يعرف يفتح القصة يفتحها بعد شوي哎，好啊。يقول لازم ااا أدور من قبل لخمس دقايق خمس دقايقAð. Hey. Þú hafnar kennara. Í kennaní? Já, það er hófsað eitthvað.Sally.الحمد لله طيب.हाँ जुआल喂。对。إيه بس شو اسمه للحين بروح أصلي بروح أصلي وأرجع لك.يمكن أتأخر شوي.啊。嗯。خلاص طيب راجع بحاول أجيبك.はい。 हैलो يا هلا والله أختنا. हाँ 那当然的。 هو يعرف يفتح القصة يفتحها بعد شوي 哎，好啊。 يقول لازم ااا أدور من قبل لخمس دقايق خمس دقايق Að. Hey. Þú hafnar kennara. Í kennaní? Já, það er hófsað eitthvað. Sally. الحمد لله طيب. हाँ जुआल 喂。 对。 إيه بس شو اسمه للحين بروح أصلي بروح أصلي وأرجع لك. يمكن أتأخر شوي. 啊。 嗯。 خلاص طيب راجع بحاول أجيبك. はい。",bad_asr,ASR_LOW_QUALITY,0b9f156b-aaf9-414f-9732-0ed4f1f2e7f4,qwen3-asr-flash-filetrans,2026-04-26 01:54:35,unknown,unknown,no_real_conversation,unknown,rebook_trial,التسجيل يحتوي على لغات متعددة (العربية، الصينية، الأيسلندية، اليابانية) مما يجعل التحليل صعباً للغاية وغير موثوق. الجزء العربي يشير إلى أن العميل مشغول بالصلاة وسيُعاود الاتصال لاحقاً، مما يعتبر عائقاً مؤقتاً في الجدول الزمني للمكالمة.
1926a2cac49de5b62207b2b2b0ede722,voice_599507917,599507917,62908828,EGCC-fatmamohamed,2310(Maqsam),2026-04-23 20:18:27,双方接通,unknown,0.3,"المكالمة تتضمن لغات متعددة (عربي، صيني، إنجليزي، كوري، يوناني، فرنسي) وضوضاء. يبدو أن المتصل يواجه صعوبة في السمع (""ما أسمعك والله"") ويذكر أنه يفضل العربية. يشير إلى أنه سيسأل شخصاً ما ويعاود الرد (""بقوله وأرد عليك"").",unknown,,,,,,,,,,,,,,unknown,,unknown,,,,,,,,,,success,,,,2026-04-26 00:31:05,2026-04-26 01:54:35,http://pd-fscall-record.oss-cn-hongkong.aliyuncs.com/2026-04-23/maqsam-FatmaMohamed.298830100.mp3?OSSAccessKeyId=LTAI5t8sBUhKT5YzXBHvmGGq&Expires=1777141719&Signature=RrYhiH5Dpp6pJeTLdgGtKK1Lydo%3D,http://pd-fscall-record.oss-cn-hongkong.aliyuncs.com/2026-04-23/maqsam-FatmaMohamed.298830100.mp3?OSSAccessKeyId=LTAI5t8sBUhKT5YzXBHvmGGq&Expires=1777141719&Signature=RrYhiH5Dpp6pJeTLdgGtKK1Lydo%3D,sales-engine/recordings/2026-04-23/user_62908828__voice_599507917.mp3,https://sales-engine-audio.oss-cn-hongkong.aliyuncs.com/sales-engine/recordings/2026-04-23/user_62908828__voice_599507917.mp3?OSSAccessKeyId=LTAI5t6Jd8PozcNwqEKaFS1q&Expires=1777146879&Signature=iV/hKulBEhEBrtFfCnP5LQEXbUY%3D,"Hey, you are.عليكم السلام والرحمة.Et eux是唉。et je me sorsSome starch.哎呦。Κάνουν το.哎呦。哎呦，对吧？لا شوف ما عندي بعض الأشياء بس أعرف بعض الكلمات.문닫아. 기다려. 문닫아.شوي ما هو مرة.أقرب بعضكم لبعض.et voilà.Okay.ما اسمعك والله哎喲哎喲。ابدأ متى؟واحد إن شاء الله.Hey you.لا أفضل عربي.Hey.啊，即系，啊。啊，陈乔恩。Ah okay, ready.Ah oui, ouais.تعال شوف أنا بصارحه وبقوله وأرد عليك إن شاء الله، أنا بقوله وأرد عليك.بس أنا أقول له وأرد عليك.Every time, yeah. Hey, you are. عليكم السلام والرحمة. Et eux 是唉。 et je me sors Some starch. 哎呦。 Κάνουν το. 哎呦，对吧？ لا شوف ما عندي بعض الأشياء بس أعرف بعض الكلمات. 문닫아. 기다려. 문닫아. شوي ما هو مرة. أقرب بعضكم لبعض. et voilà. Okay. ما اسمعك والله 哎喲哎喲。 ابدأ متى؟ واحد إن شاء الله. Hey you. لا أفضل عربي. Hey. 啊，即系，啊。 啊，陈乔恩。 Ah okay, ready. Ah oui, ouais. تعال شوف أنا بصارحه وبقوله وأرد عليك إن شاء الله، أنا بقوله وأرد عليك. بس أنا أقول له وأرد عليك. Every time, yeah.",bad_asr,ASR_LOW_QUALITY,b326ad7f-30a8-48e8-8aba-b1a4104690ba,qwen3-asr-flash-filetrans,2026-04-26 01:54:52,invalid_or_noise,unknown,no_real_conversation,no_issue,no_task,المكالمة تحتوي على مزيج من اللغات الأجنبية وضوضاء واضحة، ولا يوجد حوار عربي مترابط وواضح. المتصل يشير إلى مشكلة في السمع وضرورة استشارة طرف ثالث قبل الرد.
928b7ddcd32d7f8db6184111d4d515b1,voice_599510555,599510555,62991976,EGCC-maiwaheed,2313(Maqsam),2026-04-23 20:28:37,双方接通,unknown,0.0,المحتوى المقدم ليس باللغة العربية، بل هو مزيج من لغات أخرى (الإنجليزية، التايلاندية، الفرنسية) ولا يتعلق بمكالمة مبيعات.,unknown,,,,,,,,,,,,,,unknown,,unknown,,,,,,,,,,success,,,,2026-04-26 00:31:05,2026-04-26 01:55:32,http://pd-fscall-record.oss-cn-hongkong.aliyuncs.com/2026-04-23/maqsam-MaiWaheed.298834514.mp3?OSSAccessKeyId=LTAI5t8sBUhKT5YzXBHvmGGq&Expires=1777141717&Signature=iJuRVzuriVDfiC8WCZyG8PBonNQ%3D,http://pd-fscall-record.oss-cn-hongkong.aliyuncs.com/2026-04-23/maqsam-MaiWaheed.298834514.mp3?OSSAccessKeyId=LTAI5t8sBUhKT5YzXBHvmGGq&Expires=1777141717&Signature=iJuRVzuriVDfiC8WCZyG8PBonNQ%3D,sales-engine/recordings/2026-04-23/user_62991976__voice_599510555.mp3,https://sales-engine-audio.oss-cn-hongkong.aliyuncs.com/sales-engine/recordings/2026-04-23/user_62991976__voice_599510555.mp3?OSSAccessKeyId=LTAI5t6Jd8PozcNwqEKaFS1q&Expires=1777146935&Signature=XceFtBJpww%2BA5IV5elEPwXIfR7s%3D,I like a snack.ใช่ไหม เอ้ย โอ้ย ใช่ไหม ใช่ไหม ใช่ไหมeh.That's right.Um.Laptop.la magie est sortieMalik. I like a snack. ใช่ไหม เอ้ย โอ้ย ใช่ไหม ใช่ไหม ใช่ไหม eh. That's right. Um. Laptop. la magie est sortie Malik.,bad_asr,ASR_LOW_QUALITY,063b1d5e-8df4-4d5f-9b3d-2590ee42fe34,qwen3-asr-flash-filetrans,2026-04-26 01:55:42,invalid_or_noise,unknown,no_real_conversation,unknown,no_task,المحتوى المقدم ليس باللغة العربية على الإطلاق، بل هو مزيج من كلمات وعبارات بالإنجليزية والتايلاندية والفرنسية، مما يجعله غير قابل للتحليل ضمن سياق مكالمة مبيعات سعودية عربية.
31983025d035e2ba166eb7caa0e93854,voice_599510563,599510563,63000700,51nadamuhammad,2245(Maqsam),2026-04-23 20:27:28,双方接通,unknown,0.3,مكالمة غير واضحة ومتقطعة تتضمن تداخل لغوي (عربي، إنجليزي، صيني) وإشارة مبهمة إلى الرغبة في التعلم، مع ذكر اسم دكتور.,unknown,,,,,,,,,,,,,,unknown,,unknown,,,,,,,,,,success,,,,2026-04-26 00:31:05,2026-04-26 01:55:42,http://pd-fscall-record.oss-cn-hongkong.aliyuncs.com/2026-04-23/maqsam-NadaMuhammad.298834013.mp3?OSSAccessKeyId=LTAI5t8sBUhKT5YzXBHvmGGq&Expires=1777141717&Signature=KhNF6JwzI2UhqsV0MsJWKQncCck%3D,http://pd-fscall-record.oss-cn-hongkong.aliyuncs.com/2026-04-23/maqsam-NadaMuhammad.298834013.mp3?OSSAccessKeyId=LTAI5t8sBUhKT5YzXBHvmGGq&Expires=1777141717&Signature=KhNF6JwzI2UhqsV0MsJWKQncCck%3D,sales-engine/recordings/2026-04-23/user_63000700__voice_599510563.mp3,https://sales-engine-audio.oss-cn-hongkong.aliyuncs.com/sales-engine/recordings/2026-04-23/user_63000700__voice_599510563.mp3?OSSAccessKeyId=LTAI5t6Jd8PozcNwqEKaFS1q&Expires=1777146946&Signature=JnMuqg1%2B1I9xhV%2B3OKpK/4/0y9o%3D,Okay.哎呦。嗯呢。Okay.Not at all.Oh yeah.I see. Okay.嗯。لا لا لا بس خالص.现在嗯。类似。没有。أو مش عارف يعني بغيت أتعلمها كده بس.那，那是。Facebook.نعم، الدكتور أيسر الحذيفي. أيوة نعم، أستاذ الدكتور أيسر الحذيفي.Hello.L三嘛。Allô ? Okay. 哎呦。嗯呢。 Not at all. Oh yeah. I see. Okay. 嗯。 لا لا لا بس خالص. 现在嗯。 类似。 没有。 أو مش عارف يعني بغيت أتعلمها كده بس. 那，那是。 Facebook. نعم، الدكتور أيسر الحذيفي. أيوة نعم، أستاذ الدكتور أيسر الحذيفي. Hello. L三嘛。 Allô ?,bad_asr,ASR_LOW_QUALITY,bd85dea4-4044-4235-9e29-0a9b451dbce4,qwen3-asr-flash-filetrans,2026-04-26 01:55:55,invalid_or_noise,unknown,no_real_conversation,unknown,no_task,المكالمة غير مفهومة ومتقطعة للغاية مع تداخل لغوي. لا يوجد سياق واضح للمناقشة المتعلقة بدورة اللغة الإنجليزية أو عملية البيع. قد تكون مكالمة خاطئة أو غير ذات صلة.
8ab954ed4ac89698bd5d8cdb195e6669,voice_599510810,599510810,0,EGCC-fatmamohamed,2310(Maqsam),2026-04-23 20:28:45,双方接通,unknown,1.0,"المكالمة تحتوي على ضوضاء شديدة ولغات متعددة (صينية، تايلاندية، وبعض الكلمات العربية غير المترابطة مثل ""السلام عليكم"", ""ناس بردان"", ""طالبة""). لا يمكن استخلاص سياق واضح.",unknown,,,,,,,,,,,,,,unknown,,unknown,,,,,,,,,,success,,,,2026-04-26 00:31:05,2026-04-26 01:55:55,http://pd-fscall-record.oss-cn-hongkong.aliyuncs.com/2026-04-23/maqsam-FatmaMohamed.298834568.mp3?OSSAccessKeyId=LTAI5t8sBUhKT5YzXBHvmGGq&Expires=1777141717&Signature=2bJapZSvpR5qcb%2FC9LE8mGXaR%2BU%3D,http://pd-fscall-record.oss-cn-hongkong.aliyuncs.com/2026-04-23/maqsam-FatmaMohamed.298834568.mp3?OSSAccessKeyId=LTAI5t8sBUhKT5YzXBHvmGGq&Expires=1777141717&Signature=2bJapZSvpR5qcb%2FC9LE8mGXaR%2BU%3D,sales-engine/recordings/2026-04-23/user_0__voice_599510810.mp3,https://sales-engine-audio.oss-cn-hongkong.aliyuncs.com/sales-engine/recordings/2026-04-23/user_0__voice_599510810.mp3?OSSAccessKeyId=LTAI5t6Jd8PozcNwqEKaFS1q&Expires=1777146958&Signature=RAqnA7AUL3cfvLtndrdgFvpGlhI%3D,"什么豆腐？诶，去，嗯，我进不去。薛安，薛安晶系咪？哦，唔知唔知啦咁樣。咦，話到。Um.ไม่รู้สิ เอ่อ อ่า ไปأنا السلام عليكم ترى ناس بردان أمم طيبلا لا طالبة.Ethnic.Monas, monas, monas.इतनी नशे 什么豆腐？诶，去，嗯，我进不去。 薛安，薛安晶系咪？哦，唔知唔知啦咁樣。咦，話到。 Um. ไม่รู้สิ เอ่อ อ่า ไป أنا السلام عليكم ترى ناس بردان أمم طيب لا لا طالبة. Ethnic. Monas, monas, monas. इतनी नशे",bad_asr,ASR_LOW_QUALITY,f47567c9-50c4-4f57-b024-d2ef511144d2,qwen3-asr-flash-filetrans,2026-04-26 01:56:08,invalid_or_noise,unknown,no_real_conversation,unknown,no_task,المكالمة مليئة بالضوضاء ولغات غير عربية، مما يجعل تحليلها مستحيلاً في سياق مكالمات المبيعات العربية. لا يمكن تحديد أي معلومات عن العميل أو الغرض من المكالمة.
001ce239e9b995704fc4457a733dc642,voice_599511270,599511270,62992183,EGCC-tasneemmahmoud,2311(Maqsam),2026-04-23 20:31:19,双方接通,unknown,0.1,المحادثة تحتوي على حديث شخصي عن الصلاة وتتخللها كلمات بلغة أجنبية (فينيشية)، ولا يوجد بها أي محتوى يتعلق بالمبيعات أو تفاعلات مع العميل حول الدورة التدريبية.,unknown,,,,,,,,,,,,,,unknown,,none,,,,,,,,,,success,,,,2026-04-26 00:31:05,2026-04-26 01:56:08,http://pd-fscall-record.oss-cn-hongkong.aliyuncs.com/2026-04-23/maqsam-TasneemMahmoud.298835750.mp3?OSSAccessKeyId=LTAI5t8sBUhKT5YzXBHvmGGq&Expires=1777141716&Signature=1vNbIzvLGExhotqh1XtvPckea4Y%3D,http://pd-fscall-record.oss-cn-hongkong.aliyuncs.com/2026-04-23/maqsam-TasneemMahmoud.298835750.mp3?OSSAccessKeyId=LTAI5t8sBUhKT5YzXBHvmGGq&Expires=1777141716&Signature=1vNbIzvLGExhotqh1XtvPckea4Y%3D,sales-engine/recordings/2026-04-23/user_62992183__voice_599511270.mp3,https://sales-engine-audio.oss-cn-hongkong.aliyuncs.com/sales-engine/recordings/2026-04-23/user_62992183__voice_599511270.mp3?OSSAccessKeyId=LTAI5t6Jd8PozcNwqEKaFS1q&Expires=1777146971&Signature=pmJTeaWwfr6y1yyIdvMnnA9T5fc%3D,अच्छा啊啊。حمد راح يصلي الحينراح يصليإيه إيه راح نصليلا لا ما خش سلفان باقي بروح أصلي.Mä en tre olla enää. अच्छा 啊啊。 حمد راح يصلي الحين راح يصلي إيه إيه راح نصلي لا لا ما خش سلفان باقي بروح أصلي. Mä en tre olla enää.,bad_asr,ASR_LOW_QUALITY,c3adea0f-5171-4b56-83c0-2fba30e8e3be,qwen3-asr-flash-filetrans,2026-04-26 01:56:16,invalid_or_noise,unknown,no_real_conversation,no_issue,no_task,المحتوى المسجل عبارة عن حديث شخصي غير ذي صلة بموضوع المكالمات البيعية، مع وجود كلام بلغة أجنبية، ولا يمكن استخلاص أي معلومات بيعية أو تصنيف المكالمة.
20c5ea7a61c1f0ce36186bb9a6639705,voice_599511715,599511715,63000700,51nadamuhammad,2245(Maqsam),2026-04-23 20:31:33,双方接通,unknown,0.2,المتصل يعبر عن رغبته في تعلم وتطوير مهارات التحدث باللغة العربية ويستفسر عن آلية التدريس (صوت أم اتصال أم شيء آخر). توجد لغات أخرى وضوضاء في الخلفية مما يجعل المحادثة غير واضحة.,medium,,,,,,,,,,,,,,medium,,unknown,,,,,,,,,,success,,,,2026-04-26 00:31:05,2026-04-26 01:56:16,http://pd-fscall-record.oss-cn-hongkong.aliyuncs.com/2026-04-23/maqsam-NadaMuhammad.298835860.mp3?OSSAccessKeyId=LTAI5t8sBUhKT5YzXBHvmGGq&Expires=1777141716&Signature=%2F6pBaMxQyVmYNn3Ye%2BjfReCYzZI%3D,http://pd-fscall-record.oss-cn-hongkong.aliyuncs.com/2026-04-23/maqsam-NadaMuhammad.298835860.mp3?OSSAccessKeyId=LTAI5t8sBUhKT5YzXBHvmGGq&Expires=1777141716&Signature=%2F6pBaMxQyVmYNn3Ye%2BjfReCYzZI%3D,sales-engine/recordings/2026-04-23/user_63000700__voice_599511715.mp3,https://sales-engine-audio.oss-cn-hongkong.aliyuncs.com/sales-engine/recordings/2026-04-23/user_63000700__voice_599511715.mp3?OSSAccessKeyId=LTAI5t6Jd8PozcNwqEKaFS1q&Expires=1777146981&Signature=BucnOC5eTRMfpsT9zo8MFFVBCU0%3D,哎呦，嗯。بس أنا عادي بس ما عطلة.أنا أقصد قبل.还有。来了，阿彪呢？चलो आप चलोيعني أبغى أتعلمها بس مشتراني شو بيحصلني ترى.ما لعازف وتعلم على الشنب يعني是啊是啊，哎呦。那为什么？那怎么办？أنا أبغى أطور ال أتكلم يعني الحديثأنا أحسن ما في المجالين كلها مشتغل.لا في البداية هو اللي حديد وأقوى.那。أنا يعني نبدأ من البداية أبغى تعرفوا الشيء اتنعش تعرفوا啊，那火锅，火锅。अब्दुल्लाطيب وبيكون عبر كذا صوت ولا كيف يعني؟تعليم بيكون زي كده الحين ولا عبر.أنا فهمك بس يعني بيكون عبر الاتصال ولا عبر شيء ثاني؟सात सालओके嗯。在下午。要哇。喂。ضرر الكاميرا يعني.What's this?还有三个几个来的。哎呦。来了。Поет поет.那还可以。可以可以。谁？أنا الحين سويت عجينة行了，咱慢些。 哎呦，嗯。 بس أنا عادي بس ما عطلة. أنا أقصد قبل. 还有。 来了，阿彪呢？ चलो आप चलो يعني أبغى أتعلمها بس مشتراني شو بيحصلني ترى. ما لعازف وتعلم على الشنب يعني 是啊是啊，哎呦。 那为什么？ 那怎么办？ أنا أبغى أطور ال أتكلم يعني الحديث أنا أحسن ما في المجالين كلها مشتغل. لا في البداية هو اللي حديد وأقوى. 那。 أنا يعني نبدأ من البداية أبغى تعرفوا الشيء اتنعش تعرفوا 啊，那火锅，火锅。 अब्दुल्ला طيب وبيكون عبر كذا صوت ولا كيف يعني؟ تعليم بيكون زي كده الحين ولا عبر. أنا فهمك بس يعني بيكون عبر الاتصال ولا عبر شيء ثاني؟ सात साल ओके 嗯。 在下午。 要哇。 喂。 ضرر الكاميرا يعني. What's this? 还有三个几个来的。 哎呦。 来了。 Поет поет. 那还可以。 可以可以。 谁？ أنا الحين سويت عجينة 行了，咱慢些。,bad_asr,ASR_LOW_QUALITY,d60df07f-8f53-4b6e-a2c4-8df1dc1cb281,qwen3-asr-flash-filetrans,2026-04-26 01:56:37,weak_need,unknown,no_real_conversation,unknown,no_task,التسجيل يحتوي على العديد من اللغات الأجنبية والضوضاء مما يجعل فهم السياق الكامل للصوت صعبًا للغاية ويشير إلى عدم وجود محادثة حقيقية قابلة للمتابعة. المتصل يعبر عن رغبته في التعلم ويستفسر عن آلية التدريس، لكن الضوضاء تحول دون تحديد الإجراء التالي بوضوح.
a4e9405f49c6e1efe37857fb4425a601,voice_599512893,599512893,62655058,EGCC-eman.amr,2289(Maqsam),2026-04-23 20:36:46,双方接通,no_answer_or_voicemail,1.0,المكالمة عبارة عن رسالة صوتية مسجلة (بريد صوتي) من نظام آلي يطلب تسجيل رسالة.,unknown,,,,,,,,,,,,,,unknown,,none,,,,,,,,,,success,,,,2026-04-26 00:31:05,2026-04-26 01:56:40,http://pd-fscall-record.oss-cn-hongkong.aliyuncs.com/2026-04-23/maqsam-Eman.Amr.298838322.mp3?OSSAccessKeyId=LTAI5t8sBUhKT5YzXBHvmGGq&Expires=1777141594&Signature=OgSg6J90X0ZvgphBoX29qCq7TfU%3D,http://pd-fscall-record.oss-cn-hongkong.aliyuncs.com/2026-04-23/maqsam-Eman.Amr.298838322.mp3?OSSAccessKeyId=LTAI5t8sBUhKT5YzXBHvmGGq&Expires=1777141594&Signature=OgSg6J90X0ZvgphBoX29qCq7TfU%3D,sales-engine/recordings/2026-04-23/user_62655058__voice_599512893.mp3,https://sales-engine-audio.oss-cn-hongkong.aliyuncs.com/sales-engine/recordings/2026-04-23/user_62655058__voice_599512893.mp3?OSSAccessKeyId=LTAI5t6Jd8PozcNwqEKaFS1q&Expires=1777147003&Signature=UOLfOvNni829DKyCEpe9wJhdxIM%3D,بتسجيل رسالتك بعد الصافرة عندما تنتهي. يرجى إنهاء المكالمة أو الضغط على أي زر لاستعراض خيارات إضافية.للاستماع إلى رسالتك، اختر الرقم واحد. لعادة تسجيل رسالتك، اختر الرقم اثنان. لإلغاء. بتسجيل رسالتك بعد الصافرة عندما تنتهي. يرجى إنهاء المكالمة أو الضغط على أي زر لاستعراض خيارات إضافية. للاستماع إلى رسالتك، اختر الرقم واحد. لعادة تسجيل رسالتك، اختر الرقم اثنان. لإلغاء.,bad_asr,ASR_LOW_QUALITY,5485494d-b39c-4201-b46a-2dea8eb8c5f5,qwen3-asr-flash-filetrans,2026-04-26 01:56:53,unknown,unknown,voicemail_long_duration,no_issue,no_task,المكالمة وصلت إلى بريد صوتي آلي ولم يتم التواصل مع العميل.
e13609aa64aa133d3b0093b45cfdc64d,voice_599513145,599513145,63000277,51habiba.hassan,2244(Maqsam),2026-04-23 20:38:07,双方接通,unknown,0.1,المكالمة مجزأة وتحتوي على لغات مختلفة وضوضاء. يبدو أن المتصل يحاول تأكيد السماع ولا توجد محادثة واضحة حول أي خدمة أو منتج.,unknown,,,,,,,,,,,,,,unknown,,none,,,,,,,,,,success,,,,2026-04-26 00:31:05,2026-04-26 01:57:03,http://pd-fscall-record.oss-cn-hongkong.aliyuncs.com/2026-04-23/maqsam-habiba.hassan.298838964.mp3?OSSAccessKeyId=LTAI5t8sBUhKT5YzXBHvmGGq&Expires=1777141593&Signature=JgJ7zAqw6sIvmLNxz2uoug4yyb8%3D,http://pd-fscall-record.oss-cn-hongkong.aliyuncs.com/2026-04-23/maqsam-habiba.hassan.298838964.mp3?OSSAccessKeyId=LTAI5t8sBUhKT5YzXBHvmGGq&Expires=1777141593&Signature=JgJ7zAqw6sIvmLNxz2uoug4yyb8%3D,sales-engine/recordings/2026-04-23/user_63000277__voice_599513145.mp3,https://sales-engine-audio.oss-cn-hongkong.aliyuncs.com/sales-engine/recordings/2026-04-23/user_63000277__voice_599513145.mp3?OSSAccessKeyId=LTAI5t6Jd8PozcNwqEKaFS1q&Expires=1777147026&Signature=PR2iERlk%2BIjDC6IgjTkbxC7RCMc%3D,来了。عليكم السلام والرحمة.الله بخير الحمد لله.哎呀。那。किसान कामखानसामा सरخمسة خمسة خمسة متى متى بالعصر ولا بالفجر؟لا صار عندي دوام أنا خليته الساعة اتنين وعشرين في الليل.ليش؟ذهبنا مع بعض إلى ديناندوم.喂，姐，咋啦？你行了行了。الراحة.اسمه جراح جراح.هلا اسمعك ميني؟ ألو؟Alors. 来了。 عليكم السلام والرحمة. الله بخير الحمد لله. 哎呀。 那。 किसान काम खानसामा सर خمسة خمسة خمسة متى متى بالعصر ولا بالفجر؟ لا صار عندي دوام أنا خليته الساعة اتنين وعشرين في الليل. ليش؟ ذهبنا مع بعض إلى ديناندوم. 喂，姐，咋啦？你行了行了。 الراحة. اسمه جراح جراح. هلا اسمعك ميني؟ ألو؟ Alors.,bad_asr,ASR_LOW_QUALITY,7e75a5eb-0d0b-4d8c-b045-89af217e79f1,qwen3-asr-flash-filetrans,2026-04-26 01:57:15,invalid_or_noise,unknown,no_real_conversation,unknown,no_task,المكالمة مجزأة وتحتوي على لغات متعددة وضوضاء شديدة، مما يشير إلى أنها ليست محادثة حقيقية أو فعالة. يبدو أن المتصل يواجه مشكلة في السماع أو التواصل.
2f0f0e2d373a618074b4a5f1786fe010,voice_599514371,599514371,63000277,51habiba.hassan,2244(Maqsam),2026-04-23 20:43:05,双方接通,unknown,0.3,العميل مشغول ويطلب معاودة الاتصال بعد الغداء. هناك ضوضاء خلفية وتداخل لغوي أثر على وضوح المحادثة.,unknown,,,,,,,,,,,,,,unknown,,schedule,,,,,,,,,,success,,,,2026-04-26 00:31:05,2026-04-26 01:57:31,http://pd-fscall-record.oss-cn-hongkong.aliyuncs.com/2026-04-23/maqsam-habiba.hassan.298841100.mp3?OSSAccessKeyId=LTAI5t8sBUhKT5YzXBHvmGGq&Expires=1777141593&Signature=wwyFtk2UNJZ0qLE%2BoVNelOPVt04%3D,http://pd-fscall-record.oss-cn-hongkong.aliyuncs.com/2026-04-23/maqsam-habiba.hassan.298841100.mp3?OSSAccessKeyId=LTAI5t8sBUhKT5YzXBHvmGGq&Expires=1777141593&Signature=wwyFtk2UNJZ0qLE%2BoVNelOPVt04%3D,sales-engine/recordings/2026-04-23/user_63000277__voice_599514371.mp3,https://sales-engine-audio.oss-cn-hongkong.aliyuncs.com/sales-engine/recordings/2026-04-23/user_63000277__voice_599514371.mp3?OSSAccessKeyId=LTAI5t6Jd8PozcNwqEKaFS1q&Expires=1777147054&Signature=bOn4ayj7/IbTLCwAzSrntkL%2BchM%3D,"أو البارمبا أو هذا خرب. مرحبا. نعم.इसमें हैJerrah Jerrah.Back.Resilient.Yes.अच्छा रे। क्या है?يا لا ما دخلت أنا وياه بس.أنا أداوم يا طويلت العمر والسلامة في إيطور وماركات يعني كل ماركة.Yeah Yeah, I. Yeah.Eh.अलग बोलिये ना ये क्या हैإيش هو إيش هو؟ توسط، متوسط.Hey.كان شوية شوية.या वर्ल्ड मराGuest.خلاص أنا، أنا بتغدي الحين ب بتغدي الحين شوية وكلمك، طيب؟يلا كذا عشر دقائق وتصلي دي.Yeah, lah, masak. أو البارمبا أو هذا خرب. مرحبا. نعم. इसमें है Jerrah Jerrah. Back. Resilient. Yes. अच्छा रे। क्या है? يا لا ما دخلت أنا وياه بس. أنا أداوم يا طويلت العمر والسلامة في إيطور وماركات يعني كل ماركة. Yeah Yeah, I. Yeah. Eh. अलग बोलिये ना ये क्या है إيش هو إيش هو؟ توسط، متوسط. Hey. كان شوية شوية. या वर्ल्ड मरा Guest. خلاص أنا، أنا بتغدي الحين ب بتغدي الحين شوية وكلمك، طيب؟ يلا كذا عشر دقائق وتصلي دي. Yeah, lah, masak.",bad_asr,ASR_LOW_QUALITY,d7859acc-cf8f-4d59-9c65-269fd38f5cb3,qwen3-asr-flash-filetrans,2026-04-26 01:57:45,unknown,unknown,background_noise_only,no_issue,rebook_trial,العميل مشغول حالياً ويرغب في معاودة الاتصال به بعد الغداء. المحادثة تخللتها ضوضاء خلفية وتداخل لغوي (هندية/إنجليزية).
fdc1c2339bf354671f461b788c94abc1,voice_599515724,599515724,62994994,EGCC-fatmamohamed,2310(Maqsam),2026-04-23 20:49:28,双方接通,post_class_followup,1.0,المستخدمة طالبة مدرسة وترغب في بدء الدورة فوراً. تنتظر الحصول على مبلغ الدفع من والدها لإتمام عملية التسجيل. تضمنت المكالمة بعض العبارات بلغات أخرى غير مفهومة.,high,,,,,,,,,,,,,,high,,need_parent_approval,,,,,,,,,,success,,,,2026-04-26 00:31:05,2026-04-26 01:59:01,http://pd-fscall-record.oss-cn-hongkong.aliyuncs.com/2026-04-23/maqsam-FatmaMohamed.298843901.mp3?OSSAccessKeyId=LTAI5t8sBUhKT5YzXBHvmGGq&Expires=1777141713&Signature=IuTmOSKpIOwQv%2FMqo%2BYpCm2wGQ8%3D,http://pd-fscall-record.oss-cn-hongkong.aliyuncs.com/2026-04-23/maqsam-FatmaMohamed.298843901.mp3?OSSAccessKeyId=LTAI5t8sBUhKT5YzXBHvmGGq&Expires=1777141713&Signature=IuTmOSKpIOwQv%2FMqo%2BYpCm2wGQ8%3D,sales-engine/recordings/2026-04-23/user_62994994__voice_599515724.mp3,https://sales-engine-audio.oss-cn-hongkong.aliyuncs.com/sales-engine/recordings/2026-04-23/user_62994994__voice_599515724.mp3?OSSAccessKeyId=LTAI5t6Jd8PozcNwqEKaFS1q&Expires=1777147144&Signature=TEv1Pk5PIq/M4O9BGfHmFR036z0%3D,"No.I will miss.I am a address.أه يمكنأيوه رح أكمل معاهم.I hope.Ash.الحين بسأل أبوي إذا معه قرش صرافة وبدفع ورح أبدأ على طول، ما يهمشي أي شيء.أيوة إذا معايا فلوس الحين فسرتها عشان أبدأ الحين طواله.هش لا سألوا الأول.Come, I'm school student. Come.έγω καλύτερη σου οταν είναι άνετη. έγω.أيوه أنا هسأل عرفت المكرسة عشان تسألينك كمان.أوكي، آمين يا رب العالمين، يلا. No. I will miss. I am a address. أه يمكن أيوه رح أكمل معاهم. I hope. Ash. الحين بسأل أبوي إذا معه قرش صرافة وبدفع ورح أبدأ على طول، ما يهمشي أي شيء. أيوة إذا معايا فلوس الحين فسرتها عشان أبدأ الحين طواله. هش لا سألوا الأول. Come, I'm school student. Come. έγω καλύτερη σου οταν είναι άνετη. έγω. أيوه أنا هسأل عرفت المكرسة عشان تسألينك كمان. أوكي، آمين يا رب العالمين، يلا.",bad_asr,ASR_LOW_QUALITY,6424dddc-27c6-4fa0-ba44-aef59263f17a,qwen3-asr-flash-filetrans,2026-04-26 01:59:13,good_need,unknown,no_real_conversation,no_issue,close_payment,المستخدمة أبدت رغبتها القوية في بدء الدورة وتنتظر موافقة والدها لتوفير المبلغ اللازم للدفع فوراً. توجد عبارات غير مفهومة وغير ذات صلة بالإنجليزية واليونانية ضمن المحادثة مما يجعل أجزاء منها غير طبيعية.
111d7b400c5e78c96967d6f35d5ec19f,voice_599516050,599516050,62828498,EGCC-eman.amr,2289(Maqsam),2026-04-23 20:52:19,双方接通,post_class_followup,0.5,مكالمة متابعة سريعة مع عميل أبدى اهتماماً مبدئياً لكنه رفض المتابعة لضيق الوقت.,low,,,,,,,,,,,,,,none,,schedule,,,,,,,,,,success,,,,2026-04-26 00:31:05,2026-04-26 01:59:13,http://pd-fscall-record.oss-cn-hongkong.aliyuncs.com/2026-04-23/maqsam-Eman.Amr.298845205.mp3?OSSAccessKeyId=LTAI5t8sBUhKT5YzXBHvmGGq&Expires=1777141592&Signature=wAJenyuWJwPGxXYG%2B5nsKWgnnXk%3D,http://pd-fscall-record.oss-cn-hongkong.aliyuncs.com/2026-04-23/maqsam-Eman.Amr.298845205.mp3?OSSAccessKeyId=LTAI5t8sBUhKT5YzXBHvmGGq&Expires=1777141592&Signature=wAJenyuWJwPGxXYG%2B5nsKWgnnXk%3D,sales-engine/recordings/2026-04-23/user_62828498__voice_599516050.mp3,https://sales-engine-audio.oss-cn-hongkong.aliyuncs.com/sales-engine/recordings/2026-04-23/user_62828498__voice_599516050.mp3?OSSAccessKeyId=LTAI5t6Jd8PozcNwqEKaFS1q&Expires=1777147157&Signature=PYDcLvi93Kwi%2BFD0YecgxMY2HRA%3D,"Salut, comment ça va?हम्म हम बिलौन सेyla management,Nada.क्या लामा अभीهو حابب بس ما في وقت يعنيلا لا ما أبي يلا مع السلامة، خير. Salut, comment ça va? हम्म हम बिलौन से y la management, Nada. क्या लामा अभी هو حابب بس ما في وقت يعني لا لا ما أبي يلا مع السلامة، خير.",bad_asr,ASR_LOW_QUALITY,86f02063-443c-4a47-9ccd-f5422919b194,qwen3-asr-flash-filetrans,2026-04-26 01:59:22,weak_need,unknown,normal,no_issue,no_task,العميل أبدى اهتماماً مبدئياً بالخدمة لكنه لا يملك الوقت ورفض إكمال المحادثة أو متابعة العرض.
14221228996cbb8b0d4addf888612bc2,voice_599516530,599516530,62998129,EGCC-tasneemmahmoud,2311(Maqsam),2026-04-23 20:56:45,双方接通,unknown,0.1,المكالمة غير واضحة وتحتوي على جمل متقطعة بلغات مختلفة ولا يوجد سياق للمبيعات.,unknown,,,,,,,,,,,,,,unknown,,none,,,,,,,,,,success,,,,2026-04-26 00:31:05,2026-04-26 01:59:59,http://pd-fscall-record.oss-cn-hongkong.aliyuncs.com/2026-04-23/maqsam-TasneemMahmoud.298847307.mp3?OSSAccessKeyId=LTAI5t8sBUhKT5YzXBHvmGGq&Expires=1777141712&Signature=sjwf6ulgvoM9xZIodUDqbwqoRyc%3D,http://pd-fscall-record.oss-cn-hongkong.aliyuncs.com/2026-04-23/maqsam-TasneemMahmoud.298847307.mp3?OSSAccessKeyId=LTAI5t8sBUhKT5YzXBHvmGGq&Expires=1777141712&Signature=sjwf6ulgvoM9xZIodUDqbwqoRyc%3D,sales-engine/recordings/2026-04-23/user_62998129__voice_599516530.mp3,https://sales-engine-audio.oss-cn-hongkong.aliyuncs.com/sales-engine/recordings/2026-04-23/user_62998129__voice_599516530.mp3?OSSAccessKeyId=LTAI5t6Jd8PozcNwqEKaFS1q&Expires=1777147203&Signature=lVsmQzz0TgCfM5jTcc3rj60/uss%3D,"Yeah.Yeah.Yeah.أه بدي بدي أنا غابت؟What is in.He was.हैलोये बहुत खोदा है आपका सुनोऐसे ही चला जाता है।Oh yeah.Oh yeah.إتفضل تفضل.Are you.Yeah, I'm not. I'm not.أو دهون متحللة.Un momento, por favor.गर नहीं अपना ये ख्याल रखना अपनाOkay.هو كان مبروك خاص فيه في عالي بعليه.哎呀，我告诉你。Oh. Yeah. أه بدي بدي أنا غابت؟ What is in. He was. हैलो ये बहुत खोदा है आपका सुनो ऐसे ही चला जाता है। Oh yeah. إتفضل تفضل. Are you. Yeah, I'm not. I'm not. أو دهون متحللة. Un momento, por favor. गर नहीं अपना ये ख्याल रखना अपना Okay. هو كان مبروك خاص فيه في عالي بعليه. 哎呀，我告诉你。 Oh.",bad_asr,ASR_LOW_QUALITY,e7b62646-bfae-4961-98fd-d7bd1fd87c6f,qwen3-asr-flash-filetrans,2026-04-26 02:00:12,invalid_or_noise,unknown,no_real_conversation,unknown,no_task,المكالمة تحتوي على كلام متقطع وغير مفهوم بلغات متعددة (العربية، الإنجليزية، الهندية، الإسبانية، الصينية) ولا يوجد سياق لمكالمة مبيعات أو محادثة حقيقية.
c42753549de2002945b024a4246c906c,voice_599517648,599517648,60626989,EGCC-maiwaheed,2313(Maqsam),2026-04-23 21:05:03,双方接通,in_class_support,0.9,تتضمن المكالمة ولي أمر يحاول إقناع ابنه (عبدالرحمن/عبدالله) بحضور حصة اللغة الإنجليزية القصيرة (20 دقيقة) التي من المفترض أن يدخلها الآن أو فاتته للتو. يعبر الابن عن ملله ورغبته في اللعب بدلاً من الدراسة. تذكر الأم أهمية الاستفادة من الكورس المدفوع (3000 ريال) وتلوم الابن على غيابه المتكرر وسوء مستواه. في جزء لاحق من المكالمة، تتحدث الأم مع ممثل خدمة العملاء (المعلمة مي) لمناقشة حلول لمشكلة غياب الابن وقلة اهتمامه، مثل إعادة جدولة الحصص، أو جعلها أكثر متعة وتفاعلية كحصص إخوته، أو تغيير المعلمة. تتخلل المكالمة ضوضاء خلفية وأصوات الأم وهي توبخ أطفالاً آخرين.,low,,,,,,,,,,,,,,none,,low_interest,,,,,,,,,,success,,,,2026-04-26 00:31:05,2026-04-26 02:00:22,http://pd-fscall-record.oss-cn-hongkong.aliyuncs.com/2026-04-23/maqsam-MaiWaheed.298851201.mp3?OSSAccessKeyId=LTAI5t8sBUhKT5YzXBHvmGGq&Expires=1777141710&Signature=hrtlisREky%2F31aTj8daV%2B2x%2B5L0%3D,http://pd-fscall-record.oss-cn-hongkong.aliyuncs.com/2026-04-23/maqsam-MaiWaheed.298851201.mp3?OSSAccessKeyId=LTAI5t8sBUhKT5YzXBHvmGGq&Expires=1777141710&Signature=hrtlisREky%2F31aTj8daV%2B2x%2B5L0%3D,sales-engine/recordings/2026-04-23/user_60626989__voice_599517648.mp3,https://sales-engine-audio.oss-cn-hongkong.aliyuncs.com/sales-engine/recordings/2026-04-23/user_60626989__voice_599517648.mp3?OSSAccessKeyId=LTAI5t6Jd8PozcNwqEKaFS1q&Expires=1777147227&Signature=onYh9S14vrTh1qEuueLgp5OktMw%3D,"بعدين ما هي ضرورية ترى لازم تشوفينها، ألو، عليكم السلام هلا هلا، إحنا الحمد لله بخير.والله شف شوفي معايا بصلي بصلي العصر ما بعد صليت.أيوه أيوه ااا لأن عبد الرحمن ده حسبها بخاف أبغى أتأكد إن حرام بقول للمريم تنتبه له ااا شو اسمه ما بطول هو حسبه عشرين دقيقة تقريبا ما أدري عن حسب دخلها ولا لا يا ربي راح ست دقايق ما أدري عبد الرحمن الحصة دخلتها ولا لا لا طبعا صح الحين الحين الحين الحين تروح ولدي الحصة كلها عشرين دقيقة أدخل أطلعك من فايف وان توك ما أقدر ما أقدر.كيف يعني ما تدري؟ خلاص إيش؟ خلاص إيه مو أنت أول تطلعني طلعني أنت خذت الموضوع بجد أنا ما بطلعك.ليش طلعك ما تبغى تتعلم إنجليزي ما تبغى تستفيد ما تبغى تصير شاطر؟ ما تعلم ترى مرة ريت أنا أشوف شيء لا يذكر. مستحيل تبقوا في نفس المستوى مستحيل أنا شفت أنا شفت بعيني شفت أنا شفت بعيني أولاد كيف صاروا؟ حتى أنت ليه أنت شفيك أنت ناقص أنت أشطر منهم وأذكى منهم ما أنت ناقص شيء.بس ناقصه تتابع بس وتستمر بعدين ترى كنت إجازة كنت إجازة فترة طويلة إش فيك؟ كنت إجازة فترة طويلة مدة أسبوع بس؟ ولا كل مرة بتقولي أسبوع أسبوع أسبوع ترى ما ما عاد تستفيد إذا مدت ها الفترة طويلة المفروض إني أصلاً ما مدّت كثير بس الظروف.أسبوع واحد؟네.ما أقدر صح ما أقدر أحط لك جدول خلاص أحط لك جدول الحين الأسبوعين هذه لازم تلتزم فيه خلصوا الأسبوعين هذه بعدين باخد لك إجازة إيه مو أسبوعين لا كم إحنا اليوم كم التاريخ واحد وعشرين ثلاثة وعشرين؟أيوة ثلاثة وعشرين خلاص باقي أربعة وعشرين خمسة وعشرين ستة وعشرين سبعة وعشرين أسبوع أسبوع بس باقي باقي لها أسبوع يا أخي لا لا ما أبغى يا أخي يعني إيش ما تبغى كيف حطه لي جدول حط لك جدول حق الشهر هذا بس خلص اللي عليك وبعدين أقدر أخذ لك إجازة.حقة الشهر كامل تاخدها في أسبوع لأنك قعدت ما ما تحضر وتروح الحصص وتغيب عليك لين تجمعت.فإيش الحل تخلصها الحين وبعدين أخد لك إجازة؟ لا ما صرت كويس لسه في الون يمكن ولا زيرو لسه ما عديت.وجاي اختبار فعندك يوم الأحد اختبار إنجليزي في الوحدة السادسة وأعطانا الكلمات الإملاء أيوة في المدرسة أعطانا كلمات الإملاء اللي قال كملوها تدربوا عليها وهذه ثاني مرة زين يرسل إملاء أنت ما تتدرب ما أدري عنك كيف إملائك أكيد زيت زفت صدق ممتاز إذا أنت تجيب كويس وردني طيب عشان أفرح وأتطمن وأرتاح لأني ما شفتك تذاكر فإذا أنت كده ما شاء الله عليك معناتها إنك موهوب.قال ليش ما تفضي لازم حل. والشصوص شو تسوي فيها؟ أنا ما قلت لك ازيلي حل مع إنه قلت لك كان في سنة وتسعة شهور وثمانية ولا ومو ثمانية وستة شهور أنا قلت ازيلي ااا شيل كيسة الشعافه. قلت لي ست شهور قلت لا لا فلانة فلانة فلانة آه يا خدي.بس شوية ما افتقدت. لا لا ما افتقدت شيء بسيط مرة وتنسي لو ما استمريت. عشان كده حجز، أنت تشوفه كويس، أنت تشوف إنك فزت كويس لأنك درست فترة بسيطة، ومع المدرسة تدرس إيه وبتصير زين، لكن بتنسى لو ما استمريت، لو ما كملت، نادر كنت أنا وأنا دارسة سنتين لفيت، ما اتذكرت إلا يوم جيت الشغالة، ومعكم في ال لما أشوفكم تدرسون، أتذكر بعض الأشياء.يا خي خلاص بتحل الحل الحين نعوز نسويه ما بتدخولي الحصة الحين تدخلي الحصة راح نصها إيش فاضي الإيش بتدقون على الجوال هذا الاتفاق اللي أمس اتفقنا مع خالتك؟ إيه ما توني عارفة إلا اتفقتوا على الحصة إنك تحضرها قبل ما تيجي صح ولا لا بس وصلت غير كلامك صح؟ هذا وأنت لسه ما شبكت التسوني بس على الجوال؟ عشان لو شبكت التسوني إيش بتسوي؟ يعني ما أعرف.طيب إيش تبغى عشان تبغى الجوال الجوال أهم ولا إيش تبغى؟ الجوال أهم ما ما ني فاضية أتعلم إنجليزي أنا أشوفوأحجز اللي سويتها شو تسوي فيها الثلاثة آلاف اللي تسوي فيها رميها زبالة؟ أحجز لك تحجز لي سنة وتجدين سنة ثانية لا ما هي سنة وسنة هي حصص أحجز حصص أنا الحصص اللي بتفيدك وبتطورك أحجزها لك لأن عرض عرض عرض بدال ما تسيه بدال ما هي ست آلاف أحجزت لهم أحجزت لهم بس أنت فهم بدال ما تصير ست آلاف تصير ثلاث آلاف.صباحة صباح النور علي. ها. اليوم ما بتحضر يعني هذا الغياب. وبكرة مو بكرا الساعة سبعة اليوم في حصة. حتى للساعة سبعة طب زينك تكلف عشانها تغيب على الأقل يعني هذه خلاص محسوبة غياب.هذه ما هي بحصة هذه خلاص ما عايش فيها ترى ممكن إنهم يشوفون مستواك بعدين يقولون بيقعدوا يقولون ليش ما يحظر ليش بيحاسبوني أنا مو أنت. يا ربي ما تفكروا ما همك.أمم قولي طيب عشان تدشين بتوترات من سبب زهقت ومللت صح طيب طيب فترة بسيطة قصتها مدتها كبيرة. إيوة مين تبغى رجال مثلا بدال الحرمة. أجل.أيوة أيوة ما أدري طيب أنت إيش فيها الحصة؟ إيش فيها الحصة رد علي؟ أيوة ليش تطفش؟ ليش تطفش وتزهق الحصة في سبب؟ في سبب ليش تطفش وتزهق؟طيب هذا لأن هذا الحين الحرمة ما عاد تتواصل تقدر تسوي اللي أنت تبغاه اللي أنت ب اللي بريحك بتسويه بس أنت قول تكلم ليش؟ليش ليش ما ااا أيوة أيوة نعرف طيب ليش ما ت شو اسمه تحضر الحبسين مضايقت فيها بالضبط إيش اللي مضايقك روح علي أعطي الجواب أيوة ليش تطفش إني أبغى ألعب ما أبغى أدرس صح؟طب ترى هي عشرين دقيقة بس. والله خمس دقايق. خمس دقايق جالسين مع بعض صراحة. فيها لعب أصلاً الح الحصة ك أه بنصها لعب أصلاً تقريباً نصها لعب. ما في ما في إلا عادي. ما فيها عادي.أنت شفت حفل إخوانك أول شفت حفلهم لما حضروا ولا ما شفتهم؟ إشيو إخوانك نورة عبد الله شفت حفلهم لما حضروا؟ أنا أسألك شفت رد عليا شفت ولا ما شفت؟ شفتهم لما حضروا وأنت شفت حفلهم؟ إيه لا ليش؟ لا ما شافها عشان أشوف إذا هي عجبتك نجذبك حبيت طريقة حفلتهم.بتكون الحصة لعب أكثر من أنها دراسة كيف؟أيوة تصير اسمع اسمع شوف تقول ااا عندها فكرة تقول تصير حذافتك زي حذاف أخوانك وتصير تحضر زيهم ما تحضر حذافتهم على مستواك أنت ما على مستواهم على موادك أنت ما على مادتهم أنت ما شوف طيب حذافتهم وشوف إذا عجبتك تصير تحضر زيهم.شوف حصة إخوانك يعني إذا حضروا بعدين تقرر ها طب أول شيء هذه راحت الحصة هذه راحت خلاص أوكي غياب أول شيء فات جاية تأجلها ألغيها ألغيها لما تشوف حصة إخوانك صح خلاص طيب خلاص يقول ألغيها الحصة الجاية وش.aïe, hein.قلت له قلت له الكلام هذا قلت له أيوة أنا قلت له الكلام هذا في البداية قلت له هي الحصة الحصة اللي لازم تحضرها الشهر هذا ثمانية حصة فكنت قسم على الأسبوع هذا اللي باقي من الشهر.حصتين في الأسبوع عرفت تقول حصتين في الأسبوع تأخذ ما راح تأخذه يوميا بس حصتين في الأسبوع عشان تخلص أيوة بيكون سهل صح ولا لا خمسة في الأسبوع أسهل من إنه يكون كل يوم صح طيب ممكن كده ممكن ممكن أستاذة مي ممكن لأنه سبع عشان قال لي لازم يخلصها كل يوم ما أدري.Hm.أيوة أنا عارفه بس إحنا نحجز الحصص ما أدري هو يقدر تتأجل الحصص من الشهر هذا للشهر الجاي عادي؟أيوة هو هو قال لي هو يقول لي ما ينفع يقول لي الكلام هذا يقول أممم كان يقول لي.أيوة أيوة أيوة أنتي تمام أيوة بس أنه أنا ما أدري هو قال لي لا يقول لازم أخلص في الشهر هذا بس باقي أمس يوم أحسبها أعتقد ست حصص ست حصص شيء زي كده يا خا لا خمس حصص ثابتة لا اللي باقي الحين لازم يحضرها عشان يقفل جدول الشهر هذا شهر إبريل أيوة.هذا هو باقي الأسبوع الشهر وينتهي وهو ما حضر منا شيء إجازة وبعدين غياب وبعدين شو اسمه يعني النت ومشاكل عرفتي أيوة يعني الضغط وزي كذا فما كان في وقت مناسب عشان كده تنضغط الحصص أحيانًا أنا قلت أنا قلت له بصبر بصبر بعدين قلت لا بعطي شفتي هذا اللي أنا ماني عارفة تميني قادرة أحدد حتى إذا الوقت مناسب أو لا بعض الأحيان.¿Qué?ما اسمعك والله ما اسمعك قطع صوتك مو واضح قط إيه بس ما هو واضح أيوة بس ما أدري إيش تقولين لأن لأنه صعب شوية الصوت. تعطلها بس لحظة شوية وقول لنورة توديها الحمام قول نورة توديها بسرعة تلعب تلعبوا أختك الموسخة خلونا نوديها.أيوه. تعالي، فكها، امشي داخل الحمام أول، بسرعة. طيب لا تروح تلعب، حطي الشنطين وادخل معها الحمام بسرعة. ادخل معها البيت بس، مو سمحت ادخل. لا تجادلني، ادخل بسرعة، فوخخ الشنطة، فوخخ الشنطة، فوخخ الشنطة، نعطفك بعدين. عشان تروح الحمام.يلا سارة يلا يلا يلا يلا بسرعة وين نورة ما أدري نورة بسرعة.Ja.الله الله، لازم أموت بليلة، المساء ضننا نص ساعة. نورا، بدكوا متغيري لغتكم وبدوننا دراسة. ردي، بدكوا متغيري لي؟عشان تجي هذيك وتضاربني أنت وياها أغير ولا هو أنا مشغولة.نورا! نورا! تعالي بسرعة! كل اللي في الشارع سمعوا صوتي.Allô ?شوفي أكلمك بعد شوية لأن البنت موسخة وأنا ما صليت وبكلمك، إيه لازم نشوف حل للموضوع هذا أنا بكلم الأستاذ عاصم بعد.خل خلينا بس إن ذكريني إيش كنا نقول ما أدري أنتي قلتي لي شيء مهم.أوكي أيوة أيوة كده يعني ربع ساعة ربع ساعة بالكثير نص ساعة إن شاء الله ما يجي شيء يشتغل لي ثاني أوكي حلو أوكية مع السلامة. بعدين ما هي ضرورية ترى لازم تشوفينها، ألو، عليكم السلام هلا هلا، إحنا الحمد لله بخير. والله شف شوفي معايا بصلي بصلي العصر ما بعد صليت. أيوه أيوه ااا لأن عبد الرحمن ده حسبها بخاف أبغى أتأكد إن حرام بقول للمريم تنتبه له ااا شو اسمه ما بطول هو حسبه عشرين دقيقة تقريبا ما أدري عن حسب دخلها ولا لا يا ربي راح ست دقايق ما أدري عبد الرحمن الحصة دخلتها ولا لا لا طبعا صح الحين الحين الحين الحين تروح ولدي الحصة كلها عشرين دقيقة أدخل أطلعك من فايف وان توك ما أقدر ما أقدر. كيف يعني ما تدري؟ خلاص إيش؟ خلاص إيه مو أنت أول تطلعني طلعني أنت خذت الموضوع بجد أنا ما بطلعك. ليش طلعك ما تبغى تتعلم إنجليزي ما تبغى تستفيد ما تبغى تصير شاطر؟ ما تعلم ترى مرة ريت أنا أشوف شيء لا يذكر. مستحيل تبقوا في نفس المستوى مستحيل أنا شفت أنا شفت بعيني شفت أنا شفت بعيني أولاد كيف صاروا؟ حتى أنت ليه أنت شفيك أنت ناقص أنت أشطر منهم وأذكى منهم ما أنت ناقص شيء. بس ناقصه تتابع بس وتستمر بعدين ترى كنت إجازة كنت إجازة فترة طويلة إش فيك؟ كنت إجازة فترة طويلة مدة أسبوع بس؟ ولا كل مرة بتقولي أسبوع أسبوع أسبوع ترى ما ما عاد تستفيد إذا مدت ها الفترة طويلة المفروض إني أصلاً ما مدّت كثير بس الظروف. أسبوع واحد؟ 네. ما أقدر صح ما أقدر أحط لك جدول خلاص أحط لك جدول الحين الأسبوعين هذه لازم تلتزم فيه خلصوا الأسبوعين هذه بعدين باخد لك إجازة إيه مو أسبوعين لا كم إحنا اليوم كم التاريخ واحد وعشرين ثلاثة وعشرين؟ أيوة ثلاثة وعشرين خلاص باقي أربعة وعشرين خمسة وعشرين ستة وعشرين سبعة وعشرين أسبوع أسبوع بس باقي باقي لها أسبوع يا أخي لا لا ما أبغى يا أخي يعني إيش ما تبغى كيف حطه لي جدول حط لك جدول حق الشهر هذا بس خلص اللي عليك وبعدين أقدر أخذ لك إجازة. حقة الشهر كامل تاخدها في أسبوع لأنك قعدت ما ما تحضر وتروح الحصص وتغيب عليك لين تجمعت. فإيش الحل تخلصها الحين وبعدين أخد لك إجازة؟ لا ما صرت كويس لسه في الون يمكن ولا زيرو لسه ما عديت. وجاي اختبار فعندك يوم الأحد اختبار إنجليزي في الوحدة السادسة وأعطانا الكلمات الإملاء أيوة في المدرسة أعطانا كلمات الإملاء اللي قال كملوها تدربوا عليها وهذه ثاني مرة زين يرسل إملاء أنت ما تتدرب ما أدري عنك كيف إملائك أكيد زيت زفت صدق ممتاز إذا أنت تجيب كويس وردني طيب عشان أفرح وأتطمن وأرتاح لأني ما شفتك تذاكر فإذا أنت كده ما شاء الله عليك معناتها إنك موهوب. قال ليش ما تفضي لازم حل. والشصوص شو تسوي فيها؟ أنا ما قلت لك ازيلي حل مع إنه قلت لك كان في سنة وتسعة شهور وثمانية ولا ومو ثمانية وستة شهور أنا قلت ازيلي ااا شيل كيسة الشعافه. قلت لي ست شهور قلت لا لا فلانة فلانة فلانة آه يا خدي. بس شوية ما افتقدت. لا لا ما افتقدت شيء بسيط مرة وتنسي لو ما استمريت. عشان كده حجز، أنت تشوفه كويس، أنت تشوف إنك فزت كويس لأنك درست فترة بسيطة، ومع المدرسة تدرس إيه وبتصير زين، لكن بتنسى لو ما استمريت، لو ما كملت، نادر كنت أنا وأنا دارسة سنتين لفيت، ما اتذكرت إلا يوم جيت الشغالة، ومعكم في ال لما أشوفكم تدرسون، أتذكر بعض الأشياء. يا خي خلاص بتحل الحل الحين نعوز نسويه ما بتدخولي الحصة الحين تدخلي الحصة راح نصها إيش فاضي الإيش بتدقون على الجوال هذا الاتفاق اللي أمس اتفقنا مع خالتك؟ إيه ما توني عارفة إلا اتفقتوا على الحصة إنك تحضرها قبل ما تيجي صح ولا لا بس وصلت غير كلامك صح؟ هذا وأنت لسه ما شبكت التسوني بس على الجوال؟ عشان لو شبكت التسوني إيش بتسوي؟ يعني ما أعرف. طيب إيش تبغى عشان تبغى الجوال الجوال أهم ولا إيش تبغى؟ الجوال أهم ما ما ني فاضية أتعلم إنجليزي أنا أشوف وأحجز اللي سويتها شو تسوي فيها الثلاثة آلاف اللي تسوي فيها رميها زبالة؟ أحجز لك تحجز لي سنة وتجدين سنة ثانية لا ما هي سنة وسنة هي حصص أحجز حصص أنا الحصص اللي بتفيدك وبتطورك أحجزها لك لأن عرض عرض عرض بدال ما تسيه بدال ما هي ست آلاف أحجزت لهم أحجزت لهم بس أنت فهم بدال ما تصير ست آلاف تصير ثلاث آلاف. صباحة صباح النور علي. ها. اليوم ما بتحضر يعني هذا الغياب. وبكرة مو بكرا الساعة سبعة اليوم في حصة. حتى للساعة سبعة طب زينك تكلف عشانها تغيب على الأقل يعني هذه خلاص محسوبة غياب. هذه ما هي بحصة هذه خلاص ما عايش فيها ترى ممكن إنهم يشوفون مستواك بعدين يقولون بيقعدوا يقولون ليش ما يحظر ليش بيحاسبوني أنا مو أنت. يا ربي ما تفكروا ما همك. أمم قولي طيب عشان تدشين بتوترات من سبب زهقت ومللت صح طيب طيب فترة بسيطة قصتها مدتها كبيرة. إيوة مين تبغى رجال مثلا بدال الحرمة. أجل. أيوة أيوة ما أدري طيب أنت إيش فيها الحصة؟ إيش فيها الحصة رد علي؟ أيوة ليش تطفش؟ ليش تطفش وتزهق الحصة في سبب؟ في سبب ليش تطفش وتزهق؟ طيب هذا لأن هذا الحين الحرمة ما عاد تتواصل تقدر تسوي اللي أنت تبغاه اللي أنت ب اللي بريحك بتسويه بس أنت قول تكلم ليش؟ ليش ليش ما ااا أيوة أيوة نعرف طيب ليش ما ت شو اسمه تحضر الحبسين مضايقت فيها بالضبط إيش اللي مضايقك روح علي أعطي الجواب أيوة ليش تطفش إني أبغى ألعب ما أبغى أدرس صح؟ طب ترى هي عشرين دقيقة بس. والله خمس دقايق. خمس دقايق جالسين مع بعض صراحة. فيها لعب أصلاً الح الحصة ك أه بنصها لعب أصلاً تقريباً نصها لعب. ما في ما في إلا عادي. ما فيها عادي. أنت شفت حفل إخوانك أول شفت حفلهم لما حضروا ولا ما شفتهم؟ إشيو إخوانك نورة عبد الله شفت حفلهم لما حضروا؟ أنا أسألك شفت رد عليا شفت ولا ما شفت؟ شفتهم لما حضروا وأنت شفت حفلهم؟ إيه لا ليش؟ لا ما شافها عشان أشوف إذا هي عجبتك نجذبك حبيت طريقة حفلتهم. بتكون الحصة لعب أكثر من أنها دراسة كيف؟ أيوة تصير اسمع اسمع شوف تقول ااا عندها فكرة تقول تصير حذافتك زي حذاف أخوانك وتصير تحضر زيهم ما تحضر حذافتهم على مستواك أنت ما على مستواهم على موادك أنت ما على مادتهم أنت ما شوف طيب حذافتهم وشوف إذا عجبتك تصير تحضر زيهم. شوف حصة إخوانك يعني إذا حضروا بعدين تقرر ها طب أول شيء هذه راحت الحصة هذه راحت خلاص أوكي غياب أول شيء فات جاية تأجلها ألغيها ألغيها لما تشوف حصة إخوانك صح خلاص طيب خلاص يقول ألغيها الحصة الجاية وش. aïe, hein. قلت له قلت له الكلام هذا قلت له أيوة أنا قلت له الكلام هذا في البداية قلت له هي الحصة الحصة اللي لازم تحضرها الشهر هذا ثمانية حصة فكنت قسم على الأسبوع هذا اللي باقي من الشهر. حصتين في الأسبوع عرفت تقول حصتين في الأسبوع تأخذ ما راح تأخذه يوميا بس حصتين في الأسبوع عشان تخلص أيوة بيكون سهل صح ولا لا خمسة في الأسبوع أسهل من إنه يكون كل يوم صح طيب ممكن كده ممكن ممكن أستاذة مي ممكن لأنه سبع عشان قال لي لازم يخلصها كل يوم ما أدري. Hm. أيوة أنا عارفه بس إحنا نحجز الحصص ما أدري هو يقدر تتأجل الحصص من الشهر هذا للشهر الجاي عادي؟ أيوة هو هو قال لي هو يقول لي ما ينفع يقول لي الكلام هذا يقول أممم كان يقول لي. أيوة أيوة أيوة أنتي تمام أيوة بس أنه أنا ما أدري هو قال لي لا يقول لازم أخلص في الشهر هذا بس باقي أمس يوم أحسبها أعتقد ست حصص ست حصص شيء زي كده يا خا لا خمس حصص ثابتة لا اللي باقي الحين لازم يحضرها عشان يقفل جدول الشهر هذا شهر إبريل أيوة. هذا هو باقي الأسبوع الشهر وينتهي وهو ما حضر منا شيء إجازة وبعدين غياب وبعدين شو اسمه يعني النت ومشاكل عرفتي أيوة يعني الضغط وزي كذا فما كان في وقت مناسب عشان كده تنضغط الحصص أحيانًا أنا قلت أنا قلت له بصبر بصبر بعدين قلت لا بعطي شفتي هذا اللي أنا ماني عارفة تميني قادرة أحدد حتى إذا الوقت مناسب أو لا بعض الأحيان. ¿Qué? ما اسمعك والله ما اسمعك قطع صوتك مو واضح قط إيه بس ما هو واضح أيوة بس ما أدري إيش تقولين لأن لأنه صعب شوية الصوت. تعطلها بس لحظة شوية وقول لنورة توديها الحمام قول نورة توديها بسرعة تلعب تلعبوا أختك الموسخة خلونا نوديها. أيوه. تعالي، فكها، امشي داخل الحمام أول، بسرعة. طيب لا تروح تلعب، حطي الشنطين وادخل معها الحمام بسرعة. ادخل معها البيت بس، مو سمحت ادخل. لا تجادلني، ادخل بسرعة، فوخخ الشنطة، فوخخ الشنطة، فوخخ الشنطة، نعطفك بعدين. عشان تروح الحمام. يلا سارة يلا يلا يلا يلا بسرعة وين نورة ما أدري نورة بسرعة. Ja. الله الله، لازم أموت بليلة، المساء ضننا نص ساعة. نورا، بدكوا متغيري لغتكم وبدوننا دراسة. ردي، بدكوا متغيري لي؟ عشان تجي هذيك وتضاربني أنت وياها أغير ولا هو أنا مشغولة. نورا! نورا! تعالي بسرعة! كل اللي في الشارع سمعوا صوتي. Allô ? شوفي أكلمك بعد شوية لأن البنت موسخة وأنا ما صليت وبكلمك، إيه لازم نشوف حل للموضوع هذا أنا بكلم الأستاذ عاصم بعد. خل خلينا بس إن ذكريني إيش كنا نقول ما أدري أنتي قلتي لي شيء مهم. أوكي أيوة أيوة كده يعني ربع ساعة ربع ساعة بالكثير نص ساعة إن شاء الله ما يجي شيء يشتغل لي ثاني أوكي حلو أوكية مع السلامة.",bad_asr,ASR_LOW_QUALITY,1469e854-f51c-4e43-b325-c0fa798483a7,qwen3-asr-flash-filetrans,2026-04-26 02:01:02,weak_need,dissatisfied_course,normal,no_issue,recover_dissatisfied_user,الابن يرفض حضور الحصص الدراسية (التي كان من المفترض أن يدخلها أو فاتته للتو) بسبب الملل والرغبة في اللعب. ولي الأمر يتواصل مع مقدم الخدمة لمناقشة حلول لتعزيز مشاركة الابن وضمان استفادته من الكورس المدفوع.
98c9a8331738c23e4160cfcae6c74a19,voice_599518001,599518001,63000277,51habiba.hassan,2244(Maqsam),2026-04-23 21:03:57,双方接通,duplicate_or_wrong,0.7,المتصل يحاول التعرف على الطرف الآخر وهناك ارتباك بخصوص الاسم (جلال/جراح)، مع وجود لغات أجنبية متداخلة ومحادثة غير واضحة.,unknown,,,,,,,,,,,,,,unknown,,unknown,,,,,,,,,,success,,,,2026-04-26 00:31:05,2026-04-26 02:01:55,http://pd-fscall-record.oss-cn-hongkong.aliyuncs.com/2026-04-23/maqsam-habiba.hassan.298850664.mp3?OSSAccessKeyId=LTAI5t8sBUhKT5YzXBHvmGGq&Expires=1777141592&Signature=1k17T45%2BQFX8AqV2Clmd46UnB4c%3D,http://pd-fscall-record.oss-cn-hongkong.aliyuncs.com/2026-04-23/maqsam-habiba.hassan.298850664.mp3?OSSAccessKeyId=LTAI5t8sBUhKT5YzXBHvmGGq&Expires=1777141592&Signature=1k17T45%2BQFX8AqV2Clmd46UnB4c%3D,sales-engine/recordings/2026-04-23/user_63000277__voice_599518001.mp3,https://sales-engine-audio.oss-cn-hongkong.aliyuncs.com/sales-engine/recordings/2026-04-23/user_63000277__voice_599518001.mp3?OSSAccessKeyId=LTAI5t6Jd8PozcNwqEKaFS1q&Expires=1777147318&Signature=4hi9n68K1v/1IecnY2gaYu2jFY4%3D,"拉吧。هلا هلا سمعت، مين إيه؟ كيف؟لا لا ما حتى مو جلال مو جلال.إسمه جراح جراح.¡Ay, lo va a llorar!嗯。هلا شوية شوية أنا أتعلم لسه.去去。خلاص طيب ما عندك مشكلة.嗯。 拉吧。 هلا هلا سمعت، مين إيه؟ كيف؟ لا لا ما حتى مو جلال مو جلال. إسمه جراح جراح. ¡Ay, lo va a llorar! 嗯。 هلا شوية شوية أنا أتعلم لسه. 去去。 خلاص طيب ما عندك مشكلة.",bad_asr,ASR_LOW_QUALITY,ecb159b3-1f6c-4393-82a6-6f257432c1ba,qwen3-asr-flash-filetrans,2026-04-26 02:02:04,invalid_or_noise,unknown,no_real_conversation,unknown,no_task,"المكالمة تتضمن لغات أجنبية متداخلة وارتباك في تحديد هوية المتصل (""جلال"" مقابل ""جراح"")، مما يشير إلى أن بيانات العميل خاطئة أو الرقم غير صحيح، والمحادثة غير هادفة."
1cb670afae80dfece38829db86e51600,voice_599519790,599519790,62995856,51habiba.hassan,2244(Maqsam),2026-04-23 21:20:24,双方接通,unknown,0.1,المكالمة تتضمن تحيات ومحاولات للتواصل، مع إشارة مبهمة إلى معلومة سابقة، ولا يوجد محتوى واضح للمحادثة.,unknown,,,,,,,,,,,,,,unknown,,none,,,,,,,,,,success,,,,2026-04-26 00:31:05,2026-04-26 02:02:18,http://pd-fscall-record.oss-cn-hongkong.aliyuncs.com/2026-04-23/maqsam-habiba.hassan.298858076.mp3?OSSAccessKeyId=LTAI5t8sBUhKT5YzXBHvmGGq&Expires=1777141591&Signature=O6rT7Zj0sa3HZYQLfPdJa8KHnIQ%3D,http://pd-fscall-record.oss-cn-hongkong.aliyuncs.com/2026-04-23/maqsam-habiba.hassan.298858076.mp3?OSSAccessKeyId=LTAI5t8sBUhKT5YzXBHvmGGq&Expires=1777141591&Signature=O6rT7Zj0sa3HZYQLfPdJa8KHnIQ%3D,sales-engine/recordings/2026-04-23/user_62995856__voice_599519790.mp3,https://sales-engine-audio.oss-cn-hongkong.aliyuncs.com/sales-engine/recordings/2026-04-23/user_62995856__voice_599519790.mp3?OSSAccessKeyId=LTAI5t6Jd8PozcNwqEKaFS1q&Expires=1777147341&Signature=5wqmJzAk%2BgGx4IqkrQydAcGI2HQ%3D,Allô ? Allô ?हेलो हायآه هلا هلا إيه إيهأوكي أوكي طيب، أمم علمتك. Allô ? Allô ? हेलो हाय آه هلا هلا إيه إيه أوكي أوكي طيب، أمم علمتك.,bad_asr,ASR_LOW_QUALITY,103fc085-0d91-463e-920b-0d484cd57ffe,qwen3-asr-flash-filetrans,2026-04-26 02:02:26,unknown,unknown,no_real_conversation,unknown,no_task,المكالمة قصيرة جداً وتفتقر إلى محتوى واضح يمكن من خلاله تحديد أي تفاصيل حول نوايا العميل، جودة Lead، أو أي اعتراضات/ملاحظات.
d9ab04320560e19f4a59ca401320177c,voice_599520585,599520585,62831103,EGCC-eman.amr,2289(Maqsam),2026-04-23 21:26:07,双方接通,unknown,0.1,المكالمة صاخبة للغاية وتحتوي على عدة لغات (الإسبانية، الهندية، الصينية، الإنجليزية، العربية) بدون محادثة واضحة تتعلق بدورة لغة إنجليزية. الأجزاء العربية خارج السياق. يبدو أن الوكيل يحاول إقامة اتصال، لكن لا يوجد تفاعل حقيقي.,unknown,,,,,,,,,,,,,,unknown,,unknown,,,,,,,,,,success,,,,2026-04-26 00:31:05,2026-04-26 02:03:17,http://pd-fscall-record.oss-cn-hongkong.aliyuncs.com/2026-04-23/maqsam-Eman.Amr.298860821.mp3?OSSAccessKeyId=LTAI5t8sBUhKT5YzXBHvmGGq&Expires=1777141590&Signature=9nynkyvEBh9weqAWIwtyBWuJwX8%3D,http://pd-fscall-record.oss-cn-hongkong.aliyuncs.com/2026-04-23/maqsam-Eman.Amr.298860821.mp3?OSSAccessKeyId=LTAI5t8sBUhKT5YzXBHvmGGq&Expires=1777141590&Signature=9nynkyvEBh9weqAWIwtyBWuJwX8%3D,sales-engine/recordings/2026-04-23/user_62831103__voice_599520585.mp3,https://sales-engine-audio.oss-cn-hongkong.aliyuncs.com/sales-engine/recordings/2026-04-23/user_62831103__voice_599520585.mp3?OSSAccessKeyId=LTAI5t6Jd8PozcNwqEKaFS1q&Expires=1777147401&Signature=c1lRV0KLyJaNhBRaRqhBBz8IuN0%3D,"Aló, ¿me escuchas ahora mejor?हम दिल और दिल में आईआई होLion Music.Come on, Tom.哎呦。कमांड对。Come on, touch hand.Hmm.在吗？哈喽。لا إيران يا أخي الشيوخ真的。شويات واردة أوكيكلمني ما.I. I.Ya está, no hay problema. Aló, ¿me escuchas ahora mejor? हम दिल और दिल में आई आई हो Lion Music. Come on, Tom. 哎呦。 कमांड 对。 Come on, touch hand. Hmm. 在吗？哈喽。 لا إيران يا أخي الشيوخ 真的。 شويات واردة أوكي كلمني ما. I. I. Ya está, no hay problema.",bad_asr,ASR_LOW_QUALITY,1e420e66-7847-4736-9f21-5abeda4dd679,qwen3-asr-flash-filetrans,2026-04-26 02:03:31,unknown,unknown,no_real_conversation,unknown,no_task,النص مليء بالضوضاء ويحتوي على مزيج من اللغات غير ذات الصلة بمكالمة مبيعات سعودية لدورة لغة إنجليزية. لا توجد محادثة واضحة يمكن فهمها أو تحليلها.
db0872f7456535d20950a1db6120104b,voice_599522325,599522325,62827921,EGCC-eman.amr,2289(Maqsam),2026-04-23 21:33:36,双方接通,unknown,0.1,المكالمة عبارة عن تبادل تحيات متكرر ولا تحتوي على معلومات مفيدة.,unknown,,,,,,,,,,,,,,unknown,,none,,,,,,,,,,success,,,,2026-04-26 00:31:05,2026-04-26 02:04:14,http://pd-fscall-record.oss-cn-hongkong.aliyuncs.com/2026-04-23/maqsam-Eman.Amr.298864183.mp3?OSSAccessKeyId=LTAI5t8sBUhKT5YzXBHvmGGq&Expires=1777141590&Signature=fWSiOzR9vikgqFP1GSRL%2FWC%2F0gY%3D,http://pd-fscall-record.oss-cn-hongkong.aliyuncs.com/2026-04-23/maqsam-Eman.Amr.298864183.mp3?OSSAccessKeyId=LTAI5t8sBUhKT5YzXBHvmGGq&Expires=1777141590&Signature=fWSiOzR9vikgqFP1GSRL%2FWC%2F0gY%3D,sales-engine/recordings/2026-04-23/user_62827921__voice_599522325.mp3,https://sales-engine-audio.oss-cn-hongkong.aliyuncs.com/sales-engine/recordings/2026-04-23/user_62827921__voice_599522325.mp3?OSSAccessKeyId=LTAI5t6Jd8PozcNwqEKaFS1q&Expires=1777147457&Signature=M03cpwxlqaO5%2BqOMrbLZZps75M4%3D,أهلاً، كيف أنت؟啊？अल्हम्दुलिल्लाहI get. أهلاً، كيف أنت؟ 啊？ अल्हम्दुलिल्लाह I get.,bad_asr,ASR_LOW_QUALITY,ec5a24b5-5c57-4cd7-84f0-eac1716c82df,qwen3-asr-flash-filetrans,2026-04-26 02:04:22,unknown,unknown,no_real_conversation,unknown,no_task,المكالمة تقتصر على تبادل التحيات ولا تحتوي على أي محتوى يمكن تحليله لتحديد الغرض من المكالمة أو الخطوات التالية.
3134ce79fdc9cc2281c434c7f6b03952,voice_599523877,599523877,59258563,EGCC-eman.amr,2289(Maqsam),2026-04-23 21:44:05,双方接通,post_class_followup,1.0,العميل يقوم بالمقارنة بين المركز وخيارات أخرى، ويُفضل الدراسة الحضورية على الإنترنت ولديه عوائق جغرافية (يسكن في الجنوب ويزور الرياض فقط في الإجازات). سيتم التواصل إذا لم يجد البديل المناسب.,low,,,,,,,,,,,,,,low,,online_mode_concern,,,,,,,,,,success,,,,2026-04-26 00:31:05,2026-04-26 02:05:04,http://pd-fscall-record.oss-cn-hongkong.aliyuncs.com/2026-04-23/maqsam-Eman.Amr.298868635.mp3?OSSAccessKeyId=LTAI5t8sBUhKT5YzXBHvmGGq&Expires=1777141589&Signature=N%2B5r6SlUGjtMtzzbzt8fXFKlqFE%3D,http://pd-fscall-record.oss-cn-hongkong.aliyuncs.com/2026-04-23/maqsam-Eman.Amr.298868635.mp3?OSSAccessKeyId=LTAI5t8sBUhKT5YzXBHvmGGq&Expires=1777141589&Signature=N%2B5r6SlUGjtMtzzbzt8fXFKlqFE%3D,sales-engine/recordings/2026-04-23/user_59258563__voice_599523877.mp3,https://sales-engine-audio.oss-cn-hongkong.aliyuncs.com/sales-engine/recordings/2026-04-23/user_59258563__voice_599523877.mp3?OSSAccessKeyId=LTAI5t6Jd8PozcNwqEKaFS1q&Expires=1777147509&Signature=LS/2NG5gk6QOoem55jGdLt8zuQQ%3D,سلامة من الله.Y vale.आह लें그.はい。hmसाइंस一八年。哎喲。Hmm.أيوة كله على عين بس الآن يعني ااا يمكن يبغاله فترة كده ويرجع عندكم يعني بيشوف أكثر من مكان وبيشوف إيش الأفضل له وبيتم التواصل معاكم.Okay.أيوة بس أقول لك الآن يعني هو يعني قاعد يشوف أكثر من مكان يعني إذا ما ناسبه أي شيء راح نرجع نتواصل معاكم.أكيد الحضور راح يستفيد أكثر من أونلاين.Um.对。嗯。Uh huh.Um.وهو على حسب يرجع على حسب الفرد يعني إنه بيستوعب لحاله أو إنه يستوعب معه مجموعة.哎，我们哎哎。嗯。拜嗯。طيب كم مجموعكم أنتم؟ كم مركزكم؟أها لا إحنا للأسف يعني إحنا في الجنوب يعني فما رحت الرياض إلا الإجازة عشان المدارس إيه.في الإجازة.Yeah.خلاص أنا أعطيك أعطيك أعطيك الخبر يعني بإذن الله إذا تم التواصل إذا دققت عليكم فخلاص أساس إنه يتسجل معاكم يكمل معاكم.ajá.Ya.Okay.en어.طيب أنا أشوف ااا يعني إيش وضعه إذا بيتم معكم أنا أتوافق معكم بالجملة.بس يمكن لأن شبكة البيت ااا نفسك ما توصل الرسائل أنا أكلم.ไป ไป เส้นนะ อย่าไปทะเลอะOh.嗯，吧。Yeah.啊。Thank you.طيب تمام أنا سامعةخلاص تمام إن شاء الله تيم.आई हो आई होوالله ما أعطيك اخ بعطيك تأكيد يعني بس بشوف.طيب، بسم الله، إن شاء الله نركز من هنا، وسلام.ไปค่ะ น่าช็อคค่ะโอเค ไป سلامة من الله. Y vale. आह लें 그. はい。 hm साइंस 一八年。 哎喲。 Hmm. أيوة كله على عين بس الآن يعني ااا يمكن يبغاله فترة كده ويرجع عندكم يعني بيشوف أكثر من مكان وبيشوف إيش الأفضل له وبيتم التواصل معاكم. Okay. أيوة بس أقول لك الآن يعني هو يعني قاعد يشوف أكثر من مكان يعني إذا ما ناسبه أي شيء راح نرجع نتواصل معاكم. أكيد الحضور راح يستفيد أكثر من أونلاين. Um. 对。 嗯。 Uh huh. وهو على حسب يرجع على حسب الفرد يعني إنه بيستوعب لحاله أو إنه يستوعب معه مجموعة. 哎，我们哎哎。嗯。拜嗯。 طيب كم مجموعكم أنتم؟ كم مركزكم؟ أها لا إحنا للأسف يعني إحنا في الجنوب يعني فما رحت الرياض إلا الإجازة عشان المدارس إيه. في الإجازة. Yeah. خلاص أنا أعطيك أعطيك أعطيك الخبر يعني بإذن الله إذا تم التواصل إذا دققت عليكم فخلاص أساس إنه يتسجل معاكم يكمل معاكم. ajá. Ya. en 어. طيب أنا أشوف ااا يعني إيش وضعه إذا بيتم معكم أنا أتوافق معكم بالجملة. بس يمكن لأن شبكة البيت ااا نفسك ما توصل الرسائل أنا أكلم. ไป ไป เส้นนะ อย่าไปทะเลอะ Oh. 嗯，吧。 啊。 Thank you. طيب تمام أنا سامعة خلاص تمام إن شاء الله تيم. आई हो आई हो والله ما أعطيك اخ بعطيك تأكيد يعني بس بشوف. طيب، بسم الله، إن شاء الله نركز من هنا، وسلام. ไปค่ะ น่าช็อคค่ะ โอเค ไป,bad_asr,ASR_LOW_QUALITY,2a9b199e-96f6-4ec5-909e-c8d1ec688b9a,qwen3-asr-flash-filetrans,2026-04-26 02:05:29,weak_need,unknown,normal,no_issue,no_task,العميل لديه اهتمام بالدورة ولكن لديه اعتراض على نمط الدراسة عبر الإنترنت ويفضل الحضوري، كما أن لديه عوائق جغرافية تمنعه من الوصول للمركز بسهولة. حالياً يقوم بمقارنة العروض الأخرى وسيقرر لاحقاً.
1b0699bec17373b725d197266cd1b4a9,voice_599525243,599525243,62988488,EGCC-maiwaheed,2313(Maqsam),2026-04-23 21:50:13,双方接通,post_class_followup,0.7,يشرح المتصل سبب تأخره لدرس سابق، ويذكر أن والده أثنى على المدرس ووصفه بالممتاز. كما طلب المتصل دقيقة لإرجاع شيء.,unknown,,,,,,,,,,,,,,none,,none,,,,,,,,,,success,,,,2026-04-26 00:31:05,2026-04-26 02:05:55,http://pd-fscall-record.oss-cn-hongkong.aliyuncs.com/2026-04-23/maqsam-MaiWaheed.298871125.mp3?OSSAccessKeyId=LTAI5t8sBUhKT5YzXBHvmGGq&Expires=1777141704&Signature=MafISd2eBGyuz2uhDyf0O1jrRl0%3D,http://pd-fscall-record.oss-cn-hongkong.aliyuncs.com/2026-04-23/maqsam-MaiWaheed.298871125.mp3?OSSAccessKeyId=LTAI5t8sBUhKT5YzXBHvmGGq&Expires=1777141704&Signature=MafISd2eBGyuz2uhDyf0O1jrRl0%3D,sales-engine/recordings/2026-04-23/user_62988488__voice_599525243.mp3,https://sales-engine-audio.oss-cn-hongkong.aliyuncs.com/sales-engine/recordings/2026-04-23/user_62988488__voice_599525243.mp3?OSSAccessKeyId=LTAI5t6Jd8PozcNwqEKaFS1q&Expires=1777147558&Signature=r4FYmww2cutg4cfOOhgAkW8p3y0%3D,हैलोأي كشاف؟ يا دقيقة أنا أرجعها، سمعي؟لا أنا كنت أنا كنت جاي متأخر لأن لقيت المدرس برة.Hey.لا الوالد قال لي في مدرس ممتاز.हर जा हैलो أي كشاف؟ يا دقيقة أنا أرجعها، سمعي؟ لا أنا كنت أنا كنت جاي متأخر لأن لقيت المدرس برة. Hey. لا الوالد قال لي في مدرس ممتاز. हर जा,bad_asr,ASR_LOW_QUALITY,565bff38-20da-47dc-99a6-eede146a0667,qwen3-asr-flash-filetrans,2026-04-26 02:06:03,unknown,satisfied,normal,no_issue,no_task,يوضح المتصل سبب تأخره ويقدم ملاحظات إيجابية عن جودة المدرس من خلال والده، مع طلب إرجاع شيء.
7118d4af5a97fa974d767785f461aac5,voice_599527165,599527165,63002028,51habiba.hassan,2244(Maqsam),2026-04-23 22:01:25,双方接通,post_class_followup,0.6,العميل يستفسر عن دورة إنجليزية لابنه المتخرج من الثانوية والذي يرغب بدراسة التمريض. يسأل عن العروض المتاحة، مدتها، أسعار الباقات لشخص واحد أو شخصين، وخيارات الدفع. يذكر أن ابنه كان قد أجرى عملية جراحية. العميل سيقوم بالاتصال مرة أخرى في تاريخ 22 لتأكيد الحجز.,high,,,,,,,,,,,,,,high,,none,,,,,,,,,,success,,,,2026-04-26 00:31:05,2026-04-26 02:07:37,http://pd-fscall-record.oss-cn-hongkong.aliyuncs.com/2026-04-23/maqsam-habiba.hassan.298875748.mp3?OSSAccessKeyId=LTAI5t8sBUhKT5YzXBHvmGGq&Expires=1777141588&Signature=6fIyKK9LADVeU%2Bcde0PSXDkDWPE%3D,http://pd-fscall-record.oss-cn-hongkong.aliyuncs.com/2026-04-23/maqsam-habiba.hassan.298875748.mp3?OSSAccessKeyId=LTAI5t8sBUhKT5YzXBHvmGGq&Expires=1777141588&Signature=6fIyKK9LADVeU%2Bcde0PSXDkDWPE%3D,sales-engine/recordings/2026-04-23/user_63002028__voice_599527165.mp3,https://sales-engine-audio.oss-cn-hongkong.aliyuncs.com/sales-engine/recordings/2026-04-23/user_63002028__voice_599527165.mp3?OSSAccessKeyId=LTAI5t6Jd8PozcNwqEKaFS1q&Expires=1777147661&Signature=llCcW22lyCfFps5KxrjHJU%2BljUk%3D,"وعليكم السلام ورحمة الله.يا مرحبا، حياك الله.الله يحفظك يا ربي الحمد لله.إيه نعم، تفضل يا لي.تمام عليك بس أبى أسأل سؤال قبل أقول لك الأسماء عندي الولد أنا طالع من عملية فاهمة ويعني العرض اللهم آمين العرض لين كم يعني لين ويا شهر.What?إيه تمام.أكيد إيش نعم تفضلي عندي متخرج من الثانوية.بس أمم.De sa page.لا لا لا حصله الظرف اللي كلمتك عليه وما قدر.والله لا لا مستوى مرة يعني ما عن إيه إيه لا لا.سادة أربعة يعني.لا والله إيه نعم على السوشيال ميديا نعم عن طريق السناب نعم.Sure.怎么。Hmm.Sorry.صحيح صحيح. فعلاً مية مية.لا لا، باس الولد الكبير ترى، لا شخصين شخصين، العرض مود ساتة، تسعمية تسعة وتسعين.Hey.对。Hmm.Uh huh.Bye.أكيد أكيد إن شاء الله.تمري يبغى تمريض تمريض تمريض.حلو.حلو.Hm. Um.嗯。تمام، مضبوط.Uh huh. Uh huh, uh huh.对。Uh huh.ألفين ألفين وكم؟ مضبوط، أيوة.Uh huh.Hmm.Uh huh.Uh huh.Hmm.مزبوط مزبوط مزبوط تمام.Um hm.Uh huh.مظبوط، طيب.والله أنا أشوف المناسب اللي هي ألفين وخمسمية تقريبا أي نعم مترافزين مضبوط.لا لا أنا أنا كمناصب بداية دخول المعهد الولد.はい。By.المظبوط كلامك صحيح.لماذا؟ كلامك صحيح. بس أنا يحكم لي الولد يعني رغبته فهمت؟طيب إيش رأيك أنا أعطيني ااا أنتم دوامكم على مدار الساعة ولا؟يا سلام خلاص اثنين وعشرين قبل عشرة أدق عليكم أنا.在，在，在不多是不是？哎呀，白天嘛，天嘛。tamam eyvallah, lazım lazım. ne maşallah.ماشي. ال الباقة اللي تقولينها حق الشخص واحد صح؟أيوه طيب طيب طيب ماشي والباقي اللي تسعمية وتسعين حقت إيه؟Hey.Um. Ah. Ah. Yeah.Okay. Hmm.يا سلام فهمت فهمت فهمت.Hm.哎，我办了办了。طيب خلاص أوكي شكرا لك. وعليكم السلام ورحمة الله. يا مرحبا، حياك الله. الله يحفظك يا ربي الحمد لله. إيه نعم، تفضل يا لي. تمام عليك بس أبى أسأل سؤال قبل أقول لك الأسماء عندي الولد أنا طالع من عملية فاهمة ويعني العرض اللهم آمين العرض لين كم يعني لين ويا شهر. What? إيه تمام. أكيد إيش نعم تفضلي عندي متخرج من الثانوية. بس أمم. De sa page. لا لا لا حصله الظرف اللي كلمتك عليه وما قدر. والله لا لا مستوى مرة يعني ما عن إيه إيه لا لا. سادة أربعة يعني. لا والله إيه نعم على السوشيال ميديا نعم عن طريق السناب نعم. Sure. 怎么。 Hmm. Sorry. صحيح صحيح. فعلاً مية مية. لا لا، باس الولد الكبير ترى، لا شخصين شخصين، العرض مود ساتة، تسعمية تسعة وتسعين. Hey. 对。 Uh huh. Bye. أكيد أكيد إن شاء الله. تمري يبغى تمريض تمريض تمريض. حلو. Hm. Um. 嗯。 تمام، مضبوط. Uh huh. Uh huh, uh huh. ألفين ألفين وكم؟ مضبوط، أيوة. مزبوط مزبوط مزبوط تمام. Um hm. مظبوط، طيب. والله أنا أشوف المناسب اللي هي ألفين وخمسمية تقريبا أي نعم مترافزين مضبوط. لا لا أنا أنا كمناصب بداية دخول المعهد الولد. はい。 By. المظبوط كلامك صحيح. لماذا؟ كلامك صحيح. بس أنا يحكم لي الولد يعني رغبته فهمت؟ طيب إيش رأيك أنا أعطيني ااا أنتم دوامكم على مدار الساعة ولا؟ يا سلام خلاص اثنين وعشرين قبل عشرة أدق عليكم أنا. 在，在，在不多是不是？ 哎呀，白天嘛，天嘛。 tamam eyvallah, lazım lazım. ne maşallah. ماشي. ال الباقة اللي تقولينها حق الشخص واحد صح؟ أيوه طيب طيب طيب ماشي والباقي اللي تسعمية وتسعين حقت إيه؟ Um. Ah. Ah. Yeah. Okay. Hmm. يا سلام فهمت فهمت فهمت. Hm. 哎，我办了办了。 طيب خلاص أوكي شكرا لك.",bad_asr,ASR_LOW_QUALITY,bc0bd4b9-3d44-4f59-b7f0-9b61356700ed,qwen3-asr-flash-filetrans,2026-04-26 02:07:58,good_need,unknown,normal,no_issue,close_payment,العميل يستفسر عن عروض الدورة بعد رؤيته لإعلان على السوشيال ميديا (سناب شات)، ويناقش تفاصيل وأسعار لابنه المتخرج من الثانوية. أبدى العميل اهتمامًا كبيرًا بالدورة لابنه ويسأل تفاصيل دقيقة عن العروض والأسعار، وحدد موعدًا للاتصال مرة أخرى للحجز في تاريخ 22 قبل الساعة 10 صباحًا. لم يطرح العميل أي اعتراض مباشر، بل كان يستفسر لفهم الخيارات المتاحة.
5c8deeb53d27bd6c8f8db2a486388464,voice_599528508,599528508,63001100,EGCC-fatmamohamed,2310(Maqsam),2026-04-23 22:08:21,双方接通,unknown,0.1,مكالمة متقطعة وغير مفهومة تتضمن لغات متعددة (العربية، الإسبانية، الإنجليزية). لا يوجد حوار متعلق بدورة اللغة الإنجليزية. المتحدث العربي يعبر عن عدم رغبته في الأولاد ويسأل الطرف الآخر عما يريد مناقشته، مما يشير إلى أن المكالمة ليست مكالمة مبيعات فعلية أو أنها مكالمة خاطئة.,unknown,,,,,,,,,,,,,,unknown,,none,,,,,,,,,,success,,,,2026-04-26 00:31:05,2026-04-26 02:08:57,http://pd-fscall-record.oss-cn-hongkong.aliyuncs.com/2026-04-23/maqsam-FatmaMohamed.298878532.mp3?OSSAccessKeyId=LTAI5t8sBUhKT5YzXBHvmGGq&Expires=1777141700&Signature=L0eLtgokR%2Fg9ekLv5F59BhKLLwA%3D,http://pd-fscall-record.oss-cn-hongkong.aliyuncs.com/2026-04-23/maqsam-FatmaMohamed.298878532.mp3?OSSAccessKeyId=LTAI5t8sBUhKT5YzXBHvmGGq&Expires=1777141700&Signature=L0eLtgokR%2Fg9ekLv5F59BhKLLwA%3D,sales-engine/recordings/2026-04-23/user_63001100__voice_599528508.mp3,https://sales-engine-audio.oss-cn-hongkong.aliyuncs.com/sales-engine/recordings/2026-04-23/user_63001100__voice_599528508.mp3?OSSAccessKeyId=LTAI5t6Jd8PozcNwqEKaFS1q&Expires=1777147742&Signature=btaB6U9FP2ZPeT5ZgiO7mWS5GJw%3D,"系咯。Hä?喂呀。Um.لا والله لا أنا أنا ما أبغى الأولاد是啊。嗯。ah, no sé.ثلاثة وعشرين.comoSuper, super.أنا ما أدري والله وازودها بحش ايوهلا أنا أضحك على نفسي عادي، I don't care.真的都。Ja.أيوة عشان نقدر نتكلم عننا في التهاب المفاصللا خاما درست أم.Yes.嗯。Ja.Hmm. Hmm hmm.أيوة بس أنت حاب تسولفين معايا وتسأليني ما فهمت يعني، حاب تسولفين معايا شو تبغين تسأليني يعني؟איך אני אמור אשר זה.claro, es verdadلا لا مو بعرسون对。ah, él. O son errados.对吗？嗯。¿te acuerdas啊，是呢。 系咯。 Hä? 喂呀。 Um. لا والله لا أنا أنا ما أبغى الأولاد 是啊。嗯。 ah, no sé. ثلاثة وعشرين. como Super, super. أنا ما أدري والله وازودها بحش ايوه لا أنا أضحك على نفسي عادي، I don't care. 真的都。 Ja. أيوة عشان نقدر نتكلم عننا في التهاب المفاصل لا خاما درست أم. Yes. 嗯。 Hmm. Hmm hmm. أيوة بس أنت حاب تسولفين معايا وتسأليني ما فهمت يعني، حاب تسولفين معايا شو تبغين تسأليني يعني؟ איך אני אמור אשר זה. claro, es verdad لا لا مو بعرسون 对。 ah, él. O son errados. 对吗？ ¿te acuerdas 啊，是呢。",bad_asr,ASR_LOW_QUALITY,0ec4a74a-e675-4c37-8c90-fede1bf4f8bd,qwen3-asr-flash-filetrans,2026-04-26 02:09:11,invalid_or_noise,unknown,no_real_conversation,no_issue,no_task,"المكالمة متقطعة وغير مفهومة، وتحتوي على عدة لغات. المتحدثون لا يتفاعلون في سياق مكالمة مبيعات لدورة إنجليزية. يعبر المتحدث العربي عن أمور شخصية لا علاقة لها بالدورة (""لا أبغى الأولاد"") ويسأل الطرف الآخر عن سبب المكالمة، مما يشير إلى أنها ليست مكالمة ذات صلة أو أنها محادثة غير حقيقية."
b0283378c79f26f4d7274d0509d5d7aa,voice_599530032,599530032,62812413,EGCC-maiwaheed,2313(Maqsam),2026-04-23 22:15:29,双方接通,pre_class_confirm,1.0,تم تأكيد موعد حصة تجريبية للعميل اليوم الساعة الثامنة مساءً. العميل استفسر عن مميزات المنصة بعد مشاهدتها على انستغرام.,high,,,,,,,,,,,,,,high,,none,,,,,,,,,,success,,,,2026-04-26 00:31:05,2026-04-26 02:09:11,http://pd-fscall-record.oss-cn-hongkong.aliyuncs.com/2026-04-23/maqsam-MaiWaheed.298881398.mp3?OSSAccessKeyId=LTAI5t8sBUhKT5YzXBHvmGGq&Expires=1777141699&Signature=XUeVvvc4YK8ju37Npl6rYiJIIbw%3D,http://pd-fscall-record.oss-cn-hongkong.aliyuncs.com/2026-04-23/maqsam-MaiWaheed.298881398.mp3?OSSAccessKeyId=LTAI5t8sBUhKT5YzXBHvmGGq&Expires=1777141699&Signature=XUeVvvc4YK8ju37Npl6rYiJIIbw%3D,sales-engine/recordings/2026-04-23/user_62812413__voice_599530032.mp3,https://sales-engine-audio.oss-cn-hongkong.aliyuncs.com/sales-engine/recordings/2026-04-23/user_62812413__voice_599530032.mp3?OSSAccessKeyId=LTAI5t6Jd8PozcNwqEKaFS1q&Expires=1777147756&Signature=efu66wwpJGyzZ2UWDcy7zHFSnCE%3D,"हैलोLike so.un delanterouh-huh.没有。How.Kannst du das nichtحبتان من قطاعات إنجيزية.Uh huh.Yeah.شنو اختبارات المدرسة وشنو يعني دروس المدرسة في نفس الوقتJo.mhm, qué digo.uh-huh.Um.क्यों नहींالقراءة ما لي كثير يعني ما أحب بس يعني أفهم يعني.أمم ااا عندي ااا تحدث والقراءة بس تحدث قراءة.Yeah.Yeah.Um hm.Um hm.mjum¿cómoUm hm.स्नानYou.Um.ما في بكرة؟خلاص تمام اليوم الساعة ثمانية.إيش فيني شو يبطل يتكلم لغةصفر ثلاثة خمسات.تسعة ستة ستة.خمسة صفر.شبع.Hello.أحب شوبما حبيت هالوجه يعني ففكرها هنا.¿ya noHmm.You know.لا أنا ناتش في إنستغرام شوفت إن مشاهير يعني كتير يشوفونكم فقلت يعني شو ميزة عندكم؟Can.Hmm.Uh huh.Um hm.Claro, me hace caso.Non, je sais pas. हैलो Like so. un delantero uh-huh. 没有。 How. Kannst du das nicht حبتان من قطاعات إنجيزية. Uh huh. Yeah. شنو اختبارات المدرسة وشنو يعني دروس المدرسة في نفس الوقت Jo. mhm, qué digo. Um. क्यों नहीं القراءة ما لي كثير يعني ما أحب بس يعني أفهم يعني. أمم ااا عندي ااا تحدث والقراءة بس تحدث قراءة. Um hm. mjum ¿cómo स्नान You. ما في بكرة؟ خلاص تمام اليوم الساعة ثمانية. إيش فيني شو يبطل يتكلم لغة صفر ثلاثة خمسات. تسعة ستة ستة. خمسة صفر. شبع. Hello. أحب شوب ما حبيت هالوجه يعني ففكرها هنا. ¿ya no Hmm. You know. لا أنا ناتش في إنستغرام شوفت إن مشاهير يعني كتير يشوفونكم فقلت يعني شو ميزة عندكم؟ Can. Claro, me hace caso. Non, je sais pas.",bad_asr,ASR_LOW_QUALITY,ac3d5fbb-9a25-4a2d-a72b-0ef6dea51482,qwen3-asr-flash-filetrans,2026-04-26 02:09:32,good_need,unknown,normal,no_issue,close_payment,العميل أكد موعد حصة تجريبية لليوم الساعة الثامنة مساءً وأبدى اهتماماً بالخدمة بعد رؤيتها على انستغرام.
7f72c759739d4fa343cfdc023d652c82,voice_599531547,599531547,62828945,EGCC-eman.amr,2289(Maqsam),2026-04-23 22:26:27,双方接通,duplicate_or_wrong,0.7,"تحتوي المكالمة على عدة لغات وعبارات متقطعة. المتصل به يقول ""ما أعرفكش"" مما يدل على عدم وجود علاقة أو معرفة سابقة بالمتصل أو الغرض من المكالمة.",unknown,,,,,,,,,,,,,,none,,unknown,,,,,,,,,,success,,,,2026-04-26 00:31:05,2026-04-26 02:09:56,http://pd-fscall-record.oss-cn-hongkong.aliyuncs.com/2026-04-23/maqsam-Eman.Amr.298885621.mp3?OSSAccessKeyId=LTAI5t8sBUhKT5YzXBHvmGGq&Expires=1777141587&Signature=xfQG%2BfgJHIBn%2F6C5FqqS9vhsegQ%3D,http://pd-fscall-record.oss-cn-hongkong.aliyuncs.com/2026-04-23/maqsam-Eman.Amr.298885621.mp3?OSSAccessKeyId=LTAI5t8sBUhKT5YzXBHvmGGq&Expires=1777141587&Signature=xfQG%2BfgJHIBn%2F6C5FqqS9vhsegQ%3D,sales-engine/recordings/2026-04-23/user_62828945__voice_599531547.mp3,https://sales-engine-audio.oss-cn-hongkong.aliyuncs.com/sales-engine/recordings/2026-04-23/user_62828945__voice_599531547.mp3?OSSAccessKeyId=LTAI5t6Jd8PozcNwqEKaFS1q&Expires=1777147799&Signature=v5st5PXj3a0PyN9uc85RW4Jdgm0%3D,"हाँ रिक्शाHmm.I don't.listo.Yeah, yeah, I am listening. I have heard.est ce que tu m'as acheté un médicamentNice to meet you.ما أعرفكش لا ما نام ما أعرفك. हाँ रिक्शा Hmm. I don't. listo. Yeah, yeah, I am listening. I have heard. est ce que tu m'as acheté un médicament Nice to meet you. ما أعرفكش لا ما نام ما أعرفك.",bad_asr,ASR_LOW_QUALITY,720982c0-e068-4335-bdb6-333369b8faa8,qwen3-asr-flash-filetrans,2026-04-26 02:10:04,wrong_number,unknown,no_real_conversation,unknown,no_task,"المكالمة غير متماسكة وتتضمن لغات متعددة (هندية، إنجليزية، فرنسية، عربية). المتحدث يعبر صراحة عن عدم معرفته بالمتصل (""ما أعرفكش""، ""I don't know you"")، مما يشير إلى أن المكالمة كانت موجهة إلى شخص خاطئ أو أنها لا تتعلق بسياق المبيعات."
8fd0a4049c1093775bceed7f6b92bcfd,voice_599531791,599531791,62834530,EGCC-eman.amr,2289(Maqsam),2026-04-23 22:29:00,双方接通,no_answer_or_voicemail,1.0,المكالمة عبارة عن رسالة بريد صوتي آلية تطلب من المتصل تسجيل رسالته أو اختيار خيارات للاستماع أو إعادة التسجيل أو الإرسال.,unknown,,,,,,,,,,,,,,unknown,,unknown,,,,,,,,,,success,,,,2026-04-26 00:31:05,2026-04-26 02:10:04,http://pd-fscall-record.oss-cn-hongkong.aliyuncs.com/2026-04-23/maqsam-Eman.Amr.298886647.mp3?OSSAccessKeyId=LTAI5t8sBUhKT5YzXBHvmGGq&Expires=1777141587&Signature=u5YqydzdfINNE5s1c%2FKMlqachg0%3D,http://pd-fscall-record.oss-cn-hongkong.aliyuncs.com/2026-04-23/maqsam-Eman.Amr.298886647.mp3?OSSAccessKeyId=LTAI5t8sBUhKT5YzXBHvmGGq&Expires=1777141587&Signature=u5YqydzdfINNE5s1c%2FKMlqachg0%3D,sales-engine/recordings/2026-04-23/user_62834530__voice_599531791.mp3,https://sales-engine-audio.oss-cn-hongkong.aliyuncs.com/sales-engine/recordings/2026-04-23/user_62834530__voice_599531791.mp3?OSSAccessKeyId=LTAI5t6Jd8PozcNwqEKaFS1q&Expires=1777147809&Signature=oDAIvQ6mr8DkO/kDAg8ZRsr5eVo%3D,ابدأ بتسجيل رسالتك بعد الصافرة عندما تنتهي. يرجى إنهاء المكالمة أو الضغط على أي زر لاستعراض خيارات إضافية.للاستماع إلى رسالتك، اختر الرقم واحد. لإعادة تسجيل رسالتك، اختر الرقم اثنان. لإلغاء رسالتك، اختر الرقم ثلاثة. لإرسال رسالتك، اختر.لإعادة تشغيل رسالتك، اختر الرقم واحد. لخيارات إضافية، اختر الرقم اثنان.لإعادة تشغيل رسالتك، اختر الرقم واحد. لخيارات إضافية، اختر الرقم اثنان.لإعادة تشغيل رسالتك، اختر الرقم واحد. لخيارات إضافية، اختر.لإعادة تشغيل رسالتك، اختر الرقم واحد. لخيارات إضافية، اختر الرقم اثنان.لإعادة تشغيل رسالتك، اختر الرقم واحد. لخيارات إضافية، اختر الرقم اثنان.لإعادة تشغيل رسالتك، اختر الرقم واحد. لخيارات إضافية، اختر الرقم اثنان.يرجى تحديد خيارك أو. ابدأ بتسجيل رسالتك بعد الصافرة عندما تنتهي. يرجى إنهاء المكالمة أو الضغط على أي زر لاستعراض خيارات إضافية. للاستماع إلى رسالتك، اختر الرقم واحد. لإعادة تسجيل رسالتك، اختر الرقم اثنان. لإلغاء رسالتك، اختر الرقم ثلاثة. لإرسال رسالتك، اختر. لإعادة تشغيل رسالتك، اختر الرقم واحد. لخيارات إضافية، اختر الرقم اثنان. لإعادة تشغيل رسالتك، اختر الرقم واحد. لخيارات إضافية، اختر. يرجى تحديد خيارك أو.,bad_asr,ASR_LOW_QUALITY,056836e1-247d-49b0-b171-3cbce4a9969c,qwen3-asr-flash-filetrans,2026-04-26 02:10:26,invalid_or_noise,unknown,no_real_conversation,no_issue,no_task,المكالمة بأكملها عبارة عن نظام بريد صوتي آلي يطلب تسجيل رسالة، ولا يوجد أي حديث بشري أو محتوى يتعلق بالمبيعات أو العميل.
cf80e4e063dcf0b73a37b7243978d541,voice_599531799,599531799,0,EGCC-maiwaheed,2313(Maqsam),2026-04-23 22:27:25,双方接通,unknown,0.0,المكالمة تحتوي على أصوات تحية متكررة وكلمات غير مفهومة، لا يوجد حوار ذو معنى.,unknown,,,,,,,,,,,,,,unknown,,unknown,,,,,,,,,,success,,,,2026-04-26 00:31:05,2026-04-26 02:10:26,http://pd-fscall-record.oss-cn-hongkong.aliyuncs.com/2026-04-23/maqsam-MaiWaheed.298886006.mp3?OSSAccessKeyId=LTAI5t8sBUhKT5YzXBHvmGGq&Expires=1777141698&Signature=QGMkCqCCl63MPs85zhjppn73N5s%3D,http://pd-fscall-record.oss-cn-hongkong.aliyuncs.com/2026-04-23/maqsam-MaiWaheed.298886006.mp3?OSSAccessKeyId=LTAI5t8sBUhKT5YzXBHvmGGq&Expires=1777141698&Signature=QGMkCqCCl63MPs85zhjppn73N5s%3D,sales-engine/recordings/2026-04-23/user_0__voice_599531799.mp3,https://sales-engine-audio.oss-cn-hongkong.aliyuncs.com/sales-engine/recordings/2026-04-23/user_0__voice_599531799.mp3?OSSAccessKeyId=LTAI5t6Jd8PozcNwqEKaFS1q&Expires=1777147829&Signature=prr254eGu0%2BdEw4r6qkGrK%2Brr98%3D,hello，啊，哎。हेलो हेलो आला哎呦，好多呀，好多呀。哎呦。 hello，啊，哎。 हेलो हेलो आला 哎呦，好多呀，好多呀。哎呦。,bad_asr,ASR_LOW_QUALITY,2c9e5b22-d4c1-405e-899a-710da921ddcb,qwen3-asr-flash-filetrans,2026-04-26 02:10:34,invalid_or_noise,unknown,no_real_conversation,unknown,no_task,لا يوجد حوار حقيقي في المكالمة، فقط أصوات عشوائية وتحيات متعددة اللغات لا تتوافق مع محتوى مكالمة مبيعات باللغة العربية السعودية.
07d6cc4e1761184475f5bdee6967496c,voice_599531881,599531881,62998129,EGCC-tasneemmahmoud,2311(Maqsam),2026-04-23 22:29:14,双方接通,post_class_followup,0.7,استفسار عن دورة إنجليزية للأطفال مع صعوبة باللغة الإنجليزية، وطلب تفاصيل عن هيكلة الدورة والتكلفة والجدول. المتصلة ذكرت أنها من ذوي الاحتياجات الخاصة وطلبت مراعاة، وأشارت إلى أن الأمر 'لم ينفع'.,high,,,,,,,,,,,,,,medium,,schedule,,,,,,,,,,success,,,,2026-04-26 00:31:05,2026-04-26 02:10:35,http://pd-fscall-record.oss-cn-hongkong.aliyuncs.com/2026-04-23/maqsam-TasneemMahmoud.298886748.mp3?OSSAccessKeyId=LTAI5t8sBUhKT5YzXBHvmGGq&Expires=1777141698&Signature=k7WnOO3%2FFrk6zSdJBD%2BrI1rzaHk%3D,http://pd-fscall-record.oss-cn-hongkong.aliyuncs.com/2026-04-23/maqsam-TasneemMahmoud.298886748.mp3?OSSAccessKeyId=LTAI5t8sBUhKT5YzXBHvmGGq&Expires=1777141698&Signature=k7WnOO3%2FFrk6zSdJBD%2BrI1rzaHk%3D,sales-engine/recordings/2026-04-23/user_62998129__voice_599531881.mp3,https://sales-engine-audio.oss-cn-hongkong.aliyuncs.com/sales-engine/recordings/2026-04-23/user_62998129__voice_599531881.mp3?OSSAccessKeyId=LTAI5t6Jd8PozcNwqEKaFS1q&Expires=1777147839&Signature=RtoLCCajEVYK9x1lRZiOr4TusEI%3D,"Hello.哦，那我冇去。الحمد لله تمام كات كمان كات الجوهرة دخلت تمام؟أيوة مرة مرة حابة كذا مرة بس جبت دورات معها.أيوة هو مرة تعرفين عند الأولاد صعب الإنجليزي فاا محتاج دورة صراحة فهو أيوة هو.You can do that.It.在哪儿？嗯。هي اللي تشوفه تقيمه على حسب أداءه إذا هو كيف معها استجواب ولا لا على حسب هي تختار.对吧，我以后我怕，我以后我怕，我得不到他。เอ้ย แล้วคุณล่ะأيوة تمام أيوة أيوة تمام بس أنا بقى عارف كيف الطريقة تيجي لها كم كل واحد والكل فترة هل هي في الأسبوع أو كل يوم ما نعرف.Yeah.يلا تراعينا لأن إحنا من ذوي الاحتياجات.Yeah.لازم أكيد أنا كنت فاهمةก็เช็ดแล้วมันก็ขึ้นเช้าไปอีกอ่ะมั้งArtık her şeyi konuşun, onların burada yazıyor.Yeah, online.ما نفع إن شاء الله الله يجبر قلب أمي. Hello. 哦，那我冇去。 الحمد لله تمام كات كمان كات الجوهرة دخلت تمام؟ أيوة مرة مرة حابة كذا مرة بس جبت دورات معها. أيوة هو مرة تعرفين عند الأولاد صعب الإنجليزي فاا محتاج دورة صراحة فهو أيوة هو. You can do that. It. 在哪儿？嗯。 هي اللي تشوفه تقيمه على حسب أداءه إذا هو كيف معها استجواب ولا لا على حسب هي تختار. 对吧，我以后我怕，我以后我怕，我得不到他。 เอ้ย แล้วคุณล่ะ أيوة تمام أيوة أيوة تمام بس أنا بقى عارف كيف الطريقة تيجي لها كم كل واحد والكل فترة هل هي في الأسبوع أو كل يوم ما نعرف. Yeah. يلا تراعينا لأن إحنا من ذوي الاحتياجات. لازم أكيد أنا كنت فاهمة ก็เช็ดแล้วมันก็ขึ้นเช้าไปอีกอ่ะมั้ง Artık her şeyi konuşun, onların burada yazıyor. Yeah, online. ما نفع إن شاء الله الله يجبر قلب أمي.",bad_asr,ASR_LOW_QUALITY,55197fca-8603-4264-a936-2d0b1851c659,qwen3-asr-flash-filetrans,2026-04-26 02:10:49,good_need,unknown,no_real_conversation,unknown,recover_dissatisfied_user,العميل عبر عن حاجة قوية لدورة إنجليزية لأطفاله، لكنه غير واضح بشأن تفاصيل الدورة والجدول والتكلفة، كما ذكر أنه من ذوي الاحتياجات الخاصة وطلب مراعاة، وأفاد في النهاية بأن الأمر 'لم ينفع'. توجد لغات أجنبية متعددة غير ذات صلة في المكالمة.
a4ec2704244b46b5035b7101d7c879f6,voice_599532395,599532395,62975859,51nadamuhammad,2245(Maqsam),2026-04-23 22:31:09,双方接通,post_class_followup,0.85,العميل يستفسر عن تفاصيل الدورة والسعر ومدى ملاءمتها له، ويذكر أنه سيستشير والدته قبل اتخاذ القرار.,unknown,,,,,,,,,,,,,,medium,,need_parent_approval,,,,,,,,,,success,,,,2026-04-26 00:31:05,2026-04-26 02:10:51,http://pd-fscall-record.oss-cn-hongkong.aliyuncs.com/2026-04-23/maqsam-NadaMuhammad.298887424.mp3?OSSAccessKeyId=LTAI5t8sBUhKT5YzXBHvmGGq&Expires=1777141697&Signature=ZAwP0UnOOecDDUc7NGlWR0on3JU%3D,http://pd-fscall-record.oss-cn-hongkong.aliyuncs.com/2026-04-23/maqsam-NadaMuhammad.298887424.mp3?OSSAccessKeyId=LTAI5t8sBUhKT5YzXBHvmGGq&Expires=1777141697&Signature=ZAwP0UnOOecDDUc7NGlWR0on3JU%3D,sales-engine/recordings/2026-04-23/user_62975859__voice_599532395.mp3,https://sales-engine-audio.oss-cn-hongkong.aliyuncs.com/sales-engine/recordings/2026-04-23/user_62975859__voice_599532395.mp3?OSSAccessKeyId=LTAI5t6Jd8PozcNwqEKaFS1q&Expires=1777147855&Signature=4BKR0WJBtlkqze8hhxE7zhGIf3g%3D,"हाँ लाالحمد للهWhen ash.طيب انتوا تعلمن تكن بكم.إيش الأفضل أنا ما أعرف شيء يعنيHey.तब बेकार में चालीनOkay.S.أيوه أنتي بس الحين خليني استفسر أشوف يناسبني ولا لا.عشر إن شاء الله.Uh huh.Right.Good, um.Thank you.सही आयाVery much.China. Hmm.Are you.Okay.Jama.Uh huh.Hmm. I.Uh huh.هذا كا يعني ممتازة كم.Alright.ثلاثة.Right.طيب تمام خليهأنا أنا بشوفهم ليه وشوفتك ليهأشوف الوالدة.Oh.Oh.לא לא קשה, אני אקח את הנחלים ושוב על מנת שיצפה.And I am not for this.That's a good one.لا لا عشان كثير بتشعرلا مو عشان الوظيفةYeah.Hello.Okay. So.Very good question.Actually.Sure. हाँ ला الحمد لله When ash. طيب انتوا تعلمن تكن بكم. إيش الأفضل أنا ما أعرف شيء يعني Hey. तब बेकार में चालीन Okay. S. أيوه أنتي بس الحين خليني استفسر أشوف يناسبني ولا لا. عشر إن شاء الله. Uh huh. Right. Good, um. Thank you. सही आया Very much. China. Hmm. Are you. Jama. Hmm. I. هذا كا يعني ممتازة كم. Alright. ثلاثة. طيب تمام خليه أنا أنا بشوفهم ليه وشوفتك ليه أشوف الوالدة. Oh. לא לא קשה, אני אקח את הנחלים ושוב על מנת שיצפה. And I am not for this. That's a good one. لا لا عشان كثير بتشعر لا مو عشان الوظيفة Yeah. Hello. Okay. So. Very good question. Actually. Sure.",bad_asr,ASR_LOW_QUALITY,b4ee4913-9249-4ad3-8b37-0ac93c9e7858,qwen3-asr-flash-filetrans,2026-04-26 02:11:08,good_need,unknown,normal,no_issue,close_payment,العميل يستفسر عن السعر والتفاصيل ومدة الدورة، ويحتاج لمشاورة والدته لاتخاذ قرار الشراء.
69d6d204104d3ddb05bca88c781b193c,voice_599532506,599532506,62789275,EGCC-maiwaheed,2313(Maqsam),2026-04-23 22:31:41,双方接通,pre_class_reschedule,0.9,العميل مشغول جدًا حاليًا ويقترح التواصل خلال الإجازة أو في المساء. الفرصة تبدو جيدة له.,medium,,,,,,,,,,,,,,medium,,schedule,,,,,,,,,,success,,,,2026-04-26 00:31:05,2026-04-26 02:11:08,http://pd-fscall-record.oss-cn-hongkong.aliyuncs.com/2026-04-23/maqsam-MaiWaheed.298887621.mp3?OSSAccessKeyId=LTAI5t8sBUhKT5YzXBHvmGGq&Expires=1777141696&Signature=9nfJTq069bhW2FwhovwOpCS1REE%3D,http://pd-fscall-record.oss-cn-hongkong.aliyuncs.com/2026-04-23/maqsam-MaiWaheed.298887621.mp3?OSSAccessKeyId=LTAI5t8sBUhKT5YzXBHvmGGq&Expires=1777141696&Signature=9nfJTq069bhW2FwhovwOpCS1REE%3D,sales-engine/recordings/2026-04-23/user_62789275__voice_599532506.mp3,https://sales-engine-audio.oss-cn-hongkong.aliyuncs.com/sales-engine/recordings/2026-04-23/user_62789275__voice_599532506.mp3?OSSAccessKeyId=LTAI5t6Jd8PozcNwqEKaFS1q&Expires=1777147872&Signature=bHVJQMg5JuG8YC2aU47jSjh4fnU%3D,"Allez, c'est le temps.الحمد لله تمام什么？哪个？Ah oui, c'est comment ça, appât?哎呦我操。مرة حلوة الفرصة و كويسة جدا.是啊。हाँليش ما تتركشلأنه أنا هذه الفترة مضغوطة جدًا يعني يمكن في الإجازةThat's interesting.哎喲。Anyway, hey Hello, but any was like that.哎呦。أخي دي مرة ثانية بس وجوهه.أيوه فاهمة يلا حلو.Yes.Okay.Okay, I will.Hello.الحين هي في الشغل.أتوقع في الليل.แล้วสักครั้งอะไรคะพี่ Allez, c'est le temps. الحمد لله تمام 什么？哪个？ Ah oui, c'est comment ça, appât? 哎呦我操。 مرة حلوة الفرصة و كويسة جدا. 是啊。 हाँ ليش ما تتركش لأنه أنا هذه الفترة مضغوطة جدًا يعني يمكن في الإجازة That's interesting. 哎喲。 Anyway, hey Hello, but any was like that. 哎呦。 أخي دي مرة ثانية بس وجوهه. أيوه فاهمة يلا حلو. Yes. Okay. Okay, I will. Hello. الحين هي في الشغل. أتوقع في الليل. แล้วสักครั้ง อะไรคะพี่",bad_asr,ASR_LOW_QUALITY,cb2fd626-7c61-4ed7-ab62-588d14d8d171,qwen3-asr-flash-filetrans,2026-04-26 02:11:22,good_need,unknown,normal,no_issue,rebook_trial,العميل مشغول حاليًا ويقترح إعادة الجدولة لوقت لاحق (خلال الإجازة أو في المساء) لأنه يرى الفرصة جيدة.
b391958f080ba1c1b8e825786b7af5bd,voice_599533949,599533949,62843614,EGCC-eman.amr,2289(Maqsam),2026-04-23 22:41:41,双方接通,unknown,0.8,المكالمة غير مفهومة وتحتوي على مزيج من لغات مختلفة (العربية، العبرية، الإسبانية، الأيسلندية). لا يوجد محتوى واضح أو سياق لمحادثة حقيقية.,unknown,,,,,,,,,,,,,,unknown,,unknown,,,,,,,,,,success,,,,2026-04-26 00:31:05,2026-04-26 02:11:30,http://pd-fscall-record.oss-cn-hongkong.aliyuncs.com/2026-04-23/maqsam-Eman.Amr.298891404.mp3?OSSAccessKeyId=LTAI5t8sBUhKT5YzXBHvmGGq&Expires=1777141585&Signature=6zlt%2BNjUm94g6vwWHwesZWVW5JU%3D,http://pd-fscall-record.oss-cn-hongkong.aliyuncs.com/2026-04-23/maqsam-Eman.Amr.298891404.mp3?OSSAccessKeyId=LTAI5t8sBUhKT5YzXBHvmGGq&Expires=1777141585&Signature=6zlt%2BNjUm94g6vwWHwesZWVW5JU%3D,sales-engine/recordings/2026-04-23/user_62843614__voice_599533949.mp3,https://sales-engine-audio.oss-cn-hongkong.aliyuncs.com/sales-engine/recordings/2026-04-23/user_62843614__voice_599533949.mp3?OSSAccessKeyId=LTAI5t6Jd8PozcNwqEKaFS1q&Expires=1777147894&Signature=rjXzW6dxGfphIC%2BH8LEUbcJNi70%3D,"Halloعليكم السلام ورحمة اللهSure. I do.אגור שמור את דירתי.إيش أنا قلتلكم إني كنت شايلت الهذا خلاص.y no, no me pierdo.Fish.Ég ætti líklega að segja að ég nýi sústust við í brúmannum á bíó.Hmm.خلاص مش محترمة بسWas. Hallo عليكم السلام ورحمة الله Sure. I do. אגור שמור את דירתי. إيش أنا قلتلكم إني كنت شايلت الهذا خلاص. y no, no me pierdo. Fish. Ég ætti líklega að segja að ég nýi sústust við í brúmannum á bíó. Hmm. خلاص مش محترمة بس Was.",bad_asr,ASR_LOW_QUALITY,85653716-e7ca-4f6b-bd7d-95f69e6b5970,qwen3-asr-flash-filetrans,2026-04-26 02:11:39,invalid_or_noise,unknown,no_real_conversation,unknown,no_task,المكالمة غير مترابطة، لا يوجد محتوى عربي مفهوم يتعلق بالعملية البيعية أو خدمة العملاء، وتشمل عدة لغات أجنبية بشكل عشوائي.
4a1bb0813f813a7ffa751935a60d9a78,voice_599534358,599534358,61505309,EGCC-maiwaheed,2313(Maqsam),2026-04-23 22:44:54,双方接通,unknown,0.2,العميل يسأل عن توفر دروس أو استشارات مجانية. المكالمة تتضمن تداخلاً صوتياً كبيراً ولغات أخرى. ممثل الخدمة لم يقدم إجابة واضحة.,unknown,,,,,,,,,,,,,,low,,price,,,,,,,,,,success,,,,2026-04-26 00:31:05,2026-04-26 02:11:48,http://pd-fscall-record.oss-cn-hongkong.aliyuncs.com/2026-04-23/maqsam-MaiWaheed.298892585.mp3?OSSAccessKeyId=LTAI5t8sBUhKT5YzXBHvmGGq&Expires=1777141696&Signature=qlbKT47mk%2FcC6jNbkEKwpqdUD3o%3D,http://pd-fscall-record.oss-cn-hongkong.aliyuncs.com/2026-04-23/maqsam-MaiWaheed.298892585.mp3?OSSAccessKeyId=LTAI5t8sBUhKT5YzXBHvmGGq&Expires=1777141696&Signature=qlbKT47mk%2FcC6jNbkEKwpqdUD3o%3D,sales-engine/recordings/2026-04-23/user_61505309__voice_599534358.mp3,https://sales-engine-audio.oss-cn-hongkong.aliyuncs.com/sales-engine/recordings/2026-04-23/user_61505309__voice_599534358.mp3?OSSAccessKeyId=LTAI5t6Jd8PozcNwqEKaFS1q&Expires=1777147912&Signature=JZwO1cjM8pYvzFa61UCv68PJXFA%3D,"This one.Hello.أيوه هلا فيكي أنتم غدوتوا نجاوب على الأسئلة مجان؟പഞ്ചെ അഞ്ചുമാസം പഞ്ചെ അഞ്ച മസം.क्या नहीं मिल जाएإذا مجاني يعني درس مجاني أو لا؟Ah chocolat noir.لا مرحبا، لا والله ما عرفته ما عرفته تخلص ما نتبقى.बहुत अच्छी रोजी दिमाग अपने आप में यानी मज़ाक हीतो ये बरस भी कांग्रेस लोकतंत्रAh, problem, but ah, Miss John.كل الشكر والحمد لله. This one. Hello. أيوه هلا فيكي أنتم غدوتوا نجاوب على الأسئلة مجان؟ പഞ്ചെ അഞ്ചുമാസം പഞ്ചെ അഞ്ച മസം. क्या नहीं मिल जाए إذا مجاني يعني درس مجاني أو لا؟ Ah chocolat noir. لا مرحبا، لا والله ما عرفته ما عرفته تخلص ما نتبقى. बहुत अच्छी रोजी दिमाग अपने आप में यानी मज़ाक ही तो ये बरस भी कांग्रेस लोकतंत्र Ah, problem, but ah, Miss John. كل الشكر والحمد لله.",bad_asr,ASR_LOW_QUALITY,bfc70ec3-a456-4f03-8978-9035c82c5950,qwen3-asr-flash-filetrans,2026-04-26 02:12:01,invalid_or_noise,unknown,no_real_conversation,no_issue,manager_review,المكالمة مليئة بالضوضاء واللغات الأخرى، مما يعيق فهم الحوار بشكل كامل. العميل يسأل بشكل مباشر عن توفر دروس مجانية، لكن رد ممثل الخدمة غير واضح.
53fccb8c76b762623af1d47777d65551,voice_599536255,599536255,61271360,EGCC-maiwaheed,2313(Maqsam),2026-04-23 22:55:05,双方接通,post_class_failed,1.0,المتصلة لم تحضر الحصة التجريبية. هي مبتدئة في اللغة الإنجليزية وترفض تمامًا المعلمات الأجنبيات وتطلب معلمة عربية.,low,,,,,,,,,,,,,,low,,teacher_quality,,,,,,,,,,success,,,,2026-04-26 00:31:05,2026-04-26 02:12:41,http://pd-fscall-record.oss-cn-hongkong.aliyuncs.com/2026-04-23/maqsam-MaiWaheed.298895884.mp3?OSSAccessKeyId=LTAI5t8sBUhKT5YzXBHvmGGq&Expires=1777141693&Signature=2Z5Egm%2FLNzYXqJBuIebHsnwpdUc%3D,http://pd-fscall-record.oss-cn-hongkong.aliyuncs.com/2026-04-23/maqsam-MaiWaheed.298895884.mp3?OSSAccessKeyId=LTAI5t8sBUhKT5YzXBHvmGGq&Expires=1777141693&Signature=2Z5Egm%2FLNzYXqJBuIebHsnwpdUc%3D,sales-engine/recordings/2026-04-23/user_61271360__voice_599536255.mp3,https://sales-engine-audio.oss-cn-hongkong.aliyuncs.com/sales-engine/recordings/2026-04-23/user_61271360__voice_599536255.mp3?OSSAccessKeyId=LTAI5t6Jd8PozcNwqEKaFS1q&Expires=1777147965&Signature=7zUKNyZ2wExZkk7R19khEVJalrk%3D,"हैलोHello.What are you to start.Like ah.eh ouaisعليه السلام.आह मर गयाأربعتاشر سنة.ما أخذنا الحصص إحناما حضرنا الحصة.Love.ما حدا وصلناه.बस निकलते ही फोन में जानी हैإيه ما ما لسه ما حد دعس للتواصل معهStudy.Okay.Yes.لا العربية.Oh, okay. Make a.مبتديئة في الإنجليزي مع يعني حروف وزي كده قواعد بسيطةBye.صحيح قلتي كحيقاللي قال عن المضارع المضارع ذكي عند المنهجخليكي سا عشان أنا طالع إيهHmm.لا أنا ما أبغى أجنبية نهائيًا أجنبية ما أبغى أيوة عربي.Hello.Hi.Ah yes, sorry.لا لا معلمةBye.Um. Not.والله أنا كمان عندي مشروع.شكراً، تبّه، العافية مع السلامة. हैलो Hello. What are you to start. Like ah. eh ouais عليه السلام. आह मर गया أربعتاشر سنة. ما أخذنا الحصص إحنا ما حضرنا الحصة. Love. ما حدا وصلناه. बस निकलते ही फोन में जानी है إيه ما ما لسه ما حد دعس للتواصل معه Study. Okay. Yes. لا العربية. Oh, okay. Make a. مبتديئة في الإنجليزي مع يعني حروف وزي كده قواعد بسيطة Bye. صحيح قلتي كحيق اللي قال عن المضارع المضارع ذكي عند المنهج خليكي سا عشان أنا طالع إيه Hmm. لا أنا ما أبغى أجنبية نهائيًا أجنبية ما أبغى أيوة عربي. Hi. Ah yes, sorry. لا لا معلمة Um. Not. والله أنا كمان عندي مشروع. شكراً، تبّه، العافية مع السلامة.",bad_asr,ASR_LOW_QUALITY,d4c81c8d-8114-4f71-8aaf-f5b5923f84d8,qwen3-asr-flash-filetrans,2026-04-26 02:12:58,weak_need,unknown,normal,not_followed_after_trial,rebook_trial,المتصلة لم تحضر الحصة التجريبية وتفيد بأنها لم تُتابَع. لديها رغبة في تعلم الإنجليزية (مبتدئة) لكنها ترفض بشكل قاطع المعلمات الأجنبيات وتصر على معلمة عربية.
6757a49ca5b7f77cbf8444f5cbf0480b,voice_599536407,599536407,62998129,EGCC-tasneemmahmoud,2311(Maqsam),2026-04-23 22:54:54,双方接通,unknown,0.0,النص باللغة الإسبانية بشكل أساسي مع بعض أصوات الحشو الصينية. المحتوى يعبر عن تأكيدات وإحباط بسيط، ولا يمثل مكالمة مبيعات باللغة العربية السعودية.,unknown,,,,,,,,,,,,,,unknown,,unknown,,,,,,,,,,success,,,,2026-04-26 00:31:05,2026-04-26 02:13:38,http://pd-fscall-record.oss-cn-hongkong.aliyuncs.com/2026-04-23/maqsam-TasneemMahmoud.298895828.mp3?OSSAccessKeyId=LTAI5t8sBUhKT5YzXBHvmGGq&Expires=1777141693&Signature=cu16eVQzEiSRYXAI7yoJhtEl248%3D,http://pd-fscall-record.oss-cn-hongkong.aliyuncs.com/2026-04-23/maqsam-TasneemMahmoud.298895828.mp3?OSSAccessKeyId=LTAI5t8sBUhKT5YzXBHvmGGq&Expires=1777141693&Signature=cu16eVQzEiSRYXAI7yoJhtEl248%3D,sales-engine/recordings/2026-04-23/user_62998129__voice_599536407.mp3,https://sales-engine-audio.oss-cn-hongkong.aliyuncs.com/sales-engine/recordings/2026-04-23/user_62998129__voice_599536407.mp3?OSSAccessKeyId=LTAI5t6Jd8PozcNwqEKaFS1q&Expires=1777148022&Signature=w7ecfzXAKeTnEDRuTvZOQiNKzEs%3D,"Sí, sí, pero no se me suelta.Yes. Yes.Oh yes.Of it.Yes.Yes.¡Ay, no me lo recuerdes!嗯嗯。 Sí, sí, pero no se me suelta. Yes. Yes. Oh yes. Of it. Yes. ¡Ay, no me lo recuerdes! 嗯嗯。",bad_asr,ASR_LOW_QUALITY,5ff22f4f-ff41-47f3-bc3a-655f61126174,qwen3-asr-flash-filetrans,2026-04-26 02:13:51,unknown,unknown,no_real_conversation,unknown,no_task,اللغة الأساسية للنص ليست العربية السعودية، بل الإسبانية مع وجود أصوات حشو صينية. لذلك، لا يمكن إجراء تحليل دقيق لمكالمة مبيعات باللغة العربية السعودية أو تحديد أي من التفاصيل المطلوبة.
fd9b227e2111dcefd303d0fe8a5082f1,voice_599536887,599536887,62998129,EGCC-tasneemmahmoud,2311(Maqsam),2026-04-23 23:00:11,双方接通,unknown,0.3,المتصل يشير إلى أنه تم التواصل معه مراراً وأنهم جربوا الخدمة من قبل، ولكن المحادثة غير واضحة وتحتوي على لغات متعددة.,unknown,,,,,,,,,,,,,,unknown,,unknown,,,,,,,,,,success,,,,2026-04-26 00:31:05,2026-04-26 02:13:51,http://pd-fscall-record.oss-cn-hongkong.aliyuncs.com/2026-04-23/maqsam-TasneemMahmoud.298897584.mp3?OSSAccessKeyId=LTAI5t8sBUhKT5YzXBHvmGGq&Expires=1777141690&Signature=h5Ylw8w4jF1%2Fht30Zzh4FzSCp5o%3D,http://pd-fscall-record.oss-cn-hongkong.aliyuncs.com/2026-04-23/maqsam-TasneemMahmoud.298897584.mp3?OSSAccessKeyId=LTAI5t8sBUhKT5YzXBHvmGGq&Expires=1777141690&Signature=h5Ylw8w4jF1%2Fht30Zzh4FzSCp5o%3D,sales-engine/recordings/2026-04-23/user_62998129__voice_599536887.mp3,https://sales-engine-audio.oss-cn-hongkong.aliyuncs.com/sales-engine/recordings/2026-04-23/user_62998129__voice_599536887.mp3?OSSAccessKeyId=LTAI5t6Jd8PozcNwqEKaFS1q&Expires=1777148035&Signature=0AiPPSBLrFjCmQyssnr1XVSURa8%3D,"Hmm.Oh.Oui, mais c'est pas un, oui c'est pas mal.لا لا يسمح بما يخصमर जाएगा फिरلأن في ناس في ناس قام يدوق عليا مرة ثانية.في تفاصيل يعني جربوا منكم.The bigger.嗯，对。أريد أريد اثنين صوت يعني أرجع أخرجNot.I had.ใช่ บ้านนั้นน่าจะอั๊ด Hmm. Oh. Oui, mais c'est pas un, oui c'est pas mal. لا لا يسمح بما يخص मर जाएगा फिर لأن في ناس في ناس قام يدوق عليا مرة ثانية. في تفاصيل يعني جربوا منكم. The bigger. 嗯，对。 أريد أريد اثنين صوت يعني أرجع أخرج Not. I had. ใช่ บ้านนั้นน่าจะอั๊ด",bad_asr,ASR_LOW_QUALITY,f3eeb12e-94e6-499f-88ba-8fce1440e194,qwen3-asr-flash-filetrans,2026-04-26 02:14:04,invalid_or_noise,unknown,no_real_conversation,unknown,manager_review,المكالمة تحتوي على لغات متعددة وأجزاء غير مفهومة، والمتصل يشير إلى تكرار التواصل معه مما يوحي بوجود مشكلة في المتابعة أو جودة المحادثة بشكل عام.
8015714b972c1d334d44ead1ad9ef47f,voice_599543215,599543215,62998129,EGCC-tasneemmahmoud,2311(Maqsam),2026-04-24 00:06:01,双方接通,post_class_followup,0.8,العميل يستفسر عن خيارات الدفع بالتقسيط (تابي وتمارا) وتفاصيل الحصص اليومية، ويطلب تأكيد الحجز ومشاركة رقم واتساب لمزيد من التفاصيل. يذكر العميل عدم امتلاكه لبطاقة فيزا.,high,,,,,,,,,,,,,,high,,payment_method,,,,,,,,,,success,,,,2026-04-26 00:31:05,2026-04-26 02:14:21,http://pd-fscall-record.oss-cn-hongkong.aliyuncs.com/2026-04-24/maqsam-TasneemMahmoud.298916204.mp3?OSSAccessKeyId=LTAI5t8sBUhKT5YzXBHvmGGq&Expires=1777141689&Signature=0hzQGpq%2FSkFhKeJ288r7JMlSazc%3D,http://pd-fscall-record.oss-cn-hongkong.aliyuncs.com/2026-04-24/maqsam-TasneemMahmoud.298916204.mp3?OSSAccessKeyId=LTAI5t8sBUhKT5YzXBHvmGGq&Expires=1777141689&Signature=0hzQGpq%2FSkFhKeJ288r7JMlSazc%3D,sales-engine/recordings/2026-04-24/user_62998129__voice_599543215.mp3,https://sales-engine-audio.oss-cn-hongkong.aliyuncs.com/sales-engine/recordings/2026-04-24/user_62998129__voice_599543215.mp3?OSSAccessKeyId=LTAI5t6Jd8PozcNwqEKaFS1q&Expires=1777148066&Signature=Dv3xaGFbudJJe8XAnUzsIZP3saU%3D,"Hello. Hello.I think the last year.Uh huh.Hey, what's my name?أظن كلها الأمور تمام الحمد لله.nasa loob tayo.أيوة، أفهم منك الحين مرة.¿bueno?أيوة بالظبط عشان أعرف أعرفكم كيف وبكل مرة، ولمدة كم شهر شهرين؟Are you.Fine.ما ما أنا ما تعرف كيف كسبت اسمائهم ما حددت.أنت وطي حبي عشان أنا أقدر أحدث إذا بحطهم في التمرق.है नाSay it.ก็คุณเลี้ยงيعني بس أسبوع ثلاثة أيام.तो येو تابي تمارا كم يكون القصد عليها؟كم يعني؟Hmm.Cool.لمدة كم شهر؟ احسب لي.يعني المدة سنة أربعمية مثلا لو حسبنا على تابي ولا على تابي ولا على ثمرة؟كمارا يحسب لي أربعمية وسبعين سنة لكل لهم كلهم.طيب مو متى يعني إذا أكد لك الحجز اليوم ولا بكرة؟أيوة.طيب كت ودخول المنصة والحفظ زي اليوم كل يوم ينزل رابط وندخل وزي كده؟عند إذا جاي بأخذ حصته تكونوا كده متواصلين كل يوم ينزل لي رابط وندخل.طيب ااا طيب خلينا.Hmm.Um.طيب أنا أتواصل معكيا مت مومشكلة يصير أتواصل معاكي على هذا الرقم عشان أبغى أؤكد الحجز.طيب كيف أتواصل معك وأؤكد لك إنه في حجز ولا لا؟ إنه أبغاكي.أيوة طيب خلي خلي خلي رقم على الوات يصير أتواصل معك إذا نبغى والمدة كم وزي كده يعني تفاصيل.أنت أنت فليه دحين عشان يتسجل عندي الرقم أعرف إنه أنت أقدر أتواصل معاك؟Yeah.Hello.أها تمام.Wow.Come on, come on. Hello, hello.خلاص كنت بتواصل معك على هذا الرقم الله يسعدك.الله يسعدك، الله يحفظك، بارك الله فيك.طيب ما هو نفس أنا لأهلي تمار يدخل في تمار أنا ما قد والله ما قد جربتهم لا تمار ولا تابي.والله ما عندي فيزة.يعني في الشهر أربعمية وسبعين ريال تنحسب.أممم، طيب خلاص أنا أرد منك أتواصل معك وخلينا على رقم واتس يكون أفضل. تمام، الله يحفظك، شكراً، جزاك الله خير، جزاك الله خير. Hello. Hello. I think the last year. Uh huh. Hey, what's my name? أظن كلها الأمور تمام الحمد لله. nasa loob tayo. أيوة، أفهم منك الحين مرة. ¿bueno? أيوة بالظبط عشان أعرف أعرفكم كيف وبكل مرة، ولمدة كم شهر شهرين؟ Are you. Fine. ما ما أنا ما تعرف كيف كسبت اسمائهم ما حددت. أنت وطي حبي عشان أنا أقدر أحدث إذا بحطهم في التمرق. है ना Say it. ก็คุณเลี้ยง يعني بس أسبوع ثلاثة أيام. तो ये و تابي تمارا كم يكون القصد عليها؟ كم يعني؟ Hmm. Cool. لمدة كم شهر؟ احسب لي. يعني المدة سنة أربعمية مثلا لو حسبنا على تابي ولا على تابي ولا على ثمرة؟ كمارا يحسب لي أربعمية وسبعين سنة لكل لهم كلهم. طيب مو متى يعني إذا أكد لك الحجز اليوم ولا بكرة؟ أيوة. طيب كت ودخول المنصة والحفظ زي اليوم كل يوم ينزل رابط وندخل وزي كده؟ عند إذا جاي بأخذ حصته تكونوا كده متواصلين كل يوم ينزل لي رابط وندخل. طيب ااا طيب خلينا. Um. طيب أنا أتواصل معك يا مت مومشكلة يصير أتواصل معاكي على هذا الرقم عشان أبغى أؤكد الحجز. طيب كيف أتواصل معك وأؤكد لك إنه في حجز ولا لا؟ إنه أبغاكي. أيوة طيب خلي خلي خلي رقم على الوات يصير أتواصل معك إذا نبغى والمدة كم وزي كده يعني تفاصيل. أنت أنت فليه دحين عشان يتسجل عندي الرقم أعرف إنه أنت أقدر أتواصل معاك؟ Yeah. Hello. أها تمام. Wow. Come on, come on. Hello, hello. خلاص كنت بتواصل معك على هذا الرقم الله يسعدك. الله يسعدك، الله يحفظك، بارك الله فيك. طيب ما هو نفس أنا لأهلي تمار يدخل في تمار أنا ما قد والله ما قد جربتهم لا تمار ولا تابي. والله ما عندي فيزة. يعني في الشهر أربعمية وسبعين ريال تنحسب. أممم، طيب خلاص أنا أرد منك أتواصل معك وخلينا على رقم واتس يكون أفضل. تمام، الله يحفظك، شكراً، جزاك الله خير، جزاك الله خير.",bad_asr,ASR_LOW_QUALITY,0a433790-db31-4fca-85d3-9d2a7ce16016,qwen3-asr-flash-filetrans,2026-04-26 02:14:43,good_need,unknown,normal,no_issue,close_payment,العميل يرغب في تأكيد حجز الدورة ويستفسر عن تفاصيل الدفع بالتقسيط (تابي وتمارا) بعد ذكر عدم امتلاكه لفيزا. يطلب التواصل عبر الواتساب لإتمام عملية التسجيل وتفاصيل مدة الدورة.
4ffcd093fcc64279c8cd8938896052e6,voice_599545398,599545398,62962480,EGCC-fatmamohamed,2310(Maqsam),2026-04-24 00:31:38,双方接通,post_class_followup,1.0,المتصلة أعجبتها المعلمة السابقة والحصة، وتستفسر عن أسعار الباقات، وطلبت إرسال ثلاث باقات لها للرد عليها غدًا.,high,,,,,,,,,,,,,,high,,none,,,,,,,,,,success,,,,2026-04-26 00:31:05,2026-04-26 02:15:15,http://pd-fscall-record.oss-cn-hongkong.aliyuncs.com/2026-04-24/maqsam-FatmaMohamed.298923016.mp3?OSSAccessKeyId=LTAI5t8sBUhKT5YzXBHvmGGq&Expires=1777141688&Signature=0B1vwszR33DcS62luiPyWqbmhsk%3D,http://pd-fscall-record.oss-cn-hongkong.aliyuncs.com/2026-04-24/maqsam-FatmaMohamed.298923016.mp3?OSSAccessKeyId=LTAI5t8sBUhKT5YzXBHvmGGq&Expires=1777141688&Signature=0B1vwszR33DcS62luiPyWqbmhsk%3D,sales-engine/recordings/2026-04-24/user_62962480__voice_599545398.mp3,https://sales-engine-audio.oss-cn-hongkong.aliyuncs.com/sales-engine/recordings/2026-04-24/user_62962480__voice_599545398.mp3?OSSAccessKeyId=LTAI5t6Jd8PozcNwqEKaFS1q&Expires=1777148120&Signature=0jANWXUw7%2BrA/dk5rccwRPg7uQQ%3D,"ألو، و عليكم السلام يا هلا والله.لا عادي حبيبة قلبي.أيوة عادي تصبري.أيوة حياك الله عارفةوالله كويسة الحمد لله تقول حلوأيوة الحمد لله، كيف ااا أنتِ بعد المعلمة عنها؟Mèche那是放假的时候。أيوة أيوة كنت مستمتعة جدًا.I you again next to your mouth.أيهاahí va.ah, Más.Are you? Are you? Hello.أيوة هذا أنا عارفة من أول.أيوة الحمد لله عارفة ما شاء الله.没有啊，给你看看再说。لا عربية. طيب. أيوة ااا نحن نحن نفس المعلمة أفضل. يعني على مستواها صح أفضل.Oh.Ah.طب ااا أبغى أعرف يعني الأسعار البقات اللي عنده啊。哇，好开心啊这个。哎呀。ay, noAjá. Ay.What.على إيش؟آه آه آه معرفةما قعدت لك أه أيوة أيوة بكلم اللي عنديأيوة أيوة آه آه أعرفها يعني في شمارة.كيف يعني بنكرات هذه أول مرة أعرفها哎呀。哦。Ai, ei ole kunnossa. Hei, hei, hei, hei, hei, hei, hei, hei.哎呦。Hmm.うん。أيوة أعرفه أعرفه أعرفه唉呀。والله على حسب الأقذار اللي عليه.المبلغ.Hmm.Ahí vino, fácil, fácil. Al fácil.Hmm.也几十个。嗯。哎呦。Yeah.啊。bueno, yo creo queUm.Yeah.آه إن شاء اللهيعني القرد شامل معناها للسبتطب الحصة هتكون كم ساعة يعني ساعة آه الحصة؟Bah嗯。嗯。أيوة. لا لا صح حلو.哎呀。sa't mga hindi paakapal.आज ज्यादा ठंड होगा¿Ahí va?टाइम के लिए ले आ रहे हैं嗯。哎呦，那行。啊哈。哎呦呦。um¡claro!抵啊抵啊。طيب ماشي طب تب تبعتيلي الباقة تلاتخلاص وبستمام تمام حرد عليك بكرة إن شاء الله تمام يعطيك العافية شكراً.ya, ya. ألو، و عليكم السلام يا هلا والله. لا عادي حبيبة قلبي. أيوة عادي تصبري. أيوة حياك الله عارفة والله كويسة الحمد لله تقول حلو أيوة الحمد لله، كيف ااا أنتِ بعد المعلمة عنها؟ Mèche 那是放假的时候。 أيوة أيوة كنت مستمتعة جدًا. I you again next to your mouth. أيها ahí va. ah, Más. Are you? Are you? Hello. أيوة هذا أنا عارفة من أول. أيوة الحمد لله عارفة ما شاء الله. 没有啊，给你看看再说。 لا عربية. طيب. أيوة ااا نحن نحن نفس المعلمة أفضل. يعني على مستواها صح أفضل. Oh. Ah. طب ااا أبغى أعرف يعني الأسعار البقات اللي عنده 啊。 哇，好开心啊这个。 哎呀。 ay, no Ajá. Ay. What. على إيش؟ آه آه آه معرفة ما قعدت لك أه أيوة أيوة بكلم اللي عندي أيوة أيوة آه آه أعرفها يعني في شمارة. كيف يعني بنكرات هذه أول مرة أعرفها 哦。 Ai, ei ole kunnossa. Hei, hei, hei, hei, hei, hei, hei, hei. 哎呦。 Hmm. うん。 أيوة أعرفه أعرفه أعرفه 唉呀。 والله على حسب الأقذار اللي عليه. المبلغ. Ahí vino, fácil, fácil. Al fácil. 也几十个。 嗯。 Yeah. bueno, yo creo que Um. آه إن شاء الله يعني القرد شامل معناها للسبت طب الحصة هتكون كم ساعة يعني ساعة آه الحصة؟ Bah أيوة. لا لا صح حلو. sa't mga hindi paakapal. आज ज्यादा ठंड होगा ¿Ahí va? टाइम के लिए ले आ रहे हैं 哎呦，那行。 啊哈。哎呦呦。 um ¡claro! 抵啊抵啊。 طيب ماشي طب تب تبعتيلي الباقة تلات خلاص وبس تمام تمام حرد عليك بكرة إن شاء الله تمام يعطيك العافية شكراً. ya, ya.",bad_asr,ASR_LOW_QUALITY,d8aa0da7-f2d4-41ae-b18b-29214737f693,qwen3-asr-flash-filetrans,2026-04-26 02:15:37,good_need,satisfied,normal,no_issue,close_payment,المتصلة أبدت إعجابها بالمعلمة السابقة والحصة، واستفسرت عن أسعار الباقات، وطلبت إرسال ثلاث باقات لها للرد عليها في اليوم التالي لاتخاذ قرار الشراء.
0fa5ec8613c416925a677989403839f5,voice_599545890,599545890,62996274,EGCC-maiwaheed,2313(Maqsam),2026-04-24 00:37:39,双方接通,no_answer_or_voicemail,1.0,المكالمة عبارة عن رسالتين صوتيتين متكررتين لخدمة البريد الصوتي، ولا يوجد محادثة حقيقية مع العميل.,unknown,,,,,,,,,,,,,,none,,none,,,,,,,,,,success,,,,2026-04-26 00:31:05,2026-04-26 02:15:47,http://pd-fscall-record.oss-cn-hongkong.aliyuncs.com/2026-04-24/maqsam-MaiWaheed.298924504.mp3?OSSAccessKeyId=LTAI5t8sBUhKT5YzXBHvmGGq&Expires=1777141687&Signature=qQg%2BsqEwB7JiTAJ1LQTPR6EuRw4%3D,http://pd-fscall-record.oss-cn-hongkong.aliyuncs.com/2026-04-24/maqsam-MaiWaheed.298924504.mp3?OSSAccessKeyId=LTAI5t8sBUhKT5YzXBHvmGGq&Expires=1777141687&Signature=qQg%2BsqEwB7JiTAJ1LQTPR6EuRw4%3D,sales-engine/recordings/2026-04-24/user_62996274__voice_599545890.mp3,https://sales-engine-audio.oss-cn-hongkong.aliyuncs.com/sales-engine/recordings/2026-04-24/user_62996274__voice_599545890.mp3?OSSAccessKeyId=LTAI5t6Jd8PozcNwqEKaFS1q&Expires=1777148149&Signature=jSELvbF6AjCom7g82Mm7nA/h5w8%3D,أهلا بك في خدمة البريد الصوتي. من فضلك، اترك رسالتك الشخصية بعد سماع الصوت. اضغط مربع لإيقاف التسجيل.تم إرسال الرسالة. أهلا بك في خدمة البريد الصوتي. من فضلك، اترك رسالتك الشخصية بعد سماع الصوت. اضغط مربع لإيقاف التسجيل. تم إرسال الرسالة.,bad_asr,ASR_LOW_QUALITY,2568d5be-f02e-4c00-acee-27e232c35564,qwen3-asr-flash-filetrans,2026-04-26 02:15:55,invalid_or_noise,unknown,no_real_conversation,unknown,no_task,المكالمة بأكملها كانت تسجيلات صوتية لنظام البريد الصوتي، ولم يتم التحدث مع العميل أو ترك رسالة فعلية.
2e9c06f28af64cade892f34eb60423bc,voice_599546577,599546577,62993847,51nadamuhammad,2245(Maqsam),2026-04-24 00:46:37,双方接通,unknown,0.1,المكالمة متعددة اللغات ومتقطعة للغاية. تتضمن أجزاء عربية إشارة إلى محاولة الانضمام إلى رابط على واتساب، لكن لا يوجد سياق واضح لمحادثة مبيعات أو دعم.,unknown,,,,,,,,,,,,,,unknown,,none,,,,,,,,,,success,,,,2026-04-26 00:31:05,2026-04-26 02:15:55,http://pd-fscall-record.oss-cn-hongkong.aliyuncs.com/2026-04-24/maqsam-NadaMuhammad.298926673.mp3?OSSAccessKeyId=LTAI5t8sBUhKT5YzXBHvmGGq&Expires=1777141686&Signature=jCYReQBVRwAEtjbZ1YTMjpqs9uk%3D,http://pd-fscall-record.oss-cn-hongkong.aliyuncs.com/2026-04-24/maqsam-NadaMuhammad.298926673.mp3?OSSAccessKeyId=LTAI5t8sBUhKT5YzXBHvmGGq&Expires=1777141686&Signature=jCYReQBVRwAEtjbZ1YTMjpqs9uk%3D,sales-engine/recordings/2026-04-24/user_62993847__voice_599546577.mp3,https://sales-engine-audio.oss-cn-hongkong.aliyuncs.com/sales-engine/recordings/2026-04-24/user_62993847__voice_599546577.mp3?OSSAccessKeyId=LTAI5t6Jd8PozcNwqEKaFS1q&Expires=1777148159&Signature=UiX9cMg0SUTvtccOx/YR1hrReQs%3D,"¿Aló? ¿Aló? ¿Hola?¡ay, va!مثل الحصان.أدخلنا داخل الرابط داخل الرابط الآن.哎。أنتِ أرسلتي على الوات رابط الخطOkay.ya me llegó el哎呦。Yeah.tamam okey.On revient.어.เอ้ยวันนี้ฝากทําไหมYeah.Hér hendi ég því.Hængti þú í tóma?Yeah. Lah.I pass.Summer.Thank you. ¿Aló? ¿Aló? ¿Hola? ¡ay, va! مثل الحصان. أدخلنا داخل الرابط داخل الرابط الآن. 哎。 أنتِ أرسلتي على الوات رابط الخط Okay. ya me llegó el 哎呦。 Yeah. tamam okey. On revient. 어. เอ้ยวันนี้ฝากทําไหม Hér hendi ég því. Hængti þú í tóma? Yeah. Lah. I pass. Summer. Thank you.",bad_asr,ASR_LOW_QUALITY,9e015194-b7c5-4de8-8d4d-27a060710741,qwen3-asr-flash-filetrans,2026-04-26 02:16:09,invalid_or_noise,unknown,no_real_conversation,no_issue,no_task,المكالمة متقطعة للغاية وممزوجة بلغات متعددة (الإسبانية والعربية والصينية والإنجليزية والفرنسية والأيسلندية والتايلاندية والكورية)، مما يجعل تحديد سياقها أو غرضها مستحيلاً. لا توجد محادثة واضحة تتعلق بالمبيعات أو الدعم.
9ea6352ec9630ff0ee8ffd591c1de60a,voice_599546663,599546663,62812413,EGCC-maiwaheed,2313(Maqsam),2026-04-24 00:45:37,双方接通,unknown,0.1,المكالمة لا تحتوي على محتوى عربي ولا يوجد بها أي محادثة فعلية.,unknown,,,,,,,,,,,,,,unknown,,unknown,,,,,,,,,,success,,,,2026-04-26 00:31:05,2026-04-26 02:16:26,http://pd-fscall-record.oss-cn-hongkong.aliyuncs.com/2026-04-24/maqsam-MaiWaheed.298926454.mp3?OSSAccessKeyId=LTAI5t8sBUhKT5YzXBHvmGGq&Expires=1777141687&Signature=fQNVq66A3woRlxQbuWQELlKCXn4%3D,http://pd-fscall-record.oss-cn-hongkong.aliyuncs.com/2026-04-24/maqsam-MaiWaheed.298926454.mp3?OSSAccessKeyId=LTAI5t8sBUhKT5YzXBHvmGGq&Expires=1777141687&Signature=fQNVq66A3woRlxQbuWQELlKCXn4%3D,sales-engine/recordings/2026-04-24/user_62812413__voice_599546663.mp3,https://sales-engine-audio.oss-cn-hongkong.aliyuncs.com/sales-engine/recordings/2026-04-24/user_62812413__voice_599546663.mp3?OSSAccessKeyId=LTAI5t6Jd8PozcNwqEKaFS1q&Expires=1777148188&Signature=D50Rp7m8BVTWpAXdWHrJg9Q3Mv0%3D,"Allez, question.Um.अच्छाPerfect. Allez, question. Um. अच्छा Perfect.",bad_asr,ASR_LOW_QUALITY,fa9034b3-6d4a-402a-8e2f-54e6228ae8c7,qwen3-asr-flash-filetrans,2026-04-26 02:16:34,invalid_or_noise,unknown,no_real_conversation,unknown,no_task,المكالمة تحتوي على كلمات عشوائية وليست باللغة العربية، ولا يوجد بها أي محتوى أو معلومات يمكن تحليلها.
7cc78f6570526396a640bc4ec9780e22,voice_599546919,599546919,62946072,EGCC-fatmamohamed,2310(Maqsam),2026-04-24 00:48:48,双方接通,in_class_support,1.0,المستخدم يسأل عن رابط الدخول إلى الدرس عبر الواتساب ويؤكد أنه سيدخل الآن.,high,,,,,,,,,,,,,,unknown,,none,,,,,,,,,,success,,,,2026-04-26 00:31:05,2026-04-26 02:16:42,http://pd-fscall-record.oss-cn-hongkong.aliyuncs.com/2026-04-24/maqsam-FatmaMohamed.298927186.mp3?OSSAccessKeyId=LTAI5t8sBUhKT5YzXBHvmGGq&Expires=1777141686&Signature=NP8p91mukg9MVH4i8c8F5gM1gzQ%3D,http://pd-fscall-record.oss-cn-hongkong.aliyuncs.com/2026-04-24/maqsam-FatmaMohamed.298927186.mp3?OSSAccessKeyId=LTAI5t8sBUhKT5YzXBHvmGGq&Expires=1777141686&Signature=NP8p91mukg9MVH4i8c8F5gM1gzQ%3D,sales-engine/recordings/2026-04-24/user_62946072__voice_599546919.mp3,https://sales-engine-audio.oss-cn-hongkong.aliyuncs.com/sales-engine/recordings/2026-04-24/user_62946072__voice_599546919.mp3?OSSAccessKeyId=LTAI5t6Jd8PozcNwqEKaFS1q&Expires=1777148205&Signature=EojkJSAMU/N7inmqDpXZs0qUZ7w%3D,哎呀，你听到很多广东话，你你还要说粤语啊？真的真的真的，谁让你太大声，我以为你听不见。真的，我我我我我我我我我我我我我我我我我我我我我طيب يلا يلا نسيتها والله معلش انتهيت شو اشتغلت شو تذكرتين.طيب طيب الرابط وين على الواتس إرسلتيه؟أيوة أيوة طيب أدخل عليه دحينه. طيب طيب يلا. 哎呀，你听到很多广东话，你你还要说粤语啊？真的真的真的，谁让你太大声，我以为你听不见。真的，我我我我我我我我我我我我我我我我我我我我我 طيب يلا يلا نسيتها والله معلش انتهيت شو اشتغلت شو تذكرتين. طيب طيب الرابط وين على الواتس إرسلتيه؟ أيوة أيوة طيب أدخل عليه دحينه. طيب طيب يلا.,bad_asr,ASR_LOW_QUALITY,b81fac53-ff50-4000-90a4-988f57c235a7,qwen3-asr-flash-filetrans,2026-04-26 02:16:55,good_need,unknown,normal,no_issue,no_task,المستخدم يطلب رابط الدخول للدرس عبر الواتساب استعدادًا للدخول.
2eee20a586f064a26cf1356bcfe2d30f,voice_599547963,599547963,62822505,EGCC-eman.amr,2289(Maqsam),2026-04-24 01:01:44,双方接通,pre_class_cancel,1.0,المتصل يؤكد إلغاء الحصة/الخدمة.,low,,,,,,,,,,,,,,none,,unknown,,,,,,,,,,success,,,,2026-04-26 00:31:05,2026-04-26 02:17:36,http://pd-fscall-record.oss-cn-hongkong.aliyuncs.com/2026-04-24/maqsam-Eman.Amr.298929978.mp3?OSSAccessKeyId=LTAI5t8sBUhKT5YzXBHvmGGq&Expires=1777141583&Signature=Lu1GuUU4h7QQlR9MhE4gDPNXZAI%3D,http://pd-fscall-record.oss-cn-hongkong.aliyuncs.com/2026-04-24/maqsam-Eman.Amr.298929978.mp3?OSSAccessKeyId=LTAI5t8sBUhKT5YzXBHvmGGq&Expires=1777141583&Signature=Lu1GuUU4h7QQlR9MhE4gDPNXZAI%3D,sales-engine/recordings/2026-04-24/user_62822505__voice_599547963.mp3,https://sales-engine-audio.oss-cn-hongkong.aliyuncs.com/sales-engine/recordings/2026-04-24/user_62822505__voice_599547963.mp3?OSSAccessKeyId=LTAI5t6Jd8PozcNwqEKaFS1q&Expires=1777148259&Signature=cSeOmL9bTU3DRstiPH2lK8Wu%2Bm4%3D,¿Aló? Igual y tú usas嗯。et çaآه أيوة بس خلاص كنسلتها.لا لا خلاص.My phone. ¿Aló? Igual y tú usas 嗯。 et ça آه أيوة بس خلاص كنسلتها. لا لا خلاص. My phone.,bad_asr,ASR_LOW_QUALITY,b23b0da6-8648-43e4-abc8-92eb1ca9feea,qwen3-asr-flash-filetrans,2026-04-26 02:17:44,no_need,unknown,normal,unknown,no_task,المتصل يؤكد إلغاء الحصة بعبارة 'خلاص كنسلتها'.
e3dc748efd316bb18a41401213761f8e,voice_599551511,599551511,61271360,EGCC-maiwaheed,2313(Maqsam),2026-04-24 01:45:43,双方接通,unknown,0.2,المكالمة عبارة عن تبادل تحيات واستفسار عن الحال.,unknown,,,,,,,,,,,,,,unknown,,none,,,,,,,,,,success,,,,2026-04-26 00:31:05,2026-04-26 02:19:16,http://pd-fscall-record.oss-cn-hongkong.aliyuncs.com/2026-04-24/maqsam-MaiWaheed.298939348.mp3?OSSAccessKeyId=LTAI5t8sBUhKT5YzXBHvmGGq&Expires=1777141684&Signature=rcDt1nBXXi6JuSHWYoe04QoHgT8%3D,http://pd-fscall-record.oss-cn-hongkong.aliyuncs.com/2026-04-24/maqsam-MaiWaheed.298939348.mp3?OSSAccessKeyId=LTAI5t8sBUhKT5YzXBHvmGGq&Expires=1777141684&Signature=rcDt1nBXXi6JuSHWYoe04QoHgT8%3D,sales-engine/recordings/2026-04-24/user_61271360__voice_599551511.mp3,https://sales-engine-audio.oss-cn-hongkong.aliyuncs.com/sales-engine/recordings/2026-04-24/user_61271360__voice_599551511.mp3?OSSAccessKeyId=LTAI5t6Jd8PozcNwqEKaFS1q&Expires=1777148359&Signature=mkGhAT040sqLVq1hHdPAj5VBcdk%3D,Yeah.हैलोما الحمد لله كيفك؟तमाHello. Yeah. हैलो ما الحمد لله كيفك؟ तमा Hello.,bad_asr,ASR_LOW_QUALITY,dc0c3d3e-a362-424e-bd8a-c59450971401,qwen3-asr-flash-filetrans,2026-04-26 02:19:24,unknown,unknown,normal,no_issue,no_task,المحادثة قصيرة جداً وتقتصر على تحيات عامة، ولا تحتوي على أي معلومات ذات صلة بأهداف المكالمة أو حالة العميل.
07636452d2a2d1277c4be13af12f6e94,voice_599554186,599554186,62997418,EGCC-eman.amr,2289(Maqsam),2026-04-24 02:26:00,双方接通,unknown,0.1,المكالمة تحتوي على لغات متعددة وكلام غير مترابط وغير مفهوم. لا يوجد محتوى واضح يتعلق بدورة اللغة الإنجليزية.,unknown,,,,,,,,,,,,,,unknown,,unknown,,,,,,,,,,success,,,,2026-04-26 00:31:05,2026-04-26 02:19:33,http://pd-fscall-record.oss-cn-hongkong.aliyuncs.com/2026-04-24/maqsam-Eman.Amr.298946529.mp3?OSSAccessKeyId=LTAI5t8sBUhKT5YzXBHvmGGq&Expires=1777141578&Signature=OLvosg16x1xrCYP2t1Euns7G6N0%3D,http://pd-fscall-record.oss-cn-hongkong.aliyuncs.com/2026-04-24/maqsam-Eman.Amr.298946529.mp3?OSSAccessKeyId=LTAI5t8sBUhKT5YzXBHvmGGq&Expires=1777141578&Signature=OLvosg16x1xrCYP2t1Euns7G6N0%3D,sales-engine/recordings/2026-04-24/user_62997418__voice_599554186.mp3,https://sales-engine-audio.oss-cn-hongkong.aliyuncs.com/sales-engine/recordings/2026-04-24/user_62997418__voice_599554186.mp3?OSSAccessKeyId=LTAI5t6Jd8PozcNwqEKaFS1q&Expires=1777148377&Signature=aF0oC8Rt9Rz/uP%2BX1nGU303g/G8%3D,わかる。알겠습니다.Et là.إيه بحضره.et il va y êtreYeah Yeah.得。系啊。اسمي، اسمه الكامل، اسمه الرجال.عمري ثمانتعشر.Et tu vois?لا خلصت.Yeah.What the heck.咋了？على حكمة ما جوا ما جايبات ولا لابتوبات. رصيف.Okay. Then yeah.أفتح حساب يعني؟पर है तोHello. わかる。 알겠습니다. Et là. إيه بحضره. et il va y être Yeah Yeah. 得。系啊。 اسمي، اسمه الكامل، اسمه الرجال. عمري ثمانتعشر. Et tu vois? لا خلصت. Yeah. What the heck. 咋了？ على حكمة ما جوا ما جايبات ولا لابتوبات. رصيف. Okay. Then yeah. أفتح حساب يعني؟ पर है तो Hello.,bad_asr,ASR_LOW_QUALITY,17b61021-fb91-4e16-9013-c45bc9c0742b,qwen3-asr-flash-filetrans,2026-04-26 02:19:46,invalid_or_noise,unknown,no_real_conversation,unknown,no_task,النص يحتوي على مزيج من لغات مختلفة (يابانية، كورية، فرنسية، إنجليزية، صينية، عربية) وكلام متقطع وغير مترابط. لا يمكن استخلاص أي معلومات ذات صلة بمكالمة مبيعات لدورة لغة إنجليزية.
0a5b09b9d4c959c8d308e5aafa819f89,voice_599556552,599556552,62980005,51nadamuhammad,2245(Maqsam),2026-04-24 03:12:42,双方接通,pre_class_reschedule,1.0,العميل يرغب في تأجيل موعد الحصة إلى يوم آخر بسبب عدم توفرهم في الوقت الحالي.,high,,,,,,,,,,,,,,unknown,,schedule,,,,,,,,,,success,,,,2026-04-26 00:31:05,2026-04-26 02:20:26,http://pd-fscall-record.oss-cn-hongkong.aliyuncs.com/2026-04-24/maqsam-NadaMuhammad.298953461.mp3?OSSAccessKeyId=LTAI5t8sBUhKT5YzXBHvmGGq&Expires=1777141682&Signature=1BG4gEOFxaj6ktbXwrOFUmgLZzY%3D,http://pd-fscall-record.oss-cn-hongkong.aliyuncs.com/2026-04-24/maqsam-NadaMuhammad.298953461.mp3?OSSAccessKeyId=LTAI5t8sBUhKT5YzXBHvmGGq&Expires=1777141682&Signature=1BG4gEOFxaj6ktbXwrOFUmgLZzY%3D,sales-engine/recordings/2026-04-24/user_62980005__voice_599556552.mp3,https://sales-engine-audio.oss-cn-hongkong.aliyuncs.com/sales-engine/recordings/2026-04-24/user_62980005__voice_599556552.mp3?OSSAccessKeyId=LTAI5t6Jd8PozcNwqEKaFS1q&Expires=1777148430&Signature=308TFgxaCZNqON0UQrNcyS1/Fvs%3D,"Okay.hello. الحمد لله والله بخير.الحمد لله رب العالمين.哎喲。Ah, so as.أي والله حابة أجله ليوم ثاني يعني بعدين إن شاء الله.哎。And then.Yeah.哎呦。Hello.哎。แล้วเมื่อคืนAnyway.et informatique.لا والله بس تك تقدرين تدجين عليها عادي.¡Hola, no me había dado cuenta.Okay. Yes.哎。أيوة أنا عندي ما عندي مشكلة بس هم مو موجودين الحين. إيش ها؟Myself. Okay. hello. الحمد لله والله بخير. الحمد لله رب العالمين. 哎喲。 Ah, so as. أي والله حابة أجله ليوم ثاني يعني بعدين إن شاء الله. 哎。 And then. Yeah. 哎呦。 Hello. แล้วเมื่อคืน Anyway. et informatique. لا والله بس تك تقدرين تدجين عليها عادي. ¡Hola, no me había dado cuenta. Okay. Yes. أيوة أنا عندي ما عندي مشكلة بس هم مو موجودين الحين. إيش ها؟ Myself.",bad_asr,ASR_LOW_QUALITY,11c32978-376f-423b-a9fd-c8b46a12523b,qwen3-asr-flash-filetrans,2026-04-26 02:20:39,good_need,unknown,normal,no_issue,rebook_trial,العميل يرغب في تأجيل الحصة بسبب عدم توفرهم في الموعد الحالي.
d6351fa7dd5d446e25836402436e0d40,voice_599556670,599556670,60499265,51nadamuhammad,2245(Maqsam),2026-04-24 03:16:30,双方接通,post_class_followup,0.9,مناقشة أسعار الدورة وخيارات الدفع. العميل يحتاج موافقة الأب بخصوص السعر وسيعاود التواصل بعد التشاور معه.,medium,,,,,,,,,,,,,,medium,,need_parent_approval,,,,,,,,,,success,,,,2026-04-26 00:31:05,2026-04-26 02:20:40,http://pd-fscall-record.oss-cn-hongkong.aliyuncs.com/2026-04-24/maqsam-NadaMuhammad.298954061.mp3?OSSAccessKeyId=LTAI5t8sBUhKT5YzXBHvmGGq&Expires=1777141682&Signature=A6HQVWq4cSd9%2FXWgQ9V41pSMsEk%3D,http://pd-fscall-record.oss-cn-hongkong.aliyuncs.com/2026-04-24/maqsam-NadaMuhammad.298954061.mp3?OSSAccessKeyId=LTAI5t8sBUhKT5YzXBHvmGGq&Expires=1777141682&Signature=A6HQVWq4cSd9%2FXWgQ9V41pSMsEk%3D,sales-engine/recordings/2026-04-24/user_60499265__voice_599556670.mp3,https://sales-engine-audio.oss-cn-hongkong.aliyuncs.com/sales-engine/recordings/2026-04-24/user_60499265__voice_599556670.mp3?OSSAccessKeyId=LTAI5t6Jd8PozcNwqEKaFS1q&Expires=1777148444&Signature=T8Xsgs48sarh5kTYWPBkjO9xgMM%3D,"هلا هلا أهلين والله أهلين والله بخير الله يسلمك لا الحمد لله بخير أخبارك الحمد لله أخباركم أنتم طيبين؟ الحمد لله الحمد.لا معلش مو مشكلة عادي، لا لا عادي لا لا عادي لا عادي.خارج الله系咯。うん。हम्म哎呦。حلو.Ah.嗯。والخمسين خسة كم سعرها؟うん。है ना हमأمم حلو أمميعني أنا يعني ااا استر يعني كم يعني استر كم دفعة أنا الحين فيها؟哎。أمم بس بس المشكلة بس المشكلة الحين إنتي تقولي لازم قبل الرواتب يعني.صحيح، إيه، إيه.طيب بس بسألك الحين هو يعني هو دفع فيها ولا ما دفع هو رأس اللي اللي تنزلك哎呦。हाँAh, ah.हाँأيوة أنا فاهمة إيه يعني هي ب أربعة آلاف وخمسين لو قسمها على إثنعشر شهر على قول كلامك كم تجي جودي أحسبي أربعة آلاف وخمس متقسم ميتين وثلاثة وستين. كمان.Claro. Ajá.嗯。系喎。嗯。嗯。Hm.嗯。mhmHola. Hola.Ah Ah.嗯。Okay.At.Ah.يعني حاسبنا ثلاثة آلاف ومية وخمسين.بس أنا مثلاً ما أنا أتكلم معزت ما قلت لأبوها يعني الوردة ما قلت شيء يعني ما شاورتها يعني ما سألت أبوها يوافق ولا لا الوالد.Yes.啊，可以，李老师，嗯。يعني لو خذيتها جود تاخذها الحين بثلاثة آلاف ومية وخمسين خمسين حصلتहम्म आए वहाँEt moi.I have a.Yeah.أنا أتكلم بس خليني أشوف أشوف أبوها وأشوف و أرسل لك رسالة ها. أنا فاهمنة والله فاهمنة عارفة بس والله أنا بعري لأنك عارفة الرأي رأي أبوها.مو مشكلة بس أنا بسألك خلي بس بكرة لأننا فاتحين طالع خلي.خلاص خلاص خلاص تمام تمام ما عليه مو مشكلة أنا اتواصل معك الله يعافيك.Yeah.آه تمام تمام مو مشكلة خلاص. خلاص أشوف وأرسل لك يا قلبي أول أشوف أبوها وأرسل لك الله يعطيك العافية يا قلبي. لا لا لا عادي لا لا ما في مشكلة لا عادي الله يعافيك خلاص بنتواصل معك أنا بس أشوف الولد وأكلمك إن شاء الله الله يعطيك العافية يا قلبي مشكورة ها. هلا هلا أهلين والله أهلين والله بخير الله يسلمك لا الحمد لله بخير أخبارك الحمد لله أخباركم أنتم طيبين؟ الحمد لله الحمد. لا معلش مو مشكلة عادي، لا لا عادي لا لا عادي لا عادي. خارج الله 系咯。 うん。 हम्म 哎呦。 حلو. Ah. 嗯。 والخمسين خسة كم سعرها؟ है ना हम أمم حلو أمم يعني أنا يعني ااا استر يعني كم يعني استر كم دفعة أنا الحين فيها؟ 哎。 أمم بس بس المشكلة بس المشكلة الحين إنتي تقولي لازم قبل الرواتب يعني. صحيح، إيه، إيه. طيب بس بسألك الحين هو يعني هو دفع فيها ولا ما دفع هو رأس اللي اللي تنزلك हाँ Ah, ah. أيوة أنا فاهمة إيه يعني هي ب أربعة آلاف وخمسين لو قسمها على إثنعشر شهر على قول كلامك كم تجي جودي أحسبي أربعة آلاف وخمس متقسم ميتين وثلاثة وستين. كمان. Claro. Ajá. 系喎。 Hm. mhm Hola. Hola. Ah Ah. Okay. At. يعني حاسبنا ثلاثة آلاف ومية وخمسين. بس أنا مثلاً ما أنا أتكلم معزت ما قلت لأبوها يعني الوردة ما قلت شيء يعني ما شاورتها يعني ما سألت أبوها يوافق ولا لا الوالد. Yes. 啊，可以，李老师，嗯。 يعني لو خذيتها جود تاخذها الحين بثلاثة آلاف ومية وخمسين خمسين حصلت हम्म आए वहाँ Et moi. I have a. Yeah. أنا أتكلم بس خليني أشوف أشوف أبوها وأشوف و أرسل لك رسالة ها. أنا فاهمنة والله فاهمنة عارفة بس والله أنا بعري لأنك عارفة الرأي رأي أبوها. مو مشكلة بس أنا بسألك خلي بس بكرة لأننا فاتحين طالع خلي. خلاص خلاص خلاص تمام تمام ما عليه مو مشكلة أنا اتواصل معك الله يعافيك. آه تمام تمام مو مشكلة خلاص. خلاص أشوف وأرسل لك يا قلبي أول أشوف أبوها وأرسل لك الله يعطيك العافية يا قلبي. لا لا لا عادي لا لا ما في مشكلة لا عادي الله يعافيك خلاص بنتواصل معك أنا بس أشوف الولد وأكلمك إن شاء الله الله يعطيك العافية يا قلبي مشكورة ها.",bad_asr,ASR_LOW_QUALITY,f1b69928-06a9-460f-a3f5-7a9f7226c0d0,qwen3-asr-flash-filetrans,2026-04-26 02:21:01,good_need,unknown,normal,no_issue,close_payment,العميل يدرس خيارات الدفع ويحتاج لموافقة الأب قبل اتخاذ قرار الشراء.
ef3b6d71d1242ca326d1293e5e9bcbad,voice_599660426,599660426,63010926,EGCC-eman.amr,2289(Maqsam),2026-04-25 16:04:39,双方接通,post_class_followup,0.9,الأم تستفسر عن تفاصيل دورة إنجليزية لابنتها (4 سنوات) التي تحب اللغة. ذكرت أنها ستبحث الأمر مع الأب وتحتاج للتواصل لاحقاً لاتخاذ القرار، بعد استفسارها عن السعر وطريقة الدفع.,medium,,,,,,,,,,,,,,medium,,need_parent_approval,,,,,,,,,,success,,,,2026-04-26 00:31:05,2026-04-26 02:21:31,http://pd-fscall-record.oss-cn-hongkong.aliyuncs.com/2026-04-25/maqsam-Eman.Amr.299207344.mp3?OSSAccessKeyId=LTAI5t8sBUhKT5YzXBHvmGGq&Expires=1777141578&Signature=wlrX0hBaFMOMoWkFz6gW%2B8wxVxk%3D,http://pd-fscall-record.oss-cn-hongkong.aliyuncs.com/2026-04-25/maqsam-Eman.Amr.299207344.mp3?OSSAccessKeyId=LTAI5t8sBUhKT5YzXBHvmGGq&Expires=1777141578&Signature=wlrX0hBaFMOMoWkFz6gW%2B8wxVxk%3D,sales-engine/recordings/2026-04-25/user_63010926__voice_599660426.mp3,https://sales-engine-audio.oss-cn-hongkong.aliyuncs.com/sales-engine/recordings/2026-04-25/user_63010926__voice_599660426.mp3?OSSAccessKeyId=LTAI5t6Jd8PozcNwqEKaFS1q&Expires=1777148496&Signature=oBEiZ/lKsjkmyt6krNSeUPDB/cI%3D,"عليكم السلام.السلام عليكم.أهلاً. إيوه معك. hello. أيوة سؤال.系，系啊。الآن الأم بنتي عمرها أربعة سنين هتكمل الشهر الجاي خمسة وأربعة سنين.算啦，好啦。系啊。誒，拉上啦。أيوة إن شاء الله، كلام كلام، الله.那。فما هي عادة في كوي بحث إنجليزية بس يمكن أعرف أفضل فروض أنا أفهم فحبانين فيها الحقيقة. لا أعرفهم يعني. فحبانين فيها يعني بشكل هي بتحب اللغة الإنجليزية فحبانين فيها الحقيقة.嗯。To je koule, je to malé, je to.对，嗯。好。哎呦。嗯。对。对，不好意思，麻烦你。कैसेلا أعرف ما تعرفين كيف تريدين؟لا لا ما في أحد أي أي عن طريق الإعلام.嗯。嗯。嗯。嗯。嗯。嗯。嗯。对。嗯。إن شاء الله بإذن الله.俩。嗯。أشوف باباها وقل لي كيف حلفاه. بس هيك أشوف أبو حور لما يجي من الدوام وأشوف كيف حلفت تمره.にしてます。嗯。嗯。嗯。Chiaro.嗯嗯。嗯。嗯。mhm对。Thanks.لا هي تتقاضى هنا في السعودية لريال ثامن.الخمسة في دينكمHmm.¿Real?嗯。系啊。嗯。嗯。嗯。嗯。嗯。di sella.أنا دخلة برقم السودان يعني إنتي ممكن تبعتي لي رقمك؟Hmm.嗯。أيوة يلا اديك رقم طيب سجله؟أنت وزير في التلتاشر أربعين؟لا مش في الخمسة، أنا داخلة برقم السودان. أيوة ده وزير ميتين تسعة وأربعين.مية أربعة وعشرين، مية أربعة وعشرين، واحدة وثلاثين، ثمانية، خمسة واثنين واحد.لا يوجد رقم واتسابPara queبشفو الظهور الزيارات.والله بس إجي أبوها ونحن هأتواصل معك لاحقًا، أسلم وسهل.嗯。不想了，啊。嗯。嗯。嗯。嗯。嗯。嗯。嗯。إن شاء الله رب يسهل.嗯，谢谢。哎呦，算了。แน่นอนเลยค่ะ ดิฉัน对。嗯。ใส่ปกติأيّا لمعت عسيرة.Oh.O sea.很少了。嗯。الله والله ما عندها أصلاً عنده.哎呦。嗯。哎呦。يقال للجسم مباشرة هذه جسم.Ε, ό.Hm.不想。嗯。嗯。嗯，嗯。嗯。嗯。Okay.哎，会。嗯。इंशाल्लाहHmm.哎呀。هذا إن شاء الله.Ei, että se asiaan ei jätä kelloa. Ei ole. Ei ole, se on tässä näillä. Ei ole. No niin. عليكم السلام. السلام عليكم. أهلاً. إيوه معك. hello. أيوة سؤال. 系，系啊。 الآن الأم بنتي عمرها أربعة سنين هتكمل الشهر الجاي خمسة وأربعة سنين. 算啦，好啦。系啊。誒，拉上啦。 أيوة إن شاء الله، كلام كلام، الله. 那。 فما هي عادة في كوي بحث إنجليزية بس يمكن أعرف أفضل فروض أنا أفهم فحبانين فيها الحقيقة. لا أعرفهم يعني. فحبانين فيها يعني بشكل هي بتحب اللغة الإنجليزية فحبانين فيها الحقيقة. 嗯。 To je koule, je to malé, je to. 对，嗯。 好。 哎呦。嗯。 对。 对，不好意思，麻烦你。 कैसे لا أعرف ما تعرفين كيف تريدين؟ لا لا ما في أحد أي أي عن طريق الإعلام. 嗯。嗯。 إن شاء الله بإذن الله. 俩。 أشوف باباها وقل لي كيف حلفاه. بس هيك أشوف أبو حور لما يجي من الدوام وأشوف كيف حلفت تمره. にしてます。 Chiaro. 嗯嗯。 mhm Thanks. لا هي تتقاضى هنا في السعودية لريال ثامن. الخمسة في دينكم Hmm. ¿Real? 系啊。嗯。 di sella. أنا دخلة برقم السودان يعني إنتي ممكن تبعتي لي رقمك؟ أيوة يلا اديك رقم طيب سجله؟ أنت وزير في التلتاشر أربعين؟ لا مش في الخمسة، أنا داخلة برقم السودان. أيوة ده وزير ميتين تسعة وأربعين. مية أربعة وعشرين، مية أربعة وعشرين، واحدة وثلاثين، ثمانية، خمسة واثنين واحد. لا يوجد رقم واتساب Para que بشفو الظهور الزيارات. والله بس إجي أبوها ونحن هأتواصل معك لاحقًا، أسلم وسهل. 不想了，啊。 إن شاء الله رب يسهل. 嗯，谢谢。 哎呦，算了。 แน่นอนเลยค่ะ ดิฉัน ใส่ปกติ أيّا لمعت عسيرة. Oh. O sea. 很少了。嗯。 الله والله ما عندها أصلاً عنده. 哎呦。 يقال للجسم مباشرة هذه جسم. Ε, ό. Hm. 不想。嗯。 嗯，嗯。 Okay. 哎，会。 इंशाल्लाह 哎呀。 هذا إن شاء الله. Ei, että se asiaan ei jätä kelloa. Ei ole. Ei ole, se on tässä näillä. Ei ole. No niin.",bad_asr,ASR_LOW_QUALITY,a9c52f91-ba63-46da-bb9f-2337851a19e7,qwen3-asr-flash-filetrans,2026-04-26 02:22:08,good_need,unknown,normal,no_issue,rebook_trial,الأم تحتاج لمشاورة الأب لاتخاذ قرار بشأن حجز الدورة ودفع الرسوم، وتطلب التواصل لاحقًا.
2bbffb283d8d75c5a04309f76f3e0481,voice_599664965,599664965,63008629,51habiba.hassan,2244(Maqsam),2026-04-25 16:35:44,双方接通,post_class_followup,0.7,العميلة تعبر عن مستوى ضعيف في اللغة الإنجليزية، وتوضح عدم قدرتها على الاستمرارية بسبب عدم وجودها في الرياض حاليًا. تطلب التشاور مع طرف آخر قبل اتخاذ أي قرار.,low,,,,,,,,,,,,,,low,,need_parent_approval,,,,,,,,,,success,,,,2026-04-26 00:31:05,2026-04-26 02:23:20,http://pd-fscall-record.oss-cn-hongkong.aliyuncs.com/2026-04-25/maqsam-habiba.hassan.299214714.mp3?OSSAccessKeyId=LTAI5t8sBUhKT5YzXBHvmGGq&Expires=1777141576&Signature=Ltvex%2BoB8KlAAhBX2TzrgiqsiPU%3D,http://pd-fscall-record.oss-cn-hongkong.aliyuncs.com/2026-04-25/maqsam-habiba.hassan.299214714.mp3?OSSAccessKeyId=LTAI5t8sBUhKT5YzXBHvmGGq&Expires=1777141576&Signature=Ltvex%2BoB8KlAAhBX2TzrgiqsiPU%3D,sales-engine/recordings/2026-04-25/user_63008629__voice_599664965.mp3,https://sales-engine-audio.oss-cn-hongkong.aliyuncs.com/sales-engine/recordings/2026-04-25/user_63008629__voice_599664965.mp3?OSSAccessKeyId=LTAI5t6Jd8PozcNwqEKaFS1q&Expires=1777148605&Signature=sWK8Gy28clK5hS8IG6mWkcKmVp8%3D,"I do.Why come down?Et toiAre you ah.I'm actually blind. You know.Lion.ah oui, oui, on m'a dit.Anyway.Aya, ça passe.اثناعشر.Always, always can.哎呦。I have a nice time.ليش ت واللهأي يمكن إدارة المال كذا.Oh.مستواي مو مرة يعني أعرف بعض المفردات والكلمات لكن مو مرة.لا إيوه يعني.ये वो दिख रहे हैंأنا يمكن ما كنت مهتمة بالمرة يعني ما كانت تفرقما كان يتفق معه يعني ما كان يكمل أو نلتقي بالموضوع مرة.哎呦，嗨。صح أيوة.أيوة ما حدشإلا على السوشيال ميديا، من أنت؟لأنه إنستقرامHello.Hm.Ah, là, c'est pas cute.诶。أيوة أعرفها.أقول لك أعرفهHmm.لا كلهم تقريبا.哦，不会不会。أيوة بس ترا أنا ما ظنيت ما ما يمكن ما أستمري معكمما أستمر معاكمااا لأنه أنا قريب بس كل عندنا هنا في مكان ثاني قريب لأن أنا ماني في الرياض حاليًا.Eva.Yeah.咋还有？嗯。哎呦。It was fantastic.أنا بكلمة أول بدل ااا تتكلمي أنتِ علي مرة ثانية وأكلمك أقول لكأنا بستشيره أول بعدين نشوفاا بس ليش أنا أسأل أيوة خاف تمامما أدري والله لكن اليوم إن شاء الله.Huh.Pas de moi, beh.أقول صوتك مو واضح.لا والله.agila.I will.للي واخد دورات من مكان موثوق.嗯，哎呦。你晓得，哎呦。安全吧。لا والله شكراًTall man. I do. Why come down? Et toi Are you ah. I'm actually blind. You know. Lion. ah oui, oui, on m'a dit. Anyway. Aya, ça passe. اثناعشر. Always, always can. 哎呦。 I have a nice time. ليش ت والله أي يمكن إدارة المال كذا. Oh. مستواي مو مرة يعني أعرف بعض المفردات والكلمات لكن مو مرة. لا إيوه يعني. ये वो दिख रहे हैं أنا يمكن ما كنت مهتمة بالمرة يعني ما كانت تفرق ما كان يتفق معه يعني ما كان يكمل أو نلتقي بالموضوع مرة. 哎呦，嗨。 صح أيوة. أيوة ما حدش إلا على السوشيال ميديا، من أنت؟ لأنه إنستقرام Hello. Hm. Ah, là, c'est pas cute. 诶。 أيوة أعرفها. أقول لك أعرفه Hmm. لا كلهم تقريبا. 哦，不会不会。 أيوة بس ترا أنا ما ظنيت ما ما يمكن ما أستمري معكم ما أستمر معاكم ااا لأنه أنا قريب بس كل عندنا هنا في مكان ثاني قريب لأن أنا ماني في الرياض حاليًا. Eva. Yeah. 咋还有？ 嗯。 It was fantastic. أنا بكلمة أول بدل ااا تتكلمي أنتِ علي مرة ثانية وأكلمك أقول لك أنا بستشيره أول بعدين نشوف اا بس ليش أنا أسأل أيوة خاف تمام ما أدري والله لكن اليوم إن شاء الله. Huh. Pas de moi, beh. أقول صوتك مو واضح. لا والله. agila. I will. للي واخد دورات من مكان موثوق. 嗯，哎呦。 你晓得，哎呦。 安全吧。 لا والله شكراً Tall man.",bad_asr,ASR_LOW_QUALITY,2af6e3eb-b00e-4204-8eeb-927f8f8cc095,qwen3-asr-flash-filetrans,2026-04-26 02:23:45,weak_need,unknown,normal,no_issue,rebook_trial,العميلة تواجه صعوبة في الالتزام بالدورة بسبب موقعها خارج الرياض، ومستواها في الإنجليزية، والأهم هو حاجتها للتشاور مع شخص قبل الموافقة على أي خطوة تالية.
4ee310e1e461acd715f41d7bc5883083,voice_599666386,599666386,63008137,51nadamuhammad,2245(Maqsam),2026-04-25 16:43:09,双方接通,unknown,0.1,مكالمة قصيرة جداً وغير واضحة، تحتوي على تحيات ومقاطع صوتية غير مفهومة ولغات متعددة.,unknown,,,,,,,,,,,,,,unknown,,unknown,,,,,,,,,,success,,,,2026-04-26 00:31:05,2026-04-26 02:24:29,http://pd-fscall-record.oss-cn-hongkong.aliyuncs.com/2026-04-25/maqsam-NadaMuhammad.299216568.mp3?OSSAccessKeyId=LTAI5t8sBUhKT5YzXBHvmGGq&Expires=1777141674&Signature=JYnj%2Fl6XKpAzEae0CvpoE4%2BilD0%3D,http://pd-fscall-record.oss-cn-hongkong.aliyuncs.com/2026-04-25/maqsam-NadaMuhammad.299216568.mp3?OSSAccessKeyId=LTAI5t8sBUhKT5YzXBHvmGGq&Expires=1777141674&Signature=JYnj%2Fl6XKpAzEae0CvpoE4%2BilD0%3D,sales-engine/recordings/2026-04-25/user_63008137__voice_599666386.mp3,https://sales-engine-audio.oss-cn-hongkong.aliyuncs.com/sales-engine/recordings/2026-04-25/user_63008137__voice_599666386.mp3?OSSAccessKeyId=LTAI5t6Jd8PozcNwqEKaFS1q&Expires=1777148673&Signature=Gj9OZryJyN8QLkqckUaJ0YBQd6A%3D,Hello.لا ترى الله.Huh.Hello.अलैकुम सलामI've.Excellent.लहरा रहाHuh.ça je l'accepte.Yes. Hello. لا ترى الله. Huh. अलैकुम सलाम I've. Excellent. लहरा रहा ça je l'accepte. Yes.,bad_asr,ASR_LOW_QUALITY,c2e3ebf1-bb2c-4dab-9d1b-a602f0b11f6e,qwen3-asr-flash-filetrans,2026-04-26 02:24:42,unknown,unknown,no_real_conversation,unknown,no_task,المكالمة قصيرة جداً وغير واضحة، وتحتوي على تحيات ومقاطع صوتية غير مفهومة وعدة لغات (العربية، الإنجليزية، الفرنسية، الهندية)، مما يجعل تحليلها صعباً للغاية.
fb1d10387e4c76c30dc67c0639d603bb,voice_599668122,599668122,63003822,EGCC-tasneemmahmoud,2311(Maqsam),2026-04-25 16:50:13,双方接通,unknown,0.0,اللغة غير معروفة وغير قابلة للتحليل,unknown,,,,,,,,,,,,,,unknown,,unknown,,,,,,,,,,success,,,,2026-04-26 00:31:05,2026-04-26 02:25:00,http://pd-fscall-record.oss-cn-hongkong.aliyuncs.com/2026-04-25/maqsam-TasneemMahmoud.299218437.mp3?OSSAccessKeyId=LTAI5t8sBUhKT5YzXBHvmGGq&Expires=1777141673&Signature=Fdt0FbCnNLOn6zcObchRGb2d1pE%3D,http://pd-fscall-record.oss-cn-hongkong.aliyuncs.com/2026-04-25/maqsam-TasneemMahmoud.299218437.mp3?OSSAccessKeyId=LTAI5t8sBUhKT5YzXBHvmGGq&Expires=1777141673&Signature=Fdt0FbCnNLOn6zcObchRGb2d1pE%3D,sales-engine/recordings/2026-04-25/user_63003822__voice_599668122.mp3,https://sales-engine-audio.oss-cn-hongkong.aliyuncs.com/sales-engine/recordings/2026-04-25/user_63003822__voice_599668122.mp3?OSSAccessKeyId=LTAI5t6Jd8PozcNwqEKaFS1q&Expires=1777148703&Signature=rgryrH44BYNRq7Np3UaFk0eOig4%3D,Stop.Yes.关于。Oui. Oui.哇哦。What. Stop. Yes. 关于。 Oui. Oui. 哇哦。 What.,bad_asr,ASR_LOW_QUALITY,9c1e1d8b-c876-4fca-8b2b-240c7581b4d6,qwen3-asr-flash-filetrans,2026-04-26 02:25:08,invalid_or_noise,unknown,no_real_conversation,unknown,no_task,المحتوى ليس باللغة العربية ولا يمكن تحليله وفقاً للمتطلبات.
8ade7e264eaa051cc024daf12d83695f,voice_599668611,599668611,0,51nadamuhammad,2245(Maqsam),2026-04-25 16:53:16,双方接通,duplicate_or_wrong,1.0,المتصل أخطأ الرقم، والمستقبل يؤكد أنه ليس المعني بالاتصال ويطلب عدم الاتصال مرة أخرى.,unknown,,,,,,,,,,,,,,none,,none,,,,,,,,,,success,,,,2026-04-26 00:31:05,2026-04-26 02:25:08,http://pd-fscall-record.oss-cn-hongkong.aliyuncs.com/2026-04-25/maqsam-NadaMuhammad.299219248.mp3?OSSAccessKeyId=LTAI5t8sBUhKT5YzXBHvmGGq&Expires=1777141673&Signature=tjg%2BrTJaJ29LmwhBvVyhtbznY2E%3D,http://pd-fscall-record.oss-cn-hongkong.aliyuncs.com/2026-04-25/maqsam-NadaMuhammad.299219248.mp3?OSSAccessKeyId=LTAI5t8sBUhKT5YzXBHvmGGq&Expires=1777141673&Signature=tjg%2BrTJaJ29LmwhBvVyhtbznY2E%3D,sales-engine/recordings/2026-04-25/user_0__voice_599668611.mp3,https://sales-engine-audio.oss-cn-hongkong.aliyuncs.com/sales-engine/recordings/2026-04-25/user_0__voice_599668611.mp3?OSSAccessKeyId=LTAI5t6Jd8PozcNwqEKaFS1q&Expires=1777148712&Signature=inZ2bT2/LNJPFuQU4HbPhFfvLfI%3D,हैलोअरे मुश्ताकوالله بخير من معك؟ऐशلا لا غلطة يا حبيبتي.ऐशوالله ما دشتو بريد هاه؟على حسابي؟Yeah Yeah Yeah. Yeah Yeah.لا لا شكراً.Okay. हैलो अरे मुश्ताक والله بخير من معك؟ ऐश لا لا غلطة يا حبيبتي. والله ما دشتو بريد هاه؟ على حسابي؟ Yeah Yeah Yeah. Yeah Yeah. لا لا شكراً. Okay.,bad_asr,ASR_LOW_QUALITY,16dbf5f3-2e81-4e54-9be1-6cc725ff0b52,qwen3-asr-flash-filetrans,2026-04-26 02:25:18,wrong_number,unknown,normal,no_issue,no_task,المستقبل أكد أن الرقم خاطئ وأنهم ليسوا الشخص المعني بالاتصال، ولم يكن هناك أي نقاش عن المنتج.
f6b3f52102c3380f8bb5f713f8cf95ef,voice_599676424,599676424,62984086,51nadamuhammad,2245(Maqsam),2026-04-25 17:59:06,双方接通,unknown,0.2,مكالمة غامضة وغير واضحة بين المتصل والمستلم، حيث يبدو أن المستلم لا يتعرف على المتصل ويسأل عن هويته. يحتوي جزء من المكالمة على كلمات غير عربية وغير مفهومة.,unknown,,,,,,,,,,,,,,unknown,,none,,,,,,,,,,success,,,,2026-04-26 00:31:05,2026-04-26 02:26:35,http://pd-fscall-record.oss-cn-hongkong.aliyuncs.com/2026-04-25/maqsam-NadaMuhammad.299242261.mp3?OSSAccessKeyId=LTAI5t8sBUhKT5YzXBHvmGGq&Expires=1777141669&Signature=Lb7arfXofN%2FDNLmlu8qim2NFL9g%3D,http://pd-fscall-record.oss-cn-hongkong.aliyuncs.com/2026-04-25/maqsam-NadaMuhammad.299242261.mp3?OSSAccessKeyId=LTAI5t8sBUhKT5YzXBHvmGGq&Expires=1777141669&Signature=Lb7arfXofN%2FDNLmlu8qim2NFL9g%3D,sales-engine/recordings/2026-04-25/user_62984086__voice_599676424.mp3,https://sales-engine-audio.oss-cn-hongkong.aliyuncs.com/sales-engine/recordings/2026-04-25/user_62984086__voice_599676424.mp3?OSSAccessKeyId=LTAI5t6Jd8PozcNwqEKaFS1q&Expires=1777148798&Signature=c2wWqv4JvsI37R0fG8DVqen6iQM%3D,"Hello, hey Hello.وعليكم السلام ورحمة الله وبركاته.Yeah.Me Maria.maisAllôإيوه أنا سامعة مين أنتي؟老婆。बिच वालेVitaly.Really? Wow.Hmm.Uh huh. Hello, hey Hello. وعليكم السلام ورحمة الله وبركاته. Yeah. Me Maria. mais Allô إيوه أنا سامعة مين أنتي؟ 老婆。 बिच वाले Vitaly. Really? Wow. Hmm. Uh huh.",bad_asr,ASR_LOW_QUALITY,73c2f408-9bf2-4779-8b6e-95011c6cf968,qwen3-asr-flash-filetrans,2026-04-26 02:26:44,unknown,unknown,no_real_conversation,no_issue,no_task,المكالمة قصيرة وغير مفهومة، حيث لا يوجد أي سياق أو معلومات واضحة حول الغرض من الاتصال، ويبدو أن المستلم لا يتعرف على المتصل. يحتوي النص أيضاً على كلمات غير مترابطة وغير عربية.
6871a99e57b44cfa8f1f7240414d1894,voice_599680312,599680312,62908828,51nadamuhammad,2245(Maqsam),2026-04-25 18:20:45,双方接通,no_answer_or_voicemail,0.5,المكالمة تحتوي فقط على تحيات متكررة ولا يوجد بها محتوى حواري.,unknown,,,,,,,,,,,,,,unknown,,none,,,,,,,,,,success,,,,2026-04-26 00:31:05,2026-04-26 02:27:30,http://pd-fscall-record.oss-cn-hongkong.aliyuncs.com/2026-04-25/maqsam-NadaMuhammad.299251023.mp3?OSSAccessKeyId=LTAI5t8sBUhKT5YzXBHvmGGq&Expires=1777141668&Signature=KqwIS11rXAH4g7Ec4E%2FgWlG5czI%3D,http://pd-fscall-record.oss-cn-hongkong.aliyuncs.com/2026-04-25/maqsam-NadaMuhammad.299251023.mp3?OSSAccessKeyId=LTAI5t8sBUhKT5YzXBHvmGGq&Expires=1777141668&Signature=KqwIS11rXAH4g7Ec4E%2FgWlG5czI%3D,sales-engine/recordings/2026-04-25/user_62908828__voice_599680312.mp3,https://sales-engine-audio.oss-cn-hongkong.aliyuncs.com/sales-engine/recordings/2026-04-25/user_62908828__voice_599680312.mp3?OSSAccessKeyId=LTAI5t6Jd8PozcNwqEKaFS1q&Expires=1777148853&Signature=z%2BvvwEk4hVyZI1xNgQ5kFsEW8W0%3D,Hello.AllôहेलोHello.Hello.Allô allôHello. Hello. Allô हेलो Allô allô,bad_asr,ASR_LOW_QUALITY,b27d6392-e616-4869-ac3e-73bac0eb5fe3,qwen3-asr-flash-filetrans,2026-04-26 02:27:38,invalid_or_noise,unknown,no_real_conversation,no_issue,no_task,المكالمة لم تتجاوز مرحلة التحية المتكررة، ولا يوجد أي محتوى يدل على تفاعل أو غرض للمكالمة.
180125418139c3cfc3b47399b3181ab1,voice_599681006,599681006,62908828,51nadamuhammad,2245(Maqsam),2026-04-25 18:21:36,双方接通,post_class_followup,0.1,المكالمة مشوشة وغير مترابطة وتحتوي على لغات متعددة (عربية، صينية، فرنسية، إنجليزية) وعبارات عشوائية. الجملة الوحيدة ذات الصلة بالمبيعات هي سؤال عن إخبار الوالد بالسعر.,unknown,,,,,,,,,,,,,,unknown,,need_parent_approval,,,,,,,,,,success,,,,2026-04-26 00:31:05,2026-04-26 02:27:39,http://pd-fscall-record.oss-cn-hongkong.aliyuncs.com/2026-04-25/maqsam-NadaMuhammad.299251361.mp3?OSSAccessKeyId=LTAI5t8sBUhKT5YzXBHvmGGq&Expires=1777141667&Signature=kWtPwHD8QVL5JEy%2FkQt%2BAgYjgxM%3D,http://pd-fscall-record.oss-cn-hongkong.aliyuncs.com/2026-04-25/maqsam-NadaMuhammad.299251361.mp3?OSSAccessKeyId=LTAI5t8sBUhKT5YzXBHvmGGq&Expires=1777141667&Signature=kWtPwHD8QVL5JEy%2FkQt%2BAgYjgxM%3D,sales-engine/recordings/2026-04-25/user_62908828__voice_599681006.mp3,https://sales-engine-audio.oss-cn-hongkong.aliyuncs.com/sales-engine/recordings/2026-04-25/user_62908828__voice_599681006.mp3?OSSAccessKeyId=LTAI5t6Jd8PozcNwqEKaFS1q&Expires=1777148863&Signature=W3TtAKra3iohic6AasEn3q0pbhk%3D,Hello.哎呦呦。الحين سامحتك بس مو بس الحين.إيه مش واضح؟eh ouaisبخير الحمد لله.那是那。在下面。Hello.Bye.لا لا عربي أفضل.Hey.D'ailleursBye.你吃了吗？طيب خلاص، أنا سعرت طيب كيف ااا قلت للوالد ولا؟Yeah.Bye.I shall not. Hello. 哎呦呦。 الحين سامحتك بس مو بس الحين. إيه مش واضح؟ eh ouais بخير الحمد لله. 那是那。 在下面。 Bye. لا لا عربي أفضل. Hey. D'ailleurs 你吃了吗？ طيب خلاص، أنا سعرت طيب كيف ااا قلت للوالد ولا؟ Yeah. I shall not.,bad_asr,ASR_LOW_QUALITY,00deba88-7f32-4f48-88fc-627a47deb10e,qwen3-asr-flash-filetrans,2026-04-26 02:27:52,invalid_or_noise,unknown,no_real_conversation,unknown,no_task,المكالمة تحتوي على ضوضاء عالية وعبارات عشوائية ولغات متعددة (عربية، صينية، فرنسية، إنجليزية) مما يشير إلى أنها ليست محادثة حقيقية. الجملة الوحيدة المتعلقة بالمبيعات تستفسر عن إبلاغ الوالد بالسعر.
49f6339f8b5a33fa01fb19430be1ef24,voice_600482857,600482857,63056389,EGCC-eman.amr,2289(Maqsam),2026-04-30 23:42:01,双方接通,in_class_support,1.0,المكالمة تتضمن تقييم مستوى الطالب واهتماماته (محادثة، كتابة) والاستفسار عن حصة الأونلاين وجنسية المعلمة. الجزء الأكبر من المكالمة يدور حول مساعدة الطالب في الدخول للحصة التجريبية ومعالجة المشاكل التقنية المتعلقة بظهور شاشة المايك والكاميرا.,high,,,,,,,,,,,,,,unknown,,technical_issue,,,,,,,,,,success,,,,2026-05-02 20:49:53,2026-05-02 20:50:31,http://pd-fscall-record.oss-cn-hongkong.aliyuncs.com/2026-04-30/maqsam-Eman.Amr.300973414.mp3?OSSAccessKeyId=LTAI5t8sBUhKT5YzXBHvmGGq&Expires=1777732022&Signature=x7IO5EQJXp3swsc1TClaWkBBgmY%3D,http://pd-fscall-record.oss-cn-hongkong.aliyuncs.com/2026-04-30/maqsam-Eman.Amr.300973414.mp3?OSSAccessKeyId=LTAI5t8sBUhKT5YzXBHvmGGq&Expires=1777732022&Signature=x7IO5EQJXp3swsc1TClaWkBBgmY%3D,sales-engine/recordings/2026-04-30/user_63056389__voice_600482857.mp3,https://sales-engine-audio.oss-cn-hongkong.aliyuncs.com/sales-engine/recordings/2026-04-30/user_63056389__voice_600482857.mp3?OSSAccessKeyId=LTAI5t6Jd8PozcNwqEKaFS1q&Expires=1777733437&Signature=Vuoo3j7sF7TudQL45GZvwc/KWLo%3D,"السلام عليكم.الحمد لله.نعم جداً.بإذن الله.خمسطعش.لا صارت منتصةاللهم لك الحمد متوسط تقريبا. نعم.خيط من قبلHey.Love me, social media. Yeah.عشان الدراسة والحياة.نعم نعم نعم.นั่นOkay.H.المحادثة والكتابة هي بالنسبة لك أنا عادي الكتابة لكن بالنسبة لك.نعم والمحاسبة.توقف.نعم.الهندسة.et euhHealth.essì.حلو.مرض إيه إيهहैलोحلو.Sí.嗯。Okay.Hello.हैलोإيه أكيد هم اللي خلوني أدخل.أوكية أنا دي هلك؟ أوكية.喂。eh, y yo usé American.صحيحتمام.Must work.إن شاء الله خيرEt voilà.Okay.Okay.What.آه لا وسخ طماطمNot.توم هذه حصة الأونلاين.تمام، وش جنسية المعلمة؟وإيش جنسية المعلمة؟China.Hmm.Yeah.Come on.Come.Yeah.Come out.حلو خلاص يبدأ القصة اللي تحدد المستوى؟Camera.Laughing, laugh.h。आई फोनYeah.आध्यात्मिकOkay.How.Okay.Oh.Hmm.哎呦。أيوه. طاب الدخول أيوه ضغطها. إيه دخلني، يجوا بقى يدخلوا جاعد.Okay.हाँ अच्छा मतवाल हैيلا الحين دخلت.ظهر لي أيوة ظهر لي إيش إيه بليز.ظهر لي شاشة فيها ما مايك وكاميرا؟You have.I think a lot.Okay.Okay.ए बात हैكلها.حاول.أي بقوا معلمين كانوا إذا كذابين.Hmm什么？什么？那是肯定。Nice song. السلام عليكم. الحمد لله. نعم جداً. بإذن الله. خمسطعش. لا صارت منتصة اللهم لك الحمد متوسط تقريبا. نعم. خيط من قبل Hey. Love me, social media. Yeah. عشان الدراسة والحياة. نعم نعم نعم. นั่น Okay. H. المحادثة والكتابة هي بالنسبة لك أنا عادي الكتابة لكن بالنسبة لك. نعم والمحاسبة. توقف. نعم. الهندسة. et euh Health. es sì. حلو. مرض إيه إيه हैलो Sí. 嗯。 Hello. إيه أكيد هم اللي خلوني أدخل. أوكية أنا دي هلك؟ أوكية. 喂。 eh, y yo usé American. صحيح تمام. Must work. إن شاء الله خير Et voilà. What. آه لا وسخ طماطم Not. توم هذه حصة الأونلاين. تمام، وش جنسية المعلمة؟ وإيش جنسية المعلمة؟ China. Hmm. Yeah. Come on. Come. Come out. حلو خلاص يبدأ القصة اللي تحدد المستوى؟ Camera. Laughing, laugh. h。 आई फोन आध्यात्मिक How. Oh. 哎呦。 أيوه. طاب الدخول أيوه ضغطها. إيه دخلني، يجوا بقى يدخلوا جاعد. हाँ अच्छा मतवाल है يلا الحين دخلت. ظهر لي أيوة ظهر لي إيش إيه بليز. ظهر لي شاشة فيها ما مايك وكاميرا؟ You have. I think a lot. ए बात है كلها. حاول. أي بقوا معلمين كانوا إذا كذابين. Hmm 什么？ 那是肯定。 Nice song.",bad_asr,ASR_LOW_QUALITY,60ec5894-6d56-4aea-ba4a-7011843f9f59,qwen3-asr-flash-filetrans,2026-05-02 20:51:22,good_need,technical_issue,normal,no_issue,rebook_trial,المكالمة كانت لدعم الطالب في الدخول إلى حصة تجريبية أونلاين، حيث واجه مشاكل في إعداد المايك والكاميرا. سأل الطالب أيضاً عن جنسية المعلمة وناقش اهتماماته التعليمية. بسبب المشكلة التقنية في الدخول، قد يحتاج الطالب لإعادة حجز حصة تجريبية لضمان تجربة كاملة.
7e31fdebfbeec8af88d1b07c3a272ac8,voice_600479884,600479884,63051228,51habiba.hassan,2244(Maqsam),2026-04-30 23:23:52,双方接通,post_class_failed,1.0,المتصلة لم تكن تعلم أن التسجيل كان لدورة مدفوعة، بل اعتقدت أنه مجرد اختبار تحديد مستوى مجاني. لديها تجارب سابقة سلبية مع الدورات المكثفة عبر الإنترنت وتفضل التعلم الحضوري لأنها تجد الأونلاين يسبب الكسل وعدم الاستفسار. كما تعترض على طبيعة الجدول اليومي للدورة لكثرة انشغالاتها.,low,,,,,,,,,,,,,,none,,online_mode_concern,,,,,,,,,,success,,,,2026-05-02 20:49:53,2026-05-02 20:54:37,http://pd-fscall-record.oss-cn-hongkong.aliyuncs.com/2026-04-30/maqsam-habiba.hassan.300968577.mp3?OSSAccessKeyId=LTAI5t8sBUhKT5YzXBHvmGGq&Expires=1777732025&Signature=LIDvo%2Bbrae10oxX5DddqutxqLLQ%3D,http://pd-fscall-record.oss-cn-hongkong.aliyuncs.com/2026-04-30/maqsam-habiba.hassan.300968577.mp3?OSSAccessKeyId=LTAI5t8sBUhKT5YzXBHvmGGq&Expires=1777732025&Signature=LIDvo%2Bbrae10oxX5DddqutxqLLQ%3D,sales-engine/recordings/2026-04-30/user_63051228__voice_600479884.mp3,https://sales-engine-audio.oss-cn-hongkong.aliyuncs.com/sales-engine/recordings/2026-04-30/user_63051228__voice_600479884.mp3?OSSAccessKeyId=LTAI5t6Jd8PozcNwqEKaFS1q&Expires=1777733682&Signature=WfLozPM30XHYC4PNlG1Vl4xuQEM%3D,"Hello.Avec Christian.S.Insha Allah. Hmm.So.حصص.Yeah, hey, Raiyo. Hmm.What's that.What's an.تقصّر حاجات ما تلازم.Futash.Are you a star.Sorry Sorry.Thank you.ثاني ثانوي.Ah, you.كنت أبي طب وجراحة.شوي حلو يعني بس يعني بالسبكنج يعني خف شوي لكن بالجرامر مرة مرة عارف.صوتك مو واضح.Yes.Yes, Ely.يعني مو بمرة.Yes.Ah yes.Ah, my name is Josse and I am sixteen years old, and my like my English language is not very good. Ah, my speak ah, I can't um.My vocab is ah very bad, the worst actually. My vocab, but my grammar is very good. I can, like um, make a sentence. Without mistakes.Hmm.No, no, I can um, make sentence.Yes.Um.誒，你話嗯，撒撒。As.Hmm.Hmm.Yes.Three.いいわいいわ。हारा था嗯，呢個要。嗯，要啊，系啊。أيوة أيوة أنا مشكلتي أصلا الفوكاب إني يعني صح إني أحفظ أحيانًا لكني ما أمارسها وأتكاسل عنها لكن إيه لكن الجرامر أنا أكون عارفتها يعني حتى لو أنا ماني عارفة هذا الجرامر لأ يعني أقصد ما شفتها بالجرامر أقدر أجيبها من عقلي لأن إني عارفتها وأنا أساسا كنت في المعهد كنت في معهد يمكن لمدة سنة أمم أنا كنت في معهد.مدة يمكن تقريبا سنة أمم.あおせんはのすきだ。النيجاتيف إنه يعني كل يوم كل يوم كل يوم فأنا ما يكون عندي وقت فاضي يعني مدرسة دوام أرجع هنا يدوبني أنام زي كده هذا هو النيجاتيف وكمان إنه إيه كل يوم ما عدا الجمعة الجمعة والسبت فالبوستيف إني البوستيف إني كل شوية كل شوي.لا لا أبدا أبدا أبدا أنا عادي يعني أنا عشت معه مرة.السبب إني حتى لو أنا ما أبغى ما أبغى يعني ما يكون فيني حال إني أروح أو إذا أكرهت غصب عني أروح غصب عني أفهم وأسأل لكن لو كان لو كان أونلاين فبتكاسل إني أسأل أو بقول بعدين بعدين لكن هناك أنا غصب عني بسأل وبستفسر عن أشياء أسألهم لأني أنا ما أفوّت نقطة إلا يوم إني أفهمها كاملة فعادي يعني وغير إنهم يعني مو يعني مو عربيين من ساوث أفريقيا.Ayo, um Cameroon.In Cameroon.Really.كما كاجي.Hey.From social media.耽误了。Hmm.Thirty.Hm. Yeah, yeah.إيه فاهمة فاهمة يعني لو كان فردي بيكون أحسن متركزين علي أكثر فهمت؟Hmm.Um.I will repeat.Hmm. Hmm. Yeah. Yeah.Hmm.Hello.Ah! Eh! Eh!Yeah.أنا ما كنت أعرف أن برسوم أصلاً كنت بس كذا يعني كأني ألعب كنت بجرب.لا لا طبعا.أيوه أنا أعرفهالا لا لأني أنا أصلاً ما أحبك توني.لأني لأني أنا أساسا دحين أنا ببصجني في دورة دورة يمكن بأربع آلاف لمدة شهرين والصدق كلها دورة مكثفة إنجليزي حقت فاشيل والصدق كلها سكرتها يعني ما ماشينا ما شفت منها إلا تقريبا أربعة يعني ما فرتش ما فرتش مرة هذا وهي ثلاثة أيام بالأسبوع أم.لا لا إيه إيه أنا أنا أول كنت حضوري في معهد نخبة القادة إذا تعرفينهترا في في هو في جدة وفي فرع ثاني بالرياض. في له فروع يعني مرة مشهور، وهذا اللي كنت أنا فيه حضوري، أما اللي كنت فيه أونلاين واحد ثاني اسمه الصافير. هذا. أيوة قعدت فيه ااا يمكن مدة ثلاثة شهور مكثف، ثلاثة أيام بالأسبوع، والصدق أنا ما كنت يعني ما كنت شاطرة أبدًا.كده أتكسر مرة.لا كله كله جماعة.neanche.Hmm Hmm.You. You.أيوة أنا أصلاً شفته من الإنصافHmm. Hey, why you.ما أدري أنا حاسة إني بأجل لأني أنا كنت أحسبه ااا شو اسمه حضوري حتى لو كان حضوري ما أدري صدق لا أنا صدق كنت أحسب إنه بس كذا يعني أجرب مستوى لأن شفت إخبار مستوى بالإنستا ودخلت عليه قعدت كذا أحدد أحدد كذا بس يعني جيت أبغى أشوف وبعدين ما طلع ورحت ااا نفس ما هو قال لي اللي بالإنستا قال لي سجل رقم حط كذا وحط كذا وسويت نفس ما هو بس ما كنت أعرف إنه في حد هيدق عليّ وإنها دورة وإنها زي كذا ما كنت أعرف.Um.Um. Special.y vaya.Yeah.I see.Pressure. Pressure.Nice to meet you.إن شاء الله يا رب، ما شاء الله. Hello. Avec Christian. S. Insha Allah. Hmm. So. حصص. Yeah, hey, Raiyo. Hmm. What's that. What's an. تقصّر حاجات ما تلازم. Futash. Are you a star. Sorry Sorry. Thank you. ثاني ثانوي. Ah, you. كنت أبي طب وجراحة. شوي حلو يعني بس يعني بالسبكنج يعني خف شوي لكن بالجرامر مرة مرة عارف. صوتك مو واضح. Yes. Yes, Ely. يعني مو بمرة. Ah yes. Ah, my name is Josse and I am sixteen years old, and my like my English language is not very good. Ah, my speak ah, I can't um. My vocab is ah very bad, the worst actually. My vocab, but my grammar is very good. I can, like um, make a sentence. Without mistakes. Hmm. No, no, I can um, make sentence. Um. 誒，你話嗯，撒撒。 As. Three. いいわいいわ。 हारा था 嗯，呢個要。嗯，要啊，系啊。 أيوة أيوة أنا مشكلتي أصلا الفوكاب إني يعني صح إني أحفظ أحيانًا لكني ما أمارسها وأتكاسل عنها لكن إيه لكن الجرامر أنا أكون عارفتها يعني حتى لو أنا ماني عارفة هذا الجرامر لأ يعني أقصد ما شفتها بالجرامر أقدر أجيبها من عقلي لأن إني عارفتها وأنا أساسا كنت في المعهد كنت في معهد يمكن لمدة سنة أمم أنا كنت في معهد. مدة يمكن تقريبا سنة أمم. あおせんはのすきだ。 النيجاتيف إنه يعني كل يوم كل يوم كل يوم فأنا ما يكون عندي وقت فاضي يعني مدرسة دوام أرجع هنا يدوبني أنام زي كده هذا هو النيجاتيف وكمان إنه إيه كل يوم ما عدا الجمعة الجمعة والسبت فالبوستيف إني البوستيف إني كل شوية كل شوي. لا لا أبدا أبدا أبدا أنا عادي يعني أنا عشت معه مرة. السبب إني حتى لو أنا ما أبغى ما أبغى يعني ما يكون فيني حال إني أروح أو إذا أكرهت غصب عني أروح غصب عني أفهم وأسأل لكن لو كان لو كان أونلاين فبتكاسل إني أسأل أو بقول بعدين بعدين لكن هناك أنا غصب عني بسأل وبستفسر عن أشياء أسألهم لأني أنا ما أفوّت نقطة إلا يوم إني أفهمها كاملة فعادي يعني وغير إنهم يعني مو يعني مو عربيين من ساوث أفريقيا. Ayo, um Cameroon. In Cameroon. Really. كما كاجي. Hey. From social media. 耽误了。 Thirty. Hm. Yeah, yeah. إيه فاهمة فاهمة يعني لو كان فردي بيكون أحسن متركزين علي أكثر فهمت؟ I will repeat. Hmm. Hmm. Yeah. Yeah. Ah! Eh! Eh! Yeah. أنا ما كنت أعرف أن برسوم أصلاً كنت بس كذا يعني كأني ألعب كنت بجرب. لا لا طبعا. أيوه أنا أعرفها لا لا لأني أنا أصلاً ما أحبك توني. لأني لأني أنا أساسا دحين أنا ببصجني في دورة دورة يمكن بأربع آلاف لمدة شهرين والصدق كلها دورة مكثفة إنجليزي حقت فاشيل والصدق كلها سكرتها يعني ما ماشينا ما شفت منها إلا تقريبا أربعة يعني ما فرتش ما فرتش مرة هذا وهي ثلاثة أيام بالأسبوع أم. لا لا إيه إيه أنا أنا أول كنت حضوري في معهد نخبة القادة إذا تعرفينه ترا في في هو في جدة وفي فرع ثاني بالرياض. في له فروع يعني مرة مشهور، وهذا اللي كنت أنا فيه حضوري، أما اللي كنت فيه أونلاين واحد ثاني اسمه الصافير. هذا. أيوة قعدت فيه ااا يمكن مدة ثلاثة شهور مكثف، ثلاثة أيام بالأسبوع، والصدق أنا ما كنت يعني ما كنت شاطرة أبدًا. كده أتكسر مرة. لا كله كله جماعة. neanche. Hmm Hmm. You. You. أيوة أنا أصلاً شفته من الإنصاف Hmm. Hey, why you. ما أدري أنا حاسة إني بأجل لأني أنا كنت أحسبه ااا شو اسمه حضوري حتى لو كان حضوري ما أدري صدق لا أنا صدق كنت أحسب إنه بس كذا يعني أجرب مستوى لأن شفت إخبار مستوى بالإنستا ودخلت عليه قعدت كذا أحدد أحدد كذا بس يعني جيت أبغى أشوف وبعدين ما طلع ورحت ااا نفس ما هو قال لي اللي بالإنستا قال لي سجل رقم حط كذا وحط كذا وسويت نفس ما هو بس ما كنت أعرف إنه في حد هيدق عليّ وإنها دورة وإنها زي كذا ما كنت أعرف. Um. Special. y vaya. I see. Pressure. Pressure. Nice to meet you. إن شاء الله يا رب، ما شاء الله.",bad_asr,ASR_LOW_QUALITY,46057ecc-e519-4a6d-9c3e-592433363f7a,qwen3-asr-flash-filetrans,2026-05-02 20:55:25,no_trial_or_not_aware,dissatisfied_course,normal,no_preclass_confirmation,recover_dissatisfied_user,العميلة لم تكن تعلم أنها تسجل لدورة مدفوعة أو أنها ستتلقى مكالمة متابعة، مما يشير إلى سوء فهم أساسي للعرض. لديها اعتراضات قوية على نظام التعلم عبر الإنترنت وتجارب سابقة سلبية معه، بالإضافة إلى مخاوف بشأن الجدول الزمني المكثف. تحتاج إلى توضيح كامل للعرض ومعالجة اعتراضاتها لمحاولة استعادتها.
6b2856600b4a46742c526163429e66b4,voice_600466234,600466234,62655058,EGCC-eman.amr,2289(Maqsam),2026-04-30 21:31:26,双方接通,no_answer_or_voicemail,1.0,المكالمة عبارة عن رسالة بريد صوتي آلية تتكرر فيها خيارات تسجيل الرسائل والاستماع إليها وإلغائها وإرسالها. لا يوجد تفاعل بشري أو محتوى يتعلق بالمبيعات.,unknown,,,,,,,,,,,,,,none,,none,,,,,,,,,,success,,,,2026-05-02 20:49:53,2026-05-02 20:55:25,http://pd-fscall-record.oss-cn-hongkong.aliyuncs.com/2026-04-30/maqsam-Eman.Amr.300930924.mp3?OSSAccessKeyId=LTAI5t8sBUhKT5YzXBHvmGGq&Expires=1777732026&Signature=HeA%2BK1DO%2FNexuASNSkpggboCSFI%3D,http://pd-fscall-record.oss-cn-hongkong.aliyuncs.com/2026-04-30/maqsam-Eman.Amr.300930924.mp3?OSSAccessKeyId=LTAI5t8sBUhKT5YzXBHvmGGq&Expires=1777732026&Signature=HeA%2BK1DO%2FNexuASNSkpggboCSFI%3D,sales-engine/recordings/2026-04-30/user_62655058__voice_600466234.mp3,https://sales-engine-audio.oss-cn-hongkong.aliyuncs.com/sales-engine/recordings/2026-04-30/user_62655058__voice_600466234.mp3?OSSAccessKeyId=LTAI5t6Jd8PozcNwqEKaFS1q&Expires=1777733731&Signature=MtU5HXEpvYCH036kpYLGqi3Z3I8%3D,بتسجيل رسالتك بعد الصافرة عندما تنتهي. يرجى إنهاء المكالمة أو الضغط على أي زر لاستعراض خيارات إضافية.للاستماع إلى رسالتك، اختر الرقم واحد ل إعادة تسجيل رسالتك، اختر الرقم اثنان لإلغاء رسالتك، اختر الرقم ثلاثة لإرسال رسالتك، اختر الرقم أربعة.يرجى تحديد خيارك أو سيتم إنهاء المكالمة. للاستماع إلى رسالتك، اختر الرقم واحد. ل إعادة تسجيل رسالتك، اختر الرقم اثنان. لإلغاء رسالتك، اختر الرقم ثلاثة. ابدأ التسجيل بعد الصافرة، وعند الانتهاء، يرجى إنهاء المكالمة، أو اختر الرقم اثنان للحصول على خيارات إضافية.للاستماع إلى رسالتك، اختر الرقم واحد.لإعادة تشغيل رسالتك، اختر الرقم واحد لخيار.لإعادة تشغيل رسالتك، اختر الرقم واحد. لخيارات إضافية، اختر الرقم اثنان.يرجى تحديد خيارك أو سيتم إنهاء المكالمة. لعادة.لإعادة تشغيل رسالتك، اختر الرقم 1.لإعادة تشغيل رسالتك، اختر الرقم واحد.لإعادة تشغيل رسالتك، اختر الرقم واحد.لإعادة تشغيل رسالتك، اختر الرقم واحد. لخيارات إضافية، اختر الرقم اثنان.يرجى تحديد خيارك أو سيتم إنهاء المكالمة.لإعادة تشغيل رسالتك، اختر الرقم واحد. لخيارات إضافية، اختر الرقم اثنان.لإعادة تشغيل رسالتك، اختر الرقم واحد. لخيارات إضافية، اختر الرقم اثنان.لإعادة تشغيل رسالتك، اختر الرقم واحد.لإعادة تشغيل رسالتك، اختر الرقم واحد. لخيارات إضافية، اختر الرقم.لإعادة تشغيل رسالتك، اختر الرقم واحد. لخيارات إضافية، اختر الرقم اثنان.يرجى تحديد خيارك أو سيتم إنهاء المكالمة. ل إعادة تشغيل رسالتك، اختر الرقم واحد. لخيارات إضافية.لإعادة تشغيل رسالتك، اختر الرقم واحد. لخيارات إضافية، اختر الرقم اثنان.يرجى تحديد خيارك أو سيتم إنهاء المكالمة. لإعادة تشغيل رسالتك، اختر الرقم واحد. لخيارات إضافية، اختر الرقم.لإعادة تشغيل رسالتك، اختر الرقم واحد. لخيارات إضافية، اختر الرقم اثنان.لإعادة تشغيل رسالتك، اختر الرقم واحد. لخيارات إضافية، اختر الرقم اثنان.لإعادة تشغيل رسالتك، اختر الرقم واحد. لخيارات إضافية، اختر الرقم اثنان.لإعادة تشغيل رسالتك، اختر الرقم واحد. لخيارات إضافية، اختر الرقم اثنان.يرجى تحديد خيارك أو سيتم إنهاء المكالمة. لإعادة تشغيل رسالتك، اف.لإعادة تشغيل رسالتك، اختر الرقم واحد. لخيارات إضافية، اختر الرقم اثنان.يرجى تحديد خيارك أو سيتم إنهاء المكالمة. لإعادة تشغيل رسالة.لإعادة تشغيل رسالتك، اختر الرقم واحد. لخيارات إضافية، اختر الرقم اثنان.يرجى تحديد خيارك أو سيت.لإعادة تشغيل رسالتك، اختر الرقم واحد. لخيارات إضافية، اختر الرقم اثنان.يرجى تحديد خيارك أو سيتم إنهاء المكالمة. لاعادة تشغيللإعادة تشغيل رسالتك، اختر الرقم واحد لخيارات إضافية.لإعادة تشغيل رسالتك، اختر الرقم واحد. لخيارات إضافية، اختر الرقم اثنان.لإعادة تشغيل رسالتك، اختر الرقم 1.لإعادة تشغيل رسالتك، اختر الرقم واحد.لإعادة تشغيل رسالتك، اختر الرقم واحد. لخيارات إضافية، اختر الرقم اثنان.يرجى تحديد خيارك أو سيتم إنهاء المكالمة. لاعادة تشغيل رسالتك، اختر الرقم واحد. لخيارات إضافية، اختر الرقم اثنان. للاستماع إلى رسالتك، اختر الرقم واحد. لاعادة تسجيل رسالتك، اختر الرقم اثنان. لإلغاء رسالتك، اختر الرقم ثلاثة. لإرسال رسالتك، اختر الرقم أربعة.تم إلغاء رسالتك بنجاح. شكراً لاتصالك. بتسجيل رسالتك بعد الصافرة عندما تنتهي. يرجى إنهاء المكالمة أو الضغط على أي زر لاستعراض خيارات إضافية. للاستماع إلى رسالتك، اختر الرقم واحد ل إعادة تسجيل رسالتك، اختر الرقم اثنان لإلغاء رسالتك، اختر الرقم ثلاثة لإرسال رسالتك، اختر الرقم أربعة. يرجى تحديد خيارك أو سيتم إنهاء المكالمة. للاستماع إلى رسالتك، اختر الرقم واحد. ل إعادة تسجيل رسالتك، اختر الرقم اثنان. لإلغاء رسالتك، اختر الرقم ثلاثة. ابدأ التسجيل بعد الصافرة، وعند الانتهاء، يرجى إنهاء المكالمة، أو اختر الرقم اثنان للحصول على خيارات إضافية. للاستماع إلى رسالتك، اختر الرقم واحد. لإعادة تشغيل رسالتك، اختر الرقم واحد لخيار. لإعادة تشغيل رسالتك، اختر الرقم واحد. لخيارات إضافية، اختر الرقم اثنان. يرجى تحديد خيارك أو سيتم إنهاء المكالمة. لعادة. لإعادة تشغيل رسالتك، اختر الرقم 1. لإعادة تشغيل رسالتك، اختر الرقم واحد. يرجى تحديد خيارك أو سيتم إنهاء المكالمة. لإعادة تشغيل رسالتك، اختر الرقم واحد. لخيارات إضافية، اختر الرقم. يرجى تحديد خيارك أو سيتم إنهاء المكالمة. ل إعادة تشغيل رسالتك، اختر الرقم واحد. لخيارات إضافية. يرجى تحديد خيارك أو سيتم إنهاء المكالمة. لإعادة تشغيل رسالتك، اختر الرقم واحد. لخيارات إضافية، اختر الرقم. يرجى تحديد خيارك أو سيتم إنهاء المكالمة. لإعادة تشغيل رسالتك، اف. يرجى تحديد خيارك أو سيتم إنهاء المكالمة. لإعادة تشغيل رسالة. يرجى تحديد خيارك أو سيت. يرجى تحديد خيارك أو سيتم إنهاء المكالمة. لاعادة تشغيل لإعادة تشغيل رسالتك، اختر الرقم واحد لخيارات إضافية. يرجى تحديد خيارك أو سيتم إنهاء المكالمة. لاعادة تشغيل رسالتك، اختر الرقم واحد. لخيارات إضافية، اختر الرقم اثنان. للاستماع إلى رسالتك، اختر الرقم واحد. لاعادة تسجيل رسالتك، اختر الرقم اثنان. لإلغاء رسالتك، اختر الرقم ثلاثة. لإرسال رسالتك، اختر الرقم أربعة. تم إلغاء رسالتك بنجاح. شكراً لاتصالك.,bad_asr,ASR_LOW_QUALITY,78a733ef-5b78-49c3-baac-c2790ab2e98b,qwen3-asr-flash-filetrans,2026-05-02 20:57:12,invalid_or_noise,unknown,no_real_conversation,no_issue,no_task,المكالمة عبارة عن بريد صوتي آلي بالكامل، لا يوجد بها تفاعل بشري أو محتوى يتعلق بالمبيعات أو العميل المحتمل.
6c459ed9ba7673b7b908f14b6f15ec13,voice_600465251,600465251,63045932,EGCC-eman.amr,2289(Maqsam),2026-04-30 21:26:35,双方接通,unknown,0.1,مكالمة بدأت بترحيب بسيط.,unknown,,,,,,,,,,,,,,unknown,,unknown,,,,,,,,,,success,,,,2026-05-02 20:49:53,2026-05-02 20:57:24,http://pd-fscall-record.oss-cn-hongkong.aliyuncs.com/2026-04-30/maqsam-Eman.Amr.300928926.mp3?OSSAccessKeyId=LTAI5t8sBUhKT5YzXBHvmGGq&Expires=1777732026&Signature=kJpkit8xvS%2FuOWs1yTHEyVDe1eo%3D,http://pd-fscall-record.oss-cn-hongkong.aliyuncs.com/2026-04-30/maqsam-Eman.Amr.300928926.mp3?OSSAccessKeyId=LTAI5t8sBUhKT5YzXBHvmGGq&Expires=1777732026&Signature=kJpkit8xvS%2FuOWs1yTHEyVDe1eo%3D,sales-engine/recordings/2026-04-30/user_63045932__voice_600465251.mp3,https://sales-engine-audio.oss-cn-hongkong.aliyuncs.com/sales-engine/recordings/2026-04-30/user_63045932__voice_600465251.mp3?OSSAccessKeyId=LTAI5t6Jd8PozcNwqEKaFS1q&Expires=1777733847&Signature=LNx9q5a643C48teybVzz/O/BSso%3D,Allo,bad_asr,ASR_LOW_QUALITY,12744290-3feb-41d1-8fd3-02b299c41929,qwen3-asr-flash-filetrans,2026-05-02 20:57:34,unknown,unknown,normal,no_issue,no_task,المكالمة قصيرة جداً وتتكون من كلمة ترحيب واحدة فقط، لا توجد معلومات كافية لتحديد أي تفاصيل أخرى.
8d7feb2518b1bc05662b506e069d640a,voice_600463111,600463111,63018231,EGCC-eman.amr,2289(Maqsam),2026-04-30 21:12:38,双方接通,unknown,0.0,المكالمة لا تحتوي على محادثة مفهومة أو ذات صلة بمبيعات، تبدو ضوضاء أو كلمات متفرقة بلغات مختلفة.,unknown,,,,,,,,,,,,,,unknown,,unknown,,,,,,,,,,success,,,,2026-05-02 20:49:53,2026-05-02 20:58:37,http://pd-fscall-record.oss-cn-hongkong.aliyuncs.com/2026-04-30/maqsam-Eman.Amr.300922906.mp3?OSSAccessKeyId=LTAI5t8sBUhKT5YzXBHvmGGq&Expires=1777732028&Signature=O%2B9zw4CCZgcJTLVTeSfL%2FBLOLOM%3D,http://pd-fscall-record.oss-cn-hongkong.aliyuncs.com/2026-04-30/maqsam-Eman.Amr.300922906.mp3?OSSAccessKeyId=LTAI5t8sBUhKT5YzXBHvmGGq&Expires=1777732028&Signature=O%2B9zw4CCZgcJTLVTeSfL%2FBLOLOM%3D,sales-engine/recordings/2026-04-30/user_63018231__voice_600463111.mp3,https://sales-engine-audio.oss-cn-hongkong.aliyuncs.com/sales-engine/recordings/2026-04-30/user_63018231__voice_600463111.mp3?OSSAccessKeyId=LTAI5t6Jd8PozcNwqEKaFS1q&Expires=1777733919&Signature=PSd7zv3hbgGy/6YRg1792JxdeNU%3D,Salut.Et toiना ना रख बातVoilà.Yes. Salut. Et toi ना ना रख बात Voilà. Yes.,bad_asr,ASR_LOW_QUALITY,2f1e416e-a5bb-4146-be2e-0b2452b22407,qwen3-asr-flash-filetrans,2026-05-02 20:59:02,invalid_or_noise,unknown,no_real_conversation,unknown,no_task,لا توجد محادثة حقيقية؛ الصوت يتضمن كلمات متفرقة غير عربية وضوضاء، مما يجعله غير قابل للتحليل.
ab486955679c93ab859435c583c028ab,voice_600461990,600461990,63019429,EGCC-eman.amr,2289(Maqsam),2026-04-30 21:10:24,双方接通,no_answer_or_voicemail,1.0,المكالمة عبارة عن بريد صوتي متكرر، ولم يتم ترك أي رسالة أو إجراء أي محادثة.,unknown,,,,,,,,,,,,,,unknown,,none,,,,,,,,,,success,,,,2026-05-02 20:49:53,2026-05-02 20:59:31,http://pd-fscall-record.oss-cn-hongkong.aliyuncs.com/2026-04-30/maqsam-Eman.Amr.300921987.mp3?OSSAccessKeyId=LTAI5t8sBUhKT5YzXBHvmGGq&Expires=1777732029&Signature=WjcZr5LQfE4%2ByI5gS3bX0dx%2FPjc%3D,http://pd-fscall-record.oss-cn-hongkong.aliyuncs.com/2026-04-30/maqsam-Eman.Amr.300921987.mp3?OSSAccessKeyId=LTAI5t8sBUhKT5YzXBHvmGGq&Expires=1777732029&Signature=WjcZr5LQfE4%2ByI5gS3bX0dx%2FPjc%3D,sales-engine/recordings/2026-04-30/user_63019429__voice_600461990.mp3,https://sales-engine-audio.oss-cn-hongkong.aliyuncs.com/sales-engine/recordings/2026-04-30/user_63019429__voice_600461990.mp3?OSSAccessKeyId=LTAI5t6Jd8PozcNwqEKaFS1q&Expires=1777733974&Signature=r9cq4ytvub5NDBKzdK07AG1I28w%3D,أهلا بك في خدمة البريد الصوتي. من فضلك اترك رسالتك الشخصية بعد سماع الصوت. اضغط مربع لإيقاف التسجيل.تم إرسال الرسالة. أهلا بك في خدمة البريد الصوتي. من فضلك اترك رسالتك الشخصية بعد سماع الصوت. اضغط مربع لإيقاف التسجيل. تم إرسال الرسالة.,bad_asr,ASR_LOW_QUALITY,20a1de7e-5a0d-4d30-82a4-615ba9d0d9ab,qwen3-asr-flash-filetrans,2026-05-02 20:59:50,unknown,unknown,no_real_conversation,unknown,no_task,المكالمة هي عبارة عن رسالة بريد صوتي آلية متكررة، ولم يتم ترك أي رسالة حقيقية أو إجراء أي محادثة، مما يعني عدم وجود تفاعل بشري.
a89033ebebae3cb9fd279fbd3addfa3a,voice_600459086,600459086,62877988,51habiba.hassan,2244(Maqsam),2026-04-30 20:56:02,双方接通,post_class_followup,0.8,تتصل المتحدثة بخصوص مشكلة واجهت ابنها عند محاولة الدخول إلى حسابه، حيث ظهرت له مديونية ولم يتمكن من تحميل التطبيق. تسأل عن تكلفة الدورة (3000 ريال لـ 25 ساعة) وعن مبلغ 150 ريال لحجز المقعد، وتوضح أن مستوى ابنها في الإنجليزية متوسط وعمره 17 عاماً، وتعبر عن رغبتها في تسجيله. تطلب إرسال التفاصيل على الواتساب.,high,,,,,,,,,,,,,,high,,payment_method,,,,,,,,,,success,,,,2026-05-02 20:49:53,2026-05-02 21:00:34,http://pd-fscall-record.oss-cn-hongkong.aliyuncs.com/2026-04-30/maqsam-habiba.hassan.300916239.mp3?OSSAccessKeyId=LTAI5t8sBUhKT5YzXBHvmGGq&Expires=1777732031&Signature=4T%2Fs0HnraSoBmUQ%2B2DX9UdlOKlQ%3D,http://pd-fscall-record.oss-cn-hongkong.aliyuncs.com/2026-04-30/maqsam-habiba.hassan.300916239.mp3?OSSAccessKeyId=LTAI5t8sBUhKT5YzXBHvmGGq&Expires=1777732031&Signature=4T%2Fs0HnraSoBmUQ%2B2DX9UdlOKlQ%3D,sales-engine/recordings/2026-04-30/user_62877988__voice_600459086.mp3,https://sales-engine-audio.oss-cn-hongkong.aliyuncs.com/sales-engine/recordings/2026-04-30/user_62877988__voice_600459086.mp3?OSSAccessKeyId=LTAI5t6Jd8PozcNwqEKaFS1q&Expires=1777734038&Signature=YD7R4NUTkcjb871PaC9ivmBXNq0%3D,"ألو؟ إيه هلا والله. إيه يا هلا حبيبتي، عليكم السلام.وأنت بخير يا رب嗯。لأنه والله عنده كان لما جاء يدخل طلع له مديونية على الحساب فإن شاء الله اليوم نسددها ويدخل الحساب.هو لأ هو ما قدر يحمل التطبيق عرفتي؟هو عمرهأنتِ تبغين عمره؟هو عمره سبعتاشر فثالث ثانوي آخر مرحلة، مستواه في الإنجليزي يعني متوسط. أيوة أيوة يعرف يعرف، هو شاطر في الكمبيوتر وال. والله يقول إن شاء الله بإذن الله أم سبراني.Hm.Hmm.إن شاء الله حتى أنا والله ودي إنه يدرس إنجليزي.إيه واللهYeah.والله أول دورة يدخلها أمم.والله مو مو عارفة لان زوجته اللي ارسله. أم.لا والله ما أعرف.Uh.Hola.Yes.Um.Hey, you are.Hmm.Yeah.What.Radio.Shut.लावलाكم يعني تكاليفها؟嗯。Oh yes.Um. Um.Yeah.Yeah.What the.Oh.Ah.Ah.And yeah.Uh huh.Yeah.Hello.Ah sure, are you ready?Yes.اللي بثلاثة آلاف.هذه كم ساعة خمسة وعشرين؟أحب أم.Sorry.Hello. Hello.هذه كم حصة؟ أم، أم.ay, vaya, qué cosa.Yes.As.Thank you.Hello, brother.Hello. Hello.कभी कभी आपअच्छा ऐ हाँBut.إن شاء الله بس اليوم بس يجي يحمل التطبيق وكذا وبعدين.Um.Yeah.Hmm.Hmm.Oh.Anyway.Yeah.يعني الحين الحين يعني المفروض إنه أسدد مية وخمسين عشان يحجز مقعد؟Uh huh.ฮัลโหล ตอนนี้طيب طيب ممكن ترسلينها لي على الواتساب ال.哎有啊有啊。Yeah. ألو؟ إيه هلا والله. إيه يا هلا حبيبتي، عليكم السلام. وأنت بخير يا رب 嗯。 لأنه والله عنده كان لما جاء يدخل طلع له مديونية على الحساب فإن شاء الله اليوم نسددها ويدخل الحساب. هو لأ هو ما قدر يحمل التطبيق عرفتي؟ هو عمره أنتِ تبغين عمره؟ هو عمره سبعتاشر فثالث ثانوي آخر مرحلة، مستواه في الإنجليزي يعني متوسط. أيوة أيوة يعرف يعرف، هو شاطر في الكمبيوتر وال. والله يقول إن شاء الله بإذن الله أم سبراني. Hm. Hmm. إن شاء الله حتى أنا والله ودي إنه يدرس إنجليزي. إيه والله Yeah. والله أول دورة يدخلها أمم. والله مو مو عارفة لان زوجته اللي ارسله. أم. لا والله ما أعرف. Uh. Hola. Yes. Um. Hey, you are. What. Radio. Shut. लावला كم يعني تكاليفها؟ Oh yes. Um. Um. What the. Oh. Ah. And yeah. Uh huh. Hello. Ah sure, are you ready? اللي بثلاثة آلاف. هذه كم ساعة خمسة وعشرين؟ أحب أم. Sorry. Hello. Hello. هذه كم حصة؟ أم، أم. ay, vaya, qué cosa. As. Thank you. Hello, brother. कभी कभी आप अच्छा ऐ हाँ But. إن شاء الله بس اليوم بس يجي يحمل التطبيق وكذا وبعدين. Anyway. يعني الحين الحين يعني المفروض إنه أسدد مية وخمسين عشان يحجز مقعد؟ ฮัลโหล ตอนนี้ طيب طيب ممكن ترسلينها لي على الواتساب ال. 哎有啊有啊。",bad_asr,ASR_LOW_QUALITY,8a2c09ac-9bbf-48d6-8b49-f80823001750,qwen3-asr-flash-filetrans,2026-05-02 21:00:58,good_need,unknown,normal,unknown,close_payment,المكالمة تتعلق بمتابعة عميل محتمل يواجه مشاكل مالية (مديونية سابقة على الحساب) وتقنية (عدم القدرة على تحميل التطبيق) تمنعه من التسجيل وإتمام الدخول. المتصلة تُظهر رغبة قوية في تسجيل ابنها، وتسأل عن تفاصيل الدورة وتكلفة حجز المقعد، وتطلب إرسال المعلومات عبر واتساب لإتمام العملية. الهدف هو إزالة العقبات لإتمام الدفع والحجز.
e6b1cad1d1785ecfe3ed509e8c29deb5,voice_600453000,600453000,63014562,EGCC-eman.amr,2289(Maqsam),2026-04-30 20:32:19,双方接通,unknown,0.1,تسجيل غير مفهوم، يحتوي على كلمات متقطعة وغير مترابطة لا تشكل محادثة واضحة.,unknown,,,,,,,,,,,,,,unknown,,none,,,,,,,,,,success,,,,2026-05-02 20:49:53,2026-05-02 21:01:10,http://pd-fscall-record.oss-cn-hongkong.aliyuncs.com/2026-04-30/maqsam-Eman.Amr.300906148.mp3?OSSAccessKeyId=LTAI5t8sBUhKT5YzXBHvmGGq&Expires=1777732033&Signature=b%2F1V4BfEEl7KqaOMjsTaqkDC%2B8o%3D,http://pd-fscall-record.oss-cn-hongkong.aliyuncs.com/2026-04-30/maqsam-Eman.Amr.300906148.mp3?OSSAccessKeyId=LTAI5t8sBUhKT5YzXBHvmGGq&Expires=1777732033&Signature=b%2F1V4BfEEl7KqaOMjsTaqkDC%2B8o%3D,sales-engine/recordings/2026-04-30/user_63014562__voice_600453000.mp3,https://sales-engine-audio.oss-cn-hongkong.aliyuncs.com/sales-engine/recordings/2026-04-30/user_63014562__voice_600453000.mp3?OSSAccessKeyId=LTAI5t6Jd8PozcNwqEKaFS1q&Expires=1777734074&Signature=Er/Y9PRfuzdGOeH73IxqF3r8N7o%3D,어.Did you.Uh huh.Cheap.Yes.It.저는.Uh huh.Hm. 어. Did you. Uh huh. Cheap. Yes. It. 저는. Hm.,bad_asr,ASR_LOW_QUALITY,502c733a-2d9d-4913-bd0e-3bdb4ea9970f,qwen3-asr-flash-filetrans,2026-05-02 21:01:28,invalid_or_noise,unknown,no_real_conversation,unknown,no_task,المقطع الصوتي غير واضح ويحتوي على كلمات متقطعة باللغة الإنجليزية والكورية دون سياق أو معنى، مما يجعل تحليل المحتوى مستحيلاً.
3959098667353d5dc1252fada636d965,voice_600446833,600446833,63059492,51habiba.hassan,2244(Maqsam),2026-04-30 20:08:44,双方接通,post_class_followup,0.7,المتصل يستفسر عن حضور حصة سابقة، لكن الطرف الآخر يوضح أنها تجربته الأولى. تم ذكر إمكانية حجز حصة ثانية ومناقشة الموقع (الأحساء).,unknown,,,,,,,,,,,,,,unknown,,none,,,,,,,,,,success,,,,2026-05-02 20:49:53,2026-05-02 21:02:15,http://pd-fscall-record.oss-cn-hongkong.aliyuncs.com/2026-04-30/maqsam-habiba.hassan.300894596.mp3?OSSAccessKeyId=LTAI5t8sBUhKT5YzXBHvmGGq&Expires=1777732036&Signature=UFIqDzSm0CF9NHmdWCPGKZl0MgE%3D,http://pd-fscall-record.oss-cn-hongkong.aliyuncs.com/2026-04-30/maqsam-habiba.hassan.300894596.mp3?OSSAccessKeyId=LTAI5t8sBUhKT5YzXBHvmGGq&Expires=1777732036&Signature=UFIqDzSm0CF9NHmdWCPGKZl0MgE%3D,sales-engine/recordings/2026-04-30/user_63059492__voice_600446833.mp3,https://sales-engine-audio.oss-cn-hongkong.aliyuncs.com/sales-engine/recordings/2026-04-30/user_63059492__voice_600446833.mp3?OSSAccessKeyId=LTAI5t6Jd8PozcNwqEKaFS1q&Expires=1777734139&Signature=g2MS/tIly96qkZRTGz/73NXB4vM%3D,"हैल्लो एकदम स्वर्णJa.آه إن شاء الله أهلاً فيك.Ei va.ما أدري والله هم سنايم الآن ما أدري والله إن حضرن ولا لأأمم طيب إن شاء الله مثل حصة ثانية.Thank you.इंशाल्लाहKosket, sanotaan niin kosket.哎呦。¿Qué va a pasar?إلى هيا فرحانة.系喎。عشر.Niinä on arabi.لا لا أنا أول مرة.Ja.Ah ja.Hm.อัลฮัมดุลลิ้ه อะ เออأنا بعيد مش بالرياض بالحسا بالحسا.الإحساسالاحساء الاحساء منطقة.ähYeah.Hm.你想嗎？誒，你想嗎？Ella.Eh ja.इंशाल्लाहmhmHm.为什么？Ja, ähm.إن شاء الله.Ich äh na.嗯，下雨了。Yeah. I know.Um.嗯，真噶。你有冇啊。أمي ماشية ما أعرف إزاي دول مع البنات.Pensarlo, ¿igual?हाँولوشدة حلو حنا ما نستعملها، حنا ما نستهبك لنا، قبل أن نعيم المذهب نتعلم ماشون مع اختبارات العيش.हाँestáإن شاء الله. إن شاء الله أكيد، أكيد، أكيد.Ja, ja.哎，是的。इंशाल्लाह ऐ इंशाल्लाहJa, gell.Um.¿y a ti, mancha?pues, no.Þetta landas þú bara ekki að það var.¿qué se habla?我想想。¿en la escuela?إن شاء الله، طول العمر، لا والله شكرًا شكرًا، إن شاء الله. हैल्लो एकदम स्वर्ण Ja. آه إن شاء الله أهلاً فيك. Ei va. ما أدري والله هم سنايم الآن ما أدري والله إن حضرن ولا لأ أمم طيب إن شاء الله مثل حصة ثانية. Thank you. इंशाल्लाह Kosket, sanotaan niin kosket. 哎呦。 ¿Qué va a pasar? إلى هيا فرحانة. 系喎。 عشر. Niinä on arabi. لا لا أنا أول مرة. Ah ja. Hm. อัลฮัมดุลลิ้ه อะ เออ أنا بعيد مش بالرياض بالحسا بالحسا. الإحساس الاحساء الاحساء منطقة. äh Yeah. 你想嗎？誒，你想嗎？ Ella. Eh ja. mhm 为什么？ Ja, ähm. إن شاء الله. Ich äh na. 嗯，下雨了。 Yeah. I know. Um. 嗯，真噶。你有冇啊。 أمي ماشية ما أعرف إزاي دول مع البنات. Pensarlo, ¿igual? हाँ ولوشدة حلو حنا ما نستعملها، حنا ما نستهبك لنا، قبل أن نعيم المذهب نتعلم ماشون مع اختبارات العيش. está إن شاء الله. إن شاء الله أكيد، أكيد، أكيد. Ja, ja. 哎，是的。 इंशाल्लाह ऐ इंशाल्लाह Ja, gell. ¿y a ti, mancha? pues, no. Þetta landas þú bara ekki að það var. ¿qué se habla? 我想想。 ¿en la escuela? إن شاء الله، طول العمر، لا والله شكرًا شكرًا، إن شاء الله.",bad_asr,ASR_LOW_QUALITY,58d835be-d4d8-4097-8433-16ac35454209,qwen3-asr-flash-filetrans,2026-05-02 21:02:41,no_trial_or_not_aware,unknown,normal,no_preclass_confirmation,rebook_trial,المتصل يتابع بشأن حضور حصة سابقة، والطرف الآخر يشير إلى عدم معرفته أو أنها المرة الأولى له، مما يؤدي إلى عرض حجز حصة ثانية ومناقشة الموقع. الرد بـ 'أنا أول مرة' يوحي بعدم تلقي تأكيد مسبق لحصة سابقة، أو أن المتابعة موجهة لشخص خاطئ.
1b51793148acc42d411caa881879e509,voice_600427436,600427436,62858913,EGCC-eman.amr,2289(Maqsam),2026-04-30 18:56:54,双方接通,unknown,0.1,المكالمة قصيرة وتحتوي على كلام غير مفهوم بلغات مختلفة، بالإضافة إلى جملة عربية تتحدث عن 'توافر الماء البارد' وهي لا علاقة لها بموضوع الكورسات الإنجليزية.,unknown,,,,,,,,,,,,,,unknown,,unknown,,,,,,,,,,success,,,,2026-05-02 20:49:53,2026-05-02 21:03:06,http://pd-fscall-record.oss-cn-hongkong.aliyuncs.com/2026-04-30/maqsam-Eman.Amr.300859577.mp3?OSSAccessKeyId=LTAI5t8sBUhKT5YzXBHvmGGq&Expires=1777732039&Signature=35LGTMcxxYw5r7FfKkXgOyOuivw%3D,http://pd-fscall-record.oss-cn-hongkong.aliyuncs.com/2026-04-30/maqsam-Eman.Amr.300859577.mp3?OSSAccessKeyId=LTAI5t8sBUhKT5YzXBHvmGGq&Expires=1777732039&Signature=35LGTMcxxYw5r7FfKkXgOyOuivw%3D,sales-engine/recordings/2026-04-30/user_62858913__voice_600427436.mp3,https://sales-engine-audio.oss-cn-hongkong.aliyuncs.com/sales-engine/recordings/2026-04-30/user_62858913__voice_600427436.mp3?OSSAccessKeyId=LTAI5t6Jd8PozcNwqEKaFS1q&Expires=1777734189&Signature=zNkUF5Eq0lFeVBpwL7IP1yiw1ko%3D,I just.अच्छाEs.¿y yo?توافر الماء البارد. I just. अच्छा Es. ¿y yo? توافر الماء البارد.,bad_asr,ASR_LOW_QUALITY,b40dbef1-56d8-445b-9cf9-1523c3af5c9a,qwen3-asr-flash-filetrans,2026-05-02 21:03:20,invalid_or_noise,unknown,no_real_conversation,unknown,no_task,المكالمة قصيرة جداً وتحتوي على تداخلات صوتية وكلام غير واضح بلغات متعددة، مع جملة عربية وحيدة لا تتعلق بموضوع الدورة الإنجليزية. لا يوجد أي تفاعل حقيقي يخص المنتج أو الخدمة.
6f5e0cdcfee7161b9c553a29fc93f8ab,voice_600427359,600427359,62865408,EGCC-eman.amr,2289(Maqsam),2026-04-30 18:54:56,双方接通,unknown,0.0,اللغة المستخدمة في المكالمة ليست العربية السعودية، ولا يمكن تحليل المحتوى.,unknown,,,,,,,,,,,,,,unknown,,unknown,,,,,,,,,,success,,,,2026-05-02 20:49:53,2026-05-02 21:03:20,http://pd-fscall-record.oss-cn-hongkong.aliyuncs.com/2026-04-30/maqsam-Eman.Amr.300858675.mp3?OSSAccessKeyId=LTAI5t8sBUhKT5YzXBHvmGGq&Expires=1777732040&Signature=k6vu%2BiDEli5NzPvIozhzAm%2B%2FUyY%3D,http://pd-fscall-record.oss-cn-hongkong.aliyuncs.com/2026-04-30/maqsam-Eman.Amr.300858675.mp3?OSSAccessKeyId=LTAI5t8sBUhKT5YzXBHvmGGq&Expires=1777732040&Signature=k6vu%2BiDEli5NzPvIozhzAm%2B%2FUyY%3D,sales-engine/recordings/2026-04-30/user_62865408__voice_600427359.mp3,https://sales-engine-audio.oss-cn-hongkong.aliyuncs.com/sales-engine/recordings/2026-04-30/user_62865408__voice_600427359.mp3?OSSAccessKeyId=LTAI5t6Jd8PozcNwqEKaFS1q&Expires=1777734203&Signature=xNAswxcvaXmvb0NGcyUnAW5mVmw%3D,¿Aló? Habla con Sandra Moreno.y es cuando viene mi madre.Ich schaue es eh.哦，那那我得看。 ¿Aló? Habla con Sandra Moreno. y es cuando viene mi madre. Ich schaue es eh. 哦，那那我得看。,bad_asr,ASR_LOW_QUALITY,d40a0738-809a-43b5-ab24-05e827a9a2a4,qwen3-asr-flash-filetrans,2026-05-02 21:03:32,unknown,unknown,no_real_conversation,unknown,no_task,اللغة المستخدمة في المكالمة ليست العربية السعودية (المحتوى خليط من الإسبانية والألمانية والصينية). المحتوى لا يمثل مكالمة مبيعات طبيعية.
150cae8e9a71c2b7765a9b5e1bda4bb7,voice_600422215,600422215,63062920,EGCC-eman.amr,2289(Maqsam),2026-04-30 18:38:18,双方接通,post_class_failed,0.4,المستخدم ينفي تغيبه عن الموعد يوم الأحد.,high,,,,,,,,,,,,,,unknown,,none,,,,,,,,,,success,,,,2026-05-02 20:49:53,2026-05-02 21:03:33,http://pd-fscall-record.oss-cn-hongkong.aliyuncs.com/2026-04-30/maqsam-Eman.Amr.300851648.mp3?OSSAccessKeyId=LTAI5t8sBUhKT5YzXBHvmGGq&Expires=1777732041&Signature=8PUDeC%2BEUoPUV5ppgsH4W%2FuBeg4%3D,http://pd-fscall-record.oss-cn-hongkong.aliyuncs.com/2026-04-30/maqsam-Eman.Amr.300851648.mp3?OSSAccessKeyId=LTAI5t8sBUhKT5YzXBHvmGGq&Expires=1777732041&Signature=8PUDeC%2BEUoPUV5ppgsH4W%2FuBeg4%3D,sales-engine/recordings/2026-04-30/user_63062920__voice_600422215.mp3,https://sales-engine-audio.oss-cn-hongkong.aliyuncs.com/sales-engine/recordings/2026-04-30/user_63062920__voice_600422215.mp3?OSSAccessKeyId=LTAI5t6Jd8PozcNwqEKaFS1q&Expires=1777734216&Signature=qnwzJPs7A3tLzsVxnweg/62f%2BVY%3D,"Aló, ¿señora?Oui, ouais.نعم أنا لا كسرت الموعد يوم الأحد أنا.哎呦。Ah, the C I that time. Aló, ¿señora? Oui, ouais. نعم أنا لا كسرت الموعد يوم الأحد أنا. 哎呦。 Ah, the C I that time.",bad_asr,ASR_LOW_QUALITY,97f6f131-49d6-4b88-bb6f-e25274fd2db4,qwen3-asr-flash-filetrans,2026-05-02 21:03:46,unknown,unknown,no_real_conversation,unknown,rebook_trial,الجملة العربية الوحيدة الواضحة 'نعم أنا لا كسرت الموعد يوم الأحد أنا' تشير إلى أن المستخدم ينفي تغيبه عن موعد سابق يوم الأحد. يشير هذا إلى وجود سوء فهم بخصوص الحضور أو تسجيل غير صحيح للغياب. التفاعل مجزأ ويحتوي على الكثير من الضوضاء وتداخل اللغات، مما يقلل من ثقة التحليل ويوحي بأن المحادثة لم تكن حقيقية أو مثمرة بشكل كامل.
b3da41f2d9c3e4bcf2c251f2ea2e7b88,voice_600415881,600415881,63056389,EGCC-eman.amr,2289(Maqsam),2026-04-30 18:14:52,双方接通,unknown,0.1,المكالمة قصيرة جداً وتتكون من كلمة واحدة تعني 'فهمت'.,unknown,,,,,,,,,,,,,,unknown,,none,,,,,,,,,,success,,,,2026-05-02 20:49:53,2026-05-02 21:04:03,http://pd-fscall-record.oss-cn-hongkong.aliyuncs.com/2026-04-30/maqsam-Eman.Amr.300842269.mp3?OSSAccessKeyId=LTAI5t8sBUhKT5YzXBHvmGGq&Expires=1777732043&Signature=cSdrqLW%2FyZqL3tYX%2BSUmA%2FQ0bZM%3D,http://pd-fscall-record.oss-cn-hongkong.aliyuncs.com/2026-04-30/maqsam-Eman.Amr.300842269.mp3?OSSAccessKeyId=LTAI5t8sBUhKT5YzXBHvmGGq&Expires=1777732043&Signature=cSdrqLW%2FyZqL3tYX%2BSUmA%2FQ0bZM%3D,sales-engine/recordings/2026-04-30/user_63056389__voice_600415881.mp3,https://sales-engine-audio.oss-cn-hongkong.aliyuncs.com/sales-engine/recordings/2026-04-30/user_63056389__voice_600415881.mp3?OSSAccessKeyId=LTAI5t6Jd8PozcNwqEKaFS1q&Expires=1777734245&Signature=W%2Bz14eSZ/%2BX%2ByBFrMfuooNiHCM4%3D,明白。,bad_asr,ASR_LOW_QUALITY,670df13b-c9cd-453a-a4a1-c3ec8a32ea9d,qwen3-asr-flash-filetrans,2026-05-02 21:04:11,unknown,unknown,no_real_conversation,unknown,no_task,عدم كفاية المعلومات للتحليل بسبب قصر مدة المكالمة (كلمة واحدة).
e3ac7df5c9f97e4e3f69cfadad91b813,voice_600406926,600406926,63060965,51habiba.hassan,2244(Maqsam),2026-04-30 17:29:46,双方接通,unknown,0.0,المكالمة تحتوي على مزيج من اللغات الأجنبية (الإسبانية، الكورية، الألمانية، الصينية) وضوضاء، مع وجود كلمات عربية قليلة وغير مفهومة في سياقها.,unknown,,,,,,,,,,,,,,unknown,,unknown,,,,,,,,,,success,,,,2026-05-02 20:49:53,2026-05-02 21:05:16,http://pd-fscall-record.oss-cn-hongkong.aliyuncs.com/2026-04-30/maqsam-habiba.hassan.300822357.mp3?OSSAccessKeyId=LTAI5t8sBUhKT5YzXBHvmGGq&Expires=1777732045&Signature=D1fFH%2B1cvqJ%2BLj8fNcqNiwTqk3c%3D,http://pd-fscall-record.oss-cn-hongkong.aliyuncs.com/2026-04-30/maqsam-habiba.hassan.300822357.mp3?OSSAccessKeyId=LTAI5t8sBUhKT5YzXBHvmGGq&Expires=1777732045&Signature=D1fFH%2B1cvqJ%2BLj8fNcqNiwTqk3c%3D,sales-engine/recordings/2026-04-30/user_63060965__voice_600406926.mp3,https://sales-engine-audio.oss-cn-hongkong.aliyuncs.com/sales-engine/recordings/2026-04-30/user_63060965__voice_600406926.mp3?OSSAccessKeyId=LTAI5t6Jd8PozcNwqEKaFS1q&Expires=1777734321&Signature=LY6WH2ZTzBPew0oFchZ5LOLDOHs%3D,"Aló, ¿cómo se llama? ¿El celular?안됐어.Ja, das.Ja.على طالب.对，好嘛。Aber aber.الصباح باشEs.咱这咱这。¿a qué le, a qué le huelen?아그런거야.알았다알아.a las cero.este, laلا في وظف عربي.No.Alors.Eduardo.para, para los servicios.أخريناه عشان أروح أجيبه لأنه حاول.啊，那我好说，我好说。嗯。يمكن يزوره شان ما يحموا بعض طبعاً، يمكن يزوره يزوره أنت.알려주세요.also어.Claro, claro que sí, Luis.맞아.Ja.응.응.哦，对，那确实。哎，确实。哎呦，我操这。哦。 Aló, ¿cómo se llama? ¿El celular? 안됐어. Ja, das. Ja. على طالب. 对，好嘛。 Aber aber. الصباح باش Es. 咱这咱这。 ¿a qué le, a qué le huelen? 아그런거야.알았다알아. a las cero. este, la لا في وظف عربي. No. Alors. Eduardo. para, para los servicios. أخريناه عشان أروح أجيبه لأنه حاول. 啊，那我好说，我好说。 嗯。 يمكن يزوره شان ما يحموا بعض طبعاً، يمكن يزوره يزوره أنت. 알려주세요. also 어. Claro, claro que sí, Luis. 맞아. 응. 哦，对，那确实。 哎，确实。 哎呦，我操这。 哦。",bad_asr,ASR_LOW_QUALITY,a7241bab-9620-4ac7-ae75-b52f5a67325e,qwen3-asr-flash-filetrans,2026-05-02 21:05:58,invalid_or_noise,unknown,no_real_conversation,unknown,no_task,المكالمة تفتقر إلى محتوى عربي كافٍ أو مترابط يمكن تحليله، وتتكون بشكل أساسي من لغات متعددة وضوضاء.
6f3aac3bbccb065dbceae2a76e9217ca,voice_600405085,600405085,62818560,EGCC-eman.amr,2289(Maqsam),2026-04-30 17:15:40,双方接通,no_answer_or_voicemail,1.0,المكالمة عبارة عن رسالة بريد صوتي آلية متكررة تطلب من المتصل ترك رسالة وتوفر خيارات للتعامل مع الرسالة.,unknown,,,,,,,,,,,,,,unknown,,none,,,,,,,,,,success,,,,2026-05-02 20:49:53,2026-05-02 21:05:58,http://pd-fscall-record.oss-cn-hongkong.aliyuncs.com/2026-04-30/maqsam-Eman.Amr.300816698.mp3?OSSAccessKeyId=LTAI5t8sBUhKT5YzXBHvmGGq&Expires=1777732045&Signature=VWooz2M%2BKOkQkj2cQMfFRUvA60U%3D,http://pd-fscall-record.oss-cn-hongkong.aliyuncs.com/2026-04-30/maqsam-Eman.Amr.300816698.mp3?OSSAccessKeyId=LTAI5t8sBUhKT5YzXBHvmGGq&Expires=1777732045&Signature=VWooz2M%2BKOkQkj2cQMfFRUvA60U%3D,sales-engine/recordings/2026-04-30/user_62818560__voice_600405085.mp3,https://sales-engine-audio.oss-cn-hongkong.aliyuncs.com/sales-engine/recordings/2026-04-30/user_62818560__voice_600405085.mp3?OSSAccessKeyId=LTAI5t6Jd8PozcNwqEKaFS1q&Expires=1777734362&Signature=UILxZEIuKbTEMrhAm4AoJeKKa74%3D,هذه هي خدمة الرد على: 966510404471 الرجاء ترك رسالتك بعد سماع النغمة. إذا كنت بحاجة إلى إعادة التسجيل، فاضغط علامة المربع وانتظر التعليمات.للاستماع إلى الرسالة، اضغط واحد. لمتابعة التسجيل في هذه المرحلة، اضغط اثنان. لحذف هذه الرسالة، يرجى الضغط على ثلاثة. لإعادة تسجيل الرسالة، اضغط أربعة. لإرسال الرسالة، الرجاء ترك رسالتك بعد سماع النغمة. إذا كنت بحاجة إلى إعادة التسجيل، فاضغط علامة المربع، وانتظر التعليمات. هذه هي خدمة الرد على: 966510404471 الرجاء ترك رسالتك بعد سماع النغمة. إذا كنت بحاجة إلى إعادة التسجيل، فاضغط علامة المربع وانتظر التعليمات. للاستماع إلى الرسالة، اضغط واحد. لمتابعة التسجيل في هذه المرحلة، اضغط اثنان. لحذف هذه الرسالة، يرجى الضغط على ثلاثة. لإعادة تسجيل الرسالة، اضغط أربعة. لإرسال الرسالة، الرجاء ترك رسالتك بعد سماع النغمة. إذا كنت بحاجة إلى إعادة التسجيل، فاضغط علامة المربع، وانتظر التعليمات.,bad_asr,ASR_LOW_QUALITY,97e672a0-824b-4598-becc-9d38d68aad9b,qwen3-asr-flash-filetrans,2026-05-02 21:06:12,no_trial_or_not_aware,unknown,no_real_conversation,no_issue,no_task,العميل لم يجب المكالمة؛ تم الوصول إلى نظام بريد صوتي آلي متكرر.
17b26072501b8e33e448559861c9cfc3,voice_600202385,600202385,63015516,EGCC-eman.amr,2289(Maqsam),2026-04-29 01:13:37,双方接通,post_class_failed,0.9,المستخدم لم يتمكن من حضور الجلسة بسبب مشكلة في رابط الدخول الذي انتهت صلاحيته أو لم يعد متاحًا، مما أدى إلى فقدان الجلسة. كما أشار إلى مستوى مهارته الأساسي في اللغة الإنجليزية.,high,,,,,,,,,,,,,,medium,,technical_issue,,,,,,,,,,success,,,,2026-05-02 20:49:53,2026-05-02 21:06:28,http://pd-fscall-record.oss-cn-hongkong.aliyuncs.com/2026-04-29/maqsam-Eman.Amr.300375048.mp3?OSSAccessKeyId=LTAI5t8sBUhKT5YzXBHvmGGq&Expires=1777732046&Signature=DjYucWjGA9JSzLA8paH%2B%2ByQgB8M%3D,http://pd-fscall-record.oss-cn-hongkong.aliyuncs.com/2026-04-29/maqsam-Eman.Amr.300375048.mp3?OSSAccessKeyId=LTAI5t8sBUhKT5YzXBHvmGGq&Expires=1777732046&Signature=DjYucWjGA9JSzLA8paH%2B%2ByQgB8M%3D,sales-engine/recordings/2026-04-29/user_63015516__voice_600202385.mp3,https://sales-engine-audio.oss-cn-hongkong.aliyuncs.com/sales-engine/recordings/2026-04-29/user_63015516__voice_600202385.mp3?OSSAccessKeyId=LTAI5t6Jd8PozcNwqEKaFS1q&Expires=1777734392&Signature=Bv1ZZP3BzteXYnXne9bmCHyYhDY%3D,啊，五十了。所以邊諗到咁一邊。دخلت حضرتك ما حصلت جلسة.ما حصل تعدل موراي.أيوة ضغطت بالرابط اللي سبتوليه كان بعد ساعة بعد ما خلصت عمليا عجلت بخش ما عاد حصلت الرابط ما بقى.الحمد لله.뭐그렇.哎。أعرف أطلب مويه بالإنجليزي ما أعرف ما أعرف ما أعرف أكتب ستين بالإنجليزيإن شاء الله.三个蘑菇。什么？طيب، طيب، طيب، ثمانية ونص صلي في الليل.好像没给他。हॉनरOuais.ما أعرف إن شاء الله نعرف بإذن الله.你去好了。إن شاء الله إن شاء الله، إن شاء الله ربنا يصونا. 啊，五十了。 所以邊諗到咁一邊。 دخلت حضرتك ما حصلت جلسة. ما حصل تعدل موراي. أيوة ضغطت بالرابط اللي سبتوليه كان بعد ساعة بعد ما خلصت عمليا عجلت بخش ما عاد حصلت الرابط ما بقى. الحمد لله. 뭐그렇. 哎。 أعرف أطلب مويه بالإنجليزي ما أعرف ما أعرف ما أعرف أكتب ستين بالإنجليزي إن شاء الله. 三个蘑菇。 什么？ طيب، طيب، طيب، ثمانية ونص صلي في الليل. 好像没给他。 हॉनर Ouais. ما أعرف إن شاء الله نعرف بإذن الله. 你去好了。 إن شاء الله إن شاء الله، إن شاء الله ربنا يصونا.,bad_asr,ASR_LOW_QUALITY,e7a542c1-5dc1-4fd8-964a-0465ec8032d1,qwen3-asr-flash-filetrans,2026-05-02 21:06:47,good_need,technical_issue,normal,unknown,rebook_trial,المتصل لم يتمكن من الوصول إلى الجلسة المجدولة بسبب خلل في الرابط المقدم أو انتهاء صلاحيته، مما منعه من الحضور. يعرب عن رغبته في التعلم.
5abf6ae7f945313e4d355a2f4209d14c,voice_600194920,600194920,62968708,51habiba.hassan,2244(Maqsam),2026-04-29 00:29:52,双方接通,unknown,0.7,العميل لديه رغبة قوية في تعلم اللغة الإنجليزية وتطوير لهجته (خاصة الأمريكية)، والتخرج من الجامعة وهو متمكن فيها. لديه تجارب سابقة سلبية مع مدرسين (ذكور) أدت إلى كرهه للمادة، ويفضل المدرسات الإناث للغة الإنجليزية. يبحث عن دروس فردية (واحد لواحد) ويخطط للتعلم لمدة 8 أشهر.,high,,,,,,,,,,,,,,high,,teacher_quality,,,,,,,,,,success,,,,2026-05-02 20:49:53,2026-05-02 21:07:36,http://pd-fscall-record.oss-cn-hongkong.aliyuncs.com/2026-04-29/maqsam-habiba.hassan.300362052.mp3?OSSAccessKeyId=LTAI5t8sBUhKT5YzXBHvmGGq&Expires=1777732050&Signature=ogRbvKeQInm65sM6PkAqCpHtDIs%3D,http://pd-fscall-record.oss-cn-hongkong.aliyuncs.com/2026-04-29/maqsam-habiba.hassan.300362052.mp3?OSSAccessKeyId=LTAI5t8sBUhKT5YzXBHvmGGq&Expires=1777732050&Signature=ogRbvKeQInm65sM6PkAqCpHtDIs%3D,sales-engine/recordings/2026-04-29/user_62968708__voice_600194920.mp3,https://sales-engine-audio.oss-cn-hongkong.aliyuncs.com/sales-engine/recordings/2026-04-29/user_62968708__voice_600194920.mp3?OSSAccessKeyId=LTAI5t6Jd8PozcNwqEKaFS1q&Expires=1777734461&Signature=75HxQv0wmwNo4%2Bttc642rNYxCKQ%3D,"Ah ouais, eh哎呦。哎呦哎呦。Il a, accidentmhm.Ah okay, and it seems seems to me, it.Hmm.Ah, so.Until like I'm.Okay.Yes.Uh huh.没有。إن شاء الله يعني الله يعينك شكله حريشين والله، والله يا حريشين الصراحة يعني أنا من أول نفسي أتعلم الإنجليزي وصراحة أحسه فادتني فاا إن شاء الله داحين هطلع اللي أبغى مرة. دايمًا يعني حتى شوف يعني أنا الصراحة توقعاتي دايمًا يكون مرة سيء أكثر من كدا يعني صراحة يعني يعني ما تخطأت.Okay.إيه هو حقيقة كمان في السعودية يعني الصراحة في السعودية عندنا اللغة الإنجليزية حاليًا يمكن بدأت تتطور بس إنه يعني يمكن قبل ثلاث سنين، سنتين بس إنه يعني على وقت التأسيس إذا تأسستوا أنا عشان أصلًا درست في مدرسة خاصة فكان يدون إنجليزي وقتها كان من رابع ابتدائي بدوا يأخذ إنجليزي و.فاا يعني ما ما كان نفس الحين يعني صراحة الحين في ناس ما شاء الله مرة كويسين في الإنجليزي.Attention.Mon.Or I, you mother, check on that. So I mother check on you.يمكن هو أصلا قاعد يلعب صيني في الصف الحصة يعني في أحد الحصة نشروا والله في عندنا ناس مثلا يجوا يتعلموا الإنجليزي ولا يدرسوا قاموا خلو الكاميرا شغالة أو مجهولة الكاميرا ويلعبوا يلعبوا صيني.Uh huh.وهو هذا الصراحة أيوة وهو لازم نصبره إن شاء الله إن شاء الله.Ah.Ah.Anyway.Hey.إن شاء الله أنا أصلا إن شاء الله انا ابغى ابغى اتخرج بعدين ابي اتخرج من اروح الجامعة وانا عارف الانجليزي خلاص. وأنا بصراحة كمان قلت قلت قلت لي قلت لهم أنا هتكلم معكم بالانجليزي ما راح اتكلم بالعربي ابدا في البيت عشان تعلموا.إيه ما شاء الله أخواتي في عندي أختي الكبيرة ما شاء الله شاطرة في الإنجليزي. صراحة أنا نفسي خلية ما تفهم كلامي. تتكلم معي إنجليزي ما أعرف أفهمها صراحة.Uh huh.Um. But I bought a coat. Exactly, that coat.أيوا أيوا، إن جيني أتكلم معاه، وأيوة أيوة، كده.哎呦哎呦。أممم كانت صراحة مرة يعني كان شيء مرة كويس صراحة.يعني شو بعدين؟شوفي صراحة ممكن بس أقول شيء يعني صراحة لو أحد جاء يعني مثلاً لو جاء مثلاً رجال يشرح لي أحس مو نفس ال البنت لما تيجي تشرح لي يعني تشرح لي مرة كويس مو بس لأنه والله في ما شاء الله في مدرسين ما شاء الله يعني مرة كويسين يعني مثلاً أنا عندي مدرس رياضيات.Yeah.أيوة ما أنت. أنا الصراحة عندها صديق إنجليزي هو طيب. بس إنه. مرة يعني عسك بسرعة ما يعني ما أشوفه يضحك إلا نادراً ما نعرف ليه.والله ما أدري فيجي يكرهك في أمة المادة يعني أنا الصراحة الإنجليزي جا قبل كده جاني اكتئاب كرهني في أمة المادة الرياضيات كان عندي المدرسة هو مرة كان طيب.بس إيش مثلا اللي ما نع لحاله في الاختبار وما نع هو عشانه بس إيش كرهني في المادة يعني علمت غير أستاذ وجيبت مدرس والله يعني الصراحة مرة كرهني في المادة.أيوة يعني أغلب ال يعني أغلب ال ال الشغل العالية تحتاجها.Hmm.يا أحلى شيء كمان إنه ما في اللي هو خلص طالب واحد ما في الطلاب وهذا أحسن شيء. مرة هذا يعني يعني يعني مع الإيش بس إنه الأستاذ يركز عليك أنت، أنت نفسك.أيوه يعني يعني أنا أنا متوقع إن شاء الله يعني يعني أنا بحاول قد ما أقدر ثمانية شهور.هذي أنا ما أعرف أنا حسب يعني إذا كانوا كويسين والله هعرّف نفسي.Yeah.Oh yeah.How the time is.Oh.Yeah.Come on.أنا إن شاء الله وأنا إن شاء الله كون أبعدل الأكسنت عندي الصراحة محتاج يعني في بعض الكلام أكسنت أحتاج الأكسنت يعني.Un huh.Hmm.Et je voisva, mhmm.เอ.إيش هو؟ إيش أي بالثاني كان ليش ما أسأل؟Yeah. Okay.حلو شوف ياها الصراحة يعني بس لو بروح مصر التكساك حقي قالوا مصري يعني في بس التكساك بعدين خلاص جه السعودية رجع حتى التكساك حقي يعني أنا الناس يعني أنا من جد أنا أسمع أجنبي من دون ما أفهمه كامل بس إيش أسمع أجنبي أممم يعني عربي مرة أسمع مرة شوية على العربي.Anyway, went to video.I want tomorrow.مو أنا أبغى لاسي حتى أمريكي الصراحة.Yeah.Yes.Uh-huh.哎呦呦。嗯。لا دحين دحين هتطلعله بس أنا أخاف يكون نام ودي أخذه.أيوة صحيح والله يقوم في الدنيا يقول لي ما في إنجليزي هاك وشي.إن شاء الله مرة شكرًا وأنا حاب أسألك على المجد حاب أسألك سؤال يعني ممكن يكون شيء شخصي أنت كم عمرك؟يعني صراحة أحس إنه أربعة وعشرين صراحة.بسم الله يعني صراحة الحينOkay.Yeah.لا أنا كان عندي مدرسة درجتني عربي إسلاميات وزي كذا الآن ما أعملها كده مدرسة ولا يعني خلاص. أيوة لا من جد يعني يعني الصراحة مرة مو حتى لو جيت الكاميرا أو شيء ما يبغاني أعمل درجة يعني أبد.أنت عوض والله مرة كنت راح على الحصان مرة كانت رهيبة.Je sais que ça ne l'aime pas, je sais pas.Caras sonrisas. Ah ouais, eh 哎呦。 哎呦哎呦。 Il a, accident mhm. Ah okay, and it seems seems to me, it. Hmm. Ah, so. Until like I'm. Okay. Yes. Uh huh. 没有。 إن شاء الله يعني الله يعينك شكله حريشين والله، والله يا حريشين الصراحة يعني أنا من أول نفسي أتعلم الإنجليزي وصراحة أحسه فادتني فاا إن شاء الله داحين هطلع اللي أبغى مرة. دايمًا يعني حتى شوف يعني أنا الصراحة توقعاتي دايمًا يكون مرة سيء أكثر من كدا يعني صراحة يعني يعني ما تخطأت. إيه هو حقيقة كمان في السعودية يعني الصراحة في السعودية عندنا اللغة الإنجليزية حاليًا يمكن بدأت تتطور بس إنه يعني يمكن قبل ثلاث سنين، سنتين بس إنه يعني على وقت التأسيس إذا تأسستوا أنا عشان أصلًا درست في مدرسة خاصة فكان يدون إنجليزي وقتها كان من رابع ابتدائي بدوا يأخذ إنجليزي و. فاا يعني ما ما كان نفس الحين يعني صراحة الحين في ناس ما شاء الله مرة كويسين في الإنجليزي. Attention. Mon. Or I, you mother, check on that. So I mother check on you. يمكن هو أصلا قاعد يلعب صيني في الصف الحصة يعني في أحد الحصة نشروا والله في عندنا ناس مثلا يجوا يتعلموا الإنجليزي ولا يدرسوا قاموا خلو الكاميرا شغالة أو مجهولة الكاميرا ويلعبوا يلعبوا صيني. وهو هذا الصراحة أيوة وهو لازم نصبره إن شاء الله إن شاء الله. Ah. Anyway. Hey. إن شاء الله أنا أصلا إن شاء الله انا ابغى ابغى اتخرج بعدين ابي اتخرج من اروح الجامعة وانا عارف الانجليزي خلاص. وأنا بصراحة كمان قلت قلت قلت لي قلت لهم أنا هتكلم معكم بالانجليزي ما راح اتكلم بالعربي ابدا في البيت عشان تعلموا. إيه ما شاء الله أخواتي في عندي أختي الكبيرة ما شاء الله شاطرة في الإنجليزي. صراحة أنا نفسي خلية ما تفهم كلامي. تتكلم معي إنجليزي ما أعرف أفهمها صراحة. Um. But I bought a coat. Exactly, that coat. أيوا أيوا، إن جيني أتكلم معاه، وأيوة أيوة، كده. أممم كانت صراحة مرة يعني كان شيء مرة كويس صراحة. يعني شو بعدين؟ شوفي صراحة ممكن بس أقول شيء يعني صراحة لو أحد جاء يعني مثلاً لو جاء مثلاً رجال يشرح لي أحس مو نفس ال البنت لما تيجي تشرح لي يعني تشرح لي مرة كويس مو بس لأنه والله في ما شاء الله في مدرسين ما شاء الله يعني مرة كويسين يعني مثلاً أنا عندي مدرس رياضيات. Yeah. أيوة ما أنت. أنا الصراحة عندها صديق إنجليزي هو طيب. بس إنه. مرة يعني عسك بسرعة ما يعني ما أشوفه يضحك إلا نادراً ما نعرف ليه. والله ما أدري فيجي يكرهك في أمة المادة يعني أنا الصراحة الإنجليزي جا قبل كده جاني اكتئاب كرهني في أمة المادة الرياضيات كان عندي المدرسة هو مرة كان طيب. بس إيش مثلا اللي ما نع لحاله في الاختبار وما نع هو عشانه بس إيش كرهني في المادة يعني علمت غير أستاذ وجيبت مدرس والله يعني الصراحة مرة كرهني في المادة. أيوة يعني أغلب ال يعني أغلب ال ال الشغل العالية تحتاجها. يا أحلى شيء كمان إنه ما في اللي هو خلص طالب واحد ما في الطلاب وهذا أحسن شيء. مرة هذا يعني يعني يعني مع الإيش بس إنه الأستاذ يركز عليك أنت، أنت نفسك. أيوه يعني يعني أنا أنا متوقع إن شاء الله يعني يعني أنا بحاول قد ما أقدر ثمانية شهور. هذي أنا ما أعرف أنا حسب يعني إذا كانوا كويسين والله هعرّف نفسي. Oh yeah. How the time is. Oh. Come on. أنا إن شاء الله وأنا إن شاء الله كون أبعدل الأكسنت عندي الصراحة محتاج يعني في بعض الكلام أكسنت أحتاج الأكسنت يعني. Un huh. Et je vois va, mhmm. เอ. إيش هو؟ إيش أي بالثاني كان ليش ما أسأل؟ Yeah. Okay. حلو شوف ياها الصراحة يعني بس لو بروح مصر التكساك حقي قالوا مصري يعني في بس التكساك بعدين خلاص جه السعودية رجع حتى التكساك حقي يعني أنا الناس يعني أنا من جد أنا أسمع أجنبي من دون ما أفهمه كامل بس إيش أسمع أجنبي أممم يعني عربي مرة أسمع مرة شوية على العربي. Anyway, went to video. I want tomorrow. مو أنا أبغى لاسي حتى أمريكي الصراحة. Uh-huh. 哎呦呦。 嗯。 لا دحين دحين هتطلعله بس أنا أخاف يكون نام ودي أخذه. أيوة صحيح والله يقوم في الدنيا يقول لي ما في إنجليزي هاك وشي. إن شاء الله مرة شكرًا وأنا حاب أسألك على المجد حاب أسألك سؤال يعني ممكن يكون شيء شخصي أنت كم عمرك؟ يعني صراحة أحس إنه أربعة وعشرين صراحة. بسم الله يعني صراحة الحين لا أنا كان عندي مدرسة درجتني عربي إسلاميات وزي كذا الآن ما أعملها كده مدرسة ولا يعني خلاص. أيوة لا من جد يعني يعني الصراحة مرة مو حتى لو جيت الكاميرا أو شيء ما يبغاني أعمل درجة يعني أبد. أنت عوض والله مرة كنت راح على الحصان مرة كانت رهيبة. Je sais que ça ne l'aime pas, je sais pas. Caras sonrisas.",bad_asr,ASR_LOW_QUALITY,5f52c6f0-9aa9-4118-872a-ede6cd6166e6,qwen3-asr-flash-filetrans,2026-05-02 21:08:49,good_need,unknown,normal,no_issue,close_payment,العميل مهتم جداً ولديه حاجة واضحة لتعلم الإنجليزية مع خطة طويلة الأمد (8 أشهر) ورغبة في دروس فردية وتفضيل واضح للمدرسات الإناث. يجب استغلال هذا الاهتمام وتقديم عرض مناسب يلبي متطلباته المحددة للوصول لإغلاق البيع.
03fb1cf4135bd39170a1a974021ddd1b,voice_600190700,600190700,63011060,EGCC-eman.amr,2289(Maqsam),2026-04-29 00:10:05,双方接通,pre_class_cancel,0.9,العميل يعتذر عن عدم الحضور أو التواصل حالياً لوجود حالة وفاة في العائلة.,low,,,,,,,,,,,,,,unknown,,schedule,,,,,,,,,,success,,,,2026-05-02 20:49:53,2026-05-02 21:09:22,http://pd-fscall-record.oss-cn-hongkong.aliyuncs.com/2026-04-29/maqsam-Eman.Amr.300355389.mp3?OSSAccessKeyId=LTAI5t8sBUhKT5YzXBHvmGGq&Expires=1777732051&Signature=UFbrpjOjhzvIOxIXzCqdTbzDmhc%3D,http://pd-fscall-record.oss-cn-hongkong.aliyuncs.com/2026-04-29/maqsam-Eman.Amr.300355389.mp3?OSSAccessKeyId=LTAI5t8sBUhKT5YzXBHvmGGq&Expires=1777732051&Signature=UFbrpjOjhzvIOxIXzCqdTbzDmhc%3D,sales-engine/recordings/2026-04-29/user_63011060__voice_600190700.mp3,https://sales-engine-audio.oss-cn-hongkong.aliyuncs.com/sales-engine/recordings/2026-04-29/user_63011060__voice_600190700.mp3?OSSAccessKeyId=LTAI5t6Jd8PozcNwqEKaFS1q&Expires=1777734565&Signature=txW8jSvOUqBvpkvftBFHBtY6yQE%3D,ألو؟ سلام. تفضل.切。والله إحنا صرنا يعني حالة وفاة فا دحينا يعني شوية كده روحنا.吃好吧。ألا أفقه؟ أين نلتقي أين؟ใช่ครับ ألو؟ سلام. تفضل. 切。 والله إحنا صرنا يعني حالة وفاة فا دحينا يعني شوية كده روحنا. 吃好吧。 ألا أفقه؟ أين نلتقي أين؟ ใช่ครับ,bad_asr,ASR_LOW_QUALITY,9c3860be-f287-4301-8413-fb5ddb869b60,qwen3-asr-flash-filetrans,2026-05-02 21:09:34,unknown,unknown,normal,no_issue,rebook_trial,العميل أبلغ بوجود حالة وفاة تمنعه من الحضور أو الالتزام حالياً، مما يستدعي إلغاء الموعد أو تأجيله والتواصل لاحقاً لإعادة الجدولة.
