report_date,report_month,user_id,current_cc_id,current_cc_name,current_cc_group,current_assigned_time,first_cc_id,first_cc_name,first_assigned_time,assign_count,is_reassigned,lead_source_raw,has_trial_booked,trial_count,first_trial_time,latest_trial_time,latest_trial_status,is_cancelled,is_absent,is_attended,outbound_call_count,connected_call_count,effective_connected_call_count,short_call_count_lt20s,total_connected_duration_sec,distinct_call_days,distinct_call_time_slots,first_call_time,last_call_time,last_call_duration_sec,post_class_call_within_6h,post_class_call_after_6h,is_ordered,order_id,order_time,processed_time,paid_amount,package_name,payment_method,closed_sales_name,closed_sales_group,lead_quality_category,lead_quality_reason,lead_quality_confidence,final_status,data_join_status,missing_data_flags
2026-04-29,2026-04,59923479,4121806,,,2026-04-19T17:45:52+08:00,4121806,,2026-04-19T17:45:52+08:00,1,0,CC人工改派,0,0,,,,0,0,0,1,0,0,0,0,1,1,2026/4/19 17:49,2026/4/19 17:49,0,0,0,0,,,,,,,,,unknown,insufficient_contact_attempts,low,no_booking,joined_by_user_id_only,missing_trial|missing_order
2026-04-29,2026-04,61269611,4121807,,,2026-04-16T22:18:48+08:00,4121807,,2026-04-16T22:18:48+08:00,1,0,CC人工改派,1,1,2026-04-16 17:30 ~ 18:00,2026-04-16 17:30 ~ 18:00,cancel,1,0,0,1,1,1,0,78,1,1,2026/4/16 22:17,2026/4/16 22:17,78,0,0,0,,,,,,,,,valid_lead,has_order_attendance_or_effective_call,medium,booked_not_attended,joined_by_user_id_only,missing_order
2026-04-29,2026-04,61271360,4123060,,,2026-04-23T22:13:37+08:00,4123060,,2026-04-23T22:13:37+08:00,1,0,CC人工改派,1,1,2026-04-23 21:00 ~ 21:30,2026-04-23 21:00 ~ 21:30,s_absent,0,1,0,2,0,0,0,0,2,2,2026/4/23 22:50,2026-04-27 19:34:46,0,0,0,0,,,,,,,,,unknown,insufficient_contact_attempts,low,booked_not_attended,joined_by_user_id_only,missing_order
2026-04-29,2026-04,61432105,4123057,,,2026-04-25T19:03:30+08:00,4123057,,2026-04-25T19:03:30+08:00,1,0,CC人工改派,0,0,,,,0,0,0,1,1,0,1,5,1,1,2026/4/25 19:12,2026/4/25 19:12,5,0,0,0,,,,,,,,,unknown,insufficient_contact_attempts,low,no_booking,joined_by_user_id_only,missing_trial|missing_order
2026-04-29,2026-04,61437225,4123060,,,2026-04-23T22:14:51+08:00,4123060,,2026-04-23T22:14:51+08:00,1,0,CC人工改派,0,0,,,,0,0,0,1,0,0,0,0,1,1,2026/4/23 22:49,2026/4/23 22:49,0,0,0,0,,,,,,,,,unknown,insufficient_contact_attempts,low,no_booking,joined_by_user_id_only,missing_trial|missing_order
2026-04-29,2026-04,61494299,4123057,,,2026-04-25T18:59:12+08:00,4123057,,2026-04-25T18:59:12+08:00,1,0,CC人工改派,0,0,,,,0,0,0,1,0,0,0,0,1,1,2026/4/25 19:10,2026/4/25 19:10,0,0,0,0,,,,,,,,,unknown,insufficient_contact_attempts,low,no_booking,joined_by_user_id_only,missing_trial|missing_order
2026-04-29,2026-04,61505309,4123060,,,2026-04-23T22:20:57+08:00,4123060,,2026-04-23T22:20:57+08:00,1,0,CC人工改派,0,0,,,,0,0,0,1,1,1,0,119,1,1,2026/4/23 22:44,2026/4/23 22:44,119,0,0,0,,,,,,,,,valid_lead,has_order_attendance_or_effective_call,medium,no_booking,joined_by_user_id_only,missing_trial|missing_order
2026-04-29,2026-04,61556717,4123060,,,2026-04-22T23:21:44+08:00,4123060,,2026-04-22T23:21:44+08:00,1,0,CC人工改派,0,0,,,,0,0,0,1,1,1,0,76,1,1,2026/4/23 0:46,2026/4/23 0:46,76,0,0,0,,,,,,,,,valid_lead,has_order_attendance_or_effective_call,medium,no_booking,joined_by_user_id_only,missing_trial|missing_order
2026-04-29,2026-04,61620009,4123057,,,2026-04-25T19:04:11+08:00,4123057,,2026-04-25T19:04:11+08:00,1,0,CC人工改派,0,0,,,,0,0,0,1,0,0,0,0,1,1,2026/4/25 19:13,2026/4/25 19:13,0,0,0,0,,,,,,,,,unknown,insufficient_contact_attempts,low,no_booking,joined_by_user_id_only,missing_trial|missing_order
2026-04-29,2026-04,61757886,4123060,,,2026-04-22T23:37:02+08:00,4123060,,2026-04-22T23:37:02+08:00,1,0,CC人工改派,0,0,,,,0,0,0,1,0,0,0,0,1,1,2026/4/23 0:44,2026/4/23 0:44,0,0,0,0,,,,,,,,,unknown,insufficient_contact_attempts,low,no_booking,joined_by_user_id_only,missing_trial|missing_order
2026-04-29,2026-04,61990182,4123057,,,2026-04-25T19:02:19+08:00,4123057,,2026-04-25T19:02:19+08:00,1,0,CC人工改派,0,0,,,,0,0,0,1,0,0,0,0,1,1,2026/4/25 19:18,2026/4/25 19:18,0,0,0,0,,,,,,,,,unknown,insufficient_contact_attempts,low,no_booking,joined_by_user_id_only,missing_trial|missing_order
2026-04-29,2026-04,61993501,4123057,,,2026-04-25T19:02:54+08:00,4123057,,2026-04-25T19:02:54+08:00,1,0,CC人工改派,0,0,,,,0,0,0,1,1,1,0,116,1,1,2026/4/25 19:14,2026/4/25 19:14,116,0,0,0,,,,,,,,,valid_lead,has_order_attendance_or_effective_call,medium,no_booking,joined_by_user_id_only,missing_trial|missing_order
2026-04-29,2026-04,62045109,4123057,,,2026-04-25T19:00:26+08:00,4123057,,2026-04-25T19:00:26+08:00,1,0,CC人工改派,0,0,,,,0,0,0,1,0,0,0,0,1,1,2026/4/25 19:09,2026/4/25 19:09,0,0,0,0,,,,,,,,,unknown,insufficient_contact_attempts,low,no_booking,joined_by_user_id_only,missing_trial|missing_order
2026-04-29,2026-04,62119512,4123060,,,2026-04-23T22:15:26+08:00,4123060,,2026-04-23T22:15:26+08:00,1,0,CC人工改派,0,0,,,,0,0,0,1,0,0,0,0,1,1,2026/4/23 22:43,2026/4/23 22:43,0,0,0,0,,,,,,,,,unknown,insufficient_contact_attempts,low,no_booking,joined_by_user_id_only,missing_trial|missing_order
2026-04-29,2026-04,62125634,4123060,,,2026-04-23T22:14:18+08:00,4123060,,2026-04-23T22:14:18+08:00,1,0,CC人工改派,0,0,,,,0,0,0,1,0,0,0,0,1,1,2026/4/23 22:43,2026/4/23 22:43,0,0,0,0,,,,,,,,,unknown,insufficient_contact_attempts,low,no_booking,joined_by_user_id_only,missing_trial|missing_order
2026-04-29,2026-04,62173165,4123057,,,2026-04-25T18:59:57+08:00,4123057,,2026-04-25T18:59:57+08:00,1,0,CC人工改派,0,0,,,,0,0,0,1,1,1,0,32,1,1,2026/4/25 19:07,2026/4/25 19:07,32,0,0,0,,,,,,,,,valid_lead,has_order_attendance_or_effective_call,medium,no_booking,joined_by_user_id_only,missing_trial|missing_order
2026-04-29,2026-04,62183072,4121807,,,2026-04-22T20:15:31+08:00,4121807,,2026-04-22T20:15:31+08:00,1,0,CC人工改派,0,0,,,,0,0,0,1,0,0,0,0,1,1,2026/4/22 22:17,2026/4/22 22:17,0,0,0,0,,,,,,,,,unknown,insufficient_contact_attempts,low,no_booking,joined_by_user_id_only,missing_trial|missing_order
2026-04-29,2026-04,62184203,4121807,,,2026-04-22T20:15:06+08:00,4121807,,2026-04-22T20:15:06+08:00,1,0,CC人工改派,0,0,,,,0,0,0,1,0,0,0,0,1,1,2026/4/22 22:21,2026/4/22 22:21,0,0,0,0,,,,,,,,,unknown,insufficient_contact_attempts,low,no_booking,joined_by_user_id_only,missing_trial|missing_order
2026-04-29,2026-04,62236440,4123061,,,2026-04-22T20:26:46+08:00,4123061,,2026-04-22T20:26:46+08:00,1,0,CC人工改派,0,0,,,,0,0,0,1,0,0,0,0,1,1,2026/4/22 22:34,2026/4/22 22:34,0,0,0,0,,,,,,,,,unknown,insufficient_contact_attempts,low,no_booking,joined_by_user_id_only,missing_trial|missing_order
2026-04-29,2026-04,62241491,4121807,,,2026-04-22T20:14:33+08:00,4121807,,2026-04-22T20:14:33+08:00,1,0,CC人工改派,0,0,,,,0,0,0,1,0,0,0,0,1,1,2026/4/22 21:52,2026/4/22 21:52,0,0,0,0,,,,,,,,,unknown,insufficient_contact_attempts,low,no_booking,joined_by_user_id_only,missing_trial|missing_order
2026-04-29,2026-04,62250480,4123057,,,2026-04-21T17:47:43+08:00,4123057,,2026-04-21T17:47:43+08:00,1,0,CC人工改派,0,0,,,,0,0,0,1,1,1,0,58,1,1,2026/4/21 20:39,2026/4/21 20:39,58,0,0,0,,,,,,,,,valid_lead,has_order_attendance_or_effective_call,medium,no_booking,joined_by_user_id_only,missing_trial|missing_order
2026-04-29,2026-04,62257333,4121807,,,2026-04-22T23:18:03+08:00,4121807,,2026-04-22T23:18:03+08:00,1,0,CC人工改派,0,0,,,,0,0,0,1,1,1,0,640,1,1,2026/4/22 23:19,2026/4/22 23:19,640,0,0,0,,,,,,,,,valid_lead,has_order_attendance_or_effective_call,medium,no_booking,joined_by_user_id_only,missing_trial|missing_order
2026-04-29,2026-04,62274473,4123061,,,2026-04-22T20:27:41+08:00,4123061,,2026-04-22T20:27:41+08:00,1,0,CC人工改派,0,0,,,,0,0,0,1,1,1,0,480,1,1,2026/4/22 21:12,2026/4/22 21:12,480,0,0,0,,,,,,,,,valid_lead,has_order_attendance_or_effective_call,medium,no_booking,joined_by_user_id_only,missing_trial|missing_order
2026-04-29,2026-04,62312846,4123061,,,2026-04-22T20:25:28+08:00,4123061,,2026-04-22T20:25:28+08:00,1,0,CC人工改派,0,0,,,,0,0,0,1,1,0,1,16,1,1,2026/4/22 22:30,2026/4/22 22:30,16,0,0,0,,,,,,,,,unknown,insufficient_contact_attempts,low,no_booking,joined_by_user_id_only,missing_trial|missing_order
2026-04-29,2026-04,62316999,4121806,,,2026-04-21T17:49:35+08:00,4121806,,2026-04-21T17:49:35+08:00,1,0,CC人工改派,0,0,,,,0,0,0,0,0,0,0,0,0,0,,,0,0,0,0,,,,,,,,,unknown,data_missing_or_insufficient,low,no_booking,joined_by_user_id_only,missing_trial|missing_call|missing_order
2026-04-29,2026-04,62319337,4122734,,,2026-04-21T17:49:21+08:00,4122734,,2026-04-21T17:49:21+08:00,1,0,CC人工改派,0,0,,,,0,0,0,1,1,1,0,64,1,1,2026/4/22 21:24,2026/4/22 21:24,64,0,0,0,,,,,,,,,valid_lead,has_order_attendance_or_effective_call,medium,no_booking,joined_by_user_id_only,missing_trial|missing_order
2026-04-29,2026-04,62324315,4123061,,,2026-04-20T22:56:44+08:00,4123061,,2026-04-20T22:56:44+08:00,1,0,CC人工改派,0,0,,,,0,0,0,1,0,0,0,0,1,1,2026/4/21 0:54,2026/4/21 0:54,0,0,0,0,,,,,,,,,unknown,insufficient_contact_attempts,low,no_booking,joined_by_user_id_only,missing_trial|missing_order
2026-04-29,2026-04,62329360,4121807,,,2026-04-21T17:10:56+08:00,4121807,,2026-04-21T17:10:56+08:00,1,0,CC人工改派,0,0,,,,0,0,0,0,0,0,0,0,0,0,,,0,0,0,0,,,,,,,,,unknown,data_missing_or_insufficient,low,no_booking,joined_by_user_id_only,missing_trial|missing_call|missing_order
2026-04-29,2026-04,62345051,4121807,,,2026-04-21T17:09:57+08:00,4121807,,2026-04-21T17:09:57+08:00,1,0,CC人工改派,0,0,,,,0,0,0,0,0,0,0,0,0,0,,,0,0,0,0,,,,,,,,,unknown,data_missing_or_insufficient,low,no_booking,joined_by_user_id_only,missing_trial|missing_call|missing_order
2026-04-29,2026-04,62350986,4123060,,,2026-04-21T17:48:29+08:00,4123060,,2026-04-21T17:48:29+08:00,1,0,CC人工改派,0,0,,,,0,0,0,1,1,1,0,208,1,1,2026/4/21 20:44,2026/4/21 20:44,208,0,0,0,,,,,,,,,valid_lead,has_order_attendance_or_effective_call,medium,no_booking,joined_by_user_id_only,missing_trial|missing_order
2026-04-29,2026-04,62352109,4121807,,,2026-04-21T17:49:07+08:00,4121807,,2026-04-21T17:49:07+08:00,1,0,CC人工改派,0,0,,,,0,0,0,1,0,0,0,0,1,1,2026/4/22 20:24,2026/4/22 20:24,0,0,0,0,,,,,,,,,unknown,insufficient_contact_attempts,low,no_booking,joined_by_user_id_only,missing_trial|missing_order
2026-04-29,2026-04,62363000,4123057,,,2026-04-25T18:59:33+08:00,4123057,,2026-04-25T18:59:33+08:00,1,0,CC人工改派,0,0,,,,0,0,0,1,0,0,0,0,1,1,2026/4/25 19:02,2026/4/25 19:02,0,0,0,0,,,,,,,,,unknown,insufficient_contact_attempts,low,no_booking,joined_by_user_id_only,missing_trial|missing_order
2026-04-29,2026-04,62391467,4121807,,,2026-04-21T18:19:16+08:00,4121807,,2026-04-21T18:19:16+08:00,1,0,CC人工改派,0,0,,,,0,0,0,1,0,0,0,0,1,1,2026/4/22 20:11,2026/4/22 20:11,0,0,0,0,,,,,,,,,unknown,insufficient_contact_attempts,low,no_booking,joined_by_user_id_only,missing_trial|missing_order
2026-04-29,2026-04,62404511,4123057,,,2026-04-20T22:50:13+08:00,4123057,,2026-04-20T22:50:13+08:00,1,0,CC人工改派,0,0,,,,0,0,0,1,1,1,0,151,1,1,2026/4/21 1:12,2026/4/21 1:12,151,0,0,0,,,,,,,,,valid_lead,has_order_attendance_or_effective_call,medium,no_booking,joined_by_user_id_only,missing_trial|missing_order
2026-04-29,2026-04,62416752,4123060,,,2026-04-21T17:48:16+08:00,4123060,,2026-04-21T17:48:16+08:00,1,0,CC人工改派,0,0,,,,0,0,0,2,0,0,0,0,2,2,2026/4/22 21:04,2026-04-27 23:42:05,0,0,0,0,,,,,,,,,unknown,insufficient_contact_attempts,low,no_booking,joined_by_user_id_only,missing_trial|missing_order
2026-04-29,2026-04,62449161,4121807,,,2026-04-21T17:47:27+08:00,4121807,,2026-04-21T17:47:27+08:00,1,0,CC人工改派,0,0,,,,0,0,0,1,0,0,0,0,1,1,2026/4/22 20:01,2026/4/22 20:01,0,0,0,0,,,,,,,,,unknown,insufficient_contact_attempts,low,no_booking,joined_by_user_id_only,missing_trial|missing_order
2026-04-29,2026-04,62453504,4121807,,,2026-04-21T17:11:20+08:00,4121807,,2026-04-21T17:11:20+08:00,1,0,CC人工改派,0,0,,,,0,0,0,1,0,0,0,0,1,1,2026/4/22 19:31,2026/4/22 19:31,0,0,0,0,,,,,,,,,unknown,insufficient_contact_attempts,low,no_booking,joined_by_user_id_only,missing_trial|missing_order
2026-04-29,2026-04,62462330,4121807,,,2026-04-21T17:48:50+08:00,4121807,,2026-04-21T17:48:50+08:00,1,0,CC人工改派,0,0,,,,0,0,0,1,0,0,0,0,1,1,2026/4/22 19:52,2026/4/22 19:52,0,0,0,0,,,,,,,,,unknown,insufficient_contact_attempts,low,no_booking,joined_by_user_id_only,missing_trial|missing_order
2026-04-29,2026-04,62463101,4121807,,,2026-04-21T17:11:44+08:00,4121807,,2026-04-21T17:11:44+08:00,1,0,CC人工改派,0,0,,,,0,0,0,1,1,0,1,2,1,1,2026/4/22 19:40,2026/4/22 19:40,2,0,0,0,,,,,,,,,unknown,insufficient_contact_attempts,low,no_booking,joined_by_user_id_only,missing_trial|missing_order
2026-04-29,2026-04,62470699,4123060,,,2026-04-22T20:22:57+08:00,4123060,,2026-04-22T20:22:57+08:00,1,0,CC人工改派,1,1,2026-04-22 18:30 ~ 19:00,2026-04-22 18:30 ~ 19:00,s_absent,0,1,0,1,0,0,0,0,1,1,2026/4/22 21:33,2026/4/22 21:33,0,0,0,0,,,,,,,,,unknown,insufficient_contact_attempts,low,booked_not_attended,joined_by_user_id_only,missing_order
2026-04-29,2026-04,62506706,4123057,,,2026-04-21T17:48:00+08:00,4123057,,2026-04-21T17:48:00+08:00,1,0,CC人工改派,0,0,,,,0,0,0,1,1,1,0,342,1,1,2026/4/21 20:41,2026/4/21 20:41,342,0,0,0,,,,,,,,,valid_lead,has_order_attendance_or_effective_call,medium,no_booking,joined_by_user_id_only,missing_trial|missing_order
2026-04-29,2026-04,62511608,4123061,,,2026-04-22T20:26:12+08:00,4123061,,2026-04-22T20:26:12+08:00,1,0,CC人工改派,0,0,,,,0,0,0,1,0,0,0,0,1,1,2026/4/22 22:24,2026/4/22 22:24,0,0,0,0,,,,,,,,,unknown,insufficient_contact_attempts,low,no_booking,joined_by_user_id_only,missing_trial|missing_order
2026-04-29,2026-04,62512025,4123060,,,2026-04-22T23:35:27+08:00,4123060,,2026-04-22T23:35:27+08:00,1,0,CC人工改派,0,0,,,,0,0,0,1,0,0,0,0,1,1,2026/4/23 0:42,2026/4/23 0:42,0,0,0,0,,,,,,,,,unknown,insufficient_contact_attempts,low,no_booking,joined_by_user_id_only,missing_trial|missing_order
2026-04-29,2026-04,62516946,4121807,,,2026-04-21T17:10:09+08:00,4121807,,2026-04-21T17:10:09+08:00,1,0,CC人工改派,0,0,,,,0,0,0,1,1,1,0,265,1,1,2026/4/22 19:21,2026/4/22 19:21,265,0,0,0,,,,,,,,,valid_lead,has_order_attendance_or_effective_call,medium,no_booking,joined_by_user_id_only,missing_trial|missing_order
2026-04-29,2026-04,62516988,4121807,,,2026-04-21T17:10:01+08:00,4121807,,2026-04-21T17:10:01+08:00,1,0,CC人工改派,0,0,,,,0,0,0,1,0,0,0,0,1,1,2026/4/22 19:14,2026/4/22 19:14,0,0,0,0,,,,,,,,,unknown,insufficient_contact_attempts,low,no_booking,joined_by_user_id_only,missing_trial|missing_order
2026-04-29,2026-04,62523069,4121807,,,2026-04-22T20:15:58+08:00,4121807,,2026-04-22T20:15:58+08:00,1,0,CC人工改派,0,0,,,,0,0,0,1,0,0,0,0,1,1,2026/4/22 21:14,2026/4/22 21:14,0,0,0,0,,,,,,,,,unknown,insufficient_contact_attempts,low,no_booking,joined_by_user_id_only,missing_trial|missing_order
2026-04-29,2026-04,62524412,4121807,,,2026-04-21T17:47:12+08:00,4121807,,2026-04-21T17:47:12+08:00,1,0,CC人工改派,0,0,,,,0,0,0,1,1,1,0,156,1,1,2026/4/22 19:08,2026/4/22 19:08,156,0,0,0,,,,,,,,,valid_lead,has_order_attendance_or_effective_call,medium,no_booking,joined_by_user_id_only,missing_trial|missing_order
2026-04-29,2026-04,62529028,4121807,,,2026-04-21T18:19:24+08:00,4121807,,2026-04-21T18:19:24+08:00,1,0,CC人工改派,0,0,,,,0,0,0,1,1,0,1,3,1,1,2026/4/22 18:51,2026/4/22 18:51,3,0,0,0,,,,,,,,,unknown,insufficient_contact_attempts,low,no_booking,joined_by_user_id_only,missing_trial|missing_order
2026-04-29,2026-04,62538546,4123061,,,2026-04-20T22:56:37+08:00,4123061,,2026-04-20T22:56:37+08:00,1,0,CC人工改派,0,0,,,,0,0,0,1,0,0,0,0,1,1,2026/4/21 0:53,2026/4/21 0:53,0,0,0,0,,,,,,,,,unknown,insufficient_contact_attempts,low,no_booking,joined_by_user_id_only,missing_trial|missing_order
2026-04-29,2026-04,62539498,4123060,,,2026-04-22T20:24:33+08:00,4123060,,2026-04-22T20:24:33+08:00,1,0,CC人工改派,0,0,,,,0,0,0,1,0,0,0,0,1,1,2026/4/22 20:44,2026/4/22 20:44,0,0,0,0,,,,,,,,,unknown,insufficient_contact_attempts,low,no_booking,joined_by_user_id_only,missing_trial|missing_order
2026-04-29,2026-04,62636524,4121807,,,2026-04-15T17:14:53+08:00,4121807,,2026-04-15T17:14:53+08:00,1,0,CC人工改派,0,0,,,,0,0,0,1,0,0,0,0,1,1,2026/4/15 20:45,2026/4/15 20:45,0,0,0,0,,,,,,,,,unknown,insufficient_contact_attempts,low,no_booking,joined_by_user_id_only,missing_trial|missing_order
2026-04-29,2026-04,62664674,4121807,,,2026-04-15T17:15:43+08:00,4121807,,2026-04-15T17:15:43+08:00,1,0,CC人工改派,0,0,,,,0,0,0,1,0,0,0,0,1,1,2026/4/15 20:23,2026/4/15 20:23,0,0,0,0,,,,,,,,,unknown,insufficient_contact_attempts,low,no_booking,joined_by_user_id_only,missing_trial|missing_order
2026-04-29,2026-04,62714758,4121807,,,2026-04-15T17:16:18+08:00,4121807,,2026-04-15T17:16:18+08:00,1,0,CC人工改派,0,0,,,,0,0,0,1,0,0,0,0,1,1,2026/4/15 20:01,2026/4/15 20:01,0,0,0,0,,,,,,,,,unknown,insufficient_contact_attempts,low,no_booking,joined_by_user_id_only,missing_trial|missing_order
2026-04-29,2026-04,62754321,4121807,,,2026-04-20T22:53:00+08:00,4121807,,2026-04-20T22:53:00+08:00,1,0,CC人工改派,0,0,,,,0,0,0,1,1,1,0,102,1,1,2026/4/21 1:17,2026/4/21 1:17,102,0,0,0,,,,,,,,,valid_lead,has_order_attendance_or_effective_call,medium,no_booking,joined_by_user_id_only,missing_trial|missing_order
2026-04-29,2026-04,62759029,4121807,,,2026-04-15T17:17:08+08:00,4121807,,2026-04-15T17:17:08+08:00,1,0,CC人工改派,0,0,,,,0,0,0,1,0,0,0,0,1,1,2026/4/15 19:51,2026/4/15 19:51,0,0,0,0,,,,,,,,,unknown,insufficient_contact_attempts,low,no_booking,joined_by_user_id_only,missing_trial|missing_order
2026-04-29,2026-04,62765509,4122734,,,2026-04-15T20:11:05+08:00,4122734,,2026-04-15T20:11:05+08:00,1,0,CC人工改派,0,0,,,,0,0,0,1,1,1,0,70,1,1,2026/4/19 22:27,2026/4/19 22:27,70,0,0,0,,,,,,,,,valid_lead,has_order_attendance_or_effective_call,medium,no_booking,joined_by_user_id_only,missing_trial|missing_order
2026-04-29,2026-04,62772521,4123061,,,2026-04-15T22:30:27+08:00,4123061,,2026-04-15T22:30:27+08:00,1,0,CC人工改派,0,0,,,,0,0,0,1,0,0,0,0,1,1,2026/4/16 0:17,2026/4/16 0:17,0,0,0,0,,,,,,,,,unknown,insufficient_contact_attempts,low,no_booking,joined_by_user_id_only,missing_trial|missing_order
2026-04-29,2026-04,62774081,4123061,,,2026-04-15T22:29:34+08:00,4123061,,2026-04-15T22:29:34+08:00,1,0,CC人工改派,0,0,,,,0,0,0,1,0,0,0,0,1,1,2026/4/19 21:37,2026/4/19 21:37,0,0,0,0,,,,,,,,,unknown,insufficient_contact_attempts,low,no_booking,joined_by_user_id_only,missing_trial|missing_order
2026-04-29,2026-04,62777896,4123061,,,2026-04-15T22:29:57+08:00,4123061,,2026-04-15T22:29:57+08:00,1,0,CC人工改派,0,0,,,,0,0,0,1,0,0,0,0,1,1,2026/4/15 23:44,2026/4/15 23:44,0,0,0,0,,,,,,,,,unknown,insufficient_contact_attempts,low,no_booking,joined_by_user_id_only,missing_trial|missing_order
2026-04-29,2026-04,62781041,4122734,,,2026-04-15T20:09:50+08:00,4122734,,2026-04-15T20:09:50+08:00,1,0,CC人工改派,0,0,,,,0,0,0,1,1,1,0,85,1,1,2026/4/19 20:53,2026/4/19 20:53,85,0,0,0,,,,,,,,,valid_lead,has_order_attendance_or_effective_call,medium,no_booking,joined_by_user_id_only,missing_trial|missing_order
2026-04-29,2026-04,62781924,4122734,,,2026-04-15T20:10:31+08:00,4122734,,2026-04-15T20:10:31+08:00,1,0,CC人工改派,0,0,,,,0,0,0,1,1,1,0,231,1,1,2026/4/17 0:04,2026/4/17 0:04,231,0,0,0,,,,,,,,,valid_lead,has_order_attendance_or_effective_call,medium,no_booking,joined_by_user_id_only,missing_trial|missing_order
2026-04-29,2026-04,62786059,4121806,,,2026-04-02T18:47:05+08:00,4121806,,2026-04-02T18:47:05+08:00,1,0,CC人工改派,1,2,2026-03-29 19:00 ~ 19:30,2026-04-01 14:00 ~ 14:30,s_absent,1,1,0,1,0,0,0,0,1,1,2026/3/29 19:03,2026/3/29 19:03,0,0,0,0,,,,,,,,,unknown,insufficient_contact_attempts,low,booked_not_attended,joined_by_user_id_only,missing_order
2026-04-29,2026-04,62788624,4123061,,,2026-04-15T22:29:14+08:00,4123061,,2026-04-15T22:29:14+08:00,1,0,CC人工改派,0,0,,,,0,0,0,1,0,0,0,0,1,1,2026/4/15 23:38,2026/4/15 23:38,0,0,0,0,,,,,,,,,unknown,insufficient_contact_attempts,low,no_booking,joined_by_user_id_only,missing_trial|missing_order
2026-04-29,2026-04,62791357,4123061,,,2026-04-15T22:28:23+08:00,4123061,,2026-04-15T22:28:23+08:00,1,0,CC人工改派,0,0,,,,0,0,0,1,1,1,0,257,1,1,2026/4/20 0:44,2026/4/20 0:44,257,0,0,0,,,,,,,,,valid_lead,has_order_attendance_or_effective_call,medium,no_booking,joined_by_user_id_only,missing_trial|missing_order
2026-04-29,2026-04,62791701,4122734,,,2026-04-01T21:40:40+08:00,4122734,,2026-04-01T21:40:40+08:00,1,0,CC人工改派,1,2,2026-03-30 15:30 ~ 16:00,2026-04-01 16:30 ~ 17:00,end,1,0,1,2,1,1,0,1695,2,2,2026/3/30 18:26,2026/4/1 22:36,1695,0,1,0,,,,,,,,,valid_lead,has_order_attendance_or_effective_call,medium,attended_not_closed,joined_by_user_id_only,missing_order
2026-04-29,2026-04,62793306,4123061,,,2026-04-15T22:28:52+08:00,4123061,,2026-04-15T22:28:52+08:00,1,0,CC人工改派,0,0,,,,0,0,0,1,0,0,0,0,1,1,2026/4/15 23:31,2026/4/15 23:31,0,0,0,0,,,,,,,,,unknown,insufficient_contact_attempts,low,no_booking,joined_by_user_id_only,missing_trial|missing_order
2026-04-29,2026-04,62796144,4121807,,,2026-04-15T17:17:58+08:00,4121807,,2026-04-15T17:17:58+08:00,1,0,CC人工改派,0,0,,,,0,0,0,1,0,0,0,0,1,1,2026/4/16 0:06,2026/4/16 0:06,0,0,0,0,,,,,,,,,unknown,insufficient_contact_attempts,low,no_booking,joined_by_user_id_only,missing_trial|missing_order
2026-04-29,2026-04,62796982,4123060,,,2026-04-22T21:09:11+08:00,4123060,,2026-04-22T21:09:11+08:00,1,0,CC人工改派,1,1,2026-04-22 21:30 ~ 22:00,2026-04-22 21:30 ~ 22:00,end,0,0,1,2,1,1,0,393,2,1,2026/4/22 21:10,2026-04-26 20:53:09,0,0,0,0,,,,,,,,,valid_lead,has_order_attendance_or_effective_call,medium,attended_not_closed,joined_by_user_id_only,missing_order
2026-04-29,2026-04,62800943,4123060,,,2026-04-15T19:32:41+08:00,4123060,,2026-04-15T19:32:41+08:00,1,0,CC人工改派,0,0,,,,0,0,0,1,1,0,1,19,1,1,2026/4/15 21:03,2026/4/15 21:03,19,0,0,0,,,,,,,,,unknown,insufficient_contact_attempts,low,no_booking,joined_by_user_id_only,missing_trial|missing_order
2026-04-29,2026-04,62803877,4123060,,,2026-04-20T22:58:26+08:00,4123060,,2026-04-20T22:58:26+08:00,1,0,CC人工改派,1,1,2026-04-21 19:00 ~ 19:30,2026-04-21 19:00 ~ 19:30,end,0,0,1,1,1,0,1,3,1,1,2026/4/21 23:45,2026/4/21 23:45,3,0,0,0,,,,,,,,,valid_lead,has_order_attendance_or_effective_call,medium,attended_not_closed,joined_by_user_id_only,missing_order
2026-04-29,2026-04,62804055,4122734,,,2026-04-15T20:22:47+08:00,4122734,,2026-04-15T20:22:47+08:00,1,0,CC人工改派,0,0,,,,0,0,0,1,0,0,0,0,1,1,2026/4/19 20:42,2026/4/19 20:42,0,0,0,0,,,,,,,,,unknown,insufficient_contact_attempts,low,no_booking,joined_by_user_id_only,missing_trial|missing_order
2026-04-29,2026-04,62804856,4122734,,,2026-04-15T20:24:03+08:00,4122734,,2026-04-15T20:24:03+08:00,1,0,CC人工改派,0,0,,,,0,0,0,1,0,0,0,0,1,1,2026/4/19 20:38,2026/4/19 20:38,0,0,0,0,,,,,,,,,unknown,insufficient_contact_attempts,low,no_booking,joined_by_user_id_only,missing_trial|missing_order
2026-04-29,2026-04,62805158,4122734,,,2026-04-02T18:46:21+08:00,4122734,,2026-04-02T18:46:21+08:00,1,0,CC人工改派,1,3,2026-03-31 15:00 ~ 15:30,2026-04-14 19:00 ~ 19:30,end,1,0,1,3,2,1,1,41,3,1,2026/3/30 2:32,2026/4/21 23:05,20,0,0,0,,,,,,,,,valid_lead,has_order_attendance_or_effective_call,medium,attended_not_closed,joined_by_user_id_only,missing_order
2026-04-29,2026-04,62808029,4121806,,,2026-04-02T18:47:05+08:00,4121806,,2026-04-02T18:47:05+08:00,1,0,CC人工改派,1,1,2026-04-01 18:30 ~ 19:00,2026-04-01 18:30 ~ 19:00,s_absent,0,1,0,1,1,0,1,11,1,1,2026/3/29 19:36,2026/3/29 19:36,11,0,0,0,,,,,,,,,unknown,insufficient_contact_attempts,low,booked_not_attended,joined_by_user_id_only,missing_order
2026-04-29,2026-04,62808618,4121807,,,2026-04-21T17:10:30+08:00,4121807,,2026-04-21T17:10:30+08:00,1,0,CC人工改派,0,0,,,,0,0,0,1,1,1,0,251,1,1,2026/4/22 0:56,2026/4/22 0:56,251,0,0,0,,,,,,,,,valid_lead,has_order_attendance_or_effective_call,medium,no_booking,joined_by_user_id_only,missing_trial|missing_order
2026-04-29,2026-04,62811179,4121806,,,2026-04-02T18:47:05+08:00,4121806,,2026-04-02T18:47:05+08:00,1,0,CC人工改派,1,1,2026-04-01 20:30 ~ 21:00,2026-04-01 20:30 ~ 21:00,cancel,1,0,0,1,1,1,0,46,1,1,2026/3/30 2:27,2026/3/30 2:27,46,0,0,0,,,,,,,,,valid_lead,has_order_attendance_or_effective_call,medium,booked_not_attended,joined_by_user_id_only,missing_order
2026-04-29,2026-04,62811897,4123060,,,2026-04-15T19:29:37+08:00,4123060,,2026-04-15T19:29:37+08:00,1,0,CC人工改派,0,0,,,,0,0,0,2,2,2,0,237,2,1,2026/4/15 20:10,2026-04-27 20:05:37,75,0,0,0,,,,,,,,,valid_lead,has_order_attendance_or_effective_call,medium,no_booking,joined_by_user_id_only,missing_trial|missing_order
2026-04-29,2026-04,62812147,4121806,,,2026-04-02T18:47:05+08:00,4121806,,2026-04-02T18:47:05+08:00,1,0,CC人工改派,1,1,2026-04-01 17:30 ~ 18:00,2026-04-01 17:30 ~ 18:00,s_absent,0,1,0,1,0,0,0,0,1,1,2026/3/30 20:26,2026/3/30 20:26,0,0,0,0,,,,,,,,,unknown,insufficient_contact_attempts,low,booked_not_attended,joined_by_user_id_only,missing_order
2026-04-29,2026-04,62812413,4123060,,,2026-04-15T19:30:38+08:00,4123060,,2026-04-15T19:30:38+08:00,1,0,CC人工改派,1,1,2026-04-23 20:00 ~ 20:30,2026-04-23 20:00 ~ 20:30,end,0,0,1,1,1,0,1,20,1,1,2026/4/24 0:45,2026/4/24 0:45,20,0,0,0,,,,,,,,,valid_lead,has_order_attendance_or_effective_call,medium,attended_not_closed,joined_by_user_id_only,missing_order
2026-04-29,2026-04,62812898,4122734,,,2026-04-02T18:46:20+08:00,4122734,,2026-04-02T18:46:20+08:00,1,0,CC人工改派,1,3,2026-03-30 20:30 ~ 21:00,2026-04-02 21:00 ~ 21:30,end,1,0,1,2,1,1,0,784,2,2,2026/3/30 20:32,2026/4/24 1:00,0,0,0,0,,,,,,,,,valid_lead,has_order_attendance_or_effective_call,medium,attended_not_closed,joined_by_user_id_only,missing_order
2026-04-29,2026-04,62813531,4123060,,,2026-04-15T19:31:06+08:00,4123060,,2026-04-15T19:31:06+08:00,1,0,CC人工改派,0,0,,,,0,0,0,1,1,1,0,406,1,1,2026/4/15 19:58,2026/4/15 19:58,406,0,0,0,,,,,,,,,valid_lead,has_order_attendance_or_effective_call,medium,no_booking,joined_by_user_id_only,missing_trial|missing_order
2026-04-29,2026-04,62814239,4122734,,,2026-04-02T18:46:21+08:00,4122734,,2026-04-02T18:46:21+08:00,1,0,CC人工改派,1,1,2026-04-01 21:30 ~ 22:00,2026-04-01 21:30 ~ 22:00,s_absent,0,1,0,2,0,0,0,0,2,2,2026/3/30 19:53,2026/4/24 1:45,0,0,0,0,,,,,,,,,unknown,insufficient_contact_attempts,low,booked_not_attended,joined_by_user_id_only,missing_order
2026-04-29,2026-04,62814904,4121806,,,2026-04-02T18:47:05+08:00,4121806,,2026-04-02T18:47:05+08:00,1,0,CC人工改派,1,1,2026-04-01 19:30 ~ 20:00,2026-04-01 19:30 ~ 20:00,s_absent,0,1,0,1,1,1,0,77,1,1,2026/3/30 19:56,2026/3/30 19:56,77,0,0,0,,,,,,,,,valid_lead,has_order_attendance_or_effective_call,medium,booked_not_attended,joined_by_user_id_only,missing_order
2026-04-29,2026-04,62815659,4121807,,,2026-04-15T17:13:16+08:00,4121807,,2026-04-15T17:13:16+08:00,1,0,CC人工改派,0,0,,,,0,0,0,1,0,0,0,0,1,1,2026/4/15 19:00,2026/4/15 19:00,0,0,0,0,,,,,,,,,unknown,insufficient_contact_attempts,low,no_booking,joined_by_user_id_only,missing_trial|missing_order
2026-04-29,2026-04,62817462,4121806,,,2026-04-02T18:47:05+08:00,4121806,,2026-04-02T18:47:05+08:00,1,0,CC人工改派,1,2,2026-04-01 17:00 ~ 17:30,2026-04-01 20:30 ~ 21:00,end,1,0,1,0,0,0,0,0,0,0,,,0,0,0,0,,,,,,,,,valid_lead,has_order_attendance_or_effective_call,medium,attended_not_closed,joined_by_user_id_only,missing_call|missing_order
2026-04-29,2026-04,62818560,4122734,,,2026-04-02T18:46:21+08:00,4122734,,2026-04-02T18:46:21+08:00,1,0,CC人工改派,1,2,2026-04-02 14:30 ~ 15:00,2026-04-04 15:30 ~ 16:00,s_absent,1,1,0,1,1,1,0,34,1,1,2026/4/24 0:56,2026/4/24 0:56,34,0,0,0,,,,,,,,,valid_lead,has_order_attendance_or_effective_call,medium,booked_not_attended,joined_by_user_id_only,missing_order
2026-04-29,2026-04,62818669,4121806,,,2026-04-02T18:47:05+08:00,4121806,,2026-04-02T18:47:05+08:00,1,0,CC人工改派,1,1,2026-04-01 18:00 ~ 18:30,2026-04-01 18:00 ~ 18:30,end,0,0,1,0,0,0,0,0,0,0,,,0,0,0,0,,,,,,,,,valid_lead,has_order_attendance_or_effective_call,medium,attended_not_closed,joined_by_user_id_only,missing_call|missing_order
2026-04-29,2026-04,62819563,4123060,,,2026-04-15T19:31:56+08:00,4123060,,2026-04-15T19:31:56+08:00,1,0,CC人工改派,0,0,,,,0,0,0,1,0,0,0,0,1,1,2026/4/16 1:00,2026/4/16 1:00,0,0,0,0,,,,,,,,,unknown,insufficient_contact_attempts,low,no_booking,joined_by_user_id_only,missing_trial|missing_order
2026-04-29,2026-04,62820018,4122734,,,2026-04-15T20:21:49+08:00,4122734,,2026-04-15T20:21:49+08:00,1,0,CC人工改派,0,0,,,,0,0,0,1,1,1,0,36,1,1,2026/4/17 2:16,2026/4/17 2:16,36,0,0,0,,,,,,,,,valid_lead,has_order_attendance_or_effective_call,medium,no_booking,joined_by_user_id_only,missing_trial|missing_order
2026-04-29,2026-04,62820155,4122734,,,2026-04-02T18:46:21+08:00,4122734,,2026-04-02T18:46:21+08:00,1,0,CC人工改派,1,1,2026-04-02 15:30 ~ 16:00,2026-04-02 15:30 ~ 16:00,end,0,0,1,1,0,0,0,0,1,1,2026/4/24 1:14,2026/4/24 1:14,0,0,0,0,,,,,,,,,valid_lead,has_order_attendance_or_effective_call,medium,attended_not_closed,joined_by_user_id_only,missing_order
2026-04-29,2026-04,62822324,4122734,,,2026-04-02T18:46:20+08:00,4122734,,2026-04-02T18:46:20+08:00,1,0,CC人工改派,1,1,2026-04-02 21:00 ~ 21:30,2026-04-02 21:00 ~ 21:30,cancel,1,0,0,1,0,0,0,0,1,1,2026/4/19 21:52,2026/4/19 21:52,0,0,0,0,,,,,,,,,unknown,insufficient_contact_attempts,low,booked_not_attended,joined_by_user_id_only,missing_order
2026-04-29,2026-04,62822505,4122734,,,2026-04-02T18:46:21+08:00,4122734,,2026-04-02T18:46:21+08:00,1,0,CC人工改派,1,1,2026-04-02 17:00 ~ 17:30,2026-04-02 17:00 ~ 17:30,cancel,1,0,0,1,1,1,0,27,1,1,2026/4/24 1:01,2026/4/24 1:01,27,0,0,0,,,,,,,,,valid_lead,has_order_attendance_or_effective_call,medium,booked_not_attended,joined_by_user_id_only,missing_order
2026-04-29,2026-04,62824397,4121807,,,2026-04-02T00:22:34+08:00,4121807,,2026-04-02T00:22:34+08:00,1,0,CC人工改派,1,1,2026-04-02 20:00 ~ 20:30,2026-04-02 20:00 ~ 20:30,end,0,0,1,1,0,0,0,0,1,1,2026/4/8 22:41,2026/4/8 22:41,0,0,0,0,,,,,,,,,valid_lead,has_order_attendance_or_effective_call,medium,attended_not_closed,joined_by_user_id_only,missing_order
2026-04-29,2026-04,62826279,4122734,,,2026-04-01T19:22:48+08:00,4122734,,2026-04-01T19:22:48+08:00,1,0,CC人工改派,1,1,2026-04-01 19:30 ~ 20:00,2026-04-01 19:30 ~ 20:00,s_absent,0,1,0,1,0,0,0,0,1,1,2026/4/23 21:41,2026/4/23 21:41,0,0,0,0,,,,,,,,,unknown,insufficient_contact_attempts,low,booked_not_attended,joined_by_user_id_only,missing_order
2026-04-29,2026-04,62826706,4121806,,,2026-04-01T00:30:28+08:00,4121806,,2026-04-01T00:30:28+08:00,1,0,CC人工改派,1,2,2026-04-02 13:00 ~ 13:30,2026-04-05 16:30 ~ 17:00,cancel,1,1,0,1,0,0,0,0,1,1,2026/4/5 21:16,2026/4/5 21:16,0,0,0,0,,,,,,,,,unknown,insufficient_contact_attempts,low,booked_not_attended,joined_by_user_id_only,missing_order
2026-04-29,2026-04,62826842,4123060,,,2026-04-01T00:23:55+08:00,4123060,,2026-04-01T00:23:55+08:00,1,0,CC人工改派,1,2,2026-04-02 13:30 ~ 14:00,2026-04-06 17:30 ~ 18:00,cancel,1,0,0,1,0,0,0,0,1,1,2026/4/9 19:18,2026/4/9 19:18,0,0,0,0,,,,,,,,,unknown,insufficient_contact_attempts,low,booked_not_attended,joined_by_user_id_only,missing_order
2026-04-29,2026-04,62827168,4121806,,,2026-04-01T00:34:07+08:00,4121806,,2026-04-01T00:34:07+08:00,1,0,中东成人高中生分配,1,1,2026-04-04 15:30 ~ 16:00,2026-04-04 15:30 ~ 16:00,cancel,1,0,0,1,1,1,0,71,1,1,2026/4/2 19:50,2026/4/2 19:50,71,0,0,0,,,,,,,,,valid_lead,has_order_attendance_or_effective_call,medium,booked_not_attended,joined_by_user_id_only,missing_order
2026-04-29,2026-04,62827171,4122734,,,2026-04-01T00:35:17+08:00,4122734,,2026-04-01T00:35:17+08:00,1,0,中东成人高中生分配,1,2,2026-04-04 14:30 ~ 15:00,2026-04-08 20:00 ~ 20:30,end,1,0,1,1,0,0,0,0,1,1,2026/4/9 0:56,2026/4/9 0:56,0,0,0,0,,,,,,,,,valid_lead,has_order_attendance_or_effective_call,medium,attended_not_closed,joined_by_user_id_only,missing_order
2026-04-29,2026-04,62827378,4123061,,,2026-04-02T00:22:47+08:00,4123061,,2026-04-02T00:22:47+08:00,1,0,CC人工改派,1,1,2026-04-02 16:30 ~ 17:00,2026-04-02 16:30 ~ 17:00,end,0,0,1,1,1,1,0,207,1,1,2026/4/8 22:07,2026/4/8 22:07,207,0,1,0,,,,,,,,,valid_lead,has_order_attendance_or_effective_call,medium,attended_not_closed,joined_by_user_id_only,missing_order
2026-04-29,2026-04,62827404,4123060,,,2026-04-01T00:16:21+08:00,4123060,,2026-04-01T00:16:21+08:00,1,0,中东成人高中生分配,1,1,2026-04-04 14:00 ~ 14:30,2026-04-04 14:00 ~ 14:30,cancel,1,0,0,1,0,0,0,0,1,1,2026/4/4 18:45,2026/4/4 18:45,0,0,0,0,,,,,,,,,unknown,insufficient_contact_attempts,low,booked_not_attended,joined_by_user_id_only,missing_order
2026-04-29,2026-04,62827409,4123061,,,2026-04-01T00:21:36+08:00,4123061,,2026-04-01T00:21:36+08:00,1,0,中东成人高中生分配,1,1,2026-04-05 20:00 ~ 20:30,2026-04-05 20:00 ~ 20:30,s_absent,0,1,0,1,0,0,0,0,1,1,2026/4/7 18:16,2026/4/7 18:16,0,0,0,0,,,,,,,,,unknown,insufficient_contact_attempts,low,booked_not_attended,joined_by_user_id_only,missing_order
2026-04-29,2026-04,62827921,4122734,,,2026-04-01T18:02:13+08:00,4122734,,2026-04-01T18:02:13+08:00,1,0,CC人工改派,1,1,2026-04-01 21:00 ~ 21:30,2026-04-01 21:00 ~ 21:30,cancel,1,0,0,1,1,1,0,41,1,1,2026/4/23 21:33,2026/4/23 21:33,41,0,0,0,,,,,,,,,valid_lead,has_order_attendance_or_effective_call,medium,booked_not_attended,joined_by_user_id_only,missing_order
2026-04-29,2026-04,62827927,4121807,,,2026-04-01T02:00:38+08:00,4121807,,2026-04-01T02:00:38+08:00,1,0,中东成人高中生分配,1,1,2026-04-02 18:00 ~ 18:30,2026-04-02 18:00 ~ 18:30,cancel,1,0,0,1,0,0,0,0,1,1,2026/4/2 20:11,2026/4/2 20:11,0,0,0,0,,,,,,,,,unknown,insufficient_contact_attempts,low,booked_not_attended,joined_by_user_id_only,missing_order
2026-04-29,2026-04,62828058,4121806,,,2026-04-01T02:48:02+08:00,4121806,,2026-04-01T02:48:02+08:00,1,0,转介绍分配cc,1,1,2026-04-01 16:00 ~ 16:30,2026-04-01 16:00 ~ 16:30,s_absent,0,1,0,0,0,0,0,0,0,0,,,0,0,0,0,,,,,,,,,valid_lead,has_booking_signal,low,booked_not_attended,joined_by_user_id_only,missing_call|missing_order
2026-04-29,2026-04,62828078,4123060,,,2026-04-01T18:49:12+08:00,4123060,,2026-04-01T18:49:12+08:00,1,0,CC人工改派,1,1,2026-04-04 14:30 ~ 15:00,2026-04-04 14:30 ~ 15:00,cancel,1,0,0,1,0,0,0,0,1,1,2026/4/1 20:45,2026/4/1 20:45,0,0,0,0,,,,,,,,,unknown,insufficient_contact_attempts,low,booked_not_attended,joined_by_user_id_only,missing_order
2026-04-29,2026-04,62828085,4123057,,,2026-04-01T03:20:39+08:00,4123057,,2026-04-01T03:20:39+08:00,1,0,中东成人高中生分配,1,1,2026-04-04 14:00 ~ 14:30,2026-04-04 14:00 ~ 14:30,end,0,0,1,1,0,0,0,0,1,1,2026/4/21 20:25,2026/4/21 20:25,0,0,0,0,,,,,,,,,valid_lead,has_order_attendance_or_effective_call,medium,attended_not_closed,joined_by_user_id_only,missing_order
2026-04-29,2026-04,62828216,4123060,,,2026-04-01T03:40:57+08:00,4123060,,2026-04-01T03:40:57+08:00,1,0,中东成人高中生分配,1,2,2026-04-04 16:30 ~ 17:00,2026-04-04 16:30 ~ 17:00,cancel,1,0,0,1,1,1,0,619,1,1,2026/4/1 20:52,2026/4/1 20:52,619,0,0,0,,,,,,,,,valid_lead,has_order_attendance_or_effective_call,medium,booked_not_attended,joined_by_user_id_only,missing_order
2026-04-29,2026-04,62828391,4122734,,,2026-04-01T05:25:02+08:00,4122734,,2026-04-01T05:25:02+08:00,1,0,中东成人高中生分配,1,2,2026-04-01 14:00 ~ 14:30,2026-04-01 21:30 ~ 22:00,s_absent,1,1,0,1,0,0,0,0,1,1,2026/4/2 20:25,2026/4/2 20:25,0,0,0,0,,,,,,,,,unknown,insufficient_contact_attempts,low,booked_not_attended,joined_by_user_id_only,missing_order
2026-04-29,2026-04,62828441,4123061,,,2026-04-01T04:20:32+08:00,4123061,,2026-04-01T04:20:32+08:00,1,0,中东成人高中生分配,1,1,2026-04-01 17:30 ~ 18:00,2026-04-01 17:30 ~ 18:00,cancel,1,0,0,1,1,1,0,517,1,1,2026/4/1 19:57,2026/4/1 19:57,517,0,0,0,,,,,,,,,valid_lead,has_order_attendance_or_effective_call,medium,booked_not_attended,joined_by_user_id_only,missing_order
2026-04-29,2026-04,62828447,4121806,,,2026-04-01T04:27:23+08:00,4121806,,2026-04-01T04:27:23+08:00,1,0,中东成人高中生分配,1,1,2026-04-05 19:00 ~ 19:30,2026-04-05 19:00 ~ 19:30,s_absent,0,1,0,1,1,1,0,398,1,1,2026/4/2 20:56,2026/4/2 20:56,398,0,0,0,,,,,,,,,valid_lead,has_order_attendance_or_effective_call,medium,booked_not_attended,joined_by_user_id_only,missing_order
2026-04-29,2026-04,62828497,4123061,,,2026-04-01T22:32:14+08:00,4123061,,2026-04-01T22:32:14+08:00,1,0,CC人工改派,1,1,2026-04-04 14:00 ~ 14:30,2026-04-04 14:00 ~ 14:30,cancel,1,0,0,1,0,0,0,0,1,1,2026/4/7 18:40,2026/4/7 18:40,0,0,0,0,,,,,,,,,unknown,insufficient_contact_attempts,low,booked_not_attended,joined_by_user_id_only,missing_order
2026-04-29,2026-04,62828498,4122734,,,2026-04-01T18:49:28+08:00,4122734,,2026-04-01T18:49:28+08:00,1,0,CC人工改派,1,1,2026-04-04 16:00 ~ 16:30,2026-04-04 16:00 ~ 16:30,cancel,1,0,0,1,1,1,0,55,1,1,2026/4/23 20:52,2026/4/23 20:52,55,0,0,0,,,,,,,,,valid_lead,has_order_attendance_or_effective_call,medium,booked_not_attended,joined_by_user_id_only,missing_order
2026-04-29,2026-04,62828569,4123057,,,2026-04-01T06:51:36+08:00,4123057,,2026-04-01T06:51:36+08:00,1,0,中东成人高中生分配,1,1,2026-04-01 16:30 ~ 17:00,2026-04-01 16:30 ~ 17:00,s_absent,0,1,0,1,0,0,0,0,1,1,2026/4/1 21:29,2026/4/1 21:29,0,0,0,0,,,,,,,,,unknown,insufficient_contact_attempts,low,booked_not_attended,joined_by_user_id_only,missing_order
2026-04-29,2026-04,62828591,4123061,,,2026-04-01T07:30:50+08:00,4123061,,2026-04-01T07:30:50+08:00,1,0,中东成人高中生分配,1,1,2026-04-04 15:00 ~ 15:30,2026-04-04 15:00 ~ 15:30,s_absent,0,1,0,1,1,1,0,364,1,1,2026/4/1 21:11,2026/4/1 21:11,364,0,0,0,,,,,,,,,valid_lead,has_order_attendance_or_effective_call,medium,booked_not_attended,joined_by_user_id_only,missing_order
2026-04-29,2026-04,62828643,4123060,,,2026-04-01T07:04:30+08:00,4123060,,2026-04-01T07:04:30+08:00,1,0,中东成人高中生分配,1,1,2026-04-01 15:30 ~ 16:00,2026-04-01 15:30 ~ 16:00,end,0,0,1,3,0,0,0,0,1,1,2026/4/26 18:55,2026-04-26 18:57:06,0,0,0,0,,,,,,,,,valid_lead,has_order_attendance_or_effective_call,medium,attended_not_closed,joined_by_user_id_only,missing_order
2026-04-29,2026-04,62828712,4121807,,,2026-04-01T06:12:12+08:00,4121807,,2026-04-01T06:12:12+08:00,1,0,中东成人高中生分配,1,1,2026-04-01 17:00 ~ 17:30,2026-04-01 17:00 ~ 17:30,end,0,0,1,1,1,1,0,432,1,1,2026/4/1 20:29,2026/4/1 20:29,432,1,0,0,,,,,,,,,valid_lead,has_order_attendance_or_effective_call,medium,attended_not_closed,joined_by_user_id_only,missing_order
2026-04-29,2026-04,62828789,4121806,,,2026-04-01T08:12:38+08:00,4121806,,2026-04-01T08:12:38+08:00,1,0,中东成人高中生分配,1,1,2026-04-05 21:30 ~ 22:00,2026-04-05 21:30 ~ 22:00,s_absent,0,1,0,1,0,0,0,0,1,1,2026/4/3 0:56,2026/4/3 0:56,0,0,0,0,,,,,,,,,unknown,insufficient_contact_attempts,low,booked_not_attended,joined_by_user_id_only,missing_order
2026-04-29,2026-04,62828813,4123060,,,2026-04-01T18:02:53+08:00,4123060,,2026-04-01T18:02:53+08:00,1,0,CC人工改派,1,1,2026-04-01 13:00 ~ 13:30,2026-04-01 13:00 ~ 13:30,s_absent,0,1,0,1,0,0,0,0,1,1,2026/4/1 20:26,2026/4/1 20:26,0,0,0,0,,,,,,,,,unknown,insufficient_contact_attempts,low,booked_not_attended,joined_by_user_id_only,missing_order
2026-04-29,2026-04,62828945,4122734,,,2026-04-01T19:22:48+08:00,4122734,,2026-04-01T19:22:48+08:00,1,0,CC人工改派,1,1,2026-04-01 13:30 ~ 14:00,2026-04-01 13:30 ~ 14:00,s_absent,0,1,0,1,0,0,0,0,1,1,2026/4/23 22:23,2026/4/23 22:23,0,0,0,0,,,,,,,,,unknown,insufficient_contact_attempts,low,booked_not_attended,joined_by_user_id_only,missing_order
2026-04-29,2026-04,62829117,4122734,,,2026-04-01T09:08:48+08:00,4122734,,2026-04-01T09:08:48+08:00,1,0,中东成人高中生分配,1,1,2026-04-01 15:00 ~ 15:30,2026-04-01 15:00 ~ 15:30,cancel,1,0,0,1,1,1,0,41,1,1,2026/4/23 22:05,2026/4/23 22:05,41,0,0,0,,,,,,,,,valid_lead,has_order_attendance_or_effective_call,medium,booked_not_attended,joined_by_user_id_only,missing_order
2026-04-29,2026-04,62829162,4121807,,,2026-04-01T10:35:38+08:00,4121807,,2026-04-01T10:35:38+08:00,1,0,中东成人高中生分配,1,1,2026-04-05 17:30 ~ 18:00,2026-04-05 17:30 ~ 18:00,s_absent,0,1,0,1,0,0,0,0,1,1,2026/4/5 22:15,2026/4/5 22:15,0,0,0,0,,,,,,,,,unknown,insufficient_contact_attempts,low,booked_not_attended,joined_by_user_id_only,missing_order
2026-04-29,2026-04,62829446,4123057,,,2026-04-01T18:58:59+08:00,4123057,,2026-04-01T18:58:59+08:00,1,0,CC人工改派,1,1,2026-04-04 15:00 ~ 15:30,2026-04-04 15:00 ~ 15:30,s_absent,0,1,0,1,1,1,0,272,1,1,2026/4/4 19:52,2026/4/4 19:52,272,0,0,0,,,,,,,,,valid_lead,has_order_attendance_or_effective_call,medium,booked_not_attended,joined_by_user_id_only,missing_order
2026-04-29,2026-04,62829654,4123060,,,2026-04-01T18:58:31+08:00,4123060,,2026-04-01T18:58:31+08:00,1,0,CC人工改派,1,2,2026-04-04 15:00 ~ 15:30,2026-04-06 19:00 ~ 19:30,cancel,1,0,0,1,0,0,0,0,1,1,2026/4/6 20:16,2026/4/6 20:16,0,0,0,0,,,,,,,,,unknown,insufficient_contact_attempts,low,booked_not_attended,joined_by_user_id_only,missing_order
2026-04-29,2026-04,62829670,4123057,,,2026-04-01T12:15:53+08:00,4123057,,2026-04-01T12:15:53+08:00,1,0,中东成人高中生分配,1,1,2026-04-04 16:00 ~ 16:30,2026-04-04 16:00 ~ 16:30,end,0,0,1,1,0,0,0,0,1,1,2026/4/1 20:44,2026/4/1 20:44,0,0,0,0,,,,,,,,,valid_lead,has_order_attendance_or_effective_call,medium,attended_not_closed,joined_by_user_id_only,missing_order
2026-04-29,2026-04,62829870,4123060,,,2026-04-01T13:08:32+08:00,4123060,,2026-04-01T13:08:32+08:00,1,0,中东成人高中生分配,1,2,2026-04-01 19:00 ~ 19:30,2026-04-05 15:30 ~ 16:00,cancel,1,0,1,1,0,0,0,0,1,1,2026/4/23 22:24,2026/4/23 22:24,0,0,0,0,,,,,,,,,valid_lead,has_order_attendance_or_effective_call,medium,attended_not_closed,joined_by_user_id_only,missing_order
2026-04-29,2026-04,62830863,4121806,,,2026-04-01T15:25:51+08:00,4121806,,2026-04-01T15:25:51+08:00,1,0,中东成人高中生分配,1,1,2026-04-05 17:00 ~ 17:30,2026-04-05 17:00 ~ 17:30,end,0,0,1,1,0,0,0,0,1,1,2026/4/5 22:01,2026/4/5 22:01,0,0,0,0,,,,,,,,,valid_lead,has_order_attendance_or_effective_call,medium,attended_not_closed,joined_by_user_id_only,missing_order
2026-04-29,2026-04,62830924,4123061,,,2026-04-01T15:14:52+08:00,4123061,,2026-04-01T15:14:52+08:00,1,0,中东成人高中生分配,1,1,2026-04-05 16:00 ~ 16:30,2026-04-05 16:00 ~ 16:30,cancel,1,0,0,1,0,0,0,0,1,1,2026/4/8 20:58,2026/4/8 20:58,0,0,0,0,,,,,,,,,unknown,insufficient_contact_attempts,low,booked_not_attended,joined_by_user_id_only,missing_order
2026-04-29,2026-04,62830963,4123061,,,2026-04-01T18:58:51+08:00,4123061,,2026-04-01T18:58:51+08:00,1,0,CC人工改派,1,1,2026-04-05 18:00 ~ 18:30,2026-04-05 18:00 ~ 18:30,cancel,1,0,0,1,1,0,0,0,1,1,2026/4/8 20:44,2026/4/8 20:44,0,0,0,0,,,,,,,,,unknown,insufficient_contact_attempts,low,booked_not_attended,joined_by_user_id_only,missing_order
2026-04-29,2026-04,62830968,4121807,,,2026-04-01T16:02:54+08:00,4121807,,2026-04-01T16:02:54+08:00,1,0,中东成人高中生分配,1,1,2026-04-05 16:30 ~ 17:00,2026-04-05 16:30 ~ 17:00,end,0,0,1,1,0,0,0,0,1,1,2026/4/8 22:27,2026/4/8 22:27,0,0,0,0,,,,,,,,,valid_lead,has_order_attendance_or_effective_call,medium,attended_not_closed,joined_by_user_id_only,missing_order
2026-04-29,2026-04,62831103,4122734,,,2026-04-01T15:41:52+08:00,4122734,,2026-04-01T15:41:52+08:00,1,0,中东成人高中生分配,1,1,2026-04-02 21:00 ~ 21:30,2026-04-02 21:00 ~ 21:30,cancel,1,0,0,1,1,1,0,157,1,1,2026/4/23 21:26,2026/4/23 21:26,157,0,0,0,,,,,,,,,valid_lead,has_order_attendance_or_effective_call,medium,booked_not_attended,joined_by_user_id_only,missing_order
2026-04-29,2026-04,62831116,4123060,,,2026-04-02T00:23:20+08:00,4123060,,2026-04-02T00:23:20+08:00,1,0,CC人工改派,1,2,2026-04-05 15:00 ~ 15:30,2026-04-05 20:00 ~ 20:30,s_absent,1,1,0,1,1,1,0,678,1,1,2026/4/2 2:43,2026/4/2 2:43,678,0,0,0,,,,,,,,,valid_lead,has_order_attendance_or_effective_call,medium,booked_not_attended,joined_by_user_id_only,missing_order
2026-04-29,2026-04,62831966,4121807,,,2026-04-01T18:58:21+08:00,4121807,,2026-04-01T18:58:21+08:00,1,0,CC人工改派,1,1,2026-04-01 14:30 ~ 15:00,2026-04-01 14:30 ~ 15:00,s_absent,0,1,0,1,1,1,0,712,1,1,2026/4/1 20:41,2026/4/1 20:41,712,0,0,0,,,,,,,,,valid_lead,has_order_attendance_or_effective_call,medium,booked_not_attended,joined_by_user_id_only,missing_order
2026-04-29,2026-04,62832203,4123057,,,2026-04-01T18:59:49+08:00,4123057,,2026-04-01T18:59:49+08:00,1,0,中东成人高中生分配,1,1,2026-04-01 14:30 ~ 15:00,2026-04-01 14:30 ~ 15:00,end,0,0,1,1,0,0,0,0,1,1,2026/4/21 22:43,2026/4/21 22:43,0,0,0,0,,,,,,,,,valid_lead,has_order_attendance_or_effective_call,medium,attended_not_closed,joined_by_user_id_only,missing_order
2026-04-29,2026-04,62832218,4123061,,,2026-04-01T19:16:34+08:00,4123061,,2026-04-01T19:16:34+08:00,1,0,中东成人高中生分配,1,1,2026-04-01 15:00 ~ 15:30,2026-04-01 15:00 ~ 15:30,s_absent,0,1,0,1,1,1,0,338,1,1,2026/4/8 21:21,2026/4/8 21:21,338,0,0,0,,,,,,,,,valid_lead,has_order_attendance_or_effective_call,medium,booked_not_attended,joined_by_user_id_only,missing_order
2026-04-29,2026-04,62832225,4121806,,,2026-04-01T19:21:25+08:00,4121806,,2026-04-01T19:21:25+08:00,1,0,中东成人高中生分配,1,2,2026-04-02 18:00 ~ 18:30,2026-04-05 16:30 ~ 17:00,cancel,1,0,1,1,1,1,0,985,1,1,2026/4/2 19:58,2026/4/2 19:58,985,1,0,0,,,,,,,,,valid_lead,has_order_attendance_or_effective_call,medium,attended_not_closed,joined_by_user_id_only,missing_order
2026-04-29,2026-04,62832293,4123061,,,2026-04-02T02:12:11+08:00,4123061,,2026-04-02T02:12:11+08:00,1,0,CC人工改派,1,1,2026-04-05 18:00 ~ 18:30,2026-04-05 18:00 ~ 18:30,cancel,1,0,0,1,0,0,0,0,1,1,2026/4/7 20:08,2026/4/7 20:08,0,0,0,0,,,,,,,,,unknown,insufficient_contact_attempts,low,booked_not_attended,joined_by_user_id_only,missing_order
2026-04-29,2026-04,62832403,4123060,,,2026-04-01T19:04:01+08:00,4123060,,2026-04-01T19:04:01+08:00,1,0,中东成人高中生分配,1,1,2026-04-01 16:00 ~ 16:30,2026-04-01 16:00 ~ 16:30,cancel,1,0,0,1,1,1,0,131,1,1,2026/4/1 19:51,2026/4/1 19:51,131,0,0,0,,,,,,,,,valid_lead,has_order_attendance_or_effective_call,medium,booked_not_attended,joined_by_user_id_only,missing_order
2026-04-29,2026-04,62832447,4122734,,,2026-04-01T19:38:26+08:00,4122734,,2026-04-01T19:38:26+08:00,1,0,中东成人高中生分配,1,1,2026-04-05 16:00 ~ 16:30,2026-04-05 16:00 ~ 16:30,cancel,1,0,0,1,0,0,0,0,1,1,2026/4/23 20:33,2026/4/23 20:33,0,0,0,0,,,,,,,,,unknown,insufficient_contact_attempts,low,booked_not_attended,joined_by_user_id_only,missing_order
2026-04-29,2026-04,62832582,4123057,,,2026-04-02T00:12:11+08:00,4123057,,2026-04-02T00:12:11+08:00,1,0,CC人工改派,1,1,2026-04-05 16:00 ~ 16:30,2026-04-05 16:00 ~ 16:30,end,0,0,1,2,1,0,1,4,2,2,2026/4/14 2:53,2026/4/20 20:27,4,0,0,0,,,,,,,,,valid_lead,has_order_attendance_or_effective_call,medium,attended_not_closed,joined_by_user_id_only,missing_order
2026-04-29,2026-04,62833035,4121807,,,2026-04-01T20:58:18+08:00,4121807,,2026-04-01T20:58:18+08:00,1,0,CC人工改派,1,1,2026-04-05 18:00 ~ 18:30,2026-04-05 18:00 ~ 18:30,end,0,0,1,1,0,0,0,0,1,1,2026/4/8 22:17,2026/4/8 22:17,0,0,0,0,,,,,,,,,valid_lead,has_order_attendance_or_effective_call,medium,attended_not_closed,joined_by_user_id_only,missing_order
2026-04-29,2026-04,62833121,4121807,,,2026-04-01T20:40:18+08:00,4121807,,2026-04-01T20:40:18+08:00,1,0,中东成人高中生分配,1,1,2026-04-05 19:30 ~ 20:00,2026-04-05 19:30 ~ 20:00,cancel,1,0,0,1,0,0,0,0,1,1,2026/4/6 0:15,2026/4/6 0:15,0,0,0,0,,,,,,,,,unknown,insufficient_contact_attempts,low,booked_not_attended,joined_by_user_id_only,missing_order
2026-04-29,2026-04,62833477,4123057,,,2026-04-01T22:17:41+08:00,4123057,,2026-04-01T22:17:41+08:00,1,0,中东成人高中生分配,1,1,2026-04-01 21:00 ~ 21:30,2026-04-01 21:00 ~ 21:30,cancel,1,0,0,1,1,1,0,84,1,1,2026/4/1 22:36,2026/4/1 22:36,84,0,0,0,,,,,,,,,valid_lead,has_order_attendance_or_effective_call,medium,booked_not_attended,joined_by_user_id_only,missing_order
2026-04-29,2026-04,62833490,4123060,,,2026-04-01T22:23:13+08:00,4123060,,2026-04-01T22:23:13+08:00,1,0,中东成人高中生分配,1,2,2026-04-02 13:30 ~ 14:00,2026-04-05 20:30 ~ 21:00,s_absent,1,1,0,1,1,1,0,900,1,1,2026/4/2 0:43,2026/4/2 0:43,900,0,0,0,,,,,,,,,valid_lead,has_order_attendance_or_effective_call,medium,booked_not_attended,joined_by_user_id_only,missing_order
2026-04-29,2026-04,62833918,4123061,,,2026-04-01T22:43:44+08:00,4123061,,2026-04-01T22:43:44+08:00,1,0,中东成人高中生分配,1,1,2026-04-05 15:30 ~ 16:00,2026-04-05 15:30 ~ 16:00,s_absent,0,1,0,1,0,0,0,0,1,1,2026/4/8 21:00,2026/4/8 21:00,0,0,0,0,,,,,,,,,unknown,insufficient_contact_attempts,low,booked_not_attended,joined_by_user_id_only,missing_order
2026-04-29,2026-04,62834044,4121806,,,2026-04-01T23:16:39+08:00,4121806,,2026-04-01T23:16:39+08:00,1,0,中东成人高中生分配,1,1,2026-04-05 20:30 ~ 21:00,2026-04-05 20:30 ~ 21:00,cancel,1,0,0,1,1,1,0,862,1,1,2026/4/3 0:26,2026/4/3 0:26,862,0,0,0,,,,,,,,,valid_lead,has_order_attendance_or_effective_call,medium,booked_not_attended,joined_by_user_id_only,missing_order
2026-04-29,2026-04,62834184,4122734,,,2026-04-02T00:18:09+08:00,4122734,,2026-04-02T00:18:09+08:00,1,0,中东成人高中生分配,1,1,2026-04-05 20:00 ~ 20:30,2026-04-05 20:00 ~ 20:30,cancel,1,0,0,1,1,1,0,192,1,1,2026/4/2 1:55,2026/4/2 1:55,192,0,0,0,,,,,,,,,valid_lead,has_order_attendance_or_effective_call,medium,booked_not_attended,joined_by_user_id_only,missing_order
2026-04-29,2026-04,62834530,4122734,,,2026-04-02T00:29:40+08:00,4122734,,2026-04-02T00:29:40+08:00,1,0,转介绍分配cc,0,0,,,,0,0,0,2,2,2,0,566,2,2,2026/4/5 19:34,2026/4/23 22:29,436,0,0,0,,,,,,,,,valid_lead,has_order_attendance_or_effective_call,medium,no_booking,joined_by_user_id_only,missing_trial|missing_order
2026-04-29,2026-04,62834660,4123060,,,2026-04-02T01:17:29+08:00,4123060,,2026-04-02T01:17:29+08:00,1,0,转介绍分配cc,1,1,2026-04-02 16:00 ~ 16:30,2026-04-02 16:00 ~ 16:30,cancel,1,0,0,1,0,0,0,0,1,1,2026/4/2 20:51,2026/4/2 20:51,0,0,0,0,,,,,,,,,unknown,insufficient_contact_attempts,low,booked_not_attended,joined_by_user_id_only,missing_order
2026-04-29,2026-04,62834711,4121807,,,2026-04-02T02:14:16+08:00,4121807,,2026-04-02T02:14:16+08:00,1,0,CC人工改派,1,1,2026-04-05 16:30 ~ 17:00,2026-04-05 16:30 ~ 17:00,cancel,1,0,0,1,1,0,1,10,1,1,2026/4/5 21:27,2026/4/5 21:27,10,0,0,0,,,,,,,,,unknown,insufficient_contact_attempts,low,booked_not_attended,joined_by_user_id_only,missing_order
2026-04-29,2026-04,62834725,4123061,,,2026-04-02T01:39:28+08:00,4123061,,2026-04-02T01:39:28+08:00,1,0,CC人工改派,1,1,2026-04-05 17:00 ~ 17:30,2026-04-05 17:00 ~ 17:30,cancel,1,0,0,1,0,0,0,0,1,1,2026/4/8 20:58,2026/4/8 20:58,0,0,0,0,,,,,,,,,unknown,insufficient_contact_attempts,low,booked_not_attended,joined_by_user_id_only,missing_order
2026-04-29,2026-04,62834736,4121807,,,2026-04-02T01:08:44+08:00,4121807,,2026-04-02T01:08:44+08:00,1,0,中东成人高中生分配,1,1,2026-04-05 17:00 ~ 17:30,2026-04-05 17:00 ~ 17:30,s_absent,0,1,0,1,0,0,0,0,1,1,2026/4/5 21:58,2026/4/5 21:58,0,0,0,0,,,,,,,,,unknown,insufficient_contact_attempts,low,booked_not_attended,joined_by_user_id_only,missing_order
2026-04-29,2026-04,62834752,4123060,,,2026-04-02T01:38:16+08:00,4123060,,2026-04-02T01:38:16+08:00,1,0,CC人工改派,1,1,2026-04-05 17:00 ~ 17:30,2026-04-05 17:00 ~ 17:30,s_absent,0,1,0,1,1,1,0,623,1,1,2026/4/2 2:30,2026/4/2 2:30,623,0,0,0,,,,,,,,,valid_lead,has_order_attendance_or_effective_call,medium,booked_not_attended,joined_by_user_id_only,missing_order
2026-04-29,2026-04,62835145,4123061,,,2026-04-02T03:25:56+08:00,4123061,,2026-04-02T03:25:56+08:00,1,0,中东成人高中生分配,1,1,2026-04-02 20:00 ~ 20:30,2026-04-02 20:00 ~ 20:30,end,0,0,1,1,0,0,0,0,1,1,2026/4/4 21:57,2026/4/4 21:57,0,0,0,0,,,,,,,,,valid_lead,has_order_attendance_or_effective_call,medium,attended_not_closed,joined_by_user_id_only,missing_order
2026-04-29,2026-04,62835231,4123057,,,2026-04-02T03:19:33+08:00,4123057,,2026-04-02T03:19:33+08:00,1,0,中东成人高中生分配,1,1,2026-04-02 18:30 ~ 19:00,2026-04-02 18:30 ~ 19:00,end,0,0,1,1,0,0,0,0,1,1,2026/4/21 20:37,2026/4/21 20:37,0,0,0,0,,,,,,,,,valid_lead,has_order_attendance_or_effective_call,medium,attended_not_closed,joined_by_user_id_only,missing_order
2026-04-29,2026-04,62835250,4121806,,,2026-04-02T03:53:58+08:00,4121806,,2026-04-02T03:53:58+08:00,1,0,中东成人高中生分配,1,1,2026-04-02 19:00 ~ 19:30,2026-04-02 19:00 ~ 19:30,cancel,1,0,0,1,0,0,0,0,1,1,2026/4/2 23:24,2026/4/2 23:24,0,0,0,0,,,,,,,,,unknown,insufficient_contact_attempts,low,booked_not_attended,joined_by_user_id_only,missing_order
2026-04-29,2026-04,62835310,4123060,,,2026-04-02T03:20:43+08:00,4123060,,2026-04-02T03:20:43+08:00,1,0,中东成人高中生分配,1,1,2026-04-02 21:00 ~ 21:30,2026-04-02 21:00 ~ 21:30,cancel,1,0,0,1,1,1,0,1317,1,1,2026/4/2 19:36,2026/4/2 19:36,1317,0,0,0,,,,,,,,,valid_lead,has_order_attendance_or_effective_call,medium,booked_not_attended,joined_by_user_id_only,missing_order
2026-04-29,2026-04,62835371,4122734,,,2026-04-02T04:43:06+08:00,4122734,,2026-04-02T04:43:06+08:00,1,0,中东成人高中生分配,1,2,2026-04-05 15:00 ~ 15:30,2026-04-08 19:30 ~ 20:00,cancel,1,0,0,1,0,0,0,0,1,1,2026/4/23 20:25,2026/4/23 20:25,0,0,0,0,,,,,,,,,unknown,insufficient_contact_attempts,low,booked_not_attended,joined_by_user_id_only,missing_order
2026-04-29,2026-04,62835394,4123061,,,2026-04-02T18:17:00+08:00,4123061,,2026-04-02T18:17:00+08:00,1,0,CC人工改派,1,1,2026-04-05 21:00 ~ 21:30,2026-04-05 21:00 ~ 21:30,cancel,1,0,0,1,1,1,0,198,1,1,2026/4/2 19:45,2026/4/2 19:45,198,0,0,0,,,,,,,,,valid_lead,has_order_attendance_or_effective_call,medium,booked_not_attended,joined_by_user_id_only,missing_order
2026-04-29,2026-04,62835486,4123057,,,2026-04-20T22:51:31+08:00,4123057,,2026-04-20T22:51:31+08:00,1,0,CC人工改派,0,0,,,,0,0,0,1,0,0,0,0,1,1,2026/4/21 1:06,2026/4/21 1:06,0,0,0,0,,,,,,,,,unknown,insufficient_contact_attempts,low,no_booking,joined_by_user_id_only,missing_trial|missing_order
2026-04-29,2026-04,62835521,4121807,,,2026-04-02T18:17:19+08:00,4121807,,2026-04-02T18:17:19+08:00,1,0,CC人工改派,1,1,2026-04-05 18:30 ~ 19:00,2026-04-05 18:30 ~ 19:00,cancel,1,0,0,1,0,0,0,0,1,1,2026/4/3 0:25,2026/4/3 0:25,0,0,0,0,,,,,,,,,unknown,insufficient_contact_attempts,low,booked_not_attended,joined_by_user_id_only,missing_order
2026-04-29,2026-04,62835531,4121807,,,2026-04-02T05:27:28+08:00,4121807,,2026-04-02T05:27:28+08:00,1,0,中东成人高中生分配,1,1,2026-04-02 18:00 ~ 18:30,2026-04-02 18:00 ~ 18:30,cancel,1,0,0,1,0,0,0,0,1,1,2026/4/2 20:32,2026/4/2 20:32,0,0,0,0,,,,,,,,,unknown,insufficient_contact_attempts,low,booked_not_attended,joined_by_user_id_only,missing_order
2026-04-29,2026-04,62835652,4123060,,,2026-04-02T18:15:10+08:00,4123060,,2026-04-02T18:15:10+08:00,1,0,CC人工改派,1,1,2026-04-02 19:30 ~ 20:00,2026-04-02 19:30 ~ 20:00,s_absent,0,1,0,1,0,0,0,0,1,1,2026/4/2 22:30,2026/4/2 22:30,0,0,0,0,,,,,,,,,unknown,insufficient_contact_attempts,low,booked_not_attended,joined_by_user_id_only,missing_order
2026-04-29,2026-04,62835780,4123057,,,2026-04-02T07:43:05+08:00,4123057,,2026-04-02T07:43:05+08:00,1,0,中东成人高中生分配,1,1,2026-04-02 20:30 ~ 21:00,2026-04-02 20:30 ~ 21:00,cancel,1,0,0,1,1,1,0,485,1,1,2026/4/2 18:09,2026/4/2 18:09,485,0,0,0,,,,,,,,,valid_lead,has_order_attendance_or_effective_call,medium,booked_not_attended,joined_by_user_id_only,missing_order
2026-04-29,2026-04,62835781,4123060,,,2026-04-02T07:48:42+08:00,4123060,,2026-04-02T07:48:42+08:00,1,0,中东成人高中生分配,1,1,2026-04-05 18:30 ~ 19:00,2026-04-05 18:30 ~ 19:00,s_absent,0,1,0,1,0,0,0,0,1,1,2026/4/2 19:23,2026/4/2 19:23,0,0,0,0,,,,,,,,,unknown,insufficient_contact_attempts,low,booked_not_attended,joined_by_user_id_only,missing_order
2026-04-29,2026-04,62835797,4123061,,,2026-04-02T08:17:52+08:00,4123061,,2026-04-02T08:17:52+08:00,1,0,中东成人高中生分配,1,1,2026-04-05 17:30 ~ 18:00,2026-04-05 17:30 ~ 18:00,s_absent,0,1,0,1,0,0,0,0,1,1,2026/4/8 20:51,2026/4/8 20:51,0,0,0,0,,,,,,,,,unknown,insufficient_contact_attempts,low,booked_not_attended,joined_by_user_id_only,missing_order
2026-04-29,2026-04,62836047,4121806,,,2026-04-02T08:25:48+08:00,4121806,,2026-04-02T08:25:48+08:00,1,0,中东成人高中生分配,1,1,2026-04-05 20:00 ~ 20:30,2026-04-05 20:00 ~ 20:30,cancel,1,0,0,1,0,0,0,0,1,1,2026/4/3 0:15,2026/4/3 0:15,0,0,0,0,,,,,,,,,unknown,insufficient_contact_attempts,low,booked_not_attended,joined_by_user_id_only,missing_order
2026-04-29,2026-04,62836158,4123057,,,2026-04-02T18:17:10+08:00,4123057,,2026-04-02T18:17:10+08:00,1,0,CC人工改派,1,1,2026-04-05 21:30 ~ 22:00,2026-04-05 21:30 ~ 22:00,cancel,1,0,0,1,0,0,0,0,1,1,2026/4/5 18:33,2026/4/5 18:33,0,0,0,0,,,,,,,,,unknown,insufficient_contact_attempts,low,booked_not_attended,joined_by_user_id_only,missing_order
2026-04-29,2026-04,62836224,4122734,,,2026-04-02T08:35:37+08:00,4122734,,2026-04-02T08:35:37+08:00,1,0,中东成人高中生分配,1,1,2026-04-05 18:30 ~ 19:00,2026-04-05 18:30 ~ 19:00,cancel,1,0,0,1,0,0,0,0,1,1,2026/4/24 0:52,2026/4/24 0:52,0,0,0,0,,,,,,,,,unknown,insufficient_contact_attempts,low,booked_not_attended,joined_by_user_id_only,missing_order
2026-04-29,2026-04,62836337,4121806,,,2026-04-02T18:16:15+08:00,4121806,,2026-04-02T18:16:15+08:00,1,0,CC人工改派,1,1,2026-04-05 20:00 ~ 20:30,2026-04-05 20:00 ~ 20:30,cancel,1,0,0,1,1,1,0,176,1,1,2026/4/3 0:19,2026/4/3 0:19,176,0,0,0,,,,,,,,,valid_lead,has_order_attendance_or_effective_call,medium,booked_not_attended,joined_by_user_id_only,missing_order
2026-04-29,2026-04,62836388,4121807,,,2026-04-02T10:28:49+08:00,4121807,,2026-04-02T10:28:49+08:00,1,0,中东成人高中生分配,1,1,2026-04-05 17:30 ~ 18:00,2026-04-05 17:30 ~ 18:00,end,0,0,1,1,0,0,0,0,1,1,2026/4/8 22:22,2026/4/8 22:22,0,0,0,0,,,,,,,,,valid_lead,has_order_attendance_or_effective_call,medium,attended_not_closed,joined_by_user_id_only,missing_order
2026-04-29,2026-04,62836400,4123057,,,2026-04-02T10:40:24+08:00,4123057,,2026-04-02T10:40:24+08:00,1,0,中东成人高中生分配,1,1,2026-04-05 21:00 ~ 21:30,2026-04-05 21:00 ~ 21:30,cancel,1,0,0,1,0,0,0,0,1,1,2026/4/6 1:28,2026/4/6 1:28,0,0,0,0,,,,,,,,,unknown,insufficient_contact_attempts,low,booked_not_attended,joined_by_user_id_only,missing_order
2026-04-29,2026-04,62836917,4123060,,,2026-04-02T18:15:19+08:00,4123060,,2026-04-02T18:15:19+08:00,1,0,CC人工改派,1,2,2026-04-05 18:00 ~ 18:30,2026-04-05 18:00 ~ 18:30,s_absent,1,1,0,2,2,2,0,661,2,1,2026/4/19 22:57,2026/4/21 1:48,64,0,0,0,,,,,,,,,valid_lead,has_order_attendance_or_effective_call,medium,booked_not_attended,joined_by_user_id_only,missing_order
2026-04-29,2026-04,62836963,4123060,,,2026-04-02T11:18:59+08:00,4123060,,2026-04-02T11:18:59+08:00,1,0,中东成人高中生分配,1,1,2026-04-05 18:30 ~ 19:00,2026-04-05 18:30 ~ 19:00,cancel,1,0,0,1,0,0,0,0,1,1,2026/4/26 19:11,2026/4/26 19:11,0,0,0,0,,,,,,,,,unknown,insufficient_contact_attempts,low,booked_not_attended,joined_by_user_id_only,missing_order
2026-04-29,2026-04,62837138,4123061,,,2026-04-02T11:23:51+08:00,4123061,,2026-04-02T11:23:51+08:00,1,0,中东成人高中生分配,1,1,2026-04-05 19:30 ~ 20:00,2026-04-05 19:30 ~ 20:00,end,0,0,1,1,0,0,0,0,1,1,2026/4/8 20:42,2026/4/8 20:42,0,0,0,0,,,,,,,,,valid_lead,has_order_attendance_or_effective_call,medium,attended_not_closed,joined_by_user_id_only,missing_order
2026-04-29,2026-04,62837230,4121806,,,2026-04-02T12:01:00+08:00,4121806,,2026-04-02T12:01:00+08:00,1,0,中东成人高中生分配,1,1,2026-04-05 19:30 ~ 20:00,2026-04-05 19:30 ~ 20:00,end,0,0,1,1,1,1,0,582,1,1,2026/4/2 21:25,2026/4/2 21:25,582,0,0,0,,,,,,,,,valid_lead,has_order_attendance_or_effective_call,medium,attended_not_closed,joined_by_user_id_only,missing_order
2026-04-29,2026-04,62837239,4122734,,,2026-04-02T12:06:06+08:00,4122734,,2026-04-02T12:06:06+08:00,1,0,中东成人高中生分配,1,1,2026-04-05 18:30 ~ 19:00,2026-04-05 18:30 ~ 19:00,cancel,1,0,0,1,0,0,0,0,1,1,2026/4/24 0:51,2026/4/24 0:51,0,0,0,0,,,,,,,,,unknown,insufficient_contact_attempts,low,booked_not_attended,joined_by_user_id_only,missing_order
2026-04-29,2026-04,62837521,4122734,,,2026-04-02T18:16:06+08:00,4122734,,2026-04-02T18:16:06+08:00,1,0,CC人工改派,1,1,2026-04-05 19:30 ~ 20:00,2026-04-05 19:30 ~ 20:00,cancel,1,0,0,1,1,1,0,34,1,1,2026/4/24 0:49,2026/4/24 0:49,34,0,0,0,,,,,,,,,valid_lead,has_order_attendance_or_effective_call,medium,booked_not_attended,joined_by_user_id_only,missing_order
2026-04-29,2026-04,62837879,4123060,,,2026-04-02T18:41:46+08:00,4123060,,2026-04-02T18:41:46+08:00,1,0,CC人工改派,1,1,2026-04-05 19:00 ~ 19:30,2026-04-05 19:00 ~ 19:30,s_absent,0,1,0,1,1,1,0,51,1,1,2026/4/2 19:31,2026/4/2 19:31,51,0,0,0,,,,,,,,,valid_lead,has_order_attendance_or_effective_call,medium,booked_not_attended,joined_by_user_id_only,missing_order
2026-04-29,2026-04,62839667,4121807,,,2026-04-02T19:00:07+08:00,4121807,,2026-04-02T19:00:07+08:00,1,0,中东成人高中生分配,1,1,2026-04-02 20:30 ~ 21:00,2026-04-02 20:30 ~ 21:00,cancel,1,0,0,1,0,0,0,0,1,1,2026/4/3 1:16,2026/4/3 1:16,0,0,0,0,,,,,,,,,unknown,insufficient_contact_attempts,low,booked_not_attended,joined_by_user_id_only,missing_order
2026-04-29,2026-04,62839898,4123060,,,2026-04-02T20:35:41+08:00,4123060,,2026-04-02T20:35:41+08:00,1,0,CC人工改派,1,1,2026-04-06 20:30 ~ 21:00,2026-04-06 20:30 ~ 21:00,cancel,1,0,0,1,1,1,0,154,1,1,2026/4/3 0:25,2026/4/3 0:25,154,0,0,0,,,,,,,,,valid_lead,has_order_attendance_or_effective_call,medium,booked_not_attended,joined_by_user_id_only,missing_order
2026-04-29,2026-04,62839947,4123057,,,2026-04-02T19:27:05+08:00,4123057,,2026-04-02T19:27:05+08:00,1,0,中东成人高中生分配,1,1,2026-04-02 15:00 ~ 15:30,2026-04-02 15:00 ~ 15:30,end,0,0,1,1,0,0,0,0,1,1,2026/4/5 19:39,2026/4/5 19:39,0,0,0,0,,,,,,,,,valid_lead,has_order_attendance_or_effective_call,medium,attended_not_closed,joined_by_user_id_only,missing_order
2026-04-29,2026-04,62841204,4123060,,,2026-04-02T21:42:29+08:00,4123060,,2026-04-02T21:42:29+08:00,1,0,中东成人高中生分配,1,1,2026-04-02 18:00 ~ 18:30,2026-04-02 18:00 ~ 18:30,end,0,0,1,1,1,1,0,107,1,1,2026/4/19 21:21,2026/4/19 21:21,107,0,1,0,,,,,,,,,valid_lead,has_order_attendance_or_effective_call,medium,attended_not_closed,joined_by_user_id_only,missing_order
2026-04-29,2026-04,62841254,4123061,,,2026-04-02T21:58:49+08:00,4123061,,2026-04-02T21:58:49+08:00,1,0,中东成人高中生分配,1,1,2026-04-02 17:30 ~ 18:00,2026-04-02 17:30 ~ 18:00,end,0,0,1,1,1,1,0,66,1,1,2026/4/8 22:02,2026/4/8 22:02,66,0,1,0,,,,,,,,,valid_lead,has_order_attendance_or_effective_call,medium,attended_not_closed,joined_by_user_id_only,missing_order
2026-04-29,2026-04,62841348,4123060,,,2026-04-02T22:13:51+08:00,4123060,,2026-04-02T22:13:51+08:00,1,0,转介绍分配cc,1,1,2026-04-05 20:00 ~ 20:30,2026-04-05 20:00 ~ 20:30,s_absent,0,1,0,2,0,0,0,0,2,2,2026/4/6 0:57,2026/4/26 19:19,0,0,0,0,,,,,,,,,unknown,insufficient_contact_attempts,low,booked_not_attended,joined_by_user_id_only,missing_order
2026-04-29,2026-04,62841487,4121806,,,2026-04-02T22:43:46+08:00,4121806,,2026-04-02T22:43:46+08:00,1,0,中东成人高中生分配,1,2,2026-04-02 18:30 ~ 19:00,2026-04-06 18:30 ~ 19:00,cancel,1,0,0,1,0,0,0,0,1,1,2026/4/2 23:21,2026/4/2 23:21,0,0,0,0,,,,,,,,,unknown,insufficient_contact_attempts,low,booked_not_attended,joined_by_user_id_only,missing_order
2026-04-29,2026-04,62841977,4123060,,,2026-04-03T00:55:18+08:00,4123060,,2026-04-03T00:55:18+08:00,1,0,CC人工改派,1,1,2026-04-06 16:00 ~ 16:30,2026-04-06 16:00 ~ 16:30,end,0,0,1,1,1,1,0,29,1,1,2026/4/15 1:45,2026/4/15 1:45,29,0,1,0,,,,,,,,,valid_lead,has_order_attendance_or_effective_call,medium,attended_not_closed,joined_by_user_id_only,missing_order
2026-04-29,2026-04,62842000,4123061,,,2026-04-03T00:55:03+08:00,4123061,,2026-04-03T00:55:03+08:00,1,0,CC人工改派,1,2,2026-04-06 18:30 ~ 19:00,2026-04-08 18:00 ~ 18:30,end,0,1,1,1,1,1,0,370,1,1,2026/4/14 1:18,2026/4/14 1:18,370,0,1,0,,,,,,,,,valid_lead,has_order_attendance_or_effective_call,medium,attended_not_closed,joined_by_user_id_only,missing_order
2026-04-29,2026-04,62842025,4122734,,,2026-04-02T23:19:50+08:00,4122734,,2026-04-02T23:19:50+08:00,1,0,中东成人高中生分配,1,2,2026-04-06 13:00 ~ 13:30,2026-04-06 19:30 ~ 20:00,s_absent,1,1,0,2,1,0,1,6,2,1,2026/4/7 0:21,2026/4/23 22:39,6,0,0,0,,,,,,,,,unknown,insufficient_contact_attempts,low,booked_not_attended,joined_by_user_id_only,missing_order
2026-04-29,2026-04,62842822,4121807,,,2026-04-03T00:31:30+08:00,4121807,,2026-04-03T00:31:30+08:00,1,0,中东成人高中生分配,1,1,2026-04-06 21:30 ~ 22:00,2026-04-06 21:30 ~ 22:00,end,0,0,1,1,1,1,0,36,1,1,2026/4/7 2:16,2026/4/7 2:16,36,1,0,0,,,,,,,,,valid_lead,has_order_attendance_or_effective_call,medium,attended_not_closed,joined_by_user_id_only,missing_order
2026-04-29,2026-04,62842921,4121807,,,2026-04-03T00:56:28+08:00,4121807,,2026-04-03T00:56:28+08:00,1,0,CC人工改派,1,1,2026-04-02 20:30 ~ 21:00,2026-04-02 20:30 ~ 21:00,cancel,1,0,0,1,1,1,0,78,1,1,2026/4/3 1:17,2026/4/3 1:17,78,0,0,0,,,,,,,,,valid_lead,has_order_attendance_or_effective_call,medium,booked_not_attended,joined_by_user_id_only,missing_order
2026-04-29,2026-04,62842975,4123060,,,2026-04-03T01:37:16+08:00,4123060,,2026-04-03T01:37:16+08:00,1,0,中东成人高中生分配,1,1,2026-04-06 20:00 ~ 20:30,2026-04-06 20:00 ~ 20:30,cancel,1,0,0,1,0,0,0,0,1,1,2026/4/7 0:54,2026/4/7 0:54,0,0,0,0,,,,,,,,,unknown,insufficient_contact_attempts,low,booked_not_attended,joined_by_user_id_only,missing_order
2026-04-29,2026-04,62843103,4123057,,,2026-04-03T00:57:58+08:00,4123057,,2026-04-03T00:57:58+08:00,1,0,中东成人高中生分配,1,1,2026-04-02 21:00 ~ 21:30,2026-04-02 21:00 ~ 21:30,cancel,1,0,0,1,1,1,0,123,1,1,2026/4/3 0:58,2026/4/3 0:58,123,0,0,0,,,,,,,,,valid_lead,has_order_attendance_or_effective_call,medium,booked_not_attended,joined_by_user_id_only,missing_order
2026-04-29,2026-04,62843362,4121806,,,2026-04-03T03:09:19+08:00,4121806,,2026-04-03T03:09:19+08:00,1,0,中东成人高中生分配,1,1,2026-04-06 13:00 ~ 13:30,2026-04-06 13:00 ~ 13:30,cancel,1,0,0,1,1,1,0,77,1,1,2026/4/4 19:52,2026/4/4 19:52,77,0,0,0,,,,,,,,,valid_lead,has_order_attendance_or_effective_call,medium,booked_not_attended,joined_by_user_id_only,missing_order
2026-04-29,2026-04,62843420,4123061,,,2026-04-03T02:44:27+08:00,4123061,,2026-04-03T02:44:27+08:00,1,0,中东成人高中生分配,1,1,2026-04-05 20:30 ~ 21:00,2026-04-05 20:30 ~ 21:00,cancel,1,0,0,1,1,1,0,60,1,1,2026/4/3 2:53,2026/4/3 2:53,60,0,0,0,,,,,,,,,valid_lead,has_order_attendance_or_effective_call,medium,booked_not_attended,joined_by_user_id_only,missing_order
2026-04-29,2026-04,62843614,4122734,,,2026-04-03T03:43:02+08:00,4122734,,2026-04-03T03:43:02+08:00,1,0,中东成人高中生分配,1,1,2026-04-06 17:00 ~ 17:30,2026-04-06 17:00 ~ 17:30,s_absent,0,1,0,1,1,1,0,78,1,1,2026/4/23 22:41,2026/4/23 22:41,78,0,0,0,,,,,,,,,valid_lead,has_order_attendance_or_effective_call,medium,booked_not_attended,joined_by_user_id_only,missing_order
2026-04-29,2026-04,62843712,4123060,,,2026-04-04T18:05:28+08:00,4123060,,2026-04-04T18:05:28+08:00,1,0,CC人工改派,1,1,2026-04-06 13:30 ~ 14:00,2026-04-06 13:30 ~ 14:00,end,0,0,1,2,0,0,0,0,2,1,2026/4/9 19:55,2026/4/14 18:22,0,0,0,0,,,,,,,,,valid_lead,has_order_attendance_or_effective_call,medium,attended_not_closed,joined_by_user_id_only,missing_order
2026-04-29,2026-04,62843751,4123060,,,2026-04-04T18:04:58+08:00,4123060,,2026-04-04T18:04:58+08:00,1,0,CC人工改派,1,1,2026-04-06 14:30 ~ 15:00,2026-04-06 14:30 ~ 15:00,cancel,1,0,0,1,0,0,0,0,1,1,2026/4/6 19:16,2026/4/6 19:16,0,0,0,0,,,,,,,,,unknown,insufficient_contact_attempts,low,booked_not_attended,joined_by_user_id_only,missing_order
2026-04-29,2026-04,62843829,4121807,,,2026-04-03T05:38:58+08:00,4121807,,2026-04-03T05:38:58+08:00,1,0,中东成人高中生分配,1,1,2026-04-06 20:30 ~ 21:00,2026-04-06 20:30 ~ 21:00,end,0,0,1,1,0,0,0,0,1,1,2026/4/8 21:55,2026/4/8 21:55,0,0,0,0,,,,,,,,,valid_lead,has_order_attendance_or_effective_call,medium,attended_not_closed,joined_by_user_id_only,missing_order
2026-04-29,2026-04,62843857,4123061,,,2026-04-04T19:27:32+08:00,4123061,,2026-04-04T19:27:32+08:00,1,0,CC人工改派,1,1,2026-04-05 20:30 ~ 21:00,2026-04-05 20:30 ~ 21:00,cancel,1,0,0,1,1,1,0,190,1,1,2026/4/5 19:34,2026/4/5 19:34,190,0,0,0,,,,,,,,,valid_lead,has_order_attendance_or_effective_call,medium,booked_not_attended,joined_by_user_id_only,missing_order
2026-04-29,2026-04,62844110,4123057,,,2026-04-03T06:46:18+08:00,4123057,,2026-04-03T06:46:18+08:00,1,0,中东成人高中生分配,1,1,2026-04-06 16:30 ~ 17:00,2026-04-06 16:30 ~ 17:00,s_absent,0,1,0,1,1,1,0,34,1,1,2026/4/6 19:03,2026/4/6 19:03,34,0,0,0,,,,,,,,,valid_lead,has_order_attendance_or_effective_call,medium,booked_not_attended,joined_by_user_id_only,missing_order
2026-04-29,2026-04,62844165,4123060,,,2026-04-03T07:40:07+08:00,4123060,,2026-04-03T07:40:07+08:00,1,0,中东成人高中生分配,1,1,2026-04-06 16:30 ~ 17:00,2026-04-06 16:30 ~ 17:00,cancel,1,0,0,0,0,0,0,0,0,0,,,0,0,0,0,,,,,,,,,valid_lead,has_booking_signal,low,booked_not_attended,joined_by_user_id_only,missing_call|missing_order
2026-04-29,2026-04,62844320,4123061,,,2026-04-03T08:24:17+08:00,4123061,,2026-04-03T08:24:17+08:00,1,0,中东成人高中生分配,1,1,2026-04-06 17:00 ~ 17:30,2026-04-06 17:00 ~ 17:30,cancel,1,0,0,1,0,0,0,0,1,1,2026/4/7 19:58,2026/4/7 19:58,0,0,0,0,,,,,,,,,unknown,insufficient_contact_attempts,low,booked_not_attended,joined_by_user_id_only,missing_order
2026-04-29,2026-04,62844482,4122734,,,2026-04-03T09:09:25+08:00,4122734,,2026-04-03T09:09:25+08:00,1,0,中东成人高中生分配,1,1,2026-04-06 17:30 ~ 18:00,2026-04-06 17:30 ~ 18:00,cancel,1,0,0,2,0,0,0,0,2,2,2026/4/4 20:45,2026/4/6 22:17,0,0,0,0,,,,,,,,,unknown,insufficient_contact_attempts,low,booked_not_attended,joined_by_user_id_only,missing_order
2026-04-29,2026-04,62844520,4121806,,,2026-04-03T08:39:11+08:00,4121806,,2026-04-03T08:39:11+08:00,1,0,中东成人高中生分配,1,1,2026-04-06 20:00 ~ 20:30,2026-04-06 20:00 ~ 20:30,cancel,1,0,0,1,1,1,0,74,1,1,2026/4/4 19:31,2026/4/4 19:31,74,0,0,0,,,,,,,,,valid_lead,has_order_attendance_or_effective_call,medium,booked_not_attended,joined_by_user_id_only,missing_order
2026-04-29,2026-04,62844816,4121806,,,2026-04-04T18:14:59+08:00,4121806,,2026-04-04T18:14:59+08:00,1,0,CC人工改派,1,1,2026-04-06 18:00 ~ 18:30,2026-04-06 18:00 ~ 18:30,cancel,1,0,0,1,1,1,0,93,1,1,2026/4/4 19:48,2026/4/4 19:48,93,0,0,0,,,,,,,,,valid_lead,has_order_attendance_or_effective_call,medium,booked_not_attended,joined_by_user_id_only,missing_order
2026-04-29,2026-04,62844833,4123060,,,2026-04-04T21:48:53+08:00,4123060,,2026-04-04T21:48:53+08:00,1,0,CC人工改派,1,2,2026-04-07 19:30 ~ 20:00,2026-04-09 20:30 ~ 21:00,cancel,1,0,0,1,0,0,0,0,1,1,2026/4/10 1:22,2026/4/10 1:22,0,0,0,0,,,,,,,,,unknown,insufficient_contact_attempts,low,booked_not_attended,joined_by_user_id_only,missing_order
2026-04-29,2026-04,62844867,4121807,,,2026-04-03T10:37:01+08:00,4121807,,2026-04-03T10:37:01+08:00,1,0,中东成人高中生分配,1,1,2026-04-06 18:00 ~ 18:30,2026-04-06 18:00 ~ 18:30,s_absent,0,1,0,1,0,0,0,0,1,1,2026/4/5 20:06,2026/4/5 20:06,0,0,0,0,,,,,,,,,unknown,insufficient_contact_attempts,low,booked_not_attended,joined_by_user_id_only,missing_order
2026-04-29,2026-04,62845540,4123060,,,2026-04-04T19:28:16+08:00,4123060,,2026-04-04T19:28:16+08:00,1,0,CC人工改派,1,1,2026-04-06 18:00 ~ 18:30,2026-04-06 18:00 ~ 18:30,cancel,1,0,0,1,1,1,0,152,1,1,2026/4/4 19:35,2026/4/4 19:35,152,0,0,0,,,,,,,,,valid_lead,has_order_attendance_or_effective_call,medium,booked_not_attended,joined_by_user_id_only,missing_order
2026-04-29,2026-04,62845575,4123057,,,2026-04-03T12:29:29+08:00,4123057,,2026-04-03T12:29:29+08:00,1,0,中东成人高中生分配,1,2,2026-04-06 19:00 ~ 19:30,2026-04-06 21:30 ~ 22:00,cancel,1,0,1,1,1,0,1,5,1,1,2026/4/6 20:00,2026/4/6 20:00,5,0,0,0,,,,,,,,,valid_lead,has_order_attendance_or_effective_call,medium,attended_not_closed,joined_by_user_id_only,missing_order
2026-04-29,2026-04,62845914,4123060,,,2026-04-03T12:32:29+08:00,4123060,,2026-04-03T12:32:29+08:00,1,0,中东成人高中生分配,1,1,2026-04-06 19:30 ~ 20:00,2026-04-06 19:30 ~ 20:00,cancel,1,0,0,1,0,0,0,0,1,1,2026/4/7 0:17,2026/4/7 0:17,0,0,0,0,,,,,,,,,unknown,insufficient_contact_attempts,low,booked_not_attended,joined_by_user_id_only,missing_order
2026-04-29,2026-04,62846140,4121806,,,2026-04-03T13:37:30+08:00,4121806,,2026-04-03T13:37:30+08:00,1,0,中东成人高中生分配,1,1,2026-04-06 19:30 ~ 20:00,2026-04-06 19:30 ~ 20:00,cancel,1,0,0,1,0,0,0,0,1,1,2026/4/7 0:18,2026/4/7 0:18,0,0,0,0,,,,,,,,,unknown,insufficient_contact_attempts,low,booked_not_attended,joined_by_user_id_only,missing_order
2026-04-29,2026-04,62846231,4123061,,,2026-04-03T13:30:46+08:00,4123061,,2026-04-03T13:30:46+08:00,1,0,中东成人高中生分配,1,1,2026-04-06 19:00 ~ 19:30,2026-04-06 19:00 ~ 19:30,end,0,0,1,1,0,0,0,0,1,1,2026/4/7 0:04,2026/4/7 0:04,0,0,0,0,,,,,,,,,valid_lead,has_order_attendance_or_effective_call,medium,attended_not_closed,joined_by_user_id_only,missing_order
2026-04-29,2026-04,62846360,4123060,,,2026-04-04T21:01:11+08:00,4123060,,2026-04-04T21:01:11+08:00,1,0,CC人工改派,1,1,2026-04-06 20:00 ~ 20:30,2026-04-06 20:00 ~ 20:30,cancel,1,0,0,1,1,1,0,73,1,1,2026/4/6 22:22,2026/4/6 22:22,73,0,0,0,,,,,,,,,valid_lead,has_order_attendance_or_effective_call,medium,booked_not_attended,joined_by_user_id_only,missing_order
2026-04-29,2026-04,62846453,4123060,,,2026-04-04T19:28:16+08:00,4123060,,2026-04-04T19:28:16+08:00,1,0,CC人工改派,1,1,2026-04-06 19:30 ~ 20:00,2026-04-06 19:30 ~ 20:00,end,0,0,1,1,0,0,0,0,1,1,2026/4/15 1:47,2026/4/15 1:47,0,0,0,0,,,,,,,,,valid_lead,has_order_attendance_or_effective_call,medium,attended_not_closed,joined_by_user_id_only,missing_order
2026-04-29,2026-04,62846610,4122734,,,2026-04-03T14:15:52+08:00,4122734,,2026-04-03T14:15:52+08:00,1,0,中东成人高中生分配,1,1,2026-04-06 19:00 ~ 19:30,2026-04-06 19:00 ~ 19:30,s_absent,0,1,0,2,1,1,0,30,2,2,2026/4/4 20:33,2026/4/7 0:27,0,0,0,0,,,,,,,,,valid_lead,has_order_attendance_or_effective_call,medium,booked_not_attended,joined_by_user_id_only,missing_order
2026-04-29,2026-04,62846624,4121806,,,2026-04-04T18:14:59+08:00,4121806,,2026-04-04T18:14:59+08:00,1,0,CC人工改派,1,2,2026-04-07 18:00 ~ 18:30,2026-04-12 17:00 ~ 17:30,s_absent,1,1,0,1,0,0,0,0,1,1,2026/4/4 18:40,2026/4/4 18:40,0,0,0,0,,,,,,,,,unknown,insufficient_contact_attempts,low,booked_not_attended,joined_by_user_id_only,missing_order
2026-04-29,2026-04,62846645,4121807,,,2026-04-03T14:40:23+08:00,4121807,,2026-04-03T14:40:23+08:00,1,0,中东成人高中生分配,1,1,2026-04-06 20:00 ~ 20:30,2026-04-06 20:00 ~ 20:30,s_absent,0,1,0,1,0,0,0,0,1,1,2026/4/4 21:51,2026/4/4 21:51,0,0,0,0,,,,,,,,,unknown,insufficient_contact_attempts,low,booked_not_attended,joined_by_user_id_only,missing_order
2026-04-29,2026-04,62846669,4123057,,,2026-04-03T15:03:27+08:00,4123057,,2026-04-03T15:03:27+08:00,1,0,中东成人高中生分配,1,2,2026-04-06 20:30 ~ 21:00,2026-04-09 13:30 ~ 14:00,s_absent,1,1,0,1,0,0,0,0,1,1,2026/4/6 19:20,2026/4/6 19:20,0,0,0,0,,,,,,,,,unknown,insufficient_contact_attempts,low,booked_not_attended,joined_by_user_id_only,missing_order
2026-04-29,2026-04,62846992,4123060,,,2026-04-03T15:49:00+08:00,4123060,,2026-04-03T15:49:00+08:00,1,0,中东成人高中生分配,1,2,2026-04-07 16:30 ~ 17:00,2026-04-08 16:30 ~ 17:00,end,1,0,1,1,0,0,0,0,1,1,2026/4/16 19:30,2026/4/16 19:30,0,0,0,0,,,,,,,,,valid_lead,has_order_attendance_or_effective_call,medium,attended_not_closed,joined_by_user_id_only,missing_order
2026-04-29,2026-04,62847077,4121806,,,2026-04-03T16:17:56+08:00,4121806,,2026-04-03T16:17:56+08:00,1,0,中东成人高中生分配,1,1,2026-04-06 20:30 ~ 21:00,2026-04-06 20:30 ~ 21:00,cancel,1,0,0,1,1,1,0,336,1,1,2026/4/8 22:35,2026/4/8 22:35,336,0,0,0,,,,,,,,,valid_lead,has_order_attendance_or_effective_call,medium,booked_not_attended,joined_by_user_id_only,missing_order
2026-04-29,2026-04,62847403,4123061,,,2026-04-03T15:54:34+08:00,4123061,,2026-04-03T15:54:34+08:00,1,0,中东成人高中生分配,1,3,2026-04-07 17:00 ~ 17:30,2026-04-14 16:30 ~ 17:00,end,1,0,1,1,1,1,0,186,1,1,2026/4/14 2:20,2026/4/14 2:20,186,0,0,0,,,,,,,,,valid_lead,has_order_attendance_or_effective_call,medium,attended_not_closed,joined_by_user_id_only,missing_order
2026-04-29,2026-04,62847485,4122734,,,2026-04-03T16:56:58+08:00,4122734,,2026-04-03T16:56:58+08:00,1,0,中东成人高中生分配,1,2,2026-04-07 17:30 ~ 18:00,2026-04-08 21:00 ~ 21:30,end,1,0,1,2,0,0,0,0,2,2,2026/4/16 1:54,2026/4/18 20:37,0,0,0,0,,,,,,,,,valid_lead,has_order_attendance_or_effective_call,medium,attended_not_closed,joined_by_user_id_only,missing_order
2026-04-29,2026-04,62848386,4121806,,,2026-04-04T18:14:59+08:00,4121806,,2026-04-04T18:14:59+08:00,1,0,CC人工改派,1,1,2026-04-06 21:30 ~ 22:00,2026-04-06 21:30 ~ 22:00,cancel,1,0,0,1,0,0,0,0,1,1,2026/4/4 19:02,2026/4/4 19:02,0,0,0,0,,,,,,,,,unknown,insufficient_contact_attempts,low,booked_not_attended,joined_by_user_id_only,missing_order
2026-04-29,2026-04,62848726,4123060,,,2026-04-04T21:01:11+08:00,4123060,,2026-04-04T21:01:11+08:00,1,0,CC人工改派,1,2,2026-04-06 21:00 ~ 21:30,2026-04-07 19:30 ~ 20:00,end,1,0,1,1,1,1,0,800,1,1,2026/4/7 2:39,2026/4/7 2:39,800,0,0,0,,,,,,,,,valid_lead,has_order_attendance_or_effective_call,medium,attended_not_closed,joined_by_user_id_only,missing_order
2026-04-29,2026-04,62848953,4121807,,,2026-04-03T20:42:24+08:00,4121807,,2026-04-03T20:42:24+08:00,1,0,中东成人高中生分配,1,1,2026-04-06 21:00 ~ 21:30,2026-04-06 21:00 ~ 21:30,end,0,0,1,1,1,1,0,877,1,1,2026/4/7 2:28,2026/4/7 2:28,877,1,0,0,,,,,,,,,valid_lead,has_order_attendance_or_effective_call,medium,attended_not_closed,joined_by_user_id_only,missing_order
2026-04-29,2026-04,62848975,4121807,,,2026-04-04T19:27:52+08:00,4121807,,2026-04-04T19:27:52+08:00,1,0,CC人工改派,1,1,2026-04-08 14:30 ~ 15:00,2026-04-08 14:30 ~ 15:00,s_absent,0,1,0,1,0,0,0,0,1,1,2026/4/8 20:19,2026/4/8 20:19,0,0,0,0,,,,,,,,,unknown,insufficient_contact_attempts,low,booked_not_attended,joined_by_user_id_only,missing_order
2026-04-29,2026-04,62849363,4123057,,,2026-04-03T21:49:48+08:00,4123057,,2026-04-03T21:49:48+08:00,1,0,中东成人高中生分配,1,2,2026-04-08 19:30 ~ 20:00,2026-04-12 15:00 ~ 15:30,end,1,0,1,1,0,0,0,0,1,1,2026/4/13 23:57,2026/4/13 23:57,0,0,0,0,,,,,,,,,valid_lead,has_order_attendance_or_effective_call,medium,attended_not_closed,joined_by_user_id_only,missing_order
2026-04-29,2026-04,62849482,4123060,,,2026-04-03T21:59:47+08:00,4123060,,2026-04-03T21:59:47+08:00,1,0,中东成人高中生分配,1,1,2026-04-08 15:00 ~ 15:30,2026-04-08 15:00 ~ 15:30,s_absent,0,1,0,1,0,0,0,0,1,1,2026/4/4 18:56,2026/4/4 18:56,0,0,0,0,,,,,,,,,unknown,insufficient_contact_attempts,low,booked_not_attended,joined_by_user_id_only,missing_order
2026-04-29,2026-04,62849798,4123061,,,2026-04-03T22:54:54+08:00,4123061,,2026-04-03T22:54:54+08:00,1,0,中东成人高中生分配,1,1,2026-04-08 15:00 ~ 15:30,2026-04-08 15:00 ~ 15:30,s_absent,0,1,0,1,1,0,1,15,1,1,2026/4/4 19:22,2026/4/4 19:22,15,0,0,0,,,,,,,,,unknown,insufficient_contact_attempts,low,booked_not_attended,joined_by_user_id_only,missing_order
2026-04-29,2026-04,62850085,4121806,,,2026-04-03T23:45:48+08:00,4121806,,2026-04-03T23:45:48+08:00,1,0,中东成人高中生分配,1,1,2026-04-08 19:00 ~ 19:30,2026-04-08 19:00 ~ 19:30,s_absent,0,1,0,1,0,0,0,0,1,1,2026/4/4 18:37,2026/4/4 18:37,0,0,0,0,,,,,,,,,unknown,insufficient_contact_attempts,low,booked_not_attended,joined_by_user_id_only,missing_order
2026-04-29,2026-04,62850184,4122734,,,2026-04-04T00:10:30+08:00,4122734,,2026-04-04T00:10:30+08:00,1,0,中东成人高中生分配,1,1,2026-04-08 15:30 ~ 16:00,2026-04-08 15:30 ~ 16:00,end,0,0,1,2,0,0,0,0,2,1,2026/4/9 19:20,2026/4/14 21:07,0,0,0,0,,,,,,,,,valid_lead,has_order_attendance_or_effective_call,medium,attended_not_closed,joined_by_user_id_only,missing_order
2026-04-29,2026-04,62850296,4122734,,,2026-04-04T18:14:36+08:00,4122734,,2026-04-04T18:14:36+08:00,1,0,CC人工改派,1,1,2026-04-08 19:00 ~ 19:30,2026-04-08 19:00 ~ 19:30,s_absent,0,1,0,1,0,0,0,0,1,1,2026/4/4 20:47,2026/4/4 20:47,0,0,0,0,,,,,,,,,unknown,insufficient_contact_attempts,low,booked_not_attended,joined_by_user_id_only,missing_order
2026-04-29,2026-04,62850652,4123057,,,2026-04-04T19:27:24+08:00,4123057,,2026-04-04T19:27:24+08:00,1,0,CC人工改派,1,1,2026-04-08 21:30 ~ 22:00,2026-04-08 21:30 ~ 22:00,cancel,1,0,0,1,0,0,0,0,1,1,2026/4/7 22:13,2026/4/7 22:13,0,0,0,0,,,,,,,,,unknown,insufficient_contact_attempts,low,booked_not_attended,joined_by_user_id_only,missing_order
2026-04-29,2026-04,62850715,4121806,,,2026-04-04T21:49:11+08:00,4121806,,2026-04-04T21:49:11+08:00,1,0,CC人工改派,1,1,2026-04-08 16:00 ~ 16:30,2026-04-08 16:00 ~ 16:30,cancel,1,0,0,1,0,0,0,0,1,1,2026/4/5 19:27,2026/4/5 19:27,0,0,0,0,,,,,,,,,unknown,insufficient_contact_attempts,low,booked_not_attended,joined_by_user_id_only,missing_order
2026-04-29,2026-04,62850717,4121807,,,2026-04-04T01:10:34+08:00,4121807,,2026-04-04T01:10:34+08:00,1,0,中东成人高中生分配,1,1,2026-04-08 15:30 ~ 16:00,2026-04-08 15:30 ~ 16:00,cancel,1,0,0,1,1,1,0,63,1,1,2026/4/8 20:26,2026/4/8 20:26,63,0,0,0,,,,,,,,,valid_lead,has_order_attendance_or_effective_call,medium,booked_not_attended,joined_by_user_id_only,missing_order
2026-04-29,2026-04,62851014,4123057,,,2026-04-04T02:32:54+08:00,4123057,,2026-04-04T02:32:54+08:00,1,0,中东成人高中生分配,1,1,2026-04-08 18:30 ~ 19:00,2026-04-08 18:30 ~ 19:00,cancel,1,0,0,1,0,0,0,0,1,1,2026/4/8 19:31,2026/4/8 19:31,0,0,0,0,,,,,,,,,unknown,insufficient_contact_attempts,low,booked_not_attended,joined_by_user_id_only,missing_order
2026-04-29,2026-04,62851095,4123060,,,2026-04-04T04:01:28+08:00,4123060,,2026-04-04T04:01:28+08:00,1,0,中东成人高中生分配,1,1,2026-04-08 16:00 ~ 16:30,2026-04-08 16:00 ~ 16:30,s_absent,0,1,0,1,0,0,0,0,1,1,2026/4/4 18:51,2026/4/4 18:51,0,0,0,0,,,,,,,,,unknown,insufficient_contact_attempts,low,booked_not_attended,joined_by_user_id_only,missing_order
2026-04-29,2026-04,62851327,4123061,,,2026-04-04T05:04:58+08:00,4123061,,2026-04-04T05:04:58+08:00,1,0,中东成人高中生分配,1,1,2026-04-06 18:00 ~ 18:30,2026-04-06 18:00 ~ 18:30,cancel,1,0,0,1,1,1,0,52,1,1,2026/4/8 20:39,2026/4/8 20:39,52,0,0,0,,,,,,,,,valid_lead,has_order_attendance_or_effective_call,medium,booked_not_attended,joined_by_user_id_only,missing_order
2026-04-29,2026-04,62851537,4121806,,,2026-04-04T06:22:02+08:00,4121806,,2026-04-04T06:22:02+08:00,1,0,中东成人高中生分配,1,1,2026-04-05 19:00 ~ 19:30,2026-04-05 19:00 ~ 19:30,cancel,1,0,0,1,0,0,0,0,1,1,2026/4/5 23:46,2026/4/5 23:46,0,0,0,0,,,,,,,,,unknown,insufficient_contact_attempts,low,booked_not_attended,joined_by_user_id_only,missing_order
2026-04-29,2026-04,62851578,4121806,,,2026-04-04T20:57:33+08:00,4121806,,2026-04-04T20:57:33+08:00,1,0,CC人工改派,1,1,2026-04-06 18:30 ~ 19:00,2026-04-06 18:30 ~ 19:00,cancel,1,0,0,1,0,0,0,0,1,1,2026/4/5 21:30,2026/4/5 21:30,0,0,0,0,,,,,,,,,unknown,insufficient_contact_attempts,low,booked_not_attended,joined_by_user_id_only,missing_order
2026-04-29,2026-04,62851579,4121807,,,2026-04-04T07:52:34+08:00,4121807,,2026-04-04T07:52:34+08:00,1,0,中东成人高中生分配,1,1,2026-04-08 21:30 ~ 22:00,2026-04-08 21:30 ~ 22:00,cancel,1,0,0,1,1,1,0,300,1,1,2026/4/4 19:25,2026/4/4 19:25,300,0,0,0,,,,,,,,,valid_lead,has_order_attendance_or_effective_call,medium,booked_not_attended,joined_by_user_id_only,missing_order
2026-04-29,2026-04,62851642,4122734,,,2026-04-04T07:13:30+08:00,4122734,,2026-04-04T07:13:30+08:00,1,0,中东成人高中生分配,1,1,2026-04-05 18:30 ~ 19:00,2026-04-05 18:30 ~ 19:00,cancel,1,0,0,1,0,0,0,0,1,1,2026/4/5 19:47,2026/4/5 19:47,0,0,0,0,,,,,,,,,unknown,insufficient_contact_attempts,low,booked_not_attended,joined_by_user_id_only,missing_order
2026-04-29,2026-04,62851657,4122734,,,2026-04-04T18:15:08+08:00,4122734,,2026-04-04T18:15:08+08:00,1,0,CC人工改派,1,1,2026-04-05 18:00 ~ 18:30,2026-04-05 18:00 ~ 18:30,end,0,0,1,1,1,1,0,93,1,1,2026/4/21 23:10,2026/4/21 23:10,93,0,1,0,,,,,,,,,valid_lead,has_order_attendance_or_effective_call,medium,attended_not_closed,joined_by_user_id_only,missing_order
2026-04-29,2026-04,62852138,4123057,,,2026-04-04T09:14:43+08:00,4123057,,2026-04-04T09:14:43+08:00,1,0,中东成人高中生分配,1,1,2026-04-06 19:00 ~ 19:30,2026-04-06 19:00 ~ 19:30,cancel,1,0,0,1,1,1,0,66,1,1,2026/4/4 18:36,2026/4/4 18:36,66,0,0,0,,,,,,,,,valid_lead,has_order_attendance_or_effective_call,medium,booked_not_attended,joined_by_user_id_only,missing_order
2026-04-29,2026-04,62852301,4123061,,,2026-04-04T19:27:32+08:00,4123061,,2026-04-04T19:27:32+08:00,1,0,CC人工改派,1,1,2026-04-05 13:00 ~ 13:30,2026-04-05 13:00 ~ 13:30,s_absent,0,1,0,1,1,1,0,307,1,1,2026/4/8 21:03,2026/4/8 21:03,307,0,0,0,,,,,,,,,valid_lead,has_order_attendance_or_effective_call,medium,booked_not_attended,joined_by_user_id_only,missing_order
2026-04-29,2026-04,62852328,4123060,,,2026-04-04T09:45:32+08:00,4123060,,2026-04-04T09:45:32+08:00,1,0,中东成人高中生分配,1,1,2026-04-05 13:30 ~ 14:00,2026-04-05 13:30 ~ 14:00,cancel,1,0,0,1,1,0,1,6,1,1,2026/4/4 18:39,2026/4/4 18:39,6,0,0,0,,,,,,,,,unknown,insufficient_contact_attempts,low,booked_not_attended,joined_by_user_id_only,missing_order
2026-04-29,2026-04,62852507,4123061,,,2026-04-04T09:53:59+08:00,4123061,,2026-04-04T09:53:59+08:00,1,0,中东成人高中生分配,1,1,2026-04-08 19:00 ~ 19:30,2026-04-08 19:00 ~ 19:30,s_absent,0,1,0,1,1,1,0,36,1,1,2026/4/8 23:46,2026/4/8 23:46,36,0,0,0,,,,,,,,,valid_lead,has_order_attendance_or_effective_call,medium,booked_not_attended,joined_by_user_id_only,missing_order
2026-04-29,2026-04,62852575,4122734,,,2026-04-04T11:19:20+08:00,4122734,,2026-04-04T11:19:20+08:00,1,0,中东成人高中生分配,1,1,2026-04-08 18:30 ~ 19:00,2026-04-08 18:30 ~ 19:00,cancel,1,0,0,1,0,0,0,0,1,1,2026/4/15 0:48,2026/4/15 0:48,0,0,0,0,,,,,,,,,unknown,insufficient_contact_attempts,low,booked_not_attended,joined_by_user_id_only,missing_order
2026-04-29,2026-04,62852803,4121806,,,2026-04-04T10:43:31+08:00,4121806,,2026-04-04T10:43:31+08:00,1,0,中东成人高中生分配,1,2,2026-04-08 19:30 ~ 20:00,2026-04-08 20:30 ~ 21:00,cancel,1,1,0,1,1,1,0,480,1,1,2026/4/8 22:02,2026/4/8 22:02,480,0,0,0,,,,,,,,,valid_lead,has_order_attendance_or_effective_call,medium,booked_not_attended,joined_by_user_id_only,missing_order
2026-04-29,2026-04,62852930,4122734,,,2026-04-04T18:14:36+08:00,4122734,,2026-04-04T18:14:36+08:00,1,0,CC人工改派,1,1,2026-04-08 18:30 ~ 19:00,2026-04-08 18:30 ~ 19:00,cancel,1,0,0,1,0,0,0,0,1,1,2026/4/8 23:04,2026/4/8 23:04,0,0,0,0,,,,,,,,,unknown,insufficient_contact_attempts,low,booked_not_attended,joined_by_user_id_only,missing_order
2026-04-29,2026-04,62852941,4122734,,,2026-04-04T21:49:19+08:00,4122734,,2026-04-04T21:49:19+08:00,1,0,CC人工改派,1,1,2026-04-08 20:00 ~ 20:30,2026-04-08 20:00 ~ 20:30,end,0,0,1,1,1,1,0,383,1,1,2026/4/14 20:02,2026/4/14 20:02,383,0,1,0,,,,,,,,,valid_lead,has_order_attendance_or_effective_call,medium,attended_not_closed,joined_by_user_id_only,missing_order
2026-04-29,2026-04,62853162,4123057,,,2026-04-04T12:52:04+08:00,4123057,,2026-04-04T12:52:04+08:00,1,0,中东成人高中生分配,1,1,2026-04-08 21:30 ~ 22:00,2026-04-08 21:30 ~ 22:00,cancel,1,0,0,1,0,0,0,0,1,1,2026/4/8 20:07,2026/4/8 20:07,0,0,0,0,,,,,,,,,unknown,insufficient_contact_attempts,low,booked_not_attended,joined_by_user_id_only,missing_order
2026-04-29,2026-04,62853306,4121807,,,2026-04-04T12:01:40+08:00,4121807,,2026-04-04T12:01:40+08:00,1,0,中东成人高中生分配,1,1,2026-04-08 21:30 ~ 22:00,2026-04-08 21:30 ~ 22:00,end,0,0,1,1,1,1,0,615,1,1,2026/4/4 19:04,2026/4/4 19:04,615,0,0,0,,,,,,,,,valid_lead,has_order_attendance_or_effective_call,medium,attended_not_closed,joined_by_user_id_only,missing_order
2026-04-29,2026-04,62853325,4121807,,,2026-04-04T19:27:52+08:00,4121807,,2026-04-04T19:27:52+08:00,1,0,CC人工改派,1,1,2026-04-08 17:30 ~ 18:00,2026-04-08 17:30 ~ 18:00,s_absent,0,1,0,1,1,1,0,818,1,1,2026/4/4 20:03,2026/4/4 20:03,818,0,0,0,,,,,,,,,valid_lead,has_order_attendance_or_effective_call,medium,booked_not_attended,joined_by_user_id_only,missing_order
2026-04-29,2026-04,62853691,4123061,,,2026-04-04T15:10:03+08:00,4123061,,2026-04-04T15:10:03+08:00,1,0,中东成人高中生分配,1,1,2026-04-08 20:30 ~ 21:00,2026-04-08 20:30 ~ 21:00,s_absent,0,1,0,1,0,0,0,0,1,1,2026/4/9 1:16,2026/4/9 1:16,0,0,0,0,,,,,,,,,unknown,insufficient_contact_attempts,low,booked_not_attended,joined_by_user_id_only,missing_order
2026-04-29,2026-04,62853800,4123060,,,2026-04-04T15:01:20+08:00,4123060,,2026-04-04T15:01:20+08:00,1,0,中东成人高中生分配,1,1,2026-04-05 13:30 ~ 14:00,2026-04-05 13:30 ~ 14:00,cancel,1,0,0,1,0,0,0,0,1,1,2026/4/4 18:37,2026/4/4 18:37,0,0,0,0,,,,,,,,,unknown,insufficient_contact_attempts,low,booked_not_attended,joined_by_user_id_only,missing_order
2026-04-29,2026-04,62853999,4121806,,,2026-04-04T15:53:23+08:00,4121806,,2026-04-04T15:53:23+08:00,1,0,中东成人高中生分配,1,1,2026-04-08 19:30 ~ 20:00,2026-04-08 19:30 ~ 20:00,cancel,1,0,0,1,0,0,0,0,1,1,2026/4/9 0:17,2026/4/9 0:17,0,0,0,0,,,,,,,,,unknown,insufficient_contact_attempts,low,booked_not_attended,joined_by_user_id_only,missing_order
2026-04-29,2026-04,62854294,4121807,,,2026-04-04T21:49:32+08:00,4121807,,2026-04-04T21:49:32+08:00,1,0,CC人工改派,1,1,2026-04-08 16:30 ~ 17:00,2026-04-08 16:30 ~ 17:00,cancel,1,0,0,1,0,0,0,0,1,1,2026/4/8 21:16,2026/4/8 21:16,0,0,0,0,,,,,,,,,unknown,insufficient_contact_attempts,low,booked_not_attended,joined_by_user_id_only,missing_order
2026-04-29,2026-04,62854300,4121807,,,2026-04-04T16:58:15+08:00,4121807,,2026-04-04T16:58:15+08:00,1,0,中东成人高中生分配,1,1,2026-04-08 20:00 ~ 20:30,2026-04-08 20:00 ~ 20:30,cancel,1,0,0,1,0,0,0,0,1,1,2026/4/9 0:45,2026/4/9 0:45,0,0,0,0,,,,,,,,,unknown,insufficient_contact_attempts,low,booked_not_attended,joined_by_user_id_only,missing_order
2026-04-29,2026-04,62854471,4122734,,,2026-04-04T18:14:36+08:00,4122734,,2026-04-04T18:14:36+08:00,1,0,CC人工改派,1,1,2026-04-07 21:00 ~ 21:30,2026-04-07 21:00 ~ 21:30,s_absent,0,1,0,1,1,0,1,6,1,1,2026/4/4 22:03,2026/4/4 22:03,6,0,0,0,,,,,,,,,unknown,insufficient_contact_attempts,low,booked_not_attended,joined_by_user_id_only,missing_order
2026-04-29,2026-04,62854496,4123057,,,2026-04-04T19:27:24+08:00,4123057,,2026-04-04T19:27:24+08:00,1,0,CC人工改派,1,1,2026-04-08 19:30 ~ 20:00,2026-04-08 19:30 ~ 20:00,cancel,1,0,0,1,1,1,0,82,1,1,2026/4/5 18:46,2026/4/5 18:46,82,0,0,0,,,,,,,,,valid_lead,has_order_attendance_or_effective_call,medium,booked_not_attended,joined_by_user_id_only,missing_order
2026-04-29,2026-04,62854498,4123057,,,2026-04-04T17:01:49+08:00,4123057,,2026-04-04T17:01:49+08:00,1,0,中东成人高中生分配,1,1,2026-04-08 19:30 ~ 20:00,2026-04-08 19:30 ~ 20:00,s_absent,0,1,0,1,0,0,0,0,1,1,2026/4/9 0:14,2026/4/9 0:14,0,0,0,0,,,,,,,,,unknown,insufficient_contact_attempts,low,booked_not_attended,joined_by_user_id_only,missing_order
2026-04-29,2026-04,62854617,4122734,,,2026-04-04T16:11:20+08:00,4122734,,2026-04-04T16:11:20+08:00,1,0,中东成人高中生分配,1,2,2026-04-08 16:30 ~ 17:00,2026-04-08 21:00 ~ 21:30,s_absent,1,1,0,1,1,1,0,70,1,1,2026/4/9 2:00,2026/4/9 2:00,70,0,0,0,,,,,,,,,valid_lead,has_order_attendance_or_effective_call,medium,booked_not_attended,joined_by_user_id_only,missing_order
2026-04-29,2026-04,62855062,4123060,,,2026-04-04T17:51:34+08:00,4123060,,2026-04-04T17:51:34+08:00,1,0,中东成人高中生分配,1,1,2026-04-08 20:00 ~ 20:30,2026-04-08 20:00 ~ 20:30,s_absent,0,1,0,1,0,0,0,0,1,1,2026/4/4 18:41,2026/4/4 18:41,0,0,0,0,,,,,,,,,unknown,insufficient_contact_attempts,low,booked_not_attended,joined_by_user_id_only,missing_order
2026-04-29,2026-04,62855448,4123061,,,2026-04-04T18:16:58+08:00,4123061,,2026-04-04T18:16:58+08:00,1,0,中东成人高中生分配,1,1,2026-04-08 21:00 ~ 21:30,2026-04-08 21:00 ~ 21:30,cancel,1,0,0,1,0,0,0,0,1,1,2026/4/7 19:26,2026/4/7 19:26,0,0,0,0,,,,,,,,,unknown,insufficient_contact_attempts,low,booked_not_attended,joined_by_user_id_only,missing_order
2026-04-29,2026-04,62855532,4121806,,,2026-04-04T18:28:38+08:00,4121806,,2026-04-04T18:28:38+08:00,1,0,中东成人高中生分配,1,1,2026-04-04 14:30 ~ 15:00,2026-04-04 14:30 ~ 15:00,cancel,1,0,0,1,0,0,0,0,1,1,2026/4/4 19:15,2026/4/4 19:15,0,0,0,0,,,,,,,,,unknown,insufficient_contact_attempts,low,booked_not_attended,joined_by_user_id_only,missing_order
2026-04-29,2026-04,62855859,4122734,,,2026-04-04T19:27:36+08:00,4122734,,2026-04-04T19:27:36+08:00,1,0,中东成人高中生分配,1,1,2026-04-05 13:30 ~ 14:00,2026-04-05 13:30 ~ 14:00,s_absent,0,1,0,1,0,0,0,0,1,1,2026/4/4 22:13,2026/4/4 22:13,0,0,0,0,,,,,,,,,unknown,insufficient_contact_attempts,low,booked_not_attended,joined_by_user_id_only,missing_order
2026-04-29,2026-04,62856100,4121806,,,2026-04-04T20:56:48+08:00,4121806,,2026-04-04T20:56:48+08:00,1,0,CC人工改派,1,1,2026-04-08 21:00 ~ 21:30,2026-04-08 21:00 ~ 21:30,cancel,1,0,0,1,0,0,0,0,1,1,2026/4/8 20:23,2026/4/8 20:23,0,0,0,0,,,,,,,,,unknown,insufficient_contact_attempts,low,booked_not_attended,joined_by_user_id_only,missing_order
2026-04-29,2026-04,62856736,4121806,,,2026-04-04T20:57:34+08:00,4121806,,2026-04-04T20:57:34+08:00,1,0,CC人工改派,1,1,2026-04-06 13:00 ~ 13:30,2026-04-06 13:00 ~ 13:30,s_absent,0,1,0,1,1,1,0,205,1,1,2026/4/5 19:45,2026/4/5 19:45,205,0,0,0,,,,,,,,,valid_lead,has_order_attendance_or_effective_call,medium,booked_not_attended,joined_by_user_id_only,missing_order
2026-04-29,2026-04,62856750,4123060,,,2026-04-04T21:00:08+08:00,4123060,,2026-04-04T21:00:08+08:00,1,0,CC人工改派,1,1,2026-04-06 20:30 ~ 21:00,2026-04-06 20:30 ~ 21:00,end,0,0,1,1,1,1,0,31,1,1,2026/4/9 19:54,2026/4/9 19:54,31,0,1,0,,,,,,,,,valid_lead,has_order_attendance_or_effective_call,medium,attended_not_closed,joined_by_user_id_only,missing_order
2026-04-29,2026-04,62856769,4123057,,,2026-04-04T21:15:34+08:00,4123057,,2026-04-04T21:15:34+08:00,1,0,中东成人高中生分配,1,1,2026-04-06 20:00 ~ 20:30,2026-04-06 20:00 ~ 20:30,cancel,1,0,0,1,0,0,0,0,1,1,2026/4/7 0:50,2026/4/7 0:50,0,0,0,0,,,,,,,,,unknown,insufficient_contact_attempts,low,booked_not_attended,joined_by_user_id_only,missing_order
2026-04-29,2026-04,62856912,4121807,,,2026-04-04T20:49:52+08:00,4121807,,2026-04-04T20:49:52+08:00,1,0,中东成人高中生分配,1,1,2026-04-04 16:30 ~ 17:00,2026-04-04 16:30 ~ 17:00,s_absent,0,1,0,1,1,1,0,1330,1,1,2026/4/5 20:28,2026/4/5 20:28,1330,0,0,0,,,,,,,,,valid_lead,has_order_attendance_or_effective_call,medium,booked_not_attended,joined_by_user_id_only,missing_order
2026-04-29,2026-04,62856991,4123061,,,2026-04-04T21:57:03+08:00,4123061,,2026-04-04T21:57:03+08:00,1,0,中东成人高中生分配,1,1,2026-04-06 21:30 ~ 22:00,2026-04-06 21:30 ~ 22:00,s_absent,0,1,0,1,1,0,1,2,1,1,2026/4/7 2:15,2026/4/7 2:15,2,0,0,0,,,,,,,,,unknown,insufficient_contact_attempts,low,booked_not_attended,joined_by_user_id_only,missing_order
2026-04-29,2026-04,62857131,4123060,,,2026-04-04T21:56:04+08:00,4123060,,2026-04-04T21:56:04+08:00,1,0,中东成人高中生分配,1,1,2026-04-07 16:30 ~ 17:00,2026-04-07 16:30 ~ 17:00,s_absent,0,1,0,1,1,1,0,125,1,1,2026/4/7 2:35,2026/4/7 2:35,125,0,0,0,,,,,,,,,valid_lead,has_order_attendance_or_effective_call,medium,booked_not_attended,joined_by_user_id_only,missing_order
2026-04-29,2026-04,62857666,4121806,,,2026-04-04T23:25:22+08:00,4121806,,2026-04-04T23:25:22+08:00,1,0,中东成人高中生分配,1,1,2026-04-08 21:00 ~ 21:30,2026-04-08 21:00 ~ 21:30,cancel,1,0,0,1,1,1,0,27,1,1,2026/4/8 21:09,2026/4/8 21:09,27,0,0,0,,,,,,,,,valid_lead,has_order_attendance_or_effective_call,medium,booked_not_attended,joined_by_user_id_only,missing_order
2026-04-29,2026-04,62858053,4122734,,,2026-04-05T00:18:34+08:00,4122734,,2026-04-05T00:18:34+08:00,1,0,中东成人高中生分配,1,2,2026-04-08 16:30 ~ 17:00,2026-04-14 20:30 ~ 21:00,end,1,0,1,3,0,0,0,0,3,2,2026/4/17 0:17,2026-04-26 21:42:37,0,0,0,0,,,,,,,,,valid_lead,has_order_attendance_or_effective_call,medium,attended_not_closed,joined_by_user_id_only,missing_order
2026-04-29,2026-04,62858521,4122734,,,2026-04-05T14:25:23+08:00,4122734,,2026-04-05T14:25:23+08:00,1,0,CC人工改派,1,1,2026-04-08 17:00 ~ 17:30,2026-04-08 17:00 ~ 17:30,cancel,1,0,0,1,0,0,0,0,1,1,2026/4/8 21:27,2026/4/8 21:27,0,0,0,0,,,,,,,,,unknown,insufficient_contact_attempts,low,booked_not_attended,joined_by_user_id_only,missing_order
2026-04-29,2026-04,62858913,4122734,,,2026-04-05T14:27:22+08:00,4122734,,2026-04-05T14:27:22+08:00,1,0,CC人工改派,1,1,2026-04-08 17:00 ~ 17:30,2026-04-08 17:00 ~ 17:30,cancel,1,0,0,1,0,0,0,0,1,1,2026/4/5 20:55,2026/4/5 20:55,0,0,0,0,,,,,,,,,unknown,insufficient_contact_attempts,low,booked_not_attended,joined_by_user_id_only,missing_order
2026-04-29,2026-04,62858942,4123057,,,2026-04-05T04:22:04+08:00,4123057,,2026-04-05T04:22:04+08:00,1,0,中东成人高中生分配,1,1,2026-04-08 17:00 ~ 17:30,2026-04-08 17:00 ~ 17:30,cancel,1,0,0,1,0,0,0,0,1,1,2026/4/7 22:07,2026/4/7 22:07,0,0,0,0,,,,,,,,,unknown,insufficient_contact_attempts,low,booked_not_attended,joined_by_user_id_only,missing_order
2026-04-29,2026-04,62858944,4123060,,,2026-04-05T04:23:14+08:00,4123060,,2026-04-05T04:23:14+08:00,1,0,中东成人高中生分配,1,1,2026-04-08 18:00 ~ 18:30,2026-04-08 18:00 ~ 18:30,s_absent,0,1,0,1,0,0,0,0,1,1,2026/4/7 0:28,2026/4/7 0:28,0,0,0,0,,,,,,,,,unknown,insufficient_contact_attempts,low,booked_not_attended,joined_by_user_id_only,missing_order
2026-04-29,2026-04,62859025,4121807,,,2026-04-05T03:56:23+08:00,4121807,,2026-04-05T03:56:23+08:00,1,0,中东成人高中生分配,1,1,2026-04-08 18:30 ~ 19:00,2026-04-08 18:30 ~ 19:00,s_absent,0,1,0,1,0,0,0,0,1,1,2026/4/5 18:54,2026/4/5 18:54,0,0,0,0,,,,,,,,,unknown,insufficient_contact_attempts,low,booked_not_attended,joined_by_user_id_only,missing_order
2026-04-29,2026-04,62859049,4123060,,,2026-04-05T14:25:48+08:00,4123060,,2026-04-05T14:25:48+08:00,1,0,CC人工改派,1,3,2026-04-08 18:30 ~ 19:00,2026-04-08 18:30 ~ 19:00,end,1,0,1,1,1,0,1,5,1,1,2026/4/9 19:47,2026/4/9 19:47,5,0,0,0,,,,,,,,,valid_lead,has_order_attendance_or_effective_call,medium,attended_not_closed,joined_by_user_id_only,missing_order
2026-04-29,2026-04,62859086,4123061,,,2026-04-05T05:03:20+08:00,4123061,,2026-04-05T05:03:20+08:00,1,0,中东成人高中生分配,1,1,2026-04-08 17:30 ~ 18:00,2026-04-08 17:30 ~ 18:00,cancel,1,0,0,1,0,0,0,0,1,1,2026/4/14 1:58,2026/4/14 1:58,0,0,0,0,,,,,,,,,unknown,insufficient_contact_attempts,low,booked_not_attended,joined_by_user_id_only,missing_order
2026-04-29,2026-04,62859326,4121806,,,2026-04-05T05:56:13+08:00,4121806,,2026-04-05T05:56:13+08:00,1,0,中东成人高中生分配,1,1,2026-04-08 18:00 ~ 18:30,2026-04-08 18:00 ~ 18:30,cancel,1,0,0,1,0,0,0,0,1,1,2026/4/8 22:49,2026/4/8 22:49,0,0,0,0,,,,,,,,,unknown,insufficient_contact_attempts,low,booked_not_attended,joined_by_user_id_only,missing_order
2026-04-29,2026-04,62859355,4122734,,,2026-04-05T06:44:02+08:00,4122734,,2026-04-05T06:44:02+08:00,1,0,中东成人高中生分配,1,1,2026-04-07 21:30 ~ 22:00,2026-04-07 21:30 ~ 22:00,cancel,1,0,0,2,0,0,0,0,2,1,2026/4/5 22:29,2026/4/8 2:19,0,0,0,0,,,,,,,,,unknown,insufficient_contact_attempts,low,booked_not_attended,joined_by_user_id_only,missing_order
2026-04-29,2026-04,62859385,4121806,,,2026-04-05T19:28:38+08:00,4121806,,2026-04-05T19:28:38+08:00,1,0,CC人工改派,1,1,2026-04-07 19:00 ~ 19:30,2026-04-07 19:00 ~ 19:30,end,0,0,1,1,1,1,0,146,1,1,2026/4/8 0:27,2026/4/8 0:27,146,1,0,0,,,,,,,,,valid_lead,has_order_attendance_or_effective_call,medium,attended_not_closed,joined_by_user_id_only,missing_order
2026-04-29,2026-04,62861286,4121807,,,2026-04-05T15:22:13+08:00,4121807,,2026-04-05T15:22:13+08:00,1,0,中东成人高中生分配,1,1,2026-04-08 18:00 ~ 18:30,2026-04-08 18:00 ~ 18:30,cancel,1,0,0,1,0,0,0,0,1,1,2026/4/8 22:46,2026/4/8 22:46,0,0,0,0,,,,,,,,,unknown,insufficient_contact_attempts,low,booked_not_attended,joined_by_user_id_only,missing_order
2026-04-29,2026-04,62861347,4121806,,,2026-04-05T14:35:45+08:00,4121806,,2026-04-05T14:35:45+08:00,1,0,CC人工改派,1,1,2026-04-07 19:30 ~ 20:00,2026-04-07 19:30 ~ 20:00,s_absent,0,1,0,1,0,0,0,0,1,1,2026/4/5 23:06,2026/4/5 23:06,0,0,0,0,,,,,,,,,unknown,insufficient_contact_attempts,low,booked_not_attended,joined_by_user_id_only,missing_order
2026-04-29,2026-04,62861964,4121807,,,2026-04-05T19:29:00+08:00,4121807,,2026-04-05T19:29:00+08:00,1,0,CC人工改派,1,1,2026-04-07 20:00 ~ 20:30,2026-04-07 20:00 ~ 20:30,s_absent,0,1,0,1,0,0,0,0,1,1,2026/4/8 0:46,2026/4/8 0:46,0,0,0,0,,,,,,,,,unknown,insufficient_contact_attempts,low,booked_not_attended,joined_by_user_id_only,missing_order
2026-04-29,2026-04,62862085,4123057,,,2026-04-05T17:26:14+08:00,4123057,,2026-04-05T17:26:14+08:00,1,0,中东成人高中生分配,1,1,2026-04-08 17:00 ~ 17:30,2026-04-08 17:00 ~ 17:30,cancel,1,0,0,2,1,0,1,20,1,1,2026/4/6 0:47,2026/4/6 0:56,20,0,0,0,,,,,,,,,unknown,insufficient_contact_attempts,low,booked_not_attended,joined_by_user_id_only,missing_order
2026-04-29,2026-04,62862092,4123060,,,2026-04-05T17:35:16+08:00,4123060,,2026-04-05T17:35:16+08:00,1,0,中东成人高中生分配,1,1,2026-04-08 17:30 ~ 18:00,2026-04-08 17:30 ~ 18:00,s_absent,0,1,0,1,1,1,0,1096,1,1,2026/4/7 0:35,2026/4/7 0:35,1096,0,0,0,,,,,,,,,valid_lead,has_order_attendance_or_effective_call,medium,booked_not_attended,joined_by_user_id_only,missing_order
2026-04-29,2026-04,62862326,4123061,,,2026-04-05T17:35:31+08:00,4123061,,2026-04-05T17:35:31+08:00,1,0,中东成人高中生分配,1,1,2026-04-07 20:30 ~ 21:00,2026-04-07 20:30 ~ 21:00,s_absent,0,1,0,1,1,1,0,156,1,1,2026/4/14 2:14,2026/4/14 2:14,156,0,0,0,,,,,,,,,valid_lead,has_order_attendance_or_effective_call,medium,booked_not_attended,joined_by_user_id_only,missing_order
2026-04-29,2026-04,62863175,4121806,,,2026-04-05T19:40:37+08:00,4121806,,2026-04-05T19:40:37+08:00,1,0,中东成人高中生分配,1,1,2026-04-05 18:30 ~ 19:00,2026-04-05 18:30 ~ 19:00,end,0,0,1,1,0,0,0,0,1,1,2026/4/5 22:35,2026/4/5 22:35,0,0,0,0,,,,,,,,,valid_lead,has_order_attendance_or_effective_call,medium,attended_not_closed,joined_by_user_id_only,missing_order
2026-04-29,2026-04,62863193,4122734,,,2026-04-05T19:55:25+08:00,4122734,,2026-04-05T19:55:25+08:00,1,0,中东成人高中生分配,1,1,2026-04-05 18:30 ~ 19:00,2026-04-05 18:30 ~ 19:00,cancel,1,0,0,1,0,0,0,0,1,1,2026/4/5 20:03,2026/4/5 20:03,0,0,0,0,,,,,,,,,unknown,insufficient_contact_attempts,low,booked_not_attended,joined_by_user_id_only,missing_order
2026-04-29,2026-04,62863545,4122734,,,2026-04-05T21:26:36+08:00,4122734,,2026-04-05T21:26:36+08:00,1,0,CC人工改派,1,1,2026-04-06 15:00 ~ 15:30,2026-04-06 15:00 ~ 15:30,end,0,0,1,2,0,0,0,0,2,1,2026/4/6 19:52,2026/4/14 17:50,0,0,0,0,,,,,,,,,valid_lead,has_order_attendance_or_effective_call,medium,attended_not_closed,joined_by_user_id_only,missing_order
2026-04-29,2026-04,62863592,4121807,,,2026-04-05T20:59:51+08:00,4121807,,2026-04-05T20:59:51+08:00,1,0,中东成人高中生分配,1,1,2026-04-05 18:30 ~ 19:00,2026-04-05 18:30 ~ 19:00,end,0,0,1,1,0,0,0,0,1,1,2026/4/8 22:13,2026/4/8 22:13,0,0,0,0,,,,,,,,,valid_lead,has_order_attendance_or_effective_call,medium,attended_not_closed,joined_by_user_id_only,missing_order
2026-04-29,2026-04,62863668,4121807,,,2026-04-06T02:57:59+08:00,4121807,,2026-04-06T02:57:59+08:00,1,0,CC人工改派,1,1,2026-04-06 13:00 ~ 13:30,2026-04-06 13:00 ~ 13:30,cancel,1,0,0,1,1,1,0,195,1,1,2026/4/6 17:53,2026/4/6 17:53,195,0,0,0,,,,,,,,,valid_lead,has_order_attendance_or_effective_call,medium,booked_not_attended,joined_by_user_id_only,missing_order
2026-04-29,2026-04,62864064,4123057,,,2026-04-05T22:08:00+08:00,4123057,,2026-04-05T22:08:00+08:00,1,0,中东成人高中生分配,1,1,2026-04-06 14:00 ~ 14:30,2026-04-06 14:00 ~ 14:30,end,0,0,1,2,1,1,0,133,2,2,2026/4/7 2:12,2026/4/8 18:45,133,0,1,0,,,,,,,,,valid_lead,has_order_attendance_or_effective_call,medium,attended_not_closed,joined_by_user_id_only,missing_order
2026-04-29,2026-04,62864184,4123061,,,2026-04-06T16:41:07+08:00,4123061,,2026-04-06T16:41:07+08:00,1,0,CC人工改派,1,1,2026-04-05 21:30 ~ 22:00,2026-04-05 21:30 ~ 22:00,s_absent,0,1,0,1,1,1,0,50,1,1,2026/4/6 19:17,2026/4/6 19:17,50,0,0,0,,,,,,,,,valid_lead,has_order_attendance_or_effective_call,medium,booked_not_attended,joined_by_user_id_only,missing_order
2026-04-29,2026-04,62864384,4123057,,,2026-04-05T22:27:58+08:00,4123057,,2026-04-05T22:27:58+08:00,1,0,转介绍分配cc,0,0,,,,0,0,0,1,1,1,0,265,1,1,2026/4/20 18:33,2026/4/20 18:33,265,0,0,1,32448059,2026/4/5 21:57,2026/4/5 22:02,1500,Application Package (75),,EGCC-tasneemmahmoud,前端销售部002组,valid_lead,has_order_attendance_or_effective_call,medium,closed,joined_by_user_id_only,missing_trial
2026-04-29,2026-04,62864710,4123060,,,2026-04-05T22:22:58+08:00,4123060,,2026-04-05T22:22:58+08:00,1,0,中东成人高中生分配,1,1,2026-04-05 18:30 ~ 19:00,2026-04-05 18:30 ~ 19:00,s_absent,0,1,0,1,0,0,0,0,1,1,2026/4/10 1:59,2026/4/10 1:59,0,0,0,0,,,,,,,,,unknown,insufficient_contact_attempts,low,booked_not_attended,joined_by_user_id_only,missing_order
2026-04-29,2026-04,62864952,4123061,,,2026-04-05T23:16:42+08:00,4123061,,2026-04-05T23:16:42+08:00,1,0,中东成人高中生分配,1,1,2026-04-05 20:30 ~ 21:00,2026-04-05 20:30 ~ 21:00,cancel,1,0,0,1,1,1,0,41,1,1,2026/4/6 0:11,2026/4/6 0:11,41,0,0,0,,,,,,,,,valid_lead,has_order_attendance_or_effective_call,medium,booked_not_attended,joined_by_user_id_only,missing_order
2026-04-29,2026-04,62865230,4121806,,,2026-04-06T00:18:50+08:00,4121806,,2026-04-06T00:18:50+08:00,1,0,中东成人高中生分配,1,1,2026-04-07 17:00 ~ 17:30,2026-04-07 17:00 ~ 17:30,cancel,1,0,0,1,1,1,0,126,1,1,2026/4/7 19:37,2026/4/7 19:37,126,0,0,0,,,,,,,,,valid_lead,has_order_attendance_or_effective_call,medium,booked_not_attended,joined_by_user_id_only,missing_order
2026-04-29,2026-04,62865408,4122734,,,2026-04-06T00:25:13+08:00,4122734,,2026-04-06T00:25:13+08:00,1,0,中东成人高中生分配,1,1,2026-04-08 18:00 ~ 18:30,2026-04-08 18:00 ~ 18:30,cancel,1,0,0,1,0,0,0,0,1,1,2026/4/8 21:30,2026/4/8 21:30,0,0,0,0,,,,,,,,,unknown,insufficient_contact_attempts,low,booked_not_attended,joined_by_user_id_only,missing_order
2026-04-29,2026-04,62865518,4122734,,,2026-04-06T02:57:22+08:00,4122734,,2026-04-06T02:57:22+08:00,1,0,CC人工改派,1,1,2026-04-08 16:00 ~ 16:30,2026-04-08 16:00 ~ 16:30,end,0,0,1,1,0,0,0,0,1,1,2026/4/10 1:02,2026/4/10 1:02,0,0,0,0,,,,,,,,,valid_lead,has_order_attendance_or_effective_call,medium,attended_not_closed,joined_by_user_id_only,missing_order
2026-04-29,2026-04,62865561,4123057,,,2026-04-06T16:41:00+08:00,4123057,,2026-04-06T16:41:00+08:00,1,0,CC人工改派,1,1,2026-04-08 17:00 ~ 17:30,2026-04-08 17:00 ~ 17:30,end,0,0,1,1,1,1,0,586,1,1,2026/4/8 22:29,2026/4/8 22:29,586,1,0,0,,,,,,,,,valid_lead,has_order_attendance_or_effective_call,medium,attended_not_closed,joined_by_user_id_only,missing_order
2026-04-29,2026-04,62865624,4121807,,,2026-04-06T01:22:19+08:00,4121807,,2026-04-06T01:22:19+08:00,1,0,中东成人高中生分配,1,1,2026-04-06 18:30 ~ 19:00,2026-04-06 18:30 ~ 19:00,cancel,1,0,0,1,1,1,0,129,1,1,2026/4/6 1:25,2026/4/6 1:25,129,0,0,0,,,,,,,,,valid_lead,has_order_attendance_or_effective_call,medium,booked_not_attended,joined_by_user_id_only,missing_order
2026-04-29,2026-04,62865681,4123057,,,2026-04-06T02:17:41+08:00,4123057,,2026-04-06T02:17:41+08:00,1,0,转介绍分配cc,0,0,,,,0,0,0,0,0,0,0,0,0,0,,,0,0,0,1,32447788,2026/4/5 21:19,2026/4/5 21:24,600,Basics Package (25),,EGCC-tasneemmahmoud,前端销售部002组,valid_lead,has_order_attendance_or_effective_call,medium,closed,joined_by_user_id_only,missing_trial|missing_call
2026-04-29,2026-04,62865685,4123060,,,2026-04-06T02:20:30+08:00,4123060,,2026-04-06T02:20:30+08:00,1,0,中东成人高中生分配,1,1,2026-04-07 21:30 ~ 22:00,2026-04-07 21:30 ~ 22:00,cancel,1,0,0,2,0,0,0,0,2,1,2026/4/7 1:07,2026/4/8 2:17,0,0,0,0,,,,,,,,,unknown,insufficient_contact_attempts,low,booked_not_attended,joined_by_user_id_only,missing_order
2026-04-29,2026-04,62865706,4123057,,,2026-04-06T02:57:41+08:00,4123057,,2026-04-06T02:57:41+08:00,1,0,CC人工改派,1,1,2026-04-06 15:30 ~ 16:00,2026-04-06 15:30 ~ 16:00,end,0,0,1,1,0,0,0,0,1,1,2026/4/7 0:40,2026/4/7 0:40,0,0,0,0,,,,,,,,,valid_lead,has_order_attendance_or_effective_call,medium,attended_not_closed,joined_by_user_id_only,missing_order
2026-04-29,2026-04,62865905,4123057,,,2026-04-06T01:52:17+08:00,4123057,,2026-04-06T01:52:17+08:00,1,0,中东成人高中生分配,1,1,2026-04-08 18:00 ~ 18:30,2026-04-08 18:00 ~ 18:30,cancel,1,0,0,1,0,0,0,0,1,1,2026/4/7 22:09,2026/4/7 22:09,0,0,0,0,,,,,,,,,unknown,insufficient_contact_attempts,low,booked_not_attended,joined_by_user_id_only,missing_order
2026-04-29,2026-04,62865944,4123061,,,2026-04-06T02:31:01+08:00,4123061,,2026-04-06T02:31:01+08:00,1,0,转介绍分配cc,0,0,,,,0,0,0,1,0,0,0,0,1,1,2026/4/22 18:51,2026/4/22 18:51,0,0,0,0,,,,,,,,,unknown,insufficient_contact_attempts,low,no_booking,joined_by_user_id_only,missing_trial|missing_order
2026-04-29,2026-04,62866060,4123061,,,2026-04-06T03:49:15+08:00,4123061,,2026-04-06T03:49:15+08:00,1,0,中东成人高中生分配,1,1,2026-04-09 19:00 ~ 19:30,2026-04-09 19:00 ~ 19:30,s_absent,0,1,0,1,0,0,0,0,1,1,2026/4/14 0:46,2026/4/14 0:46,0,0,0,0,,,,,,,,,unknown,insufficient_contact_attempts,low,booked_not_attended,joined_by_user_id_only,missing_order
2026-04-29,2026-04,62866095,4121806,,,2026-04-06T04:44:06+08:00,4121806,,2026-04-06T04:44:06+08:00,1,0,中东成人高中生分配,1,1,2026-04-07 21:00 ~ 21:30,2026-04-07 21:00 ~ 21:30,end,0,0,1,1,1,1,0,122,1,1,2026/4/8 1:45,2026/4/8 1:45,122,1,0,0,,,,,,,,,valid_lead,has_order_attendance_or_effective_call,medium,attended_not_closed,joined_by_user_id_only,missing_order
2026-04-29,2026-04,62866292,4122734,,,2026-04-06T04:45:55+08:00,4122734,,2026-04-06T04:45:55+08:00,1,0,中东成人高中生分配,1,3,2026-04-09 16:30 ~ 17:00,2026-04-12 20:30 ~ 21:00,end,1,0,1,2,2,2,0,1277,1,1,2026/4/15 2:03,2026/4/15 22:15,539,0,1,0,,,,,,,,,valid_lead,has_order_attendance_or_effective_call,medium,attended_not_closed,joined_by_user_id_only,missing_order
2026-04-29,2026-04,62866465,4122734,,,2026-04-06T16:41:41+08:00,4122734,,2026-04-06T16:41:41+08:00,1,0,CC人工改派,1,1,2026-04-09 21:30 ~ 22:00,2026-04-09 21:30 ~ 22:00,cancel,1,0,0,1,1,1,0,365,1,1,2026/4/9 22:06,2026/4/9 22:06,365,0,0,0,,,,,,,,,valid_lead,has_order_attendance_or_effective_call,medium,booked_not_attended,joined_by_user_id_only,missing_order
2026-04-29,2026-04,62867214,4121806,,,2026-04-06T16:41:22+08:00,4121806,,2026-04-06T16:41:22+08:00,1,0,CC人工改派,1,1,2026-04-09 15:30 ~ 16:00,2026-04-09 15:30 ~ 16:00,cancel,1,0,0,1,0,0,0,0,1,1,2026/4/6 18:19,2026/4/6 18:19,0,0,0,0,,,,,,,,,unknown,insufficient_contact_attempts,low,booked_not_attended,joined_by_user_id_only,missing_order
2026-04-29,2026-04,62867224,4121807,,,2026-04-06T08:35:26+08:00,4121807,,2026-04-06T08:35:26+08:00,1,0,中东成人高中生分配,1,1,2026-04-09 21:30 ~ 22:00,2026-04-09 21:30 ~ 22:00,end,0,0,1,1,1,1,0,469,1,1,2026/4/14 1:08,2026/4/14 1:08,469,0,1,0,,,,,,,,,valid_lead,has_order_attendance_or_effective_call,medium,attended_not_closed,joined_by_user_id_only,missing_order
2026-04-29,2026-04,62868277,4121807,,,2026-04-06T16:40:51+08:00,4121807,,2026-04-06T16:40:51+08:00,1,0,CC人工改派,1,1,2026-04-09 21:30 ~ 22:00,2026-04-09 21:30 ~ 22:00,s_absent,0,1,0,1,0,0,0,0,1,1,2026/4/6 21:25,2026/4/6 21:25,0,0,0,0,,,,,,,,,unknown,insufficient_contact_attempts,low,booked_not_attended,joined_by_user_id_only,missing_order
2026-04-29,2026-04,62868439,4123057,,,2026-04-06T14:02:23+08:00,4123057,,2026-04-06T14:02:23+08:00,1,0,中东成人高中生分配,1,1,2026-04-09 17:00 ~ 17:30,2026-04-09 17:00 ~ 17:30,s_absent,0,1,0,2,2,0,1,6,1,1,2026/4/9 1:38,2026/4/9 22:07,0,0,0,0,,,,,,,,,unknown,insufficient_contact_attempts,low,booked_not_attended,joined_by_user_id_only,missing_order
2026-04-29,2026-04,62869208,4123060,,,2026-04-06T14:52:01+08:00,4123060,,2026-04-06T14:52:01+08:00,1,0,中东成人高中生分配,1,1,2026-04-09 16:30 ~ 17:00,2026-04-09 16:30 ~ 17:00,s_absent,0,1,0,1,0,0,0,0,1,1,2026/4/7 0:23,2026/4/7 0:23,0,0,0,0,,,,,,,,,unknown,insufficient_contact_attempts,low,booked_not_attended,joined_by_user_id_only,missing_order
2026-04-29,2026-04,62869985,4123061,,,2026-04-06T18:08:37+08:00,4123061,,2026-04-06T18:08:37+08:00,1,0,中东成人高中生分配,1,2,2026-04-09 13:30 ~ 14:00,2026-04-09 16:00 ~ 16:30,s_absent,1,1,0,1,0,0,0,0,1,1,2026/4/9 21:47,2026/4/9 21:47,0,0,0,0,,,,,,,,,unknown,insufficient_contact_attempts,low,booked_not_attended,joined_by_user_id_only,missing_order
2026-04-29,2026-04,62870350,4121806,,,2026-04-06T18:38:24+08:00,4121806,,2026-04-06T18:38:24+08:00,1,0,中东成人高中生分配,1,2,2026-04-09 13:00 ~ 13:30,2026-04-20 14:00 ~ 14:30,cancel,1,0,0,1,0,0,0,0,1,1,2026/4/20 21:27,2026/4/20 21:27,0,0,0,0,,,,,,,,,unknown,insufficient_contact_attempts,low,booked_not_attended,joined_by_user_id_only,missing_order
2026-04-29,2026-04,62870352,4121806,,,2026-04-06T19:44:43+08:00,4121806,,2026-04-06T19:44:43+08:00,1,0,CC人工改派,1,1,2026-04-06 18:30 ~ 19:00,2026-04-06 18:30 ~ 19:00,s_absent,0,1,0,1,1,1,0,29,1,1,2026/4/7 0:38,2026/4/7 0:38,29,0,0,0,,,,,,,,,valid_lead,has_order_attendance_or_effective_call,medium,booked_not_attended,joined_by_user_id_only,missing_order
2026-04-29,2026-04,62870439,4123061,,,2026-04-06T18:36:21+08:00,4123061,,2026-04-06T18:36:21+08:00,1,0,转介绍分配cc,0,0,,,,0,0,0,1,1,1,0,41,1,1,2026/4/6 18:49,2026/4/6 18:49,41,0,0,1,32449552,2026/4/6 15:37,2026/4/6 15:42,1080,Development Package (50),,EGCC-fatmamohamed,前端销售部002组,valid_lead,has_order_attendance_or_effective_call,medium,closed,joined_by_user_id_only,missing_trial
2026-04-29,2026-04,62870455,4121806,,,2026-04-06T19:44:55+08:00,4121806,,2026-04-06T19:44:55+08:00,1,0,CC人工改派,1,1,2026-04-09 14:30 ~ 15:00,2026-04-09 14:30 ~ 15:00,end,0,0,1,1,1,1,0,49,1,1,2026/4/9 19:17,2026/4/9 19:17,49,1,0,1,32460820,2026/4/9 18:30,2026/4/9 20:12,1900,Advanced Use Package (100),,51habiba.hassan,前端销售部001组,valid_lead,has_order_attendance_or_effective_call,medium,closed,joined_by_user_id_only,
2026-04-29,2026-04,62870529,4121806,,,2026-04-06T19:45:20+08:00,4121806,,2026-04-06T19:45:20+08:00,1,0,CC人工改派,1,1,2026-04-09 14:00 ~ 14:30,2026-04-09 14:00 ~ 14:30,end,0,0,1,1,1,1,0,587,1,1,2026/4/9 20:06,2026/4/9 20:06,587,0,1,1,32460893,2026/4/9 20:41,2026/4/9 20:46,840,Ramadan Special Offer-Comprehensive Learning Course-45,,51habiba.hassan,前端销售部001组,valid_lead,has_order_attendance_or_effective_call,medium,closed,joined_by_user_id_only,
2026-04-29,2026-04,62870734,4123057,,,2026-04-06T19:46:08+08:00,4123057,,2026-04-06T19:46:08+08:00,1,0,CC人工改派,1,1,2026-04-09 13:30 ~ 14:00,2026-04-09 13:30 ~ 14:00,cancel,1,0,0,1,0,0,0,0,1,1,2026/4/7 2:13,2026/4/7 2:13,0,0,0,0,,,,,,,,,unknown,insufficient_contact_attempts,low,booked_not_attended,joined_by_user_id_only,missing_order
2026-04-29,2026-04,62870801,4121807,,,2026-04-06T19:17:14+08:00,4121807,,2026-04-06T19:17:14+08:00,1,0,中东成人高中生分配,1,1,2026-04-09 21:00 ~ 21:30,2026-04-09 21:00 ~ 21:30,s_absent,0,1,0,1,0,0,0,0,1,1,2026/4/6 22:33,2026/4/6 22:33,0,0,0,0,,,,,,,,,unknown,insufficient_contact_attempts,low,booked_not_attended,joined_by_user_id_only,missing_order
2026-04-29,2026-04,62871155,4123057,,,2026-04-06T20:26:30+08:00,4123057,,2026-04-06T20:26:30+08:00,1,0,中东成人高中生分配,1,1,2026-04-09 20:00 ~ 20:30,2026-04-09 20:00 ~ 20:30,s_absent,0,1,0,2,0,0,0,0,2,1,2026/4/6 22:34,2026/4/10 1:00,0,0,0,0,,,,,,,,,unknown,insufficient_contact_attempts,low,booked_not_attended,joined_by_user_id_only,missing_order
2026-04-29,2026-04,62871551,4123060,,,2026-04-06T20:50:43+08:00,4123060,,2026-04-06T20:50:43+08:00,1,0,中东成人高中生分配,1,1,2026-04-06 21:30 ~ 22:00,2026-04-06 21:30 ~ 22:00,s_absent,0,1,0,1,1,0,1,4,1,1,2026/4/7 2:15,2026/4/7 2:15,4,0,0,0,,,,,,,,,unknown,insufficient_contact_attempts,low,booked_not_attended,joined_by_user_id_only,missing_order
2026-04-29,2026-04,62871642,4123061,,,2026-04-06T21:10:57+08:00,4123061,,2026-04-06T21:10:57+08:00,1,0,中东成人高中生分配,1,1,2026-04-06 21:30 ~ 22:00,2026-04-06 21:30 ~ 22:00,s_absent,0,1,0,1,0,0,0,0,1,1,2026/4/7 2:17,2026/4/7 2:17,0,0,0,0,,,,,,,,,unknown,insufficient_contact_attempts,low,booked_not_attended,joined_by_user_id_only,missing_order
2026-04-29,2026-04,62871892,4121806,,,2026-04-06T21:53:08+08:00,4121806,,2026-04-06T21:53:08+08:00,1,0,中东成人高中生分配,1,1,2026-04-09 17:00 ~ 17:30,2026-04-09 17:00 ~ 17:30,cancel,1,0,0,1,0,0,0,0,1,1,2026/4/9 21:46,2026/4/9 21:46,0,0,0,0,,,,,,,,,unknown,insufficient_contact_attempts,low,booked_not_attended,joined_by_user_id_only,missing_order
2026-04-29,2026-04,62871907,4123061,,,2026-04-06T21:24:43+08:00,4123061,,2026-04-06T21:24:43+08:00,1,0,转介绍分配cc,0,0,,,,0,0,0,0,0,0,0,0,0,0,,,0,0,0,0,,,,,,,,,unknown,data_missing_or_insufficient,low,no_booking,joined_by_user_id_only,missing_trial|missing_call|missing_order
2026-04-29,2026-04,62872099,4122734,,,2026-04-06T22:42:51+08:00,4122734,,2026-04-06T22:42:51+08:00,1,0,中东成人高中生分配,1,1,2026-04-09 19:30 ~ 20:00,2026-04-09 19:30 ~ 20:00,s_absent,0,1,0,1,0,0,0,0,1,1,2026/4/9 20:58,2026/4/9 20:58,0,0,0,0,,,,,,,,,unknown,insufficient_contact_attempts,low,booked_not_attended,joined_by_user_id_only,missing_order
2026-04-29,2026-04,62872265,4122734,,,2026-04-06T23:18:40+08:00,4122734,,2026-04-06T23:18:40+08:00,1,0,CC人工改派,1,1,2026-04-09 13:00 ~ 13:30,2026-04-09 13:00 ~ 13:30,s_absent,0,1,0,1,0,0,0,0,1,1,2026/4/9 19:38,2026/4/9 19:38,0,0,0,0,,,,,,,,,unknown,insufficient_contact_attempts,low,booked_not_attended,joined_by_user_id_only,missing_order
2026-04-29,2026-04,62872267,4121806,,,2026-04-06T23:18:32+08:00,4121806,,2026-04-06T23:18:32+08:00,1,0,CC人工改派,1,1,2026-04-06 20:30 ~ 21:00,2026-04-06 20:30 ~ 21:00,cancel,1,0,0,1,1,1,0,302,1,1,2026/4/7 0:47,2026/4/7 0:47,302,0,0,0,,,,,,,,,valid_lead,has_order_attendance_or_effective_call,medium,booked_not_attended,joined_by_user_id_only,missing_order
2026-04-29,2026-04,62872487,4123057,,,2026-04-06T23:19:02+08:00,4123057,,2026-04-06T23:19:02+08:00,1,0,CC人工改派,1,1,2026-04-09 19:30 ~ 20:00,2026-04-09 19:30 ~ 20:00,s_absent,0,1,0,1,0,0,0,0,1,1,2026/4/7 19:01,2026/4/7 19:01,0,0,0,0,,,,,,,,,unknown,insufficient_contact_attempts,low,booked_not_attended,joined_by_user_id_only,missing_order
2026-04-29,2026-04,62872811,4121807,,,2026-04-06T23:07:30+08:00,4121807,,2026-04-06T23:07:30+08:00,1,0,中东成人高中生分配,1,1,2026-04-09 15:00 ~ 15:30,2026-04-09 15:00 ~ 15:30,cancel,1,0,0,1,0,0,0,0,1,1,2026/4/9 19:54,2026/4/9 19:54,0,0,0,0,,,,,,,,,unknown,insufficient_contact_attempts,low,booked_not_attended,joined_by_user_id_only,missing_order
2026-04-29,2026-04,62872931,4123060,,,2026-04-22T20:22:09+08:00,4123060,,2026-04-22T20:22:09+08:00,1,0,CC人工改派,0,0,,,,0,0,0,1,1,0,1,10,1,1,2026/4/22 20:24,2026/4/22 20:24,10,0,0,0,,,,,,,,,unknown,insufficient_contact_attempts,low,no_booking,joined_by_user_id_only,missing_trial|missing_order
2026-04-29,2026-04,62873063,4123057,,,2026-04-07T00:21:41+08:00,4123057,,2026-04-07T00:21:41+08:00,1,0,中东成人高中生分配,1,1,2026-04-07 13:00 ~ 13:30,2026-04-07 13:00 ~ 13:30,s_absent,0,1,0,1,0,0,0,0,1,1,2026/4/7 17:43,2026/4/7 17:43,0,0,0,0,,,,,,,,,unknown,insufficient_contact_attempts,low,booked_not_attended,joined_by_user_id_only,missing_order
2026-04-29,2026-04,62873749,4123060,,,2026-04-07T02:12:33+08:00,4123060,,2026-04-07T02:12:33+08:00,1,0,中东成人高中生分配,1,1,2026-04-07 13:30 ~ 14:00,2026-04-07 13:30 ~ 14:00,s_absent,0,1,0,1,0,0,0,0,1,1,2026/4/7 2:38,2026/4/7 2:38,0,0,0,0,,,,,,,,,unknown,insufficient_contact_attempts,low,booked_not_attended,joined_by_user_id_only,missing_order
2026-04-29,2026-04,62873947,4123061,,,2026-04-07T02:40:00+08:00,4123061,,2026-04-07T02:40:00+08:00,1,0,中东成人高中生分配,1,1,2026-04-09 16:30 ~ 17:00,2026-04-09 16:30 ~ 17:00,end,0,0,1,1,1,1,0,933,1,1,2026/4/7 2:44,2026/4/7 2:44,933,0,0,0,,,,,,,,,valid_lead,has_order_attendance_or_effective_call,medium,attended_not_closed,joined_by_user_id_only,missing_order
2026-04-29,2026-04,62873974,4121806,,,2026-04-07T02:58:40+08:00,4121806,,2026-04-07T02:58:40+08:00,1,0,中东成人高中生分配,1,1,2026-04-09 20:30 ~ 21:00,2026-04-09 20:30 ~ 21:00,s_absent,0,1,0,1,1,1,0,76,1,1,2026/4/7 18:09,2026/4/7 18:09,76,0,0,0,,,,,,,,,valid_lead,has_order_attendance_or_effective_call,medium,booked_not_attended,joined_by_user_id_only,missing_order
2026-04-29,2026-04,62874288,4121807,,,2026-04-07T22:29:28+08:00,4121807,,2026-04-07T22:29:28+08:00,1,0,CC人工改派,1,1,2026-04-09 21:30 ~ 22:00,2026-04-09 21:30 ~ 22:00,s_absent,0,1,0,1,0,0,0,0,1,1,2026/4/7 22:36,2026/4/7 22:36,0,0,0,0,,,,,,,,,unknown,insufficient_contact_attempts,low,booked_not_attended,joined_by_user_id_only,missing_order
2026-04-29,2026-04,62874316,4122734,,,2026-04-07T04:27:39+08:00,4122734,,2026-04-07T04:27:39+08:00,1,0,中东成人高中生分配,1,1,2026-04-09 15:30 ~ 16:00,2026-04-09 15:30 ~ 16:00,cancel,1,0,0,1,1,1,0,331,1,1,2026/4/9 19:42,2026/4/9 19:42,331,0,0,0,,,,,,,,,valid_lead,has_order_attendance_or_effective_call,medium,booked_not_attended,joined_by_user_id_only,missing_order
2026-04-29,2026-04,62874688,4123061,,,2026-04-07T22:24:27+08:00,4123061,,2026-04-07T22:24:27+08:00,1,0,CC人工改派,1,1,2026-04-09 17:30 ~ 18:00,2026-04-09 17:30 ~ 18:00,cancel,1,0,0,1,0,0,0,0,1,1,2026/4/14 1:01,2026/4/14 1:01,0,0,0,0,,,,,,,,,unknown,insufficient_contact_attempts,low,booked_not_attended,joined_by_user_id_only,missing_order
2026-04-29,2026-04,62874713,4121807,,,2026-04-07T22:29:49+08:00,4121807,,2026-04-07T22:29:49+08:00,1,0,CC人工改派,1,1,2026-04-07 15:30 ~ 16:00,2026-04-07 15:30 ~ 16:00,s_absent,0,1,0,1,0,0,0,0,1,1,2026/4/8 0:21,2026/4/8 0:21,0,0,0,0,,,,,,,,,unknown,insufficient_contact_attempts,low,booked_not_attended,joined_by_user_id_only,missing_order
2026-04-29,2026-04,62874726,4121807,,,2026-04-07T08:31:04+08:00,4121807,,2026-04-07T08:31:04+08:00,1,0,中东成人高中生分配,1,1,2026-04-09 20:30 ~ 21:00,2026-04-09 20:30 ~ 21:00,s_absent,0,1,0,1,0,0,0,0,1,1,2026/4/7 19:49,2026/4/7 19:49,0,0,0,0,,,,,,,,,unknown,insufficient_contact_attempts,low,booked_not_attended,joined_by_user_id_only,missing_order
2026-04-29,2026-04,62874755,4123057,,,2026-04-07T22:33:08+08:00,4123057,,2026-04-07T22:33:08+08:00,1,0,CC人工改派,1,1,2026-04-09 17:30 ~ 18:00,2026-04-09 17:30 ~ 18:00,end,0,0,1,2,1,1,0,319,2,2,2026/4/9 23:14,2026/4/25 19:43,0,1,0,0,,,,,,,,,valid_lead,has_order_attendance_or_effective_call,medium,attended_not_closed,joined_by_user_id_only,missing_order
2026-04-29,2026-04,62875018,4123057,,,2026-04-07T09:22:49+08:00,4123057,,2026-04-07T09:22:49+08:00,1,0,中东成人高中生分配,1,1,2026-04-09 21:30 ~ 22:00,2026-04-09 21:30 ~ 22:00,cancel,1,0,0,1,0,0,0,0,1,1,2026/4/7 18:21,2026/4/7 18:21,0,0,0,0,,,,,,,,,unknown,insufficient_contact_attempts,low,booked_not_attended,joined_by_user_id_only,missing_order
2026-04-29,2026-04,62875792,4121806,,,2026-04-07T22:23:22+08:00,4121806,,2026-04-07T22:23:22+08:00,1,0,CC人工改派,1,1,2026-04-09 20:00 ~ 20:30,2026-04-09 20:00 ~ 20:30,s_absent,0,1,0,1,0,0,0,0,1,1,2026/4/8 1:11,2026/4/8 1:11,0,0,0,0,,,,,,,,,unknown,insufficient_contact_attempts,low,booked_not_attended,joined_by_user_id_only,missing_order
2026-04-29,2026-04,62875812,4123061,,,2026-04-07T12:06:33+08:00,4123061,,2026-04-07T12:06:33+08:00,1,0,中东成人高中生分配,1,1,2026-04-09 18:30 ~ 19:00,2026-04-09 18:30 ~ 19:00,cancel,1,0,0,1,1,1,0,334,1,1,2026/4/7 18:23,2026/4/7 18:23,334,0,0,0,,,,,,,,,valid_lead,has_order_attendance_or_effective_call,medium,booked_not_attended,joined_by_user_id_only,missing_order
2026-04-29,2026-04,62875814,4121806,,,2026-04-07T12:08:51+08:00,4121806,,2026-04-07T12:08:51+08:00,1,0,中东成人高中生分配,1,1,2026-04-09 18:30 ~ 19:00,2026-04-09 18:30 ~ 19:00,cancel,1,0,0,1,1,1,0,34,1,1,2026/4/7 18:04,2026/4/7 18:04,34,0,0,0,,,,,,,,,valid_lead,has_order_attendance_or_effective_call,medium,booked_not_attended,joined_by_user_id_only,missing_order
2026-04-29,2026-04,62876018,4122734,,,2026-04-07T13:05:01+08:00,4122734,,2026-04-07T13:05:01+08:00,1,0,中东成人高中生分配,1,2,2026-04-09 18:00 ~ 18:30,2026-04-09 18:00 ~ 18:30,end,1,0,1,1,1,0,1,10,1,1,2026/4/9 19:59,2026/4/9 19:59,10,0,0,0,,,,,,,,,valid_lead,has_order_attendance_or_effective_call,medium,attended_not_closed,joined_by_user_id_only,missing_order
2026-04-29,2026-04,62876248,4121807,,,2026-04-07T14:24:57+08:00,4121807,,2026-04-07T14:24:57+08:00,1,0,中东成人高中生分配,1,1,2026-04-09 21:00 ~ 21:30,2026-04-09 21:00 ~ 21:30,s_absent,0,1,0,1,0,0,0,0,1,1,2026/4/7 19:10,2026/4/7 19:10,0,0,0,0,,,,,,,,,unknown,insufficient_contact_attempts,low,booked_not_attended,joined_by_user_id_only,missing_order
2026-04-29,2026-04,62876502,4121806,,,2026-04-07T22:23:39+08:00,4121806,,2026-04-07T22:23:39+08:00,1,0,CC人工改派,1,1,2026-04-09 19:00 ~ 19:30,2026-04-09 19:00 ~ 19:30,s_absent,0,1,0,1,0,0,0,0,1,1,2026/4/8 1:18,2026/4/8 1:18,0,0,0,0,,,,,,,,,unknown,insufficient_contact_attempts,low,booked_not_attended,joined_by_user_id_only,missing_order
2026-04-29,2026-04,62876599,4123061,,,2026-04-07T22:24:27+08:00,4123061,,2026-04-07T22:24:27+08:00,1,0,CC人工改派,1,1,2026-04-09 20:00 ~ 20:30,2026-04-09 20:00 ~ 20:30,end,0,0,1,1,1,0,1,2,1,1,2026/4/14 0:43,2026/4/14 0:43,2,0,0,0,,,,,,,,,valid_lead,has_order_attendance_or_effective_call,medium,attended_not_closed,joined_by_user_id_only,missing_order
2026-04-29,2026-04,62877105,4123057,,,2026-04-07T16:08:42+08:00,4123057,,2026-04-07T16:08:42+08:00,1,0,中东成人高中生分配,1,1,2026-04-09 21:00 ~ 21:30,2026-04-09 21:00 ~ 21:30,cancel,1,0,0,2,2,1,1,981,2,2,2026/4/7 18:22,2026/4/10 1:52,2,0,0,0,,,,,,,,,valid_lead,has_order_attendance_or_effective_call,medium,booked_not_attended,joined_by_user_id_only,missing_order
2026-04-29,2026-04,62877687,4122734,,,2026-04-07T18:41:26+08:00,4122734,,2026-04-07T18:41:26+08:00,1,0,中东成人高中生分配,1,1,2026-04-08 15:30 ~ 16:00,2026-04-08 15:30 ~ 16:00,end,0,0,1,1,0,0,0,0,1,1,2026/4/8 22:34,2026/4/8 22:34,0,0,0,0,,,,,,,,,valid_lead,has_order_attendance_or_effective_call,medium,attended_not_closed,joined_by_user_id_only,missing_order
2026-04-29,2026-04,62877892,4123061,,,2026-04-07T18:34:13+08:00,4123061,,2026-04-07T18:34:13+08:00,1,0,中东成人高中生分配,1,1,2026-04-08 13:30 ~ 14:00,2026-04-08 13:30 ~ 14:00,cancel,1,0,0,1,0,0,0,0,1,1,2026/4/14 2:10,2026/4/14 2:10,0,0,0,0,,,,,,,,,unknown,insufficient_contact_attempts,low,booked_not_attended,joined_by_user_id_only,missing_order
2026-04-29,2026-04,62877941,4121807,,,2026-04-07T22:32:55+08:00,4121807,,2026-04-07T22:32:55+08:00,1,0,CC人工改派,1,1,2026-04-09 20:00 ~ 20:30,2026-04-09 20:00 ~ 20:30,end,0,0,1,1,1,1,0,1669,1,1,2026/4/10 1:35,2026/4/10 1:35,1669,1,0,0,,,,,,,,,valid_lead,has_order_attendance_or_effective_call,medium,attended_not_closed,joined_by_user_id_only,missing_order
2026-04-29,2026-04,62877950,4121806,,,2026-04-07T18:35:55+08:00,4121806,,2026-04-07T18:35:55+08:00,1,0,中东成人高中生分配,1,1,2026-04-08 14:00 ~ 14:30,2026-04-08 14:00 ~ 14:30,s_absent,0,1,0,1,0,0,0,0,1,1,2026/4/8 20:08,2026/4/8 20:08,0,0,0,0,,,,,,,,,unknown,insufficient_contact_attempts,low,booked_not_attended,joined_by_user_id_only,missing_order
2026-04-29,2026-04,62877988,4121806,,,2026-04-07T22:23:39+08:00,4121806,,2026-04-07T22:23:39+08:00,1,0,CC人工改派,1,1,2026-04-09 20:30 ~ 21:00,2026-04-09 20:30 ~ 21:00,s_absent,0,1,0,1,0,0,0,0,1,1,2026/4/8 1:07,2026/4/8 1:07,0,0,0,0,,,,,,,,,unknown,insufficient_contact_attempts,low,booked_not_attended,joined_by_user_id_only,missing_order
2026-04-29,2026-04,62878219,4121806,,,2026-04-07T22:23:22+08:00,4121806,,2026-04-07T22:23:22+08:00,1,0,CC人工改派,1,1,2026-04-09 18:30 ~ 19:00,2026-04-09 18:30 ~ 19:00,end,0,0,1,1,0,0,0,0,1,1,2026/4/8 1:50,2026/4/8 1:50,0,0,0,0,,,,,,,,,valid_lead,has_order_attendance_or_effective_call,medium,attended_not_closed,joined_by_user_id_only,missing_order
2026-04-29,2026-04,62879495,4123061,,,2026-04-07T22:24:27+08:00,4123061,,2026-04-07T22:24:27+08:00,1,0,CC人工改派,1,1,2026-04-07 18:30 ~ 19:00,2026-04-07 18:30 ~ 19:00,s_absent,0,1,0,1,1,1,0,176,1,1,2026/4/21 20:40,2026/4/21 20:40,176,0,0,0,,,,,,,,,valid_lead,has_order_attendance_or_effective_call,medium,booked_not_attended,joined_by_user_id_only,missing_order
2026-04-29,2026-04,62879545,4121807,,,2026-04-07T21:21:13+08:00,4121807,,2026-04-07T21:21:13+08:00,1,0,转介绍分配cc,0,0,,,,0,0,0,0,0,0,0,0,0,0,,,0,0,0,0,,,,,,,,,unknown,data_missing_or_insufficient,low,no_booking,joined_by_user_id_only,missing_trial|missing_call|missing_order
2026-04-29,2026-04,62879556,4121807,,,2026-04-07T21:29:40+08:00,4121807,,2026-04-07T21:29:40+08:00,1,0,中东成人高中生分配,1,1,2026-04-09 21:00 ~ 21:30,2026-04-09 21:00 ~ 21:30,end,0,0,1,1,0,0,0,0,1,1,2026/4/7 22:20,2026/4/7 22:20,0,0,0,0,,,,,,,,,valid_lead,has_order_attendance_or_effective_call,medium,attended_not_closed,joined_by_user_id_only,missing_order
2026-04-29,2026-04,62880592,4123061,,,2026-04-08T00:15:47+08:00,4123061,,2026-04-08T00:15:47+08:00,1,0,中东成人高中生分配,1,1,2026-04-09 14:00 ~ 14:30,2026-04-09 14:00 ~ 14:30,cancel,1,0,0,2,2,2,0,1208,2,1,2026/4/8 1:03,2026/4/13 22:59,220,0,0,1,32454070,2026/4/7 20:33,2026/4/7 20:54,599,Ramadan Special Offer-Super foreign teacher course package-50,,EGCC-fatmamohamed,前端销售部002组,valid_lead,has_order_attendance_or_effective_call,medium,closed,joined_by_user_id_only,
2026-04-29,2026-04,62880664,4123057,,,2026-04-08T00:15:28+08:00,4123057,,2026-04-08T00:15:28+08:00,1,0,CC人工改派,1,1,2026-04-07 20:00 ~ 20:30,2026-04-07 20:00 ~ 20:30,cancel,1,0,0,1,0,0,0,0,1,1,2026/4/8 0:38,2026/4/8 0:38,0,0,0,0,,,,,,,,,unknown,insufficient_contact_attempts,low,booked_not_attended,joined_by_user_id_only,missing_order
2026-04-29,2026-04,62880732,4123057,,,2026-04-07T23:48:14+08:00,4123057,,2026-04-07T23:48:14+08:00,1,0,中东成人高中生分配,1,1,2026-04-08 17:00 ~ 17:30,2026-04-08 17:00 ~ 17:30,cancel,1,0,0,1,0,0,0,0,1,1,2026/4/8 20:59,2026/4/8 20:59,0,0,0,0,,,,,,,,,unknown,insufficient_contact_attempts,low,booked_not_attended,joined_by_user_id_only,missing_order
2026-04-29,2026-04,62881016,4121806,,,2026-04-08T00:30:42+08:00,4121806,,2026-04-08T00:30:42+08:00,1,0,中东成人高中生分配,1,1,2026-04-11 15:30 ~ 16:00,2026-04-11 15:30 ~ 16:00,cancel,1,0,0,1,0,0,0,0,1,1,2026/4/8 18:07,2026/4/8 18:07,0,0,0,0,,,,,,,,,unknown,insufficient_contact_attempts,low,booked_not_attended,joined_by_user_id_only,missing_order
2026-04-29,2026-04,62881171,4122734,,,2026-04-08T01:33:06+08:00,4122734,,2026-04-08T01:33:06+08:00,1,0,中东成人高中生分配,1,1,2026-04-09 14:00 ~ 14:30,2026-04-09 14:00 ~ 14:30,s_absent,0,1,0,1,1,1,0,47,1,1,2026/4/9 19:28,2026/4/9 19:28,47,0,0,0,,,,,,,,,valid_lead,has_order_attendance_or_effective_call,medium,booked_not_attended,joined_by_user_id_only,missing_order
2026-04-29,2026-04,62881334,4123057,,,2026-04-08T17:40:20+08:00,4123057,,2026-04-08T17:40:20+08:00,1,0,CC人工改派,1,1,2026-04-09 21:30 ~ 22:00,2026-04-09 21:30 ~ 22:00,cancel,1,0,0,1,1,1,0,150,1,1,2026/4/8 20:34,2026/4/8 20:34,150,0,0,0,,,,,,,,,valid_lead,has_order_attendance_or_effective_call,medium,booked_not_attended,joined_by_user_id_only,missing_order
2026-04-29,2026-04,62881363,4121807,,,2026-04-08T02:13:37+08:00,4121807,,2026-04-08T02:13:37+08:00,1,0,中东成人高中生分配,1,1,2026-04-09 13:00 ~ 13:30,2026-04-09 13:00 ~ 13:30,cancel,1,0,0,1,1,1,0,156,1,1,2026/4/8 21:28,2026/4/8 21:28,156,0,0,0,,,,,,,,,valid_lead,has_order_attendance_or_effective_call,medium,booked_not_attended,joined_by_user_id_only,missing_order
2026-04-29,2026-04,62881435,4121806,,,2026-04-08T17:39:57+08:00,4121806,,2026-04-08T17:39:57+08:00,1,0,CC人工改派,1,1,2026-04-08 21:30 ~ 22:00,2026-04-08 21:30 ~ 22:00,cancel,1,0,0,1,0,0,0,0,1,1,2026/4/8 18:34,2026/4/8 18:34,0,0,0,0,,,,,,,,,unknown,insufficient_contact_attempts,low,booked_not_attended,joined_by_user_id_only,missing_order
2026-04-29,2026-04,62881524,4123061,,,2026-04-08T17:40:38+08:00,4123061,,2026-04-08T17:40:38+08:00,1,0,CC人工改派,1,1,2026-04-09 21:00 ~ 21:30,2026-04-09 21:00 ~ 21:30,cancel,1,0,0,1,1,0,1,17,1,1,2026/4/8 18:38,2026/4/8 18:38,17,0,0,0,,,,,,,,,unknown,insufficient_contact_attempts,low,booked_not_attended,joined_by_user_id_only,missing_order
2026-04-29,2026-04,62881630,4121807,,,2026-04-08T02:07:38+08:00,4121807,,2026-04-08T02:07:38+08:00,1,0,转介绍分配cc,0,0,,,,0,0,0,3,0,0,0,0,2,3,2026/4/9 19:32,2026/4/25 16:57,0,0,0,0,,,,,,,,,unknown,insufficient_contact_attempts,low,no_booking,joined_by_user_id_only,missing_trial|missing_order
2026-04-29,2026-04,62881939,4123057,,,2026-04-08T04:10:47+08:00,4123057,,2026-04-08T04:10:47+08:00,1,0,中东成人高中生分配,1,1,2026-04-09 21:00 ~ 21:30,2026-04-09 21:00 ~ 21:30,cancel,1,0,0,2,2,2,0,123,2,2,2026/4/8 18:10,2026/4/10 1:57,27,0,0,0,,,,,,,,,valid_lead,has_order_attendance_or_effective_call,medium,booked_not_attended,joined_by_user_id_only,missing_order
2026-04-29,2026-04,62881948,4123060,,,2026-04-08T04:24:37+08:00,4123060,,2026-04-08T04:24:37+08:00,1,0,中东成人高中生分配,1,1,2026-04-09 14:30 ~ 15:00,2026-04-09 14:30 ~ 15:00,s_absent,0,1,0,1,1,0,1,3,1,1,2026/4/9 19:15,2026/4/9 19:15,3,0,0,0,,,,,,,,,unknown,insufficient_contact_attempts,low,booked_not_attended,joined_by_user_id_only,missing_order
2026-04-29,2026-04,62882342,4123061,,,2026-04-08T07:34:49+08:00,4123061,,2026-04-08T07:34:49+08:00,1,0,中东成人高中生分配,1,1,2026-04-11 15:00 ~ 15:30,2026-04-11 15:00 ~ 15:30,s_absent,0,1,0,1,1,0,1,20,1,1,2026/4/9 0:31,2026/4/9 0:31,20,0,0,0,,,,,,,,,unknown,insufficient_contact_attempts,low,booked_not_attended,joined_by_user_id_only,missing_order
2026-04-29,2026-04,62882783,4122734,,,2026-04-08T17:40:09+08:00,4122734,,2026-04-08T17:40:09+08:00,1,0,CC人工改派,1,1,2026-04-11 16:30 ~ 17:00,2026-04-11 16:30 ~ 17:00,s_absent,0,1,0,1,1,0,1,19,1,1,2026/4/14 21:26,2026/4/14 21:26,19,0,0,0,,,,,,,,,unknown,insufficient_contact_attempts,low,booked_not_attended,joined_by_user_id_only,missing_order
2026-04-29,2026-04,62883015,4121806,,,2026-04-08T10:29:59+08:00,4121806,,2026-04-08T10:29:59+08:00,1,0,中东成人高中生分配,1,1,2026-04-11 15:30 ~ 16:00,2026-04-11 15:30 ~ 16:00,cancel,1,0,0,1,0,0,0,0,1,1,2026/4/8 18:02,2026/4/8 18:02,0,0,0,0,,,,,,,,,unknown,insufficient_contact_attempts,low,booked_not_attended,joined_by_user_id_only,missing_order
2026-04-29,2026-04,62883016,4122734,,,2026-04-08T10:30:47+08:00,4122734,,2026-04-08T10:30:47+08:00,1,0,中东成人高中生分配,1,1,2026-04-11 14:00 ~ 14:30,2026-04-11 14:00 ~ 14:30,cancel,1,0,0,2,2,2,0,644,1,2,2026/4/8 21:48,2026/4/8 22:28,163,0,0,0,,,,,,,,,valid_lead,has_order_attendance_or_effective_call,medium,booked_not_attended,joined_by_user_id_only,missing_order
2026-04-29,2026-04,62883219,4121807,,,2026-04-09T00:04:33+08:00,4121807,,2026-04-09T00:04:33+08:00,1,0,CC人工改派,0,0,,,,0,0,0,1,0,0,0,0,1,1,2026/4/9 2:23,2026/4/9 2:23,0,0,0,0,,,,,,,,,unknown,insufficient_contact_attempts,low,no_booking,joined_by_user_id_only,missing_trial|missing_order
2026-04-29,2026-04,62883591,4121807,,,2026-04-08T13:37:28+08:00,4121807,,2026-04-08T13:37:28+08:00,1,0,中东成人高中生分配,1,1,2026-04-11 16:00 ~ 16:30,2026-04-11 16:00 ~ 16:30,s_absent,0,1,0,1,1,0,1,3,1,1,2026/4/8 21:11,2026/4/8 21:11,3,0,0,0,,,,,,,,,unknown,insufficient_contact_attempts,low,booked_not_attended,joined_by_user_id_only,missing_order
2026-04-29,2026-04,62883594,4121807,,,2026-04-08T17:40:33+08:00,4121807,,2026-04-08T17:40:33+08:00,1,0,CC人工改派,1,1,2026-04-11 15:00 ~ 15:30,2026-04-11 15:00 ~ 15:30,cancel,1,0,0,1,1,1,0,111,1,1,2026/4/8 21:23,2026/4/8 21:23,111,0,0,0,,,,,,,,,valid_lead,has_order_attendance_or_effective_call,medium,booked_not_attended,joined_by_user_id_only,missing_order
2026-04-29,2026-04,62883847,4123057,,,2026-04-08T13:43:50+08:00,4123057,,2026-04-08T13:43:50+08:00,1,0,中东成人高中生分配,1,1,2026-04-11 14:00 ~ 14:30,2026-04-11 14:00 ~ 14:30,s_absent,0,1,0,1,1,1,0,807,1,1,2026/4/8 18:23,2026/4/8 18:23,807,0,0,0,,,,,,,,,valid_lead,has_order_attendance_or_effective_call,medium,booked_not_attended,joined_by_user_id_only,missing_order
2026-04-29,2026-04,62884720,4121807,,,2026-04-09T00:04:33+08:00,4121807,,2026-04-09T00:04:33+08:00,1,0,CC人工改派,1,1,2026-04-11 14:30 ~ 15:00,2026-04-11 14:30 ~ 15:00,s_absent,0,1,0,1,1,1,0,267,1,1,2026/4/9 1:18,2026/4/9 1:18,267,0,0,0,,,,,,,,,valid_lead,has_order_attendance_or_effective_call,medium,booked_not_attended,joined_by_user_id_only,missing_order
2026-04-29,2026-04,62886165,4121806,,,2026-04-08T19:25:15+08:00,4121806,,2026-04-08T19:25:15+08:00,1,0,中东成人高中生分配,1,1,2026-04-11 15:30 ~ 16:00,2026-04-11 15:30 ~ 16:00,cancel,1,0,0,1,0,0,0,0,1,1,2026/4/8 20:13,2026/4/8 20:13,0,0,0,0,,,,,,,,,unknown,insufficient_contact_attempts,low,booked_not_attended,joined_by_user_id_only,missing_order
2026-04-29,2026-04,62886329,4123061,,,2026-04-08T19:21:56+08:00,4123061,,2026-04-08T19:21:56+08:00,1,0,中东成人高中生分配,1,1,2026-04-08 16:00 ~ 16:30,2026-04-08 16:00 ~ 16:30,cancel,1,0,0,2,0,0,0,0,1,1,2026/4/26 21:22,2026-04-26 21:22:31,0,0,0,0,,,,,,,,,unknown,insufficient_contact_attempts,low,booked_not_attended,joined_by_user_id_only,missing_order
2026-04-29,2026-04,62886358,4122734,,,2026-04-08T19:37:02+08:00,4122734,,2026-04-08T19:37:02+08:00,1,0,中东成人高中生分配,1,2,2026-04-08 21:00 ~ 21:30,2026-04-12 18:30 ~ 19:00,s_absent,1,1,0,1,0,0,0,0,1,1,2026/4/9 1:09,2026/4/9 1:09,0,0,0,0,,,,,,,,,unknown,insufficient_contact_attempts,low,booked_not_attended,joined_by_user_id_only,missing_order
2026-04-29,2026-04,62886833,4123057,,,2026-04-08T22:11:04+08:00,4123057,,2026-04-08T22:11:04+08:00,1,0,CC人工改派,1,1,2026-04-08 21:30 ~ 22:00,2026-04-08 21:30 ~ 22:00,end,0,0,1,2,2,1,1,184,1,2,2026/4/9 0:27,2026/4/9 19:37,175,0,1,0,,,,,,,,,valid_lead,has_order_attendance_or_effective_call,medium,attended_not_closed,joined_by_user_id_only,missing_order
2026-04-29,2026-04,62887552,4121807,,,2026-04-08T22:11:25+08:00,4121807,,2026-04-08T22:11:25+08:00,1,0,CC人工改派,1,1,2026-04-12 16:30 ~ 17:00,2026-04-12 16:30 ~ 17:00,end,0,0,1,1,1,1,0,249,1,1,2026/4/14 1:00,2026/4/14 1:00,249,0,1,0,,,,,,,,,valid_lead,has_order_attendance_or_effective_call,medium,attended_not_closed,joined_by_user_id_only,missing_order
2026-04-29,2026-04,62887583,4123057,,,2026-04-08T22:02:59+08:00,4123057,,2026-04-08T22:02:59+08:00,1,0,中东成人高中生分配,1,1,2026-04-08 18:00 ~ 18:30,2026-04-08 18:00 ~ 18:30,s_absent,0,1,0,1,0,0,0,0,1,1,2026/4/8 22:54,2026/4/8 22:54,0,0,0,0,,,,,,,,,unknown,insufficient_contact_attempts,low,booked_not_attended,joined_by_user_id_only,missing_order
2026-04-29,2026-04,62887615,4123061,,,2026-04-08T22:11:14+08:00,4123061,,2026-04-08T22:11:14+08:00,1,0,CC人工改派,1,1,2026-04-08 18:30 ~ 19:00,2026-04-08 18:30 ~ 19:00,end,0,0,1,1,1,1,0,135,1,1,2026/4/14 1:15,2026/4/14 1:15,135,0,1,0,,,,,,,,,valid_lead,has_order_attendance_or_effective_call,medium,attended_not_closed,joined_by_user_id_only,missing_order
2026-04-29,2026-04,62887655,4121807,,,2026-04-08T21:47:02+08:00,4121807,,2026-04-08T21:47:02+08:00,1,0,中东成人高中生分配,1,1,2026-04-09 13:00 ~ 13:30,2026-04-09 13:00 ~ 13:30,s_absent,0,1,0,1,0,0,0,0,1,1,2026/4/9 1:56,2026/4/9 1:56,0,0,0,0,,,,,,,,,unknown,insufficient_contact_attempts,low,booked_not_attended,joined_by_user_id_only,missing_order
2026-04-29,2026-04,62887868,4121806,,,2026-04-08T22:23:30+08:00,4121806,,2026-04-08T22:23:30+08:00,1,0,中东成人高中生分配,1,1,2026-04-08 20:30 ~ 21:00,2026-04-08 20:30 ~ 21:00,cancel,1,0,0,1,1,1,0,291,1,1,2026/4/9 1:16,2026/4/9 1:16,291,0,0,0,,,,,,,,,valid_lead,has_order_attendance_or_effective_call,medium,booked_not_attended,joined_by_user_id_only,missing_order
2026-04-29,2026-04,62887941,4121806,,,2026-04-08T22:11:41+08:00,4121806,,2026-04-08T22:11:41+08:00,1,0,CC人工改派,1,1,2026-04-08 21:30 ~ 22:00,2026-04-08 21:30 ~ 22:00,s_absent,0,1,0,1,1,1,0,62,1,1,2026/4/9 21:10,2026/4/9 21:10,62,0,0,0,,,,,,,,,valid_lead,has_order_attendance_or_effective_call,medium,booked_not_attended,joined_by_user_id_only,missing_order
2026-04-29,2026-04,62888101,4123061,,,2026-04-08T22:21:47+08:00,4123061,,2026-04-08T22:21:47+08:00,1,0,中东成人高中生分配,1,1,2026-04-08 21:00 ~ 21:30,2026-04-08 21:00 ~ 21:30,end,0,0,1,1,1,1,0,65,1,1,2026/4/14 1:07,2026/4/14 1:07,65,0,1,0,,,,,,,,,valid_lead,has_order_attendance_or_effective_call,medium,attended_not_closed,joined_by_user_id_only,missing_order
2026-04-29,2026-04,62888414,4122734,,,2026-04-08T22:57:16+08:00,4122734,,2026-04-08T22:57:16+08:00,1,0,中东成人高中生分配,1,1,2026-04-09 21:30 ~ 22:00,2026-04-09 21:30 ~ 22:00,s_absent,0,1,0,1,1,1,0,28,1,1,2026/4/9 22:00,2026/4/9 22:00,28,0,0,0,,,,,,,,,valid_lead,has_order_attendance_or_effective_call,medium,booked_not_attended,joined_by_user_id_only,missing_order
2026-04-29,2026-04,62888590,4123057,,,2026-04-09T00:50:29+08:00,4123057,,2026-04-09T00:50:29+08:00,1,0,CC人工改派,1,1,2026-04-11 15:30 ~ 16:00,2026-04-11 15:30 ~ 16:00,s_absent,0,1,0,1,0,0,0,0,1,1,2026/4/9 1:18,2026/4/9 1:18,0,0,0,0,,,,,,,,,unknown,insufficient_contact_attempts,low,booked_not_attended,joined_by_user_id_only,missing_order
2026-04-29,2026-04,62888600,4121806,,,2026-04-09T00:50:42+08:00,4121806,,2026-04-09T00:50:42+08:00,1,0,CC人工改派,1,1,2026-04-08 21:00 ~ 21:30,2026-04-08 21:00 ~ 21:30,cancel,1,0,0,1,1,0,1,3,1,1,2026/4/9 1:45,2026/4/9 1:45,3,0,0,0,,,,,,,,,unknown,insufficient_contact_attempts,low,booked_not_attended,joined_by_user_id_only,missing_order
2026-04-29,2026-04,62888766,4123057,,,2026-04-09T00:20:09+08:00,4123057,,2026-04-09T00:20:09+08:00,1,0,中东成人高中生分配,1,1,2026-04-12 16:00 ~ 16:30,2026-04-12 16:00 ~ 16:30,cancel,1,0,0,1,1,1,0,78,1,1,2026/4/9 0:36,2026/4/9 0:36,78,0,0,0,,,,,,,,,valid_lead,has_order_attendance_or_effective_call,medium,booked_not_attended,joined_by_user_id_only,missing_order
2026-04-29,2026-04,62888919,4123061,,,2026-04-09T00:50:17+08:00,4123061,,2026-04-09T00:50:17+08:00,1,0,CC人工改派,1,1,2026-04-11 14:00 ~ 14:30,2026-04-11 14:00 ~ 14:30,s_absent,0,1,0,1,0,0,0,0,1,1,2026/4/9 1:12,2026/4/9 1:12,0,0,0,0,,,,,,,,,unknown,insufficient_contact_attempts,low,booked_not_attended,joined_by_user_id_only,missing_order
2026-04-29,2026-04,62888977,4122734,,,2026-04-09T01:11:20+08:00,4122734,,2026-04-09T01:11:20+08:00,1,0,中东成人高中生分配,1,1,2026-04-12 16:00 ~ 16:30,2026-04-12 16:00 ~ 16:30,s_absent,0,1,0,1,0,0,0,0,1,1,2026/4/14 21:12,2026/4/14 21:12,0,0,0,0,,,,,,,,,unknown,insufficient_contact_attempts,low,booked_not_attended,joined_by_user_id_only,missing_order
2026-04-29,2026-04,62889014,4121807,,,2026-04-09T00:17:40+08:00,4121807,,2026-04-09T00:17:40+08:00,1,0,中东成人高中生分配,1,1,2026-04-12 17:00 ~ 17:30,2026-04-12 17:00 ~ 17:30,end,0,0,1,1,1,1,0,229,1,1,2026/4/13 19:03,2026/4/13 19:03,229,0,1,0,,,,,,,,,valid_lead,has_order_attendance_or_effective_call,medium,attended_not_closed,joined_by_user_id_only,missing_order
2026-04-29,2026-04,62889016,4123060,,,2026-04-09T00:21:47+08:00,4123060,,2026-04-09T00:21:47+08:00,1,0,中东成人高中生分配,1,1,2026-04-12 15:30 ~ 16:00,2026-04-12 15:30 ~ 16:00,s_absent,0,1,0,1,0,0,0,0,1,1,2026/4/10 1:35,2026/4/10 1:35,0,0,0,0,,,,,,,,,unknown,insufficient_contact_attempts,low,booked_not_attended,joined_by_user_id_only,missing_order
2026-04-29,2026-04,62889058,4123061,,,2026-04-09T00:57:59+08:00,4123061,,2026-04-09T00:57:59+08:00,1,0,中东成人高中生分配,1,1,2026-04-12 16:30 ~ 17:00,2026-04-12 16:30 ~ 17:00,s_absent,0,1,0,1,1,1,0,803,1,1,2026/4/14 0:18,2026/4/14 0:18,803,0,0,0,,,,,,,,,valid_lead,has_order_attendance_or_effective_call,medium,booked_not_attended,joined_by_user_id_only,missing_order
2026-04-29,2026-04,62889100,4123057,,,2026-04-09T02:10:48+08:00,4123057,,2026-04-09T02:10:48+08:00,1,0,CC人工改派,1,1,2026-04-12 16:30 ~ 17:00,2026-04-12 16:30 ~ 17:00,end,0,0,1,1,0,0,0,0,1,1,2026/4/21 20:13,2026/4/21 20:13,0,0,0,0,,,,,,,,,valid_lead,has_order_attendance_or_effective_call,medium,attended_not_closed,joined_by_user_id_only,missing_order
2026-04-29,2026-04,62889113,4121806,,,2026-04-09T01:02:26+08:00,4121806,,2026-04-09T01:02:26+08:00,1,0,中东成人高中生分配,1,1,2026-04-12 20:00 ~ 20:30,2026-04-12 20:00 ~ 20:30,s_absent,0,1,0,1,1,0,1,17,1,1,2026/4/16 1:31,2026/4/16 1:31,17,0,0,0,,,,,,,,,unknown,insufficient_contact_attempts,low,booked_not_attended,joined_by_user_id_only,missing_order
2026-04-29,2026-04,62889430,4123061,,,2026-04-09T02:10:58+08:00,4123061,,2026-04-09T02:10:58+08:00,1,0,CC人工改派,1,1,2026-04-09 13:30 ~ 14:00,2026-04-09 13:30 ~ 14:00,end,0,0,1,1,0,0,0,0,1,1,2026/4/13 20:20,2026/4/13 20:20,0,0,0,0,,,,,,,,,valid_lead,has_order_attendance_or_effective_call,medium,attended_not_closed,joined_by_user_id_only,missing_order
2026-04-29,2026-04,62889676,4121807,,,2026-04-13T18:43:11+08:00,4121807,,2026-04-13T18:43:11+08:00,1,0,CC人工改派,1,1,2026-04-12 18:30 ~ 19:00,2026-04-12 18:30 ~ 19:00,s_absent,0,1,0,1,1,1,0,81,1,1,2026/4/14 0:51,2026/4/14 0:51,81,0,0,0,,,,,,,,,valid_lead,has_order_attendance_or_effective_call,medium,booked_not_attended,joined_by_user_id_only,missing_order
2026-04-29,2026-04,62889783,4123057,,,2026-04-09T04:52:31+08:00,4123057,,2026-04-09T04:52:31+08:00,1,0,中东成人高中生分配,1,1,2026-04-12 18:30 ~ 19:00,2026-04-12 18:30 ~ 19:00,s_absent,0,1,0,0,0,0,0,0,0,0,,,0,0,0,0,,,,,,,,,valid_lead,has_booking_signal,low,booked_not_attended,joined_by_user_id_only,missing_call|missing_order
2026-04-29,2026-04,62889910,4121807,,,2026-04-09T03:53:36+08:00,4121807,,2026-04-09T03:53:36+08:00,1,0,中东成人高中生分配,1,1,2026-04-12 16:00 ~ 16:30,2026-04-12 16:00 ~ 16:30,s_absent,0,1,0,0,0,0,0,0,0,0,,,0,0,0,0,,,,,,,,,valid_lead,has_booking_signal,low,booked_not_attended,joined_by_user_id_only,missing_call|missing_order
2026-04-29,2026-04,62890087,4123060,,,2026-04-09T06:45:43+08:00,4123060,,2026-04-09T06:45:43+08:00,1,0,中东成人高中生分配,1,1,2026-04-12 17:00 ~ 17:30,2026-04-12 17:00 ~ 17:30,s_absent,0,1,0,1,0,0,0,0,1,1,2026/4/10 1:05,2026/4/10 1:05,0,0,0,0,,,,,,,,,unknown,insufficient_contact_attempts,low,booked_not_attended,joined_by_user_id_only,missing_order
2026-04-29,2026-04,62890411,4123061,,,2026-04-09T07:13:39+08:00,4123061,,2026-04-09T07:13:39+08:00,1,0,中东成人高中生分配,1,1,2026-04-12 19:30 ~ 20:00,2026-04-12 19:30 ~ 20:00,s_absent,0,1,0,1,0,0,0,0,1,1,2026/4/9 19:42,2026/4/9 19:42,0,0,0,0,,,,,,,,,unknown,insufficient_contact_attempts,low,booked_not_attended,joined_by_user_id_only,missing_order
2026-04-29,2026-04,62890722,4121806,,,2026-04-09T09:27:52+08:00,4121806,,2026-04-09T09:27:52+08:00,1,0,中东成人高中生分配,1,1,2026-04-12 19:30 ~ 20:00,2026-04-12 19:30 ~ 20:00,s_absent,0,1,0,1,1,1,0,307,1,1,2026/4/15 19:38,2026/4/15 19:38,307,0,0,0,,,,,,,,,valid_lead,has_order_attendance_or_effective_call,medium,booked_not_attended,joined_by_user_id_only,missing_order
2026-04-29,2026-04,62890730,4123059,,,2026-04-09T09:45:32+08:00,4123059,,2026-04-09T09:45:32+08:00,1,0,中东成人高中生分配,1,1,2026-04-12 20:00 ~ 20:30,2026-04-12 20:00 ~ 20:30,s_absent,0,1,0,0,0,0,0,0,0,0,,,0,0,0,0,,,,,,,,,valid_lead,has_booking_signal,low,booked_not_attended,joined_by_user_id_only,missing_call|missing_order
2026-04-29,2026-04,62890831,4122734,,,2026-04-09T09:28:46+08:00,4122734,,2026-04-09T09:28:46+08:00,1,0,中东成人高中生分配,1,1,2026-04-12 21:00 ~ 21:30,2026-04-12 21:00 ~ 21:30,s_absent,0,1,0,1,0,0,0,0,1,1,2026/4/14 21:31,2026/4/14 21:31,0,0,0,0,,,,,,,,,unknown,insufficient_contact_attempts,low,booked_not_attended,joined_by_user_id_only,missing_order
2026-04-29,2026-04,62891474,4124168,,,2026-04-09T13:07:18+08:00,4124168,,2026-04-09T13:07:18+08:00,1,0,中东成人高中生分配,1,1,2026-04-12 17:00 ~ 17:30,2026-04-12 17:00 ~ 17:30,s_absent,0,1,0,1,0,0,0,0,1,1,2026/4/14 20:42,2026/4/14 20:42,0,0,0,0,,,,,,,,,unknown,insufficient_contact_attempts,low,booked_not_attended,joined_by_user_id_only,missing_order
2026-04-29,2026-04,62892338,4121807,,,2026-04-09T14:25:54+08:00,4121807,,2026-04-09T14:25:54+08:00,1,0,中东成人高中生分配,1,1,2026-04-12 21:30 ~ 22:00,2026-04-12 21:30 ~ 22:00,end,0,0,1,1,0,0,0,0,1,1,2026/4/13 23:51,2026/4/13 23:51,0,0,0,0,,,,,,,,,valid_lead,has_order_attendance_or_effective_call,medium,attended_not_closed,joined_by_user_id_only,missing_order
2026-04-29,2026-04,62892640,4123061,,,2026-04-13T19:18:57+08:00,4123061,,2026-04-13T19:18:57+08:00,1,0,CC人工改派,1,1,2026-04-12 18:00 ~ 18:30,2026-04-12 18:00 ~ 18:30,s_absent,0,1,0,1,0,0,0,0,1,1,2026/4/13 21:08,2026/4/13 21:08,0,0,0,0,,,,,,,,,unknown,insufficient_contact_attempts,low,booked_not_attended,joined_by_user_id_only,missing_order
2026-04-29,2026-04,62892926,4123057,,,2026-04-09T15:55:54+08:00,4123057,,2026-04-09T15:55:54+08:00,1,0,中东成人高中生分配,1,1,2026-04-12 18:00 ~ 18:30,2026-04-12 18:00 ~ 18:30,s_absent,0,1,0,1,1,1,0,188,1,1,2026/4/13 21:10,2026/4/13 21:10,188,0,0,0,,,,,,,,,valid_lead,has_order_attendance_or_effective_call,medium,booked_not_attended,joined_by_user_id_only,missing_order
2026-04-29,2026-04,62893144,4123060,,,2026-04-09T16:30:26+08:00,4123060,,2026-04-09T16:30:26+08:00,1,0,中东成人高中生分配,1,1,2026-04-12 19:30 ~ 20:00,2026-04-12 19:30 ~ 20:00,s_absent,0,1,0,1,0,0,0,0,1,1,2026/4/9 20:57,2026/4/9 20:57,0,0,0,0,,,,,,,,,unknown,insufficient_contact_attempts,low,booked_not_attended,joined_by_user_id_only,missing_order
2026-04-29,2026-04,62893642,4123061,,,2026-04-09T17:23:24+08:00,4123061,,2026-04-09T17:23:24+08:00,1,0,中东成人高中生分配,1,1,2026-04-12 21:00 ~ 21:30,2026-04-12 21:00 ~ 21:30,s_absent,0,1,0,2,1,1,0,34,2,1,2026/4/9 19:34,2026/4/21 21:12,34,0,0,0,,,,,,,,,valid_lead,has_order_attendance_or_effective_call,medium,booked_not_attended,joined_by_user_id_only,missing_order
2026-04-29,2026-04,62893651,4121806,,,2026-04-09T17:27:22+08:00,4121806,,2026-04-09T17:27:22+08:00,1,0,中东成人高中生分配,1,2,2026-04-09 21:30 ~ 22:00,2026-04-12 18:30 ~ 19:00,cancel,1,1,0,1,0,0,0,0,1,1,2026/4/15 0:14,2026/4/15 0:14,0,0,0,0,,,,,,,,,unknown,insufficient_contact_attempts,low,booked_not_attended,joined_by_user_id_only,missing_order
2026-04-29,2026-04,62893965,4122734,,,2026-04-09T18:03:59+08:00,4122734,,2026-04-09T18:03:59+08:00,1,0,中东成人高中生分配,1,1,2026-04-12 17:30 ~ 18:00,2026-04-12 17:30 ~ 18:00,s_absent,0,1,0,1,1,1,0,777,1,1,2026/4/14 21:35,2026/4/14 21:35,777,0,0,0,,,,,,,,,valid_lead,has_order_attendance_or_effective_call,medium,booked_not_attended,joined_by_user_id_only,missing_order
2026-04-29,2026-04,62893997,4123059,,,2026-04-09T18:21:21+08:00,4123059,,2026-04-09T18:21:21+08:00,1,0,中东成人高中生分配,1,1,2026-04-09 19:30 ~ 20:00,2026-04-09 19:30 ~ 20:00,s_absent,0,1,0,0,0,0,0,0,0,0,,,0,0,0,0,,,,,,,,,valid_lead,has_booking_signal,low,booked_not_attended,joined_by_user_id_only,missing_call|missing_order
2026-04-29,2026-04,62894024,4122734,,,2026-04-15T19:24:23+08:00,4122734,,2026-04-15T19:24:23+08:00,1,0,CC人工改派,1,1,2026-04-12 18:30 ~ 19:00,2026-04-12 18:30 ~ 19:00,s_absent,0,1,0,2,2,2,0,198,2,1,2026/4/19 22:13,2026/4/20 0:07,87,0,0,0,,,,,,,,,valid_lead,has_order_attendance_or_effective_call,medium,booked_not_attended,joined_by_user_id_only,missing_order
2026-04-29,2026-04,62894053,4121807,,,2026-04-09T18:43:15+08:00,4121807,,2026-04-09T18:43:15+08:00,1,0,中东成人高中生分配,1,1,2026-04-12 20:30 ~ 21:00,2026-04-12 20:30 ~ 21:00,s_absent,0,1,0,1,0,0,0,0,1,1,2026/4/9 21:58,2026/4/9 21:58,0,0,0,0,,,,,,,,,unknown,insufficient_contact_attempts,low,booked_not_attended,joined_by_user_id_only,missing_order
2026-04-29,2026-04,62894296,4123057,,,2026-04-09T19:19:58+08:00,4123057,,2026-04-09T19:19:58+08:00,1,0,中东成人高中生分配,1,1,2026-04-12 17:30 ~ 18:00,2026-04-12 17:30 ~ 18:00,s_absent,0,1,0,1,0,0,0,0,1,1,2026/4/13 21:08,2026/4/13 21:08,0,0,0,0,,,,,,,,,unknown,insufficient_contact_attempts,low,booked_not_attended,joined_by_user_id_only,missing_order
2026-04-29,2026-04,62894808,4121807,,,2026-04-13T18:41:17+08:00,4121807,,2026-04-13T18:41:17+08:00,1,0,CC人工改派,1,1,2026-04-09 15:00 ~ 15:30,2026-04-09 15:00 ~ 15:30,s_absent,0,1,0,1,1,1,0,104,1,1,2026/4/14 0:41,2026/4/14 0:41,104,0,0,0,,,,,,,,,valid_lead,has_order_attendance_or_effective_call,medium,booked_not_attended,joined_by_user_id_only,missing_order
2026-04-29,2026-04,62895809,4123060,,,2026-04-09T21:21:58+08:00,4123060,,2026-04-09T21:21:58+08:00,1,0,中东成人高中生分配,1,1,2026-04-12 17:30 ~ 18:00,2026-04-12 17:30 ~ 18:00,end,0,0,1,1,1,1,0,68,1,1,2026/4/13 18:39,2026/4/13 18:39,68,0,1,0,,,,,,,,,valid_lead,has_order_attendance_or_effective_call,medium,attended_not_closed,joined_by_user_id_only,missing_order
2026-04-29,2026-04,62896708,4121807,,,2026-04-09T22:47:31+08:00,4121807,,2026-04-09T22:47:31+08:00,1,0,转介绍分配cc,0,0,,,,0,0,0,1,1,1,0,964,1,1,2026/4/9 23:22,2026/4/9 23:22,964,0,0,0,,,,,,,,,valid_lead,has_order_attendance_or_effective_call,medium,no_booking,joined_by_user_id_only,missing_trial|missing_order
2026-04-29,2026-04,62897064,4121806,,,2026-04-10T00:16:04+08:00,4121806,,2026-04-10T00:16:04+08:00,1,0,中东成人高中生分配,1,1,2026-04-12 18:00 ~ 18:30,2026-04-12 18:00 ~ 18:30,s_absent,0,1,0,1,1,1,0,21,1,1,2026/4/15 1:18,2026/4/15 1:18,21,0,0,0,,,,,,,,,valid_lead,has_order_attendance_or_effective_call,medium,booked_not_attended,joined_by_user_id_only,missing_order
2026-04-29,2026-04,62897150,4123061,,,2026-04-10T00:08:34+08:00,4123061,,2026-04-10T00:08:34+08:00,1,0,中东成人高中生分配,1,1,2026-04-12 18:00 ~ 18:30,2026-04-12 18:00 ~ 18:30,s_absent,0,1,0,1,1,1,0,43,1,1,2026/4/13 19:03,2026/4/13 19:03,43,0,0,0,,,,,,,,,valid_lead,has_order_attendance_or_effective_call,medium,booked_not_attended,joined_by_user_id_only,missing_order
2026-04-29,2026-04,62897307,4122734,,,2026-04-10T00:26:39+08:00,4122734,,2026-04-10T00:26:39+08:00,1,0,中东成人高中生分配,1,1,2026-04-12 18:30 ~ 19:00,2026-04-12 18:30 ~ 19:00,s_absent,0,1,0,1,0,0,0,0,1,1,2026/4/14 21:33,2026/4/14 21:33,0,0,0,0,,,,,,,,,unknown,insufficient_contact_attempts,low,booked_not_attended,joined_by_user_id_only,missing_order
2026-04-29,2026-04,62897553,4123059,,,2026-04-10T01:37:18+08:00,4123059,,2026-04-10T01:37:18+08:00,1,0,中东成人高中生分配,1,1,2026-04-13 13:30 ~ 14:00,2026-04-13 13:30 ~ 14:00,s_absent,0,1,0,0,0,0,0,0,0,0,,,0,0,0,0,,,,,,,,,valid_lead,has_booking_signal,low,booked_not_attended,joined_by_user_id_only,missing_call|missing_order
2026-04-29,2026-04,62897615,4124168,,,2026-04-10T01:54:01+08:00,4124168,,2026-04-10T01:54:01+08:00,1,0,中东成人高中生分配,1,1,2026-04-12 19:30 ~ 20:00,2026-04-12 19:30 ~ 20:00,s_absent,0,1,0,1,1,1,0,1314,1,1,2026/4/14 21:52,2026/4/14 21:52,1314,0,0,1,32477197,2026/4/14 18:14,2026/4/14 20:51,599,Ramadan Special Offer-Super foreign teacher course package-50,,51nadamuhammad,前端销售部002组,valid_lead,has_order_attendance_or_effective_call,medium,closed,joined_by_user_id_only,
2026-04-29,2026-04,62897721,4121807,,,2026-04-10T02:56:46+08:00,4121807,,2026-04-10T02:56:46+08:00,1,0,转介绍分配cc,0,0,,,,0,0,0,0,0,0,0,0,0,0,,,0,0,0,0,,,,,,,,,unknown,data_missing_or_insufficient,low,no_booking,joined_by_user_id_only,missing_trial|missing_call|missing_order
2026-04-29,2026-04,62897764,4121807,,,2026-04-20T22:53:30+08:00,4121807,,2026-04-20T22:53:30+08:00,1,0,CC人工改派,0,0,,,,0,0,0,1,0,0,0,0,1,1,2026/4/21 1:12,2026/4/21 1:12,0,0,0,0,,,,,,,,,unknown,insufficient_contact_attempts,low,no_booking,joined_by_user_id_only,missing_trial|missing_order
2026-04-29,2026-04,62897784,4123057,,,2026-04-10T04:44:34+08:00,4123057,,2026-04-10T04:44:34+08:00,1,0,中东成人高中生分配,0,0,,,,0,0,0,1,0,0,0,0,1,1,2026/4/13 21:03,2026/4/13 21:03,0,0,0,0,,,,,,,,,unknown,insufficient_contact_attempts,low,no_booking,joined_by_user_id_only,missing_trial|missing_order
2026-04-29,2026-04,62897830,4121807,,,2026-04-10T03:19:40+08:00,4121807,,2026-04-10T03:19:40+08:00,1,0,中东成人高中生分配,1,1,2026-04-13 19:30 ~ 20:00,2026-04-13 19:30 ~ 20:00,cancel,1,0,0,1,0,0,0,0,1,1,2026/4/13 21:44,2026/4/13 21:44,0,0,0,0,,,,,,,,,unknown,insufficient_contact_attempts,low,booked_not_attended,joined_by_user_id_only,missing_order
2026-04-29,2026-04,62898029,4123061,,,2026-04-13T18:43:03+08:00,4123061,,2026-04-13T18:43:03+08:00,1,0,CC人工改派,1,1,2026-04-13 15:30 ~ 16:00,2026-04-13 15:30 ~ 16:00,cancel,1,0,0,1,1,1,0,29,1,1,2026/4/13 19:50,2026/4/13 19:50,29,0,0,0,,,,,,,,,valid_lead,has_order_attendance_or_effective_call,medium,booked_not_attended,joined_by_user_id_only,missing_order
2026-04-29,2026-04,62898149,4123060,,,2026-04-10T06:31:53+08:00,4123060,,2026-04-10T06:31:53+08:00,1,0,中东成人高中生分配,1,1,2026-04-13 13:00 ~ 13:30,2026-04-13 13:00 ~ 13:30,s_absent,0,1,0,1,0,0,0,0,1,1,2026/4/20 1:12,2026/4/20 1:12,0,0,0,0,,,,,,,,,unknown,insufficient_contact_attempts,low,booked_not_attended,joined_by_user_id_only,missing_order
2026-04-29,2026-04,62898292,4121806,,,2026-04-10T08:47:54+08:00,4121806,,2026-04-10T08:47:54+08:00,1,0,中东成人高中生分配,1,1,2026-04-13 14:30 ~ 15:00,2026-04-13 14:30 ~ 15:00,s_absent,0,1,0,1,1,1,0,22,1,1,2026/4/16 17:59,2026/4/16 17:59,22,0,0,0,,,,,,,,,valid_lead,has_order_attendance_or_effective_call,medium,booked_not_attended,joined_by_user_id_only,missing_order
2026-04-29,2026-04,62898375,4123061,,,2026-04-10T08:32:42+08:00,4123061,,2026-04-10T08:32:42+08:00,1,0,中东成人高中生分配,1,1,2026-04-13 14:00 ~ 14:30,2026-04-13 14:00 ~ 14:30,s_absent,0,1,0,1,0,0,0,0,1,1,2026/4/13 18:51,2026/4/13 18:51,0,0,0,0,,,,,,,,,unknown,insufficient_contact_attempts,low,booked_not_attended,joined_by_user_id_only,missing_order
2026-04-29,2026-04,62899034,4122734,,,2026-04-10T10:16:40+08:00,4122734,,2026-04-10T10:16:40+08:00,1,0,中东成人高中生分配,1,1,2026-04-13 20:30 ~ 21:00,2026-04-13 20:30 ~ 21:00,s_absent,0,1,0,1,0,0,0,0,1,1,2026/4/14 22:13,2026/4/14 22:13,0,0,0,0,,,,,,,,,unknown,insufficient_contact_attempts,low,booked_not_attended,joined_by_user_id_only,missing_order
2026-04-29,2026-04,62899064,4123059,,,2026-04-10T11:19:09+08:00,4123059,,2026-04-10T11:19:09+08:00,1,0,中东成人高中生分配,1,1,2026-04-13 15:00 ~ 15:30,2026-04-13 15:00 ~ 15:30,cancel,1,0,0,0,0,0,0,0,0,0,,,0,0,0,0,,,,,,,,,valid_lead,has_booking_signal,low,booked_not_attended,joined_by_user_id_only,missing_call|missing_order
2026-04-29,2026-04,62899299,4124168,,,2026-04-10T12:22:22+08:00,4124168,,2026-04-10T12:22:22+08:00,1,0,中东成人高中生分配,1,1,2026-04-12 19:00 ~ 19:30,2026-04-12 19:00 ~ 19:30,s_absent,0,1,0,1,0,0,0,0,1,1,2026/4/15 0:45,2026/4/15 0:45,0,0,0,0,,,,,,,,,unknown,insufficient_contact_attempts,low,booked_not_attended,joined_by_user_id_only,missing_order
2026-04-29,2026-04,62900348,4123057,,,2026-04-13T18:42:55+08:00,4123057,,2026-04-13T18:42:55+08:00,1,0,CC人工改派,1,1,2026-04-13 17:30 ~ 18:00,2026-04-13 17:30 ~ 18:00,end,0,0,1,1,1,1,0,35,1,1,2026/4/21 20:09,2026/4/21 20:09,35,0,1,0,,,,,,,,,valid_lead,has_order_attendance_or_effective_call,medium,attended_not_closed,joined_by_user_id_only,missing_order
2026-04-29,2026-04,62900367,4123057,,,2026-04-10T15:17:35+08:00,4123057,,2026-04-10T15:17:35+08:00,1,0,中东成人高中生分配,1,1,2026-04-13 19:30 ~ 20:00,2026-04-13 19:30 ~ 20:00,cancel,1,0,0,1,0,0,0,0,1,1,2026/4/13 19:01,2026/4/13 19:01,0,0,0,0,,,,,,,,,unknown,insufficient_contact_attempts,low,booked_not_attended,joined_by_user_id_only,missing_order
2026-04-29,2026-04,62900711,4121807,,,2026-04-10T14:59:56+08:00,4121807,,2026-04-10T14:59:56+08:00,1,0,中东成人高中生分配,1,1,2026-04-13 16:00 ~ 16:30,2026-04-13 16:00 ~ 16:30,cancel,1,0,0,1,0,0,0,0,1,1,2026/4/13 20:13,2026/4/13 20:13,0,0,0,0,,,,,,,,,unknown,insufficient_contact_attempts,low,booked_not_attended,joined_by_user_id_only,missing_order
2026-04-29,2026-04,62901383,4123061,,,2026-04-10T17:33:00+08:00,4123061,,2026-04-10T17:33:00+08:00,1,0,中东成人高中生分配,1,1,2026-04-13 16:30 ~ 17:00,2026-04-13 16:30 ~ 17:00,cancel,1,0,0,1,0,0,0,0,1,1,2026/4/13 19:57,2026/4/13 19:57,0,0,0,0,,,,,,,,,unknown,insufficient_contact_attempts,low,booked_not_attended,joined_by_user_id_only,missing_order
2026-04-29,2026-04,62901388,4121806,,,2026-04-10T17:36:37+08:00,4121806,,2026-04-10T17:36:37+08:00,1,0,中东成人高中生分配,1,1,2026-04-12 19:00 ~ 19:30,2026-04-12 19:00 ~ 19:30,s_absent,0,1,0,1,0,0,0,0,1,1,2026/4/15 1:25,2026/4/15 1:25,0,0,0,0,,,,,,,,,unknown,insufficient_contact_attempts,low,booked_not_attended,joined_by_user_id_only,missing_order
2026-04-29,2026-04,62901602,4123060,,,2026-04-10T17:15:25+08:00,4123060,,2026-04-10T17:15:25+08:00,1,0,中东成人高中生分配,1,1,2026-04-13 16:00 ~ 16:30,2026-04-13 16:00 ~ 16:30,end,0,0,1,1,1,1,0,47,1,1,2026/4/13 20:53,2026/4/13 20:53,47,1,0,0,,,,,,,,,valid_lead,has_order_attendance_or_effective_call,medium,attended_not_closed,joined_by_user_id_only,missing_order
2026-04-29,2026-04,62901889,4122734,,,2026-04-10T19:11:20+08:00,4122734,,2026-04-10T19:11:20+08:00,1,0,中东成人高中生分配,1,1,2026-04-13 16:30 ~ 17:00,2026-04-13 16:30 ~ 17:00,cancel,1,0,0,1,0,0,0,0,1,1,2026/4/19 21:26,2026/4/19 21:26,0,0,0,0,,,,,,,,,unknown,insufficient_contact_attempts,low,booked_not_attended,joined_by_user_id_only,missing_order
2026-04-29,2026-04,62902259,4123061,,,2026-04-13T19:29:41+08:00,4123061,,2026-04-13T19:29:41+08:00,1,0,CC人工改派,1,1,2026-04-13 17:00 ~ 17:30,2026-04-13 17:00 ~ 17:30,cancel,1,0,0,1,1,1,0,57,1,1,2026/4/19 22:09,2026/4/19 22:09,57,0,0,0,,,,,,,,,valid_lead,has_order_attendance_or_effective_call,medium,booked_not_attended,joined_by_user_id_only,missing_order
2026-04-29,2026-04,62902513,4123059,,,2026-04-10T19:49:48+08:00,4123059,,2026-04-10T19:49:48+08:00,1,0,中东成人高中生分配,0,0,,,,0,0,0,0,0,0,0,0,0,0,,,0,0,0,0,,,,,,,,,unknown,data_missing_or_insufficient,low,no_booking,joined_by_user_id_only,missing_trial|missing_call|missing_order
2026-04-29,2026-04,62902919,4121807,,,2026-04-10T20:56:44+08:00,4121807,,2026-04-10T20:56:44+08:00,1,0,中东成人高中生分配,1,1,2026-04-13 17:00 ~ 17:30,2026-04-13 17:00 ~ 17:30,cancel,1,0,0,1,0,0,0,0,1,1,2026/4/13 21:45,2026/4/13 21:45,0,0,0,0,,,,,,,,,unknown,insufficient_contact_attempts,low,booked_not_attended,joined_by_user_id_only,missing_order
2026-04-29,2026-04,62903080,4123057,,,2026-04-13T18:41:28+08:00,4123057,,2026-04-13T18:41:28+08:00,1,0,CC人工改派,1,1,2026-04-13 18:00 ~ 18:30,2026-04-13 18:00 ~ 18:30,cancel,1,0,0,1,1,1,0,139,1,1,2026/4/13 19:25,2026/4/13 19:25,139,0,0,0,,,,,,,,,valid_lead,has_order_attendance_or_effective_call,medium,booked_not_attended,joined_by_user_id_only,missing_order
2026-04-29,2026-04,62903434,4123057,,,2026-04-10T22:50:53+08:00,4123057,,2026-04-10T22:50:53+08:00,1,0,中东成人高中生分配,1,1,2026-04-13 18:00 ~ 18:30,2026-04-13 18:00 ~ 18:30,end,0,0,1,1,0,0,0,0,1,1,2026/4/13 22:48,2026/4/13 22:48,0,0,0,0,,,,,,,,,valid_lead,has_order_attendance_or_effective_call,medium,attended_not_closed,joined_by_user_id_only,missing_order
2026-04-29,2026-04,62903915,4123060,,,2026-04-10T23:09:49+08:00,4123060,,2026-04-10T23:09:49+08:00,1,0,中东成人高中生分配,1,1,2026-04-13 18:30 ~ 19:00,2026-04-13 18:30 ~ 19:00,cancel,1,0,0,1,0,0,0,0,1,1,2026/4/13 22:35,2026/4/13 22:35,0,0,0,0,,,,,,,,,unknown,insufficient_contact_attempts,low,booked_not_attended,joined_by_user_id_only,missing_order
2026-04-29,2026-04,62904225,4123061,,,2026-04-11T01:30:55+08:00,4123061,,2026-04-11T01:30:55+08:00,1,0,中东成人高中生分配,0,0,,,,0,0,0,1,1,1,0,117,1,1,2026/4/13 22:54,2026/4/13 22:54,117,0,0,0,,,,,,,,,valid_lead,has_order_attendance_or_effective_call,medium,no_booking,joined_by_user_id_only,missing_trial|missing_order
2026-04-29,2026-04,62904276,4122734,,,2026-04-11T02:47:23+08:00,4122734,,2026-04-11T02:47:23+08:00,1,0,中东成人高中生分配,0,0,,,,0,0,0,1,1,1,0,24,1,1,2026/4/14 22:18,2026/4/14 22:18,24,0,0,0,,,,,,,,,valid_lead,has_order_attendance_or_effective_call,medium,no_booking,joined_by_user_id_only,missing_trial|missing_order
2026-04-29,2026-04,62904435,4121806,,,2026-04-11T01:51:42+08:00,4121806,,2026-04-11T01:51:42+08:00,1,0,中东成人高中生分配,1,1,2026-04-13 18:00 ~ 18:30,2026-04-13 18:00 ~ 18:30,s_absent,0,1,0,1,0,0,0,0,1,1,2026/4/14 21:56,2026/4/14 21:56,0,0,0,0,,,,,,,,,unknown,insufficient_contact_attempts,low,booked_not_attended,joined_by_user_id_only,missing_order
2026-04-29,2026-04,62904490,4124168,,,2026-04-11T03:32:31+08:00,4124168,,2026-04-11T03:32:31+08:00,1,0,中东成人高中生分配,1,1,2026-04-12 14:00 ~ 14:30,2026-04-12 14:00 ~ 14:30,s_absent,0,1,0,1,1,1,0,509,1,1,2026/4/14 20:44,2026/4/14 20:44,509,0,0,0,,,,,,,,,valid_lead,has_order_attendance_or_effective_call,medium,booked_not_attended,joined_by_user_id_only,missing_order
2026-04-29,2026-04,62904608,4123059,,,2026-04-11T03:30:57+08:00,4123059,,2026-04-11T03:30:57+08:00,1,0,中东成人高中生分配,1,1,2026-04-11 15:00 ~ 15:30,2026-04-11 15:00 ~ 15:30,s_absent,0,1,0,0,0,0,0,0,0,0,,,0,0,0,0,,,,,,,,,valid_lead,has_booking_signal,low,booked_not_attended,joined_by_user_id_only,missing_call|missing_order
2026-04-29,2026-04,62904611,4121807,,,2026-04-11T03:33:59+08:00,4121807,,2026-04-11T03:33:59+08:00,1,0,中东成人高中生分配,0,0,,,,0,0,0,1,1,1,0,124,1,1,2026/4/14 0:36,2026/4/14 0:36,124,0,0,0,,,,,,,,,valid_lead,has_order_attendance_or_effective_call,medium,no_booking,joined_by_user_id_only,missing_trial|missing_order
2026-04-29,2026-04,62904630,4123061,,,2026-04-13T18:42:21+08:00,4123061,,2026-04-13T18:42:21+08:00,1,0,CC人工改派,1,1,2026-04-12 14:30 ~ 15:00,2026-04-12 14:30 ~ 15:00,s_absent,0,1,0,1,0,0,0,0,1,1,2026/4/13 21:28,2026/4/13 21:28,0,0,0,0,,,,,,,,,unknown,insufficient_contact_attempts,low,booked_not_attended,joined_by_user_id_only,missing_order
2026-04-29,2026-04,62904647,4123057,,,2026-04-11T04:45:43+08:00,4123057,,2026-04-11T04:45:43+08:00,1,0,中东成人高中生分配,1,1,2026-04-11 14:30 ~ 15:00,2026-04-11 14:30 ~ 15:00,s_absent,0,1,0,1,0,0,0,0,1,1,2026/4/13 21:26,2026/4/13 21:26,0,0,0,0,,,,,,,,,unknown,insufficient_contact_attempts,low,booked_not_attended,joined_by_user_id_only,missing_order
2026-04-29,2026-04,62904740,4123060,,,2026-04-11T04:52:35+08:00,4123060,,2026-04-11T04:52:35+08:00,1,0,中东成人高中生分配,1,1,2026-04-12 16:00 ~ 16:30,2026-04-12 16:00 ~ 16:30,s_absent,0,1,0,1,1,0,1,12,1,1,2026/4/19 21:24,2026/4/19 21:24,12,0,0,0,,,,,,,,,unknown,insufficient_contact_attempts,low,booked_not_attended,joined_by_user_id_only,missing_order
2026-04-29,2026-04,62904749,4123061,,,2026-04-11T05:27:58+08:00,4123061,,2026-04-11T05:27:58+08:00,1,0,中东成人高中生分配,1,1,2026-04-12 15:00 ~ 15:30,2026-04-12 15:00 ~ 15:30,s_absent,0,1,0,1,1,1,0,856,1,1,2026/4/13 21:10,2026/4/13 21:10,856,0,0,0,,,,,,,,,valid_lead,has_order_attendance_or_effective_call,medium,booked_not_attended,joined_by_user_id_only,missing_order
2026-04-29,2026-04,62904964,4122734,,,2026-04-11T07:20:43+08:00,4122734,,2026-04-11T07:20:43+08:00,1,0,中东成人高中生分配,1,1,2026-04-12 15:30 ~ 16:00,2026-04-12 15:30 ~ 16:00,s_absent,0,1,0,1,1,0,1,19,1,1,2026/4/14 22:22,2026/4/14 22:22,19,0,0,0,,,,,,,,,unknown,insufficient_contact_attempts,low,booked_not_attended,joined_by_user_id_only,missing_order
2026-04-29,2026-04,62905003,4121806,,,2026-04-11T06:41:08+08:00,4121806,,2026-04-11T06:41:08+08:00,1,0,中东成人高中生分配,0,0,,,,0,0,0,1,0,0,0,0,1,1,2026/4/15 1:06,2026/4/15 1:06,0,0,0,0,,,,,,,,,unknown,insufficient_contact_attempts,low,no_booking,joined_by_user_id_only,missing_trial|missing_order
2026-04-29,2026-04,62905037,4123059,,,2026-04-11T07:33:09+08:00,4123059,,2026-04-11T07:33:09+08:00,1,0,中东成人高中生分配,1,1,2026-04-12 16:30 ~ 17:00,2026-04-12 16:30 ~ 17:00,s_absent,0,1,0,0,0,0,0,0,0,0,,,0,0,0,0,,,,,,,,,valid_lead,has_booking_signal,low,booked_not_attended,joined_by_user_id_only,missing_call|missing_order
2026-04-29,2026-04,62905719,4121807,,,2026-04-13T19:30:02+08:00,4121807,,2026-04-13T19:30:02+08:00,1,0,CC人工改派,1,1,2026-04-13 18:00 ~ 18:30,2026-04-13 18:00 ~ 18:30,cancel,1,0,0,1,0,0,0,0,1,1,2026/4/13 22:15,2026/4/13 22:15,0,0,0,0,,,,,,,,,unknown,insufficient_contact_attempts,low,booked_not_attended,joined_by_user_id_only,missing_order
2026-04-29,2026-04,62905871,4123057,,,2026-04-13T18:41:28+08:00,4123057,,2026-04-13T18:41:28+08:00,1,0,CC人工改派,1,1,2026-04-13 18:30 ~ 19:00,2026-04-13 18:30 ~ 19:00,cancel,1,0,0,1,1,1,0,80,1,1,2026/4/13 19:34,2026/4/13 19:34,80,0,0,0,,,,,,,,,valid_lead,has_order_attendance_or_effective_call,medium,booked_not_attended,joined_by_user_id_only,missing_order
2026-04-29,2026-04,62906008,4121807,,,2026-04-11T10:21:46+08:00,4121807,,2026-04-11T10:21:46+08:00,1,0,中东成人高中生分配,1,1,2026-04-13 20:30 ~ 21:00,2026-04-13 20:30 ~ 21:00,cancel,1,0,0,1,1,1,0,265,1,1,2026/4/13 21:08,2026/4/13 21:08,265,0,0,0,,,,,,,,,valid_lead,has_order_attendance_or_effective_call,medium,booked_not_attended,joined_by_user_id_only,missing_order
2026-04-29,2026-04,62906237,4123057,,,2026-04-11T11:27:40+08:00,4123057,,2026-04-11T11:27:40+08:00,1,0,中东成人高中生分配,0,0,,,,0,0,0,1,0,0,0,0,1,1,2026/4/13 22:32,2026/4/13 22:32,0,0,0,0,,,,,,,,,unknown,insufficient_contact_attempts,low,no_booking,joined_by_user_id_only,missing_trial|missing_order
2026-04-29,2026-04,62906963,4123060,,,2026-04-11T14:07:41+08:00,4123060,,2026-04-11T14:07:41+08:00,1,0,中东成人高中生分配,0,0,,,,0,0,0,1,0,0,0,0,1,1,2026/4/20 22:17,2026/4/20 22:17,0,0,0,0,,,,,,,,,unknown,insufficient_contact_attempts,low,no_booking,joined_by_user_id_only,missing_trial|missing_order
2026-04-29,2026-04,62907190,4121806,,,2026-04-11T15:24:39+08:00,4121806,,2026-04-11T15:24:39+08:00,1,0,中东成人高中生分配,1,1,2026-04-13 21:30 ~ 22:00,2026-04-13 21:30 ~ 22:00,s_absent,0,1,0,1,0,0,0,0,1,1,2026/4/14 21:32,2026/4/14 21:32,0,0,0,0,,,,,,,,,unknown,insufficient_contact_attempts,low,booked_not_attended,joined_by_user_id_only,missing_order
2026-04-29,2026-04,62907332,4123061,,,2026-04-11T14:57:27+08:00,4123061,,2026-04-11T14:57:27+08:00,1,0,中东成人高中生分配,1,1,2026-04-13 19:00 ~ 19:30,2026-04-13 19:00 ~ 19:30,cancel,1,0,0,1,0,0,0,0,1,1,2026/4/13 20:26,2026/4/13 20:26,0,0,0,0,,,,,,,,,unknown,insufficient_contact_attempts,low,booked_not_attended,joined_by_user_id_only,missing_order
2026-04-29,2026-04,62907978,4123059,,,2026-04-11T16:38:06+08:00,4123059,,2026-04-11T16:38:06+08:00,1,0,中东成人高中生分配,0,0,,,,0,0,0,0,0,0,0,0,0,0,,,0,0,0,0,,,,,,,,,unknown,data_missing_or_insufficient,low,no_booking,joined_by_user_id_only,missing_trial|missing_call|missing_order
2026-04-29,2026-04,62908176,4121807,,,2026-04-11T17:08:56+08:00,4121807,,2026-04-11T17:08:56+08:00,1,0,中东成人高中生分配,1,1,2026-04-12 13:00 ~ 13:30,2026-04-12 13:00 ~ 13:30,s_absent,0,1,0,1,0,0,0,0,1,1,2026/4/14 0:22,2026/4/14 0:22,0,0,0,0,,,,,,,,,unknown,insufficient_contact_attempts,low,booked_not_attended,joined_by_user_id_only,missing_order
2026-04-29,2026-04,62908265,4123057,,,2026-04-13T19:28:44+08:00,4123057,,2026-04-13T19:28:44+08:00,1,0,CC人工改派,1,1,2026-04-13 20:30 ~ 21:00,2026-04-13 20:30 ~ 21:00,cancel,1,0,0,1,1,1,0,113,1,1,2026/4/13 20:12,2026/4/13 20:12,113,0,0,0,,,,,,,,,valid_lead,has_order_attendance_or_effective_call,medium,booked_not_attended,joined_by_user_id_only,missing_order
2026-04-29,2026-04,62908303,4122734,,,2026-04-11T16:27:43+08:00,4122734,,2026-04-11T16:27:43+08:00,1,0,中东成人高中生分配,0,0,,,,0,0,0,1,1,1,0,106,1,1,2026/4/14 22:34,2026/4/14 22:34,106,0,0,0,,,,,,,,,valid_lead,has_order_attendance_or_effective_call,medium,no_booking,joined_by_user_id_only,missing_trial|missing_order
2026-04-29,2026-04,62908382,4123061,,,2026-04-13T18:42:21+08:00,4123061,,2026-04-13T18:42:21+08:00,1,0,CC人工改派,0,0,,,,0,0,0,1,1,1,0,1436,1,1,2026/4/13 22:24,2026/4/13 22:24,1436,0,0,0,,,,,,,,,valid_lead,has_order_attendance_or_effective_call,medium,no_booking,joined_by_user_id_only,missing_trial|missing_order
2026-04-29,2026-04,62908828,4123061,,,2026-04-22T20:27:17+08:00,4123061,,2026-04-22T20:27:17+08:00,1,0,CC人工改派,0,0,,,,0,0,0,3,0,0,0,0,3,1,2026/4/22 21:42,2026-04-26 17:11:53,0,0,0,0,,,,,,,,,unknown,insufficient_contact_attempts,low,no_booking,joined_by_user_id_only,missing_trial|missing_order
2026-04-29,2026-04,62908880,4123060,,,2026-04-11T18:24:58+08:00,4123060,,2026-04-11T18:24:58+08:00,1,0,中东成人高中生分配,0,0,,,,0,0,0,1,1,0,1,12,1,1,2026/4/14 20:18,2026/4/14 20:18,12,0,0,0,,,,,,,,,unknown,insufficient_contact_attempts,low,no_booking,joined_by_user_id_only,missing_trial|missing_order
2026-04-29,2026-04,62909041,4123057,,,2026-04-11T18:16:54+08:00,4123057,,2026-04-11T18:16:54+08:00,1,0,中东成人高中生分配,1,1,2026-04-12 13:30 ~ 14:00,2026-04-12 13:30 ~ 14:00,s_absent,0,1,0,1,1,1,0,39,1,1,2026/4/13 21:30,2026/4/13 21:30,39,0,0,0,,,,,,,,,valid_lead,has_order_attendance_or_effective_call,medium,booked_not_attended,joined_by_user_id_only,missing_order
2026-04-29,2026-04,62909419,4123061,,,2026-04-11T18:47:38+08:00,4123061,,2026-04-11T18:47:38+08:00,1,0,中东成人高中生分配,0,0,,,,0,0,0,1,1,1,0,32,1,1,2026/4/13 22:02,2026/4/13 22:02,32,0,0,0,,,,,,,,,valid_lead,has_order_attendance_or_effective_call,medium,no_booking,joined_by_user_id_only,missing_trial|missing_order
2026-04-29,2026-04,62909596,4123060,,,2026-04-22T20:23:33+08:00,4123060,,2026-04-22T20:23:33+08:00,1,0,CC人工改派,0,0,,,,0,0,0,1,0,0,0,0,1,1,2026/4/22 21:19,2026/4/22 21:19,0,0,0,0,,,,,,,,,unknown,insufficient_contact_attempts,low,no_booking,joined_by_user_id_only,missing_trial|missing_order
2026-04-29,2026-04,62910320,4121806,,,2026-04-11T20:40:02+08:00,4121806,,2026-04-11T20:40:02+08:00,1,0,中东成人高中生分配,1,1,2026-04-12 21:30 ~ 22:00,2026-04-12 21:30 ~ 22:00,s_absent,0,1,0,1,1,1,0,360,1,1,2026/4/16 1:43,2026/4/16 1:43,360,0,0,0,,,,,,,,,valid_lead,has_order_attendance_or_effective_call,medium,booked_not_attended,joined_by_user_id_only,missing_order
2026-04-29,2026-04,62910326,4122734,,,2026-04-11T20:44:57+08:00,4122734,,2026-04-11T20:44:57+08:00,1,0,中东成人高中生分配,1,3,2026-04-14 16:00 ~ 16:30,2026-04-16 16:00 ~ 16:30,cancel,1,0,0,1,0,0,0,0,1,1,2026/4/15 19:39,2026/4/15 19:39,0,0,0,0,,,,,,,,,unknown,insufficient_contact_attempts,low,booked_not_attended,joined_by_user_id_only,missing_order
2026-04-29,2026-04,62910356,4123059,,,2026-04-11T21:02:50+08:00,4123059,,2026-04-11T21:02:50+08:00,1,0,中东成人高中生分配,1,1,2026-04-14 17:00 ~ 17:30,2026-04-14 17:00 ~ 17:30,s_absent,0,1,0,0,0,0,0,0,0,0,,,0,0,0,0,,,,,,,,,valid_lead,has_booking_signal,low,booked_not_attended,joined_by_user_id_only,missing_call|missing_order
2026-04-29,2026-04,62910737,4121807,,,2026-04-11T21:22:50+08:00,4121807,,2026-04-11T21:22:50+08:00,1,0,中东成人高中生分配,1,1,2026-04-12 21:00 ~ 21:30,2026-04-12 21:00 ~ 21:30,s_absent,0,1,0,1,1,1,0,219,1,1,2026/4/13 22:36,2026/4/13 22:36,219,0,0,0,,,,,,,,,valid_lead,has_order_attendance_or_effective_call,medium,booked_not_attended,joined_by_user_id_only,missing_order
2026-04-29,2026-04,62910807,4123057,,,2026-04-13T19:28:44+08:00,4123057,,2026-04-13T19:28:44+08:00,1,0,CC人工改派,1,1,2026-04-13 20:00 ~ 20:30,2026-04-13 20:00 ~ 20:30,end,0,0,1,2,1,1,0,30,2,2,2026/4/13 19:58,2026/4/15 23:20,30,0,1,0,,,,,,,,,valid_lead,has_order_attendance_or_effective_call,medium,attended_not_closed,joined_by_user_id_only,missing_order
2026-04-29,2026-04,62911050,4123060,,,2026-04-20T22:58:12+08:00,4123060,,2026-04-20T22:58:12+08:00,1,0,CC人工改派,0,0,,,,0,0,0,1,1,1,0,113,1,1,2026/4/22 21:05,2026/4/22 21:05,113,0,0,0,,,,,,,,,valid_lead,has_order_attendance_or_effective_call,medium,no_booking,joined_by_user_id_only,missing_trial|missing_order
2026-04-29,2026-04,62911099,4121807,,,2026-04-13T18:41:17+08:00,4121807,,2026-04-13T18:41:17+08:00,1,0,CC人工改派,0,0,,,,0,0,0,1,0,0,0,0,1,1,2026/4/14 0:27,2026/4/14 0:27,0,0,0,0,,,,,,,,,unknown,insufficient_contact_attempts,low,no_booking,joined_by_user_id_only,missing_trial|missing_order
2026-04-29,2026-04,62911279,4123057,,,2026-04-11T23:34:29+08:00,4123057,,2026-04-11T23:34:29+08:00,1,0,中东成人高中生分配,1,1,2026-04-14 19:30 ~ 20:00,2026-04-14 19:30 ~ 20:00,s_absent,0,1,0,2,0,0,0,0,2,2,2026/4/13 22:38,2026/4/14 21:49,0,0,0,0,,,,,,,,,unknown,insufficient_contact_attempts,low,booked_not_attended,joined_by_user_id_only,missing_order
2026-04-29,2026-04,62912034,4123060,,,2026-04-12T00:28:56+08:00,4123060,,2026-04-12T00:28:56+08:00,1,0,中东成人高中生分配,1,2,2026-04-14 21:30 ~ 22:00,2026-04-15 15:30 ~ 16:00,cancel,1,0,0,1,0,0,0,0,1,1,2026/4/14 0:09,2026/4/14 0:09,0,0,0,0,,,,,,,,,unknown,insufficient_contact_attempts,low,booked_not_attended,joined_by_user_id_only,missing_order
2026-04-29,2026-04,62912068,4123061,,,2026-04-12T01:02:09+08:00,4123061,,2026-04-12T01:02:09+08:00,1,0,中东成人高中生分配,1,1,2026-04-13 19:00 ~ 19:30,2026-04-13 19:00 ~ 19:30,cancel,1,0,0,1,0,0,0,0,1,1,2026/4/13 23:47,2026/4/13 23:47,0,0,0,0,,,,,,,,,unknown,insufficient_contact_attempts,low,booked_not_attended,joined_by_user_id_only,missing_order
2026-04-29,2026-04,62912441,4121806,,,2026-04-12T01:56:22+08:00,4121806,,2026-04-12T01:56:22+08:00,1,0,中东成人高中生分配,1,1,2026-04-14 19:30 ~ 20:00,2026-04-14 19:30 ~ 20:00,cancel,1,0,0,1,0,0,0,0,1,1,2026/4/14 21:27,2026/4/14 21:27,0,0,0,0,,,,,,,,,unknown,insufficient_contact_attempts,low,booked_not_attended,joined_by_user_id_only,missing_order
2026-04-29,2026-04,62912553,4123059,,,2026-04-12T02:59:00+08:00,4123059,,2026-04-12T02:59:00+08:00,1,0,中东成人高中生分配,1,1,2026-04-13 19:30 ~ 20:00,2026-04-13 19:30 ~ 20:00,cancel,1,0,0,0,0,0,0,0,0,0,,,0,0,0,0,,,,,,,,,valid_lead,has_booking_signal,low,booked_not_attended,joined_by_user_id_only,missing_call|missing_order
2026-04-29,2026-04,62912637,4122734,,,2026-04-12T02:25:42+08:00,4122734,,2026-04-12T02:25:42+08:00,1,0,中东成人高中生分配,1,2,2026-04-14 21:30 ~ 22:00,2026-04-16 17:00 ~ 17:30,cancel,1,0,0,1,1,1,0,76,1,1,2026/4/14 19:47,2026/4/14 19:47,76,0,0,0,,,,,,,,,valid_lead,has_order_attendance_or_effective_call,medium,booked_not_attended,joined_by_user_id_only,missing_order
2026-04-29,2026-04,62912813,4123060,,,2026-04-13T19:28:55+08:00,4123060,,2026-04-13T19:28:55+08:00,1,0,CC人工改派,1,2,2026-04-13 19:30 ~ 20:00,2026-04-14 20:30 ~ 21:00,end,1,0,1,1,1,1,0,55,1,1,2026/4/14 0:16,2026/4/14 0:16,55,0,0,0,,,,,,,,,valid_lead,has_order_attendance_or_effective_call,medium,attended_not_closed,joined_by_user_id_only,missing_order
2026-04-29,2026-04,62913092,4121807,,,2026-04-12T07:25:48+08:00,4121807,,2026-04-12T07:25:48+08:00,1,0,中东成人高中生分配,0,0,,,,0,0,0,1,0,0,0,0,1,1,2026/4/13 22:50,2026/4/13 22:50,0,0,0,0,,,,,,,,,unknown,insufficient_contact_attempts,low,no_booking,joined_by_user_id_only,missing_trial|missing_order
2026-04-29,2026-04,62913405,4121807,,,2026-04-13T19:18:47+08:00,4121807,,2026-04-13T19:18:47+08:00,1,0,CC人工改派,0,0,,,,0,0,0,1,1,1,0,918,1,1,2026/4/13 23:05,2026/4/13 23:05,918,0,0,0,,,,,,,,,valid_lead,has_order_attendance_or_effective_call,medium,no_booking,joined_by_user_id_only,missing_trial|missing_order
2026-04-29,2026-04,62913427,4123057,,,2026-04-12T08:36:56+08:00,4123057,,2026-04-12T08:36:56+08:00,1,0,中东成人高中生分配,1,1,2026-04-13 21:30 ~ 22:00,2026-04-13 21:30 ~ 22:00,end,0,0,1,1,1,0,1,4,1,1,2026/4/13 20:56,2026/4/13 20:56,4,0,0,0,,,,,,,,,valid_lead,has_order_attendance_or_effective_call,medium,attended_not_closed,joined_by_user_id_only,missing_order
2026-04-29,2026-04,62913461,4123060,,,2026-04-12T09:38:00+08:00,4123060,,2026-04-12T09:38:00+08:00,1,0,中东成人高中生分配,0,0,,,,0,0,0,1,0,0,0,0,1,1,2026/4/14 20:13,2026/4/14 20:13,0,0,0,0,,,,,,,,,unknown,insufficient_contact_attempts,low,no_booking,joined_by_user_id_only,missing_trial|missing_order
2026-04-29,2026-04,62913578,4123061,,,2026-04-12T10:45:40+08:00,4123061,,2026-04-12T10:45:40+08:00,1,0,中东成人高中生分配,1,1,2026-04-14 20:00 ~ 20:30,2026-04-14 20:00 ~ 20:30,end,0,0,1,1,1,1,0,584,1,1,2026/4/13 20:28,2026/4/13 20:28,584,0,0,0,,,,,,,,,valid_lead,has_order_attendance_or_effective_call,medium,attended_not_closed,joined_by_user_id_only,missing_order
2026-04-29,2026-04,62914746,4121806,,,2026-04-12T13:13:27+08:00,4121806,,2026-04-12T13:13:27+08:00,1,0,中东成人高中生分配,1,1,2026-04-13 15:30 ~ 16:00,2026-04-13 15:30 ~ 16:00,s_absent,0,1,0,1,0,0,0,0,1,1,2026/4/14 22:26,2026/4/14 22:26,0,0,0,0,,,,,,,,,unknown,insufficient_contact_attempts,low,booked_not_attended,joined_by_user_id_only,missing_order
2026-04-29,2026-04,62914757,4122734,,,2026-04-12T13:24:31+08:00,4122734,,2026-04-12T13:24:31+08:00,1,0,中东成人高中生分配,1,1,2026-04-13 19:00 ~ 19:30,2026-04-13 19:00 ~ 19:30,s_absent,0,1,0,1,0,0,0,0,1,1,2026/4/15 1:14,2026/4/15 1:14,0,0,0,0,,,,,,,,,unknown,insufficient_contact_attempts,low,booked_not_attended,joined_by_user_id_only,missing_order
2026-04-29,2026-04,62915206,4123060,,,2026-04-22T20:24:08+08:00,4123060,,2026-04-22T20:24:08+08:00,1,0,CC人工改派,0,0,,,,0,0,0,1,0,0,0,0,1,1,2026/4/22 21:00,2026/4/22 21:00,0,0,0,0,,,,,,,,,unknown,insufficient_contact_attempts,low,no_booking,joined_by_user_id_only,missing_trial|missing_order
2026-04-29,2026-04,62915477,4123059,,,2026-04-12T16:03:42+08:00,4123059,,2026-04-12T16:03:42+08:00,1,0,中东成人高中生分配,1,1,2026-04-14 18:30 ~ 19:00,2026-04-14 18:30 ~ 19:00,s_absent,0,1,0,0,0,0,0,0,0,0,,,0,0,0,0,,,,,,,,,valid_lead,has_booking_signal,low,booked_not_attended,joined_by_user_id_only,missing_call|missing_order
2026-04-29,2026-04,62916140,4123060,,,2026-04-13T19:28:55+08:00,4123060,,2026-04-13T19:28:55+08:00,1,0,CC人工改派,1,1,2026-04-13 19:30 ~ 20:00,2026-04-13 19:30 ~ 20:00,end,0,0,1,1,0,0,0,0,1,1,2026/4/20 1:10,2026/4/20 1:10,0,0,0,0,,,,,,,,,valid_lead,has_order_attendance_or_effective_call,medium,attended_not_closed,joined_by_user_id_only,missing_order
2026-04-29,2026-04,62916802,4121807,,,2026-04-12T17:39:55+08:00,4121807,,2026-04-12T17:39:55+08:00,1,0,中东成人高中生分配,1,1,2026-04-13 21:30 ~ 22:00,2026-04-13 21:30 ~ 22:00,end,0,0,1,1,1,1,0,293,1,1,2026/4/13 20:58,2026/4/13 20:58,293,0,0,0,,,,,,,,,valid_lead,has_order_attendance_or_effective_call,medium,attended_not_closed,joined_by_user_id_only,missing_order
2026-04-29,2026-04,62919141,4123060,,,2026-04-12T22:46:47+08:00,4123060,,2026-04-12T22:46:47+08:00,1,0,中东成人高中生分配,1,1,2026-04-14 21:00 ~ 21:30,2026-04-14 21:00 ~ 21:30,cancel,1,0,0,1,0,0,0,0,1,1,2026/4/14 1:12,2026/4/14 1:12,0,0,0,0,,,,,,,,,unknown,insufficient_contact_attempts,low,booked_not_attended,joined_by_user_id_only,missing_order
2026-04-29,2026-04,62919212,4123060,,,2026-04-13T18:40:40+08:00,4123060,,2026-04-13T18:40:40+08:00,1,0,CC人工改派,1,2,2026-04-14 21:30 ~ 22:00,2026-04-15 18:00 ~ 18:30,end,1,0,1,2,2,2,0,481,2,1,2026/4/14 0:07,2026/4/15 23:32,421,1,0,0,,,,,,,,,valid_lead,has_order_attendance_or_effective_call,medium,attended_not_closed,joined_by_user_id_only,missing_order
2026-04-29,2026-04,62919304,4123057,,,2026-04-12T22:27:30+08:00,4123057,,2026-04-12T22:27:30+08:00,1,0,中东成人高中生分配,1,1,2026-04-13 21:30 ~ 22:00,2026-04-13 21:30 ~ 22:00,s_absent,0,1,0,3,2,1,1,654,3,2,2026/4/13 20:31,2026-04-27 17:06:24,0,0,0,0,,,,,,,,,valid_lead,has_order_attendance_or_effective_call,medium,booked_not_attended,joined_by_user_id_only,missing_order
2026-04-29,2026-04,62919409,4123061,,,2026-04-12T23:15:27+08:00,4123061,,2026-04-12T23:15:27+08:00,1,0,中东成人高中生分配,1,1,2026-04-13 17:00 ~ 17:30,2026-04-13 17:00 ~ 17:30,end,0,0,1,1,1,1,0,24,1,1,2026/4/13 21:01,2026/4/13 21:01,24,1,0,0,,,,,,,,,valid_lead,has_order_attendance_or_effective_call,medium,attended_not_closed,joined_by_user_id_only,missing_order
2026-04-29,2026-04,62919685,4121806,,,2026-04-13T00:47:08+08:00,4121806,,2026-04-13T00:47:08+08:00,1,0,中东成人高中生分配,1,1,2026-04-15 19:00 ~ 19:30,2026-04-15 19:00 ~ 19:30,cancel,1,0,0,1,1,1,0,158,1,1,2026/4/15 22:53,2026/4/15 22:53,158,0,0,0,,,,,,,,,valid_lead,has_order_attendance_or_effective_call,medium,booked_not_attended,joined_by_user_id_only,missing_order
2026-04-29,2026-04,62919937,4122734,,,2026-04-13T01:32:13+08:00,4122734,,2026-04-13T01:32:13+08:00,1,0,中东成人高中生分配,1,1,2026-04-15 20:00 ~ 20:30,2026-04-15 20:00 ~ 20:30,cancel,1,0,0,1,0,0,0,0,1,1,2026/4/19 22:36,2026/4/19 22:36,0,0,0,0,,,,,,,,,unknown,insufficient_contact_attempts,low,booked_not_attended,joined_by_user_id_only,missing_order
2026-04-29,2026-04,62919950,4124168,,,2026-04-13T01:47:57+08:00,4124168,,2026-04-13T01:47:57+08:00,1,0,中东成人高中生分配,1,1,2026-04-14 16:00 ~ 16:30,2026-04-14 16:00 ~ 16:30,cancel,1,0,0,1,1,0,1,7,1,1,2026/4/14 17:49,2026/4/14 17:49,7,0,0,0,,,,,,,,,unknown,insufficient_contact_attempts,low,booked_not_attended,joined_by_user_id_only,missing_order
2026-04-29,2026-04,62919984,4123057,,,2026-04-13T02:18:45+08:00,4123057,,2026-04-13T02:18:45+08:00,1,0,中东成人高中生分配,1,1,2026-04-13 21:00 ~ 21:30,2026-04-13 21:00 ~ 21:30,end,0,0,1,3,1,1,0,462,3,2,2026/4/13 20:28,2026/4/21 20:05,0,0,1,0,,,,,,,,,valid_lead,has_order_attendance_or_effective_call,medium,attended_not_closed,joined_by_user_id_only,missing_order
2026-04-29,2026-04,62920071,4123061,,,2026-04-13T19:19:05+08:00,4123061,,2026-04-13T19:19:05+08:00,1,0,CC人工改派,1,1,2026-04-13 14:30 ~ 15:00,2026-04-13 14:30 ~ 15:00,s_absent,0,1,0,1,1,1,0,77,1,1,2026/4/13 19:30,2026/4/13 19:30,77,0,0,0,,,,,,,,,valid_lead,has_order_attendance_or_effective_call,medium,booked_not_attended,joined_by_user_id_only,missing_order
2026-04-29,2026-04,62920140,4123059,,,2026-04-13T01:40:34+08:00,4123059,,2026-04-13T01:40:34+08:00,1,0,中东成人高中生分配,1,1,2026-04-13 15:30 ~ 16:00,2026-04-13 15:30 ~ 16:00,cancel,1,0,0,0,0,0,0,0,0,0,,,0,0,0,0,,,,,,,,,valid_lead,has_booking_signal,low,booked_not_attended,joined_by_user_id_only,missing_call|missing_order
2026-04-29,2026-04,62920182,4123060,,,2026-04-13T02:34:31+08:00,4123060,,2026-04-13T02:34:31+08:00,1,0,中东成人高中生分配,1,1,2026-04-13 14:00 ~ 14:30,2026-04-13 14:00 ~ 14:30,end,0,0,1,1,0,0,0,0,1,1,2026/4/13 18:47,2026/4/13 18:47,0,0,0,0,,,,,,,,,valid_lead,has_order_attendance_or_effective_call,medium,attended_not_closed,joined_by_user_id_only,missing_order
2026-04-29,2026-04,62920239,4121807,,,2026-04-13T01:54:49+08:00,4121807,,2026-04-13T01:54:49+08:00,1,0,中东成人高中生分配,1,1,2026-04-13 15:00 ~ 15:30,2026-04-13 15:00 ~ 15:30,s_absent,0,1,0,1,0,0,0,0,1,1,2026/4/13 19:49,2026/4/13 19:49,0,0,0,0,,,,,,,,,unknown,insufficient_contact_attempts,low,booked_not_attended,joined_by_user_id_only,missing_order
2026-04-29,2026-04,62920354,4123061,,,2026-04-13T03:55:19+08:00,4123061,,2026-04-13T03:55:19+08:00,1,0,中东成人高中生分配,1,1,2026-04-13 13:00 ~ 13:30,2026-04-13 13:00 ~ 13:30,s_absent,0,1,0,1,1,0,1,3,1,1,2026/4/13 19:28,2026/4/13 19:28,3,0,0,0,,,,,,,,,unknown,insufficient_contact_attempts,low,booked_not_attended,joined_by_user_id_only,missing_order
2026-04-29,2026-04,62920493,4121806,,,2026-04-13T05:10:27+08:00,4121806,,2026-04-13T05:10:27+08:00,1,0,中东成人高中生分配,0,0,,,,0,0,0,1,1,1,0,89,1,1,2026/4/14 21:42,2026/4/14 21:42,89,0,0,0,,,,,,,,,valid_lead,has_order_attendance_or_effective_call,medium,no_booking,joined_by_user_id_only,missing_trial|missing_order
2026-04-29,2026-04,62920590,4122734,,,2026-04-13T05:56:04+08:00,4122734,,2026-04-13T05:56:04+08:00,1,0,中东成人高中生分配,0,0,,,,0,0,0,1,1,1,0,58,1,1,2026/4/15 1:04,2026/4/15 1:04,58,0,0,0,,,,,,,,,valid_lead,has_order_attendance_or_effective_call,medium,no_booking,joined_by_user_id_only,missing_trial|missing_order
2026-04-29,2026-04,62920733,4123059,,,2026-04-13T06:10:42+08:00,4123059,,2026-04-13T06:10:42+08:00,1,0,中东成人高中生分配,0,0,,,,0,0,0,0,0,0,0,0,0,0,,,0,0,0,0,,,,,,,,,unknown,data_missing_or_insufficient,low,no_booking,joined_by_user_id_only,missing_trial|missing_call|missing_order
2026-04-29,2026-04,62920772,4123057,,,2026-04-13T07:52:37+08:00,4123057,,2026-04-13T07:52:37+08:00,1,0,中东成人高中生分配,1,1,2026-04-13 20:00 ~ 20:30,2026-04-13 20:00 ~ 20:30,s_absent,0,1,0,1,1,1,0,39,1,1,2026/4/13 19:37,2026/4/13 19:37,39,0,0,0,,,,,,,,,valid_lead,has_order_attendance_or_effective_call,medium,booked_not_attended,joined_by_user_id_only,missing_order
2026-04-29,2026-04,62920846,4121807,,,2026-04-13T07:23:20+08:00,4121807,,2026-04-13T07:23:20+08:00,1,0,中东成人高中生分配,1,1,2026-04-15 18:30 ~ 19:00,2026-04-15 18:30 ~ 19:00,cancel,1,0,0,1,1,0,1,13,1,1,2026/4/13 20:26,2026/4/13 20:26,13,0,0,0,,,,,,,,,unknown,insufficient_contact_attempts,low,booked_not_attended,joined_by_user_id_only,missing_order
2026-04-29,2026-04,62920942,4123061,,,2026-04-13T19:29:41+08:00,4123061,,2026-04-13T19:29:41+08:00,1,0,CC人工改派,1,1,2026-04-13 13:30 ~ 14:00,2026-04-13 13:30 ~ 14:00,s_absent,0,1,0,1,1,1,0,89,1,1,2026/4/13 19:41,2026/4/13 19:41,89,0,0,0,,,,,,,,,valid_lead,has_order_attendance_or_effective_call,medium,booked_not_attended,joined_by_user_id_only,missing_order
2026-04-29,2026-04,62921027,4123057,,,2026-04-13T18:41:28+08:00,4123057,,2026-04-13T18:41:28+08:00,1,0,CC人工改派,1,1,2026-04-15 18:30 ~ 19:00,2026-04-15 18:30 ~ 19:00,end,0,0,1,1,0,0,0,0,1,1,2026/4/13 20:26,2026/4/13 20:26,0,0,0,0,,,,,,,,,valid_lead,has_order_attendance_or_effective_call,medium,attended_not_closed,joined_by_user_id_only,missing_order
2026-04-29,2026-04,62921100,4123060,,,2026-04-13T09:44:39+08:00,4123060,,2026-04-13T09:44:39+08:00,1,0,中东成人高中生分配,1,1,2026-04-14 15:00 ~ 15:30,2026-04-14 15:00 ~ 15:30,cancel,1,0,0,1,0,0,0,0,1,1,2026/4/20 22:15,2026/4/20 22:15,0,0,0,0,,,,,,,,,unknown,insufficient_contact_attempts,low,booked_not_attended,joined_by_user_id_only,missing_order
2026-04-29,2026-04,62921487,4121807,,,2026-04-13T11:58:07+08:00,4121807,,2026-04-13T11:58:07+08:00,1,0,中东academy_en分配,0,0,,,,0,0,0,0,0,0,0,0,0,0,,,0,0,0,0,,,,,,,,,unknown,data_missing_or_insufficient,low,no_booking,joined_by_user_id_only,missing_trial|missing_call|missing_order
2026-04-29,2026-04,62921490,4123060,,,2026-04-13T18:40:40+08:00,4123060,,2026-04-13T18:40:40+08:00,1,0,CC人工改派,1,1,2026-04-13 21:00 ~ 21:30,2026-04-13 21:00 ~ 21:30,cancel,1,0,0,0,0,0,0,0,0,0,,,0,0,0,0,,,,,,,,,valid_lead,has_booking_signal,low,booked_not_attended,joined_by_user_id_only,missing_call|missing_order
2026-04-29,2026-04,62921500,4121806,,,2026-04-13T12:31:45+08:00,4121806,,2026-04-13T12:31:45+08:00,1,0,中东academy_en分配,1,1,2026-04-14 19:00 ~ 19:30,2026-04-14 19:00 ~ 19:30,cancel,1,0,0,0,0,0,0,0,0,0,,,0,0,0,0,,,,,,,,,valid_lead,has_booking_signal,low,booked_not_attended,joined_by_user_id_only,missing_call|missing_order
2026-04-29,2026-04,62921539,4121806,,,2026-04-13T11:13:14+08:00,4121806,,2026-04-13T11:13:14+08:00,1,0,中东成人高中生分配,0,0,,,,0,0,0,1,0,0,0,0,1,1,2026/4/14 21:40,2026/4/14 21:40,0,0,0,0,,,,,,,,,unknown,insufficient_contact_attempts,low,no_booking,joined_by_user_id_only,missing_trial|missing_order
2026-04-29,2026-04,62921559,4122734,,,2026-04-13T11:51:17+08:00,4122734,,2026-04-13T11:51:17+08:00,1,0,中东academy_en分配,1,1,2026-04-14 20:00 ~ 20:30,2026-04-14 20:00 ~ 20:30,cancel,1,0,0,0,0,0,0,0,0,0,,,0,0,0,0,,,,,,,,,valid_lead,has_booking_signal,low,booked_not_attended,joined_by_user_id_only,missing_call|missing_order
2026-04-29,2026-04,62921600,4121807,,,2026-04-13T12:45:42+08:00,4121807,,2026-04-13T12:45:42+08:00,1,0,中东academy_en分配,0,0,,,,0,0,0,0,0,0,0,0,0,0,,,0,0,0,0,,,,,,,,,unknown,data_missing_or_insufficient,low,no_booking,joined_by_user_id_only,missing_trial|missing_call|missing_order
2026-04-29,2026-04,62921610,4123061,,,2026-04-13T10:13:06+08:00,4123061,,2026-04-13T10:13:06+08:00,1,0,中东成人高中生分配,1,1,2026-04-13 20:00 ~ 20:30,2026-04-13 20:00 ~ 20:30,end,0,0,1,1,0,0,0,0,1,1,2026/4/13 20:27,2026/4/13 20:27,0,0,0,0,,,,,,,,,valid_lead,has_order_attendance_or_effective_call,medium,attended_not_closed,joined_by_user_id_only,missing_order
2026-04-29,2026-04,62921662,4121806,,,2026-04-13T11:44:20+08:00,4121806,,2026-04-13T11:44:20+08:00,1,0,中东academy_en分配,0,0,,,,0,0,0,0,0,0,0,0,0,0,,,0,0,0,0,,,,,,,,,unknown,data_missing_or_insufficient,low,no_booking,joined_by_user_id_only,missing_trial|missing_call|missing_order
2026-04-29,2026-04,62921666,4123059,,,2026-04-13T11:52:52+08:00,4123059,,2026-04-13T11:52:52+08:00,1,0,中东academy_en分配,1,1,2026-04-13 21:00 ~ 21:30,2026-04-13 21:00 ~ 21:30,cancel,1,0,0,0,0,0,0,0,0,0,,,0,0,0,0,,,,,,,,,valid_lead,has_booking_signal,low,booked_not_attended,joined_by_user_id_only,missing_call|missing_order
2026-04-29,2026-04,62921682,4123061,,,2026-04-13T12:27:37+08:00,4123061,,2026-04-13T12:27:37+08:00,1,0,中东academy_en分配,0,0,,,,0,0,0,0,0,0,0,0,0,0,,,0,0,0,0,,,,,,,,,unknown,data_missing_or_insufficient,low,no_booking,joined_by_user_id_only,missing_trial|missing_call|missing_order
2026-04-29,2026-04,62921690,4122734,,,2026-04-13T12:37:09+08:00,4122734,,2026-04-13T12:37:09+08:00,1,0,中东academy_en分配,1,1,2026-04-14 14:30 ~ 15:00,2026-04-14 14:30 ~ 15:00,cancel,1,0,0,0,0,0,0,0,0,0,,,0,0,0,0,,,,,,,,,valid_lead,has_booking_signal,low,booked_not_attended,joined_by_user_id_only,missing_call|missing_order
2026-04-29,2026-04,62921691,4123059,,,2026-04-13T12:37:14+08:00,4123059,,2026-04-13T12:37:14+08:00,1,0,中东academy_en分配,0,0,,,,0,0,0,0,0,0,0,0,0,0,,,0,0,0,0,,,,,,,,,unknown,data_missing_or_insufficient,low,no_booking,joined_by_user_id_only,missing_trial|missing_call|missing_order
2026-04-29,2026-04,62921760,4124168,,,2026-04-13T11:54:04+08:00,4124168,,2026-04-13T11:54:04+08:00,1,0,中东academy_en分配,0,0,,,,0,0,0,0,0,0,0,0,0,0,,,0,0,0,0,,,,,,,,,unknown,data_missing_or_insufficient,low,no_booking,joined_by_user_id_only,missing_trial|missing_call|missing_order
2026-04-29,2026-04,62921768,4123057,,,2026-04-13T12:13:08+08:00,4123057,,2026-04-13T12:13:08+08:00,1,0,中东academy_en分配,0,0,,,,0,0,0,0,0,0,0,0,0,0,,,0,0,0,0,,,,,,,,,unknown,data_missing_or_insufficient,low,no_booking,joined_by_user_id_only,missing_trial|missing_call|missing_order
2026-04-29,2026-04,62921769,4123060,,,2026-04-13T12:16:54+08:00,4123060,,2026-04-13T12:16:54+08:00,1,0,中东academy_en分配,0,0,,,,0,0,0,0,0,0,0,0,0,0,,,0,0,0,0,,,,,,,,,unknown,data_missing_or_insufficient,low,no_booking,joined_by_user_id_only,missing_trial|missing_call|missing_order
2026-04-29,2026-04,62921785,4124168,,,2026-04-13T12:44:26+08:00,4124168,,2026-04-13T12:44:26+08:00,1,0,中东academy_en分配,1,1,2026-04-14 20:30 ~ 21:00,2026-04-14 20:30 ~ 21:00,cancel,1,0,0,0,0,0,0,0,0,0,,,0,0,0,0,,,,,,,,,valid_lead,has_booking_signal,low,booked_not_attended,joined_by_user_id_only,missing_call|missing_order
2026-04-29,2026-04,62921788,4123060,,,2026-04-13T18:40:40+08:00,4123060,,2026-04-13T18:40:40+08:00,1,0,CC人工改派,0,0,,,,0,0,0,0,0,0,0,0,0,0,,,0,0,0,0,,,,,,,,,unknown,data_missing_or_insufficient,low,no_booking,joined_by_user_id_only,missing_trial|missing_call|missing_order
2026-04-29,2026-04,62921796,4123061,,,2026-04-13T12:57:32+08:00,4123061,,2026-04-13T12:57:32+08:00,1,0,中东academy_en分配,1,1,2026-04-15 17:00 ~ 17:30,2026-04-15 17:00 ~ 17:30,cancel,1,0,0,1,1,1,0,545,1,1,2026/4/13 19:14,2026/4/13 19:14,545,0,0,0,,,,,,,,,valid_lead,has_order_attendance_or_effective_call,medium,booked_not_attended,joined_by_user_id_only,missing_order
2026-04-29,2026-04,62921799,4121806,,,2026-04-13T13:01:35+08:00,4121806,,2026-04-13T13:01:35+08:00,1,0,中东academy_en分配,0,0,,,,0,0,0,0,0,0,0,0,0,0,,,0,0,0,0,,,,,,,,,unknown,data_missing_or_insufficient,low,no_booking,joined_by_user_id_only,missing_trial|missing_call|missing_order
2026-04-29,2026-04,62921800,4123059,,,2026-04-13T13:04:47+08:00,4123059,,2026-04-13T13:04:47+08:00,1,0,中东academy_en分配,1,1,2026-04-15 16:00 ~ 16:30,2026-04-15 16:00 ~ 16:30,cancel,1,0,0,0,0,0,0,0,0,0,,,0,0,0,0,,,,,,,,,valid_lead,has_booking_signal,low,booked_not_attended,joined_by_user_id_only,missing_call|missing_order
2026-04-29,2026-04,62922388,4123059,,,2026-04-13T14:53:03+08:00,4123059,,2026-04-13T14:53:03+08:00,1,0,中东academy_en分配,0,0,,,,0,0,0,0,0,0,0,0,0,0,,,0,0,0,0,,,,,,,,,unknown,data_missing_or_insufficient,low,no_booking,joined_by_user_id_only,missing_trial|missing_call|missing_order
2026-04-29,2026-04,62922389,4124168,,,2026-04-13T14:54:32+08:00,4124168,,2026-04-13T14:54:32+08:00,1,0,中东academy_en分配,0,0,,,,0,0,0,0,0,0,0,0,0,0,,,0,0,0,0,,,,,,,,,unknown,data_missing_or_insufficient,low,no_booking,joined_by_user_id_only,missing_trial|missing_call|missing_order
2026-04-29,2026-04,62922391,4123060,,,2026-04-13T15:00:57+08:00,4123060,,2026-04-13T15:00:57+08:00,1,0,中东academy_en分配,1,1,2026-04-15 16:00 ~ 16:30,2026-04-15 16:00 ~ 16:30,cancel,1,0,0,0,0,0,0,0,0,0,,,0,0,0,0,,,,,,,,,valid_lead,has_booking_signal,low,booked_not_attended,joined_by_user_id_only,missing_call|missing_order
2026-04-29,2026-04,62922397,4123059,,,2026-04-13T15:09:42+08:00,4123059,,2026-04-13T15:09:42+08:00,1,0,中东academy_en分配,1,1,2026-04-15 20:00 ~ 20:30,2026-04-15 20:00 ~ 20:30,cancel,1,0,0,0,0,0,0,0,0,0,,,0,0,0,0,,,,,,,,,valid_lead,has_booking_signal,low,booked_not_attended,joined_by_user_id_only,missing_call|missing_order
2026-04-29,2026-04,62922400,4121807,,,2026-04-13T15:16:20+08:00,4121807,,2026-04-13T15:16:20+08:00,1,0,中东academy_en分配,0,0,,,,0,0,0,0,0,0,0,0,0,0,,,0,0,0,0,,,,,,,,,unknown,data_missing_or_insufficient,low,no_booking,joined_by_user_id_only,missing_trial|missing_call|missing_order
2026-04-29,2026-04,62922403,4123057,,,2026-04-13T12:50:50+08:00,4123057,,2026-04-13T12:50:50+08:00,1,0,中东academy_en分配,1,1,2026-04-14 17:30 ~ 18:00,2026-04-14 17:30 ~ 18:00,cancel,1,0,0,0,0,0,0,0,0,0,,,0,0,0,0,,,,,,,,,valid_lead,has_booking_signal,low,booked_not_attended,joined_by_user_id_only,missing_call|missing_order
2026-04-29,2026-04,62922404,4123060,,,2026-04-13T12:51:28+08:00,4123060,,2026-04-13T12:51:28+08:00,1,0,中东academy_en分配,0,0,,,,0,0,0,2,2,2,0,1910,2,2,2026/4/13 20:12,2026/4/14 1:51,399,0,0,0,,,,,,,,,valid_lead,has_order_attendance_or_effective_call,medium,no_booking,joined_by_user_id_only,missing_trial|missing_order
2026-04-29,2026-04,62922437,4123060,,,2026-04-13T13:31:43+08:00,4123060,,2026-04-13T13:31:43+08:00,1,0,中东academy_en分配,1,1,2026-04-14 16:30 ~ 17:00,2026-04-14 16:30 ~ 17:00,cancel,1,0,0,1,1,1,0,582,1,1,2026/4/13 20:43,2026/4/13 20:43,582,0,0,0,,,,,,,,,valid_lead,has_order_attendance_or_effective_call,medium,booked_not_attended,joined_by_user_id_only,missing_order
2026-04-29,2026-04,62922448,4123061,,,2026-04-13T13:41:10+08:00,4123061,,2026-04-13T13:41:10+08:00,1,0,中东academy_en分配,0,0,,,,0,0,0,0,0,0,0,0,0,0,,,0,0,0,0,,,,,,,,,unknown,data_missing_or_insufficient,low,no_booking,joined_by_user_id_only,missing_trial|missing_call|missing_order
2026-04-29,2026-04,62922451,4121806,,,2026-04-13T13:43:10+08:00,4121806,,2026-04-13T13:43:10+08:00,1,0,中东academy_en分配,0,0,,,,0,0,0,0,0,0,0,0,0,0,,,0,0,0,0,,,,,,,,,unknown,data_missing_or_insufficient,low,no_booking,joined_by_user_id_only,missing_trial|missing_call|missing_order
2026-04-29,2026-04,62922454,4123059,,,2026-04-13T13:47:49+08:00,4123059,,2026-04-13T13:47:49+08:00,1,0,中东academy_en分配,1,1,2026-04-14 20:30 ~ 21:00,2026-04-14 20:30 ~ 21:00,cancel,1,0,0,0,0,0,0,0,0,0,,,0,0,0,0,,,,,,,,,valid_lead,has_booking_signal,low,booked_not_attended,joined_by_user_id_only,missing_call|missing_order
2026-04-29,2026-04,62922491,4121807,,,2026-04-13T14:57:35+08:00,4121807,,2026-04-13T14:57:35+08:00,1,0,中东academy_en分配,1,1,2026-04-15 21:30 ~ 22:00,2026-04-15 21:30 ~ 22:00,cancel,1,0,0,1,1,1,0,76,1,1,2026/4/13 19:31,2026/4/13 19:31,76,0,0,0,,,,,,,,,valid_lead,has_order_attendance_or_effective_call,medium,booked_not_attended,joined_by_user_id_only,missing_order
2026-04-29,2026-04,62922493,4123057,,,2026-04-13T15:00:32+08:00,4123057,,2026-04-13T15:00:32+08:00,1,0,中东academy_en分配,1,1,2026-04-15 21:00 ~ 21:30,2026-04-15 21:00 ~ 21:30,cancel,1,0,0,0,0,0,0,0,0,0,,,0,0,0,0,,,,,,,,,valid_lead,has_booking_signal,low,booked_not_attended,joined_by_user_id_only,missing_call|missing_order
2026-04-29,2026-04,62922508,4122734,,,2026-04-13T13:02:35+08:00,4122734,,2026-04-13T13:02:35+08:00,1,0,中东academy_en分配,0,0,,,,0,0,0,0,0,0,0,0,0,0,,,0,0,0,0,,,,,,,,,unknown,data_missing_or_insufficient,low,no_booking,joined_by_user_id_only,missing_trial|missing_call|missing_order
2026-04-29,2026-04,62922509,4124168,,,2026-04-13T13:06:50+08:00,4124168,,2026-04-13T13:06:50+08:00,1,0,中东academy_en分配,0,0,,,,0,0,0,0,0,0,0,0,0,0,,,0,0,0,0,,,,,,,,,unknown,data_missing_or_insufficient,low,no_booking,joined_by_user_id_only,missing_trial|missing_call|missing_order
2026-04-29,2026-04,62922511,4121807,,,2026-04-13T13:08:05+08:00,4121807,,2026-04-13T13:08:05+08:00,1,0,中东academy_en分配,1,1,2026-04-14 21:00 ~ 21:30,2026-04-14 21:00 ~ 21:30,cancel,1,0,0,0,0,0,0,0,0,0,,,0,0,0,0,,,,,,,,,valid_lead,has_booking_signal,low,booked_not_attended,joined_by_user_id_only,missing_call|missing_order
2026-04-29,2026-04,62922532,4123060,,,2026-04-13T18:40:40+08:00,4123060,,2026-04-13T18:40:40+08:00,1,0,CC人工改派,1,1,2026-04-13 21:00 ~ 21:30,2026-04-13 21:00 ~ 21:30,cancel,1,0,0,0,0,0,0,0,0,0,,,0,0,0,0,,,,,,,,,valid_lead,has_booking_signal,low,booked_not_attended,joined_by_user_id_only,missing_call|missing_order
2026-04-29,2026-04,62922533,4123057,,,2026-04-13T13:21:27+08:00,4123057,,2026-04-13T13:21:27+08:00,1,0,中东academy_en分配,1,1,2026-04-13 19:00 ~ 19:30,2026-04-13 19:00 ~ 19:30,s_absent,0,1,0,1,1,1,0,33,1,1,2026/4/13 23:51,2026/4/13 23:51,33,0,0,0,,,,,,,,,valid_lead,has_order_attendance_or_effective_call,medium,booked_not_attended,joined_by_user_id_only,missing_order
2026-04-29,2026-04,62922544,4122734,,,2026-04-13T13:44:09+08:00,4122734,,2026-04-13T13:44:09+08:00,1,0,中东成人高中生分配,1,1,2026-04-15 15:00 ~ 15:30,2026-04-15 15:00 ~ 15:30,end,0,0,1,1,0,0,0,0,1,1,2026/4/16 1:18,2026/4/16 1:18,0,0,0,0,,,,,,,,,valid_lead,has_order_attendance_or_effective_call,medium,attended_not_closed,joined_by_user_id_only,missing_order
2026-04-29,2026-04,62922552,4123059,,,2026-04-13T13:53:40+08:00,4123059,,2026-04-13T13:53:40+08:00,1,0,中东成人高中生分配,1,1,2026-04-15 14:30 ~ 15:00,2026-04-15 14:30 ~ 15:00,s_absent,0,1,0,0,0,0,0,0,0,0,,,0,0,0,0,,,,,,,,,valid_lead,has_booking_signal,low,booked_not_attended,joined_by_user_id_only,missing_call|missing_order
2026-04-29,2026-04,62922556,4121807,,,2026-04-13T19:30:02+08:00,4121807,,2026-04-13T19:30:02+08:00,1,0,CC人工改派,0,0,,,,0,0,0,0,0,0,0,0,0,0,,,0,0,0,0,,,,,,,,,unknown,data_missing_or_insufficient,low,no_booking,joined_by_user_id_only,missing_trial|missing_call|missing_order
2026-04-29,2026-04,62922566,4123057,,,2026-04-13T14:26:01+08:00,4123057,,2026-04-13T14:26:01+08:00,1,0,中东academy_en分配,1,1,2026-04-15 15:00 ~ 15:30,2026-04-15 15:00 ~ 15:30,cancel,1,0,0,0,0,0,0,0,0,0,,,0,0,0,0,,,,,,,,,valid_lead,has_booking_signal,low,booked_not_attended,joined_by_user_id_only,missing_call|missing_order
2026-04-29,2026-04,62922579,4122734,,,2026-04-13T14:43:06+08:00,4122734,,2026-04-13T14:43:06+08:00,1,0,中东academy_en分配,0,0,,,,0,0,0,0,0,0,0,0,0,0,,,0,0,0,0,,,,,,,,,unknown,data_missing_or_insufficient,low,no_booking,joined_by_user_id_only,missing_trial|missing_call|missing_order
2026-04-29,2026-04,62922590,4121806,,,2026-04-13T15:02:23+08:00,4121806,,2026-04-13T15:02:23+08:00,1,0,中东academy_en分配,0,0,,,,0,0,0,1,0,0,0,0,1,1,2026/4/16 17:55,2026/4/16 17:55,0,0,0,0,,,,,,,,,unknown,insufficient_contact_attempts,low,no_booking,joined_by_user_id_only,missing_trial|missing_order
2026-04-29,2026-04,62922595,4124168,,,2026-04-13T15:10:44+08:00,4124168,,2026-04-13T15:10:44+08:00,1,0,中东academy_en分配,0,0,,,,0,0,0,0,0,0,0,0,0,0,,,0,0,0,0,,,,,,,,,unknown,data_missing_or_insufficient,low,no_booking,joined_by_user_id_only,missing_trial|missing_call|missing_order
2026-04-29,2026-04,62922828,4122734,,,2026-04-13T13:43:17+08:00,4122734,,2026-04-13T13:43:17+08:00,1,0,中东academy_en分配,0,0,,,,0,0,0,0,0,0,0,0,0,0,,,0,0,0,0,,,,,,,,,unknown,data_missing_or_insufficient,low,no_booking,joined_by_user_id_only,missing_trial|missing_call|missing_order
2026-04-29,2026-04,62922856,4121807,,,2026-04-13T14:20:05+08:00,4121807,,2026-04-13T14:20:05+08:00,1,0,中东academy_en分配,0,0,,,,0,0,0,0,0,0,0,0,0,0,,,0,0,0,0,,,,,,,,,unknown,data_missing_or_insufficient,low,no_booking,joined_by_user_id_only,missing_trial|missing_call|missing_order
2026-04-29,2026-04,62922858,4123060,,,2026-04-13T18:40:40+08:00,4123060,,2026-04-13T18:40:40+08:00,1,0,CC人工改派,0,0,,,,0,0,0,0,0,0,0,0,0,0,,,0,0,0,0,,,,,,,,,unknown,data_missing_or_insufficient,low,no_booking,joined_by_user_id_only,missing_trial|missing_call|missing_order
2026-04-29,2026-04,62922860,4123060,,,2026-04-13T14:28:29+08:00,4123060,,2026-04-13T14:28:29+08:00,1,0,中东academy_en分配,1,1,2026-04-15 15:30 ~ 16:00,2026-04-15 15:30 ~ 16:00,cancel,1,0,0,0,0,0,0,0,0,0,,,0,0,0,0,,,,,,,,,valid_lead,has_booking_signal,low,booked_not_attended,joined_by_user_id_only,missing_call|missing_order
2026-04-29,2026-04,62922863,4123061,,,2026-04-13T14:32:01+08:00,4123061,,2026-04-13T14:32:01+08:00,1,0,中东academy_en分配,0,0,,,,0,0,0,0,0,0,0,0,0,0,,,0,0,0,0,,,,,,,,,unknown,data_missing_or_insufficient,low,no_booking,joined_by_user_id_only,missing_trial|missing_call|missing_order
2026-04-29,2026-04,62922864,4121806,,,2026-04-13T14:34:20+08:00,4121806,,2026-04-13T14:34:20+08:00,1,0,中东academy_en分配,0,0,,,,0,0,0,0,0,0,0,0,0,0,,,0,0,0,0,,,,,,,,,unknown,data_missing_or_insufficient,low,no_booking,joined_by_user_id_only,missing_trial|missing_call|missing_order
2026-04-29,2026-04,62922879,4123060,,,2026-04-13T18:40:40+08:00,4123060,,2026-04-13T18:40:40+08:00,1,0,CC人工改派,0,0,,,,0,0,0,0,0,0,0,0,0,0,,,0,0,0,0,,,,,,,,,unknown,data_missing_or_insufficient,low,no_booking,joined_by_user_id_only,missing_trial|missing_call|missing_order
2026-04-29,2026-04,62922881,4123061,,,2026-04-13T15:02:05+08:00,4123061,,2026-04-13T15:02:05+08:00,1,0,中东academy_en分配,0,0,,,,0,0,0,1,1,1,0,42,1,1,2026/4/13 19:12,2026/4/13 19:12,42,0,0,0,,,,,,,,,valid_lead,has_order_attendance_or_effective_call,medium,no_booking,joined_by_user_id_only,missing_trial|missing_order
2026-04-29,2026-04,62922889,4122734,,,2026-04-13T15:08:02+08:00,4122734,,2026-04-13T15:08:02+08:00,1,0,中东academy_en分配,0,0,,,,0,0,0,0,0,0,0,0,0,0,,,0,0,0,0,,,,,,,,,unknown,data_missing_or_insufficient,low,no_booking,joined_by_user_id_only,missing_trial|missing_call|missing_order
2026-04-29,2026-04,62922900,4121807,,,2026-04-13T18:41:17+08:00,4121807,,2026-04-13T18:41:17+08:00,1,0,CC人工改派,0,0,,,,0,0,0,0,0,0,0,0,0,0,,,0,0,0,0,,,,,,,,,unknown,data_missing_or_insufficient,low,no_booking,joined_by_user_id_only,missing_trial|missing_call|missing_order
2026-04-29,2026-04,62923207,4123057,,,2026-04-13T15:26:12+08:00,4123057,,2026-04-13T15:26:12+08:00,1,0,中东academy_en分配,0,0,,,,0,0,0,0,0,0,0,0,0,0,,,0,0,0,0,,,,,,,,,unknown,data_missing_or_insufficient,low,no_booking,joined_by_user_id_only,missing_trial|missing_call|missing_order
2026-04-29,2026-04,62923223,4121807,,,2026-04-13T15:50:26+08:00,4121807,,2026-04-13T15:50:26+08:00,1,0,中东academy_en分配,0,0,,,,0,0,0,0,0,0,0,0,0,0,,,0,0,0,0,,,,,,,,,unknown,data_missing_or_insufficient,low,no_booking,joined_by_user_id_only,missing_trial|missing_call|missing_order
2026-04-29,2026-04,62923270,4124168,,,2026-04-13T16:54:13+08:00,4124168,,2026-04-13T16:54:13+08:00,1,0,中东成人高中生分配,1,1,2026-04-15 20:30 ~ 21:00,2026-04-15 20:30 ~ 21:00,cancel,1,0,0,1,0,0,0,0,1,1,2026/4/14 19:44,2026/4/14 19:44,0,0,0,0,,,,,,,,,unknown,insufficient_contact_attempts,low,booked_not_attended,joined_by_user_id_only,missing_order
2026-04-29,2026-04,62923409,4123061,,,2026-04-13T15:27:37+08:00,4123061,,2026-04-13T15:27:37+08:00,1,0,中东academy_en分配,0,0,,,,0,0,0,0,0,0,0,0,0,0,,,0,0,0,0,,,,,,,,,unknown,data_missing_or_insufficient,low,no_booking,joined_by_user_id_only,missing_trial|missing_call|missing_order
2026-04-29,2026-04,62923419,4123061,,,2026-04-13T18:42:21+08:00,4123061,,2026-04-13T18:42:21+08:00,1,0,CC人工改派,0,0,,,,0,0,0,0,0,0,0,0,0,0,,,0,0,0,0,,,,,,,,,unknown,data_missing_or_insufficient,low,no_booking,joined_by_user_id_only,missing_trial|missing_call|missing_order
2026-04-29,2026-04,62923516,4122734,,,2026-04-13T15:41:37+08:00,4122734,,2026-04-13T15:41:37+08:00,1,0,中东academy_en分配,1,1,2026-04-15 16:30 ~ 17:00,2026-04-15 16:30 ~ 17:00,cancel,1,0,0,0,0,0,0,0,0,0,,,0,0,0,0,,,,,,,,,valid_lead,has_booking_signal,low,booked_not_attended,joined_by_user_id_only,missing_call|missing_order
2026-04-29,2026-04,62923519,4123059,,,2026-04-13T15:47:36+08:00,4123059,,2026-04-13T15:47:36+08:00,1,0,中东academy_en分配,0,0,,,,0,0,0,0,0,0,0,0,0,0,,,0,0,0,0,,,,,,,,,unknown,data_missing_or_insufficient,low,no_booking,joined_by_user_id_only,missing_trial|missing_call|missing_order
2026-04-29,2026-04,62923602,4123060,,,2026-04-13T15:26:47+08:00,4123060,,2026-04-13T15:26:47+08:00,1,0,中东academy_en分配,0,0,,,,0,0,0,0,0,0,0,0,0,0,,,0,0,0,0,,,,,,,,,unknown,data_missing_or_insufficient,low,no_booking,joined_by_user_id_only,missing_trial|missing_call|missing_order
2026-04-29,2026-04,62923608,4121806,,,2026-04-13T15:40:55+08:00,4121806,,2026-04-13T15:40:55+08:00,1,0,中东academy_en分配,1,1,2026-04-15 19:30 ~ 20:00,2026-04-15 19:30 ~ 20:00,cancel,1,0,0,2,2,2,0,341,1,1,2026/4/16 0:08,2026/4/16 0:57,145,0,0,0,,,,,,,,,valid_lead,has_order_attendance_or_effective_call,medium,booked_not_attended,joined_by_user_id_only,missing_order
2026-04-29,2026-04,62923615,4124168,,,2026-04-13T15:50:07+08:00,4124168,,2026-04-13T15:50:07+08:00,1,0,中东academy_en分配,0,0,,,,0,0,0,0,0,0,0,0,0,0,,,0,0,0,0,,,,,,,,,unknown,data_missing_or_insufficient,low,no_booking,joined_by_user_id_only,missing_trial|missing_call|missing_order
2026-04-29,2026-04,62924338,4121807,,,2026-04-13T18:20:05+08:00,4121807,,2026-04-13T18:20:05+08:00,1,0,中东成人高中生分配,1,1,2026-04-14 14:30 ~ 15:00,2026-04-14 14:30 ~ 15:00,cancel,1,0,0,1,0,0,0,0,1,1,2026/4/13 20:41,2026/4/13 20:41,0,0,0,0,,,,,,,,,unknown,insufficient_contact_attempts,low,booked_not_attended,joined_by_user_id_only,missing_order
2026-04-29,2026-04,62924762,4123057,,,2026-04-13T19:51:39+08:00,4123057,,2026-04-13T19:51:39+08:00,1,0,中东成人高中生分配,1,2,2026-04-14 17:30 ~ 18:00,2026-04-15 14:00 ~ 14:30,cancel,1,0,0,2,1,0,1,6,2,2,2026/4/13 22:42,2026/4/14 21:47,6,0,0,0,,,,,,,,,unknown,insufficient_contact_attempts,low,booked_not_attended,joined_by_user_id_only,missing_order
2026-04-29,2026-04,62925061,4123060,,,2026-04-13T20:34:47+08:00,4123060,,2026-04-13T20:34:47+08:00,1,0,转介绍分配cc,1,1,2026-04-13 16:30 ~ 17:00,2026-04-13 16:30 ~ 17:00,s_absent,0,1,0,1,1,1,0,100,1,1,2026/4/13 21:16,2026/4/13 21:16,100,0,0,0,,,,,,,,,valid_lead,has_order_attendance_or_effective_call,medium,booked_not_attended,joined_by_user_id_only,missing_order
2026-04-29,2026-04,62925080,4123061,,,2026-04-13T20:50:14+08:00,4123061,,2026-04-13T20:50:14+08:00,1,0,转介绍分配cc,0,0,,,,0,0,0,1,1,0,1,6,1,1,2026/4/13 20:51,2026/4/13 20:51,6,0,0,0,,,,,,,,,unknown,insufficient_contact_attempts,low,no_booking,joined_by_user_id_only,missing_trial|missing_order
2026-04-29,2026-04,62925136,4123060,,,2026-04-13T20:26:02+08:00,4123060,,2026-04-13T20:26:02+08:00,1,0,转介绍分配cc,1,1,2026-04-13 19:30 ~ 20:00,2026-04-13 19:30 ~ 20:00,end,0,0,1,0,0,0,0,0,0,0,,,0,0,0,0,,,,,,,,,valid_lead,has_order_attendance_or_effective_call,medium,attended_not_closed,joined_by_user_id_only,missing_call|missing_order
2026-04-29,2026-04,62925164,4123060,,,2026-04-13T20:46:41+08:00,4123060,,2026-04-13T20:46:41+08:00,1,0,转介绍分配cc,1,1,2026-04-13 16:30 ~ 17:00,2026-04-13 16:30 ~ 17:00,end,0,0,1,1,1,1,0,32,1,1,2026/4/13 21:18,2026/4/13 21:18,32,1,0,0,,,,,,,,,valid_lead,has_order_attendance_or_effective_call,medium,attended_not_closed,joined_by_user_id_only,missing_order
2026-04-29,2026-04,62925606,4123061,,,2026-04-13T21:16:18+08:00,4123061,,2026-04-13T21:16:18+08:00,1,0,转介绍分配cc,1,1,2026-04-13 18:30 ~ 19:00,2026-04-13 18:30 ~ 19:00,end,0,0,1,0,0,0,0,0,0,0,,,0,0,0,0,,,,,,,,,valid_lead,has_order_attendance_or_effective_call,medium,attended_not_closed,joined_by_user_id_only,missing_call|missing_order
2026-04-29,2026-04,62927761,4122734,,,2026-04-15T17:21:08+08:00,4122734,,2026-04-15T17:21:08+08:00,1,0,CC人工改派,1,1,2026-04-15 19:30 ~ 20:00,2026-04-15 19:30 ~ 20:00,end,0,0,1,1,0,0,0,0,1,1,2026/4/16 0:19,2026/4/16 0:19,0,0,0,0,,,,,,,,,valid_lead,has_order_attendance_or_effective_call,medium,attended_not_closed,joined_by_user_id_only,missing_order
2026-04-29,2026-04,62930901,4123060,,,2026-04-16T17:45:09+08:00,4123060,,2026-04-16T17:45:09+08:00,1,0,CC人工改派,0,0,,,,0,0,0,1,0,0,0,0,1,1,2026/4/19 19:20,2026/4/19 19:20,0,0,0,0,,,,,,,,,unknown,insufficient_contact_attempts,low,no_booking,joined_by_user_id_only,missing_trial|missing_order
2026-04-29,2026-04,62931257,4121806,,,2026-04-15T17:39:17+08:00,4121806,,2026-04-15T17:39:17+08:00,1,0,CC人工改派,1,1,2026-04-15 18:00 ~ 18:30,2026-04-15 18:00 ~ 18:30,cancel,1,0,0,1,0,0,0,0,1,1,2026/4/15 22:36,2026/4/15 22:36,0,0,0,0,,,,,,,,,unknown,insufficient_contact_attempts,low,booked_not_attended,joined_by_user_id_only,missing_order
2026-04-29,2026-04,62932570,4121807,,,2026-04-16T01:33:49+08:00,4121807,,2026-04-16T01:33:49+08:00,1,0,CC人工改派,0,0,,,,0,0,0,1,1,1,0,23,1,1,2026/4/19 19:13,2026/4/19 19:13,23,0,0,0,,,,,,,,,valid_lead,has_order_attendance_or_effective_call,medium,no_booking,joined_by_user_id_only,missing_trial|missing_order
2026-04-29,2026-04,62932738,4122734,,,2026-04-15T17:21:09+08:00,4122734,,2026-04-15T17:21:09+08:00,1,0,CC人工改派,1,1,2026-04-14 21:00 ~ 21:30,2026-04-14 21:00 ~ 21:30,cancel,1,0,0,2,2,1,1,878,1,1,2026/4/15 19:21,2026/4/15 20:29,19,0,0,0,,,,,,,,,valid_lead,has_order_attendance_or_effective_call,medium,booked_not_attended,joined_by_user_id_only,missing_order
2026-04-29,2026-04,62932795,4123061,,,2026-04-15T17:40:08+08:00,4123061,,2026-04-15T17:40:08+08:00,1,0,CC人工改派,1,1,2026-04-15 13:00 ~ 13:30,2026-04-15 13:00 ~ 13:30,end,0,0,1,1,0,0,0,0,1,1,2026/4/15 17:44,2026/4/15 17:44,0,0,0,0,,,,,,,,,valid_lead,has_order_attendance_or_effective_call,medium,attended_not_closed,joined_by_user_id_only,missing_order
2026-04-29,2026-04,62932964,4123060,,,2026-04-15T17:39:59+08:00,4123060,,2026-04-15T17:39:59+08:00,1,0,CC人工改派,1,1,2026-04-15 19:30 ~ 20:00,2026-04-15 19:30 ~ 20:00,cancel,1,0,0,1,1,1,0,21,1,1,2026/4/15 21:55,2026/4/15 21:55,21,0,0,0,,,,,,,,,valid_lead,has_order_attendance_or_effective_call,medium,booked_not_attended,joined_by_user_id_only,missing_order
2026-04-29,2026-04,62933501,4123061,,,2026-04-16T17:44:58+08:00,4123061,,2026-04-16T17:44:58+08:00,1,0,CC人工改派,1,2,2026-04-16 21:30 ~ 22:00,2026-04-22 17:00 ~ 17:30,cancel,1,0,0,1,0,0,0,0,1,1,2026/4/22 19:45,2026/4/22 19:45,0,0,0,0,,,,,,,,,unknown,insufficient_contact_attempts,low,booked_not_attended,joined_by_user_id_only,missing_order
2026-04-29,2026-04,62933993,4122734,,,2026-04-15T17:21:09+08:00,4122734,,2026-04-15T17:21:09+08:00,1,0,CC人工改派,1,1,2026-04-15 14:00 ~ 14:30,2026-04-15 14:00 ~ 14:30,cancel,1,0,0,1,1,1,0,72,1,1,2026/4/15 18:11,2026/4/15 18:11,72,0,0,0,,,,,,,,,valid_lead,has_order_attendance_or_effective_call,medium,booked_not_attended,joined_by_user_id_only,missing_order
2026-04-29,2026-04,62934298,4121806,,,2026-04-15T17:39:44+08:00,4121806,,2026-04-15T17:39:44+08:00,1,0,CC人工改派,1,1,2026-04-15 15:30 ~ 16:00,2026-04-15 15:30 ~ 16:00,cancel,1,0,0,1,0,0,0,0,1,1,2026/4/15 20:09,2026/4/15 20:09,0,0,0,0,,,,,,,,,unknown,insufficient_contact_attempts,low,booked_not_attended,joined_by_user_id_only,missing_order
2026-04-29,2026-04,62934854,4121807,,,2026-04-15T01:42:30+08:00,4121807,,2026-04-15T01:42:30+08:00,1,0,中东academy_en分配,1,1,2026-04-15 19:00 ~ 19:30,2026-04-15 19:00 ~ 19:30,cancel,1,0,0,1,1,1,0,86,1,1,2026/4/19 20:55,2026/4/19 20:55,86,0,0,0,,,,,,,,,valid_lead,has_order_attendance_or_effective_call,medium,booked_not_attended,joined_by_user_id_only,missing_order
2026-04-29,2026-04,62934892,4122734,,,2026-04-15T02:28:33+08:00,4122734,,2026-04-15T02:28:33+08:00,1,0,转介绍分配cc,1,1,2026-04-16 18:00 ~ 18:30,2026-04-16 18:00 ~ 18:30,end,0,0,1,1,0,0,0,0,1,1,2026/4/19 21:27,2026/4/19 21:27,0,0,0,0,,,,,,,,,valid_lead,has_order_attendance_or_effective_call,medium,attended_not_closed,joined_by_user_id_only,missing_order
2026-04-29,2026-04,62934990,4123061,,,2026-04-15T02:53:44+08:00,4123061,,2026-04-15T02:53:44+08:00,1,0,中东academy_en分配,1,1,2026-04-15 13:30 ~ 14:00,2026-04-15 13:30 ~ 14:00,cancel,1,0,0,1,1,1,0,31,1,1,2026/4/15 18:12,2026/4/15 18:12,31,0,0,0,,,,,,,,,valid_lead,has_order_attendance_or_effective_call,medium,booked_not_attended,joined_by_user_id_only,missing_order
2026-04-29,2026-04,62935036,4121807,,,2026-04-16T18:41:40+08:00,4121807,,2026-04-16T18:41:40+08:00,1,0,CC人工改派,0,0,,,,0,0,0,1,1,1,0,220,1,1,2026/4/16 20:30,2026/4/16 20:30,220,0,0,0,,,,,,,,,valid_lead,has_order_attendance_or_effective_call,medium,no_booking,joined_by_user_id_only,missing_trial|missing_order
2026-04-29,2026-04,62935051,4122734,,,2026-04-15T02:20:16+08:00,4122734,,2026-04-15T02:20:16+08:00,1,0,转介绍分配cc,1,1,2026-04-15 19:30 ~ 20:00,2026-04-15 19:30 ~ 20:00,end,0,0,1,0,0,0,0,0,0,0,,,0,0,0,0,,,,,,,,,valid_lead,has_order_attendance_or_effective_call,medium,attended_not_closed,joined_by_user_id_only,missing_call|missing_order
2026-04-29,2026-04,62935070,4121807,,,2026-04-15T17:40:28+08:00,4121807,,2026-04-15T17:40:28+08:00,1,0,CC人工改派,1,1,2026-04-15 17:30 ~ 18:00,2026-04-15 17:30 ~ 18:00,s_absent,0,1,0,1,1,1,0,83,1,1,2026/4/15 22:16,2026/4/15 22:16,83,0,0,0,,,,,,,,,valid_lead,has_order_attendance_or_effective_call,medium,booked_not_attended,joined_by_user_id_only,missing_order
2026-04-29,2026-04,62935085,4122734,,,2026-04-15T17:39:31+08:00,4122734,,2026-04-15T17:39:31+08:00,1,0,CC人工改派,1,1,2026-04-15 15:30 ~ 16:00,2026-04-15 15:30 ~ 16:00,s_absent,0,1,0,1,0,0,0,0,1,1,2026/4/15 18:57,2026/4/15 18:57,0,0,0,0,,,,,,,,,unknown,insufficient_contact_attempts,low,booked_not_attended,joined_by_user_id_only,missing_order
2026-04-29,2026-04,62935121,4121806,,,2026-04-15T17:19:09+08:00,4121806,,2026-04-15T17:19:09+08:00,1,0,CC人工改派,1,1,2026-04-16 20:00 ~ 20:30,2026-04-16 20:00 ~ 20:30,cancel,1,0,0,1,0,0,0,0,1,1,2026/4/16 19:56,2026/4/16 19:56,0,0,0,0,,,,,,,,,unknown,insufficient_contact_attempts,low,booked_not_attended,joined_by_user_id_only,missing_order
2026-04-29,2026-04,62935124,4123060,,,2026-04-15T02:47:11+08:00,4123060,,2026-04-15T02:47:11+08:00,1,0,中东academy_en分配,1,1,2026-04-15 21:30 ~ 22:00,2026-04-15 21:30 ~ 22:00,end,0,0,1,1,0,0,0,0,1,1,2026/4/15 22:36,2026/4/15 22:36,0,0,0,0,,,,,,,,,valid_lead,has_order_attendance_or_effective_call,medium,attended_not_closed,joined_by_user_id_only,missing_order
2026-04-29,2026-04,62935296,4123061,,,2026-04-15T22:20:29+08:00,4123061,,2026-04-15T22:20:29+08:00,1,0,CC人工改派,1,1,2026-04-16 19:30 ~ 20:00,2026-04-16 19:30 ~ 20:00,cancel,1,0,0,1,1,0,1,7,1,1,2026/4/19 20:59,2026/4/19 20:59,7,0,0,0,,,,,,,,,unknown,insufficient_contact_attempts,low,booked_not_attended,joined_by_user_id_only,missing_order
2026-04-29,2026-04,62935303,4121807,,,2026-04-15T03:17:03+08:00,4121807,,2026-04-15T03:17:03+08:00,1,0,中东成人高中生分配,1,2,2026-04-15 16:30 ~ 17:00,2026-04-16 20:00 ~ 20:30,end,1,0,1,1,0,0,0,0,1,1,2026/4/19 19:06,2026/4/19 19:06,0,0,0,0,,,,,,,,,valid_lead,has_order_attendance_or_effective_call,medium,attended_not_closed,joined_by_user_id_only,missing_order
2026-04-29,2026-04,62935320,4121806,,,2026-04-15T03:42:29+08:00,4121806,,2026-04-15T03:42:29+08:00,1,0,中东academy_en分配,1,1,2026-04-15 16:30 ~ 17:00,2026-04-15 16:30 ~ 17:00,end,0,0,1,1,0,0,0,0,1,1,2026/4/15 21:58,2026/4/15 21:58,0,0,0,0,,,,,,,,,valid_lead,has_order_attendance_or_effective_call,medium,attended_not_closed,joined_by_user_id_only,missing_order
2026-04-29,2026-04,62935477,4121806,,,2026-04-15T17:19:09+08:00,4121806,,2026-04-15T17:19:09+08:00,1,0,CC人工改派,1,1,2026-04-15 20:00 ~ 20:30,2026-04-15 20:00 ~ 20:30,end,0,0,1,1,0,0,0,0,1,1,2026/4/16 0:46,2026/4/16 0:46,0,0,0,0,,,,,,,,,valid_lead,has_order_attendance_or_effective_call,medium,attended_not_closed,joined_by_user_id_only,missing_order
2026-04-29,2026-04,62935481,4121806,,,2026-04-15T19:24:13+08:00,4121806,,2026-04-15T19:24:13+08:00,1,0,CC人工改派,1,1,2026-04-16 17:30 ~ 18:00,2026-04-16 17:30 ~ 18:00,cancel,1,0,0,1,0,0,0,0,1,1,2026/4/16 18:23,2026/4/16 18:23,0,0,0,0,,,,,,,,,unknown,insufficient_contact_attempts,low,booked_not_attended,joined_by_user_id_only,missing_order
2026-04-29,2026-04,62935577,4123061,,,2026-04-15T07:08:26+08:00,4123061,,2026-04-15T07:08:26+08:00,1,0,中东成人高中生分配,1,1,2026-04-16 19:00 ~ 19:30,2026-04-16 19:00 ~ 19:30,cancel,1,0,0,1,0,0,0,0,1,1,2026/4/19 21:01,2026/4/19 21:01,0,0,0,0,,,,,,,,,unknown,insufficient_contact_attempts,low,booked_not_attended,joined_by_user_id_only,missing_order
2026-04-29,2026-04,62935593,4122734,,,2026-04-15T07:36:40+08:00,4122734,,2026-04-15T07:36:40+08:00,1,0,中东成人高中生分配,1,1,2026-04-15 18:30 ~ 19:00,2026-04-15 18:30 ~ 19:00,cancel,1,0,0,1,0,0,0,0,1,1,2026/4/15 22:29,2026/4/15 22:29,0,0,0,0,,,,,,,,,unknown,insufficient_contact_attempts,low,booked_not_attended,joined_by_user_id_only,missing_order
2026-04-29,2026-04,62935607,4122734,,,2026-04-15T05:20:51+08:00,4122734,,2026-04-15T05:20:51+08:00,1,0,中东academy_en分配,1,1,2026-04-16 15:30 ~ 16:00,2026-04-16 15:30 ~ 16:00,end,0,0,1,3,0,0,0,0,3,1,2026/4/17 2:19,2026/4/21 23:02,0,0,0,0,,,,,,,,,valid_lead,has_order_attendance_or_effective_call,medium,attended_not_closed,joined_by_user_id_only,missing_order
2026-04-29,2026-04,62935671,4123057,,,2026-04-15T08:17:21+08:00,4123057,,2026-04-15T08:17:21+08:00,1,0,中东academy_en分配,0,0,,,,0,0,0,1,0,0,0,0,1,1,2026/4/18 18:03,2026/4/18 18:03,0,0,0,0,,,,,,,,,unknown,insufficient_contact_attempts,low,no_booking,joined_by_user_id_only,missing_trial|missing_order
2026-04-29,2026-04,62935722,4121806,,,2026-04-15T07:14:52+08:00,4121806,,2026-04-15T07:14:52+08:00,1,0,中东成人高中生分配,0,0,,,,0,0,0,1,0,0,0,0,1,1,2026/4/15 18:33,2026/4/15 18:33,0,0,0,0,,,,,,,,,unknown,insufficient_contact_attempts,low,no_booking,joined_by_user_id_only,missing_trial|missing_order
2026-04-29,2026-04,62935738,4123060,,,2026-04-15T18:15:23+08:00,4123060,,2026-04-15T18:15:23+08:00,1,0,CC人工改派,0,0,,,,0,0,0,1,0,0,0,0,1,1,2026/4/15 18:42,2026/4/15 18:42,0,0,0,0,,,,,,,,,unknown,insufficient_contact_attempts,low,no_booking,joined_by_user_id_only,missing_trial|missing_order
2026-04-29,2026-04,62935806,4123061,,,2026-04-15T17:40:35+08:00,4123061,,2026-04-15T17:40:35+08:00,1,0,CC人工改派,1,1,2026-04-15 17:00 ~ 17:30,2026-04-15 17:00 ~ 17:30,end,0,0,1,1,0,0,0,0,1,1,2026/4/15 21:47,2026/4/15 21:47,0,0,0,0,,,,,,,,,valid_lead,has_order_attendance_or_effective_call,medium,attended_not_closed,joined_by_user_id_only,missing_order
2026-04-29,2026-04,62935807,4123060,,,2026-04-15T07:01:56+08:00,4123060,,2026-04-15T07:01:56+08:00,1,0,中东成人高中生分配,1,1,2026-04-16 13:30 ~ 14:00,2026-04-16 13:30 ~ 14:00,cancel,1,0,0,1,0,0,0,0,1,1,2026/4/15 17:40,2026/4/15 17:40,0,0,0,0,,,,,,,,,unknown,insufficient_contact_attempts,low,booked_not_attended,joined_by_user_id_only,missing_order
2026-04-29,2026-04,62935821,4121807,,,2026-04-15T07:24:03+08:00,4121807,,2026-04-15T07:24:03+08:00,1,0,中东academy_en分配,1,1,2026-04-16 14:00 ~ 14:30,2026-04-16 14:00 ~ 14:30,end,0,0,1,1,0,0,0,0,1,1,2026/4/20 1:18,2026/4/20 1:18,0,0,0,0,,,,,,,,,valid_lead,has_order_attendance_or_effective_call,medium,attended_not_closed,joined_by_user_id_only,missing_order
2026-04-29,2026-04,62935841,4121806,,,2026-04-15T17:19:09+08:00,4121806,,2026-04-15T17:19:09+08:00,1,0,CC人工改派,1,1,2026-04-16 21:30 ~ 22:00,2026-04-16 21:30 ~ 22:00,cancel,1,0,0,1,0,0,0,0,1,1,2026/4/17 1:55,2026/4/17 1:55,0,0,0,0,,,,,,,,,unknown,insufficient_contact_attempts,low,booked_not_attended,joined_by_user_id_only,missing_order
2026-04-29,2026-04,62935926,4123060,,,2026-04-15T19:25:19+08:00,4123060,,2026-04-15T19:25:19+08:00,1,0,CC人工改派,1,1,2026-04-16 20:30 ~ 21:00,2026-04-16 20:30 ~ 21:00,cancel,1,0,0,1,1,1,0,107,1,1,2026/4/15 21:11,2026/4/15 21:11,107,0,0,0,,,,,,,,,valid_lead,has_order_attendance_or_effective_call,medium,booked_not_attended,joined_by_user_id_only,missing_order
2026-04-29,2026-04,62935976,4123061,,,2026-04-15T18:15:10+08:00,4123061,,2026-04-15T18:15:10+08:00,1,0,CC人工改派,1,1,2026-04-16 18:30 ~ 19:00,2026-04-16 18:30 ~ 19:00,cancel,1,0,0,1,1,0,1,7,1,1,2026/4/15 22:05,2026/4/15 22:05,7,0,0,0,,,,,,,,,unknown,insufficient_contact_attempts,low,booked_not_attended,joined_by_user_id_only,missing_order
2026-04-29,2026-04,62936211,4121807,,,2026-04-15T09:15:42+08:00,4121807,,2026-04-15T09:15:42+08:00,1,0,中东成人高中生分配,1,1,2026-04-15 21:00 ~ 21:30,2026-04-15 21:00 ~ 21:30,end,0,0,1,1,1,1,0,255,1,1,2026/4/16 1:47,2026/4/16 1:47,255,1,0,0,,,,,,,,,valid_lead,has_order_attendance_or_effective_call,medium,attended_not_closed,joined_by_user_id_only,missing_order
2026-04-29,2026-04,62936483,4123060,,,2026-04-15T12:37:55+08:00,4123060,,2026-04-15T12:37:55+08:00,1,0,中东academy_en分配,1,1,2026-04-15 21:00 ~ 21:30,2026-04-15 21:00 ~ 21:30,s_absent,0,1,0,1,1,1,0,32,1,1,2026/4/15 18:12,2026/4/15 18:12,32,0,0,0,,,,,,,,,valid_lead,has_order_attendance_or_effective_call,medium,booked_not_attended,joined_by_user_id_only,missing_order
2026-04-29,2026-04,62936517,4121807,,,2026-04-15T17:40:28+08:00,4121807,,2026-04-15T17:40:28+08:00,1,0,CC人工改派,1,1,2026-04-15 17:00 ~ 17:30,2026-04-15 17:00 ~ 17:30,cancel,1,0,0,1,1,1,0,1439,1,1,2026/4/19 18:39,2026/4/19 18:39,1439,0,0,0,,,,,,,,,valid_lead,has_order_attendance_or_effective_call,medium,booked_not_attended,joined_by_user_id_only,missing_order
2026-04-29,2026-04,62936538,4123060,,,2026-04-15T11:26:34+08:00,4123060,,2026-04-15T11:26:34+08:00,1,0,中东成人高中生分配,1,1,2026-04-15 17:30 ~ 18:00,2026-04-15 17:30 ~ 18:00,cancel,1,0,0,1,1,0,1,4,1,1,2026/4/15 22:17,2026/4/15 22:17,4,0,0,0,,,,,,,,,unknown,insufficient_contact_attempts,low,booked_not_attended,joined_by_user_id_only,missing_order
2026-04-29,2026-04,62937224,4123061,,,2026-04-15T13:52:42+08:00,4123061,,2026-04-15T13:52:42+08:00,1,0,中东academy_en分配,1,1,2026-04-15 18:00 ~ 18:30,2026-04-15 18:00 ~ 18:30,cancel,1,0,0,1,0,0,0,0,1,1,2026/4/19 21:15,2026/4/19 21:15,0,0,0,0,,,,,,,,,unknown,insufficient_contact_attempts,low,booked_not_attended,joined_by_user_id_only,missing_order
2026-04-29,2026-04,62937253,4121806,,,2026-04-15T14:41:06+08:00,4121806,,2026-04-15T14:41:06+08:00,1,0,中东academy_en分配,0,0,,,,0,0,0,1,1,1,0,415,1,1,2026/4/15 18:35,2026/4/15 18:35,415,0,0,0,,,,,,,,,valid_lead,has_order_attendance_or_effective_call,medium,no_booking,joined_by_user_id_only,missing_trial|missing_order
2026-04-29,2026-04,62937600,4123061,,,2026-04-15T16:33:37+08:00,4123061,,2026-04-15T16:33:37+08:00,1,0,中东成人高中生分配,1,1,2026-04-15 17:30 ~ 18:00,2026-04-15 17:30 ~ 18:00,cancel,1,0,0,1,0,0,0,0,1,1,2026/4/19 21:19,2026/4/19 21:19,0,0,0,0,,,,,,,,,unknown,insufficient_contact_attempts,low,booked_not_attended,joined_by_user_id_only,missing_order
2026-04-29,2026-04,62938137,4121806,,,2026-04-15T16:51:02+08:00,4121806,,2026-04-15T16:51:02+08:00,1,0,中东成人高中生分配,1,1,2026-04-16 20:00 ~ 20:30,2026-04-16 20:00 ~ 20:30,cancel,1,0,0,1,0,0,0,0,1,1,2026/4/16 20:33,2026/4/16 20:33,0,0,0,0,,,,,,,,,unknown,insufficient_contact_attempts,low,booked_not_attended,joined_by_user_id_only,missing_order
2026-04-29,2026-04,62938162,4122734,,,2026-04-15T17:16:11+08:00,4122734,,2026-04-15T17:16:11+08:00,1,0,中东academy_en分配,0,0,,,,0,0,0,1,0,0,0,0,1,1,2026/4/19 21:02,2026/4/19 21:02,0,0,0,0,,,,,,,,,unknown,insufficient_contact_attempts,low,no_booking,joined_by_user_id_only,missing_trial|missing_order
2026-04-29,2026-04,62938384,4122734,,,2026-04-15T19:23:51+08:00,4122734,,2026-04-15T19:23:51+08:00,1,0,CC人工改派,1,1,2026-04-16 14:00 ~ 14:30,2026-04-16 14:00 ~ 14:30,cancel,1,0,0,1,1,1,0,445,1,1,2026/4/15 22:46,2026/4/15 22:46,445,0,0,0,,,,,,,,,valid_lead,has_order_attendance_or_effective_call,medium,booked_not_attended,joined_by_user_id_only,missing_order
2026-04-29,2026-04,62938450,4123060,,,2026-04-15T18:14:14+08:00,4123060,,2026-04-15T18:14:14+08:00,1,0,CC人工改派,1,1,2026-04-15 18:00 ~ 18:30,2026-04-15 18:00 ~ 18:30,s_absent,0,1,0,1,1,1,0,82,1,1,2026/4/21 0:42,2026/4/21 0:42,82,0,0,0,,,,,,,,,valid_lead,has_order_attendance_or_effective_call,medium,booked_not_attended,joined_by_user_id_only,missing_order
2026-04-29,2026-04,62938452,4122734,,,2026-04-15T17:58:17+08:00,4122734,,2026-04-15T17:58:17+08:00,1,0,中东成人高中生分配,1,1,2026-04-15 21:30 ~ 22:00,2026-04-15 21:30 ~ 22:00,cancel,1,0,0,1,0,0,0,0,1,1,2026/4/15 21:05,2026/4/15 21:05,0,0,0,0,,,,,,,,,unknown,insufficient_contact_attempts,low,booked_not_attended,joined_by_user_id_only,missing_order
2026-04-29,2026-04,62938463,4121807,,,2026-04-15T18:07:16+08:00,4121807,,2026-04-15T18:07:16+08:00,1,0,中东academy_en分配,1,1,2026-04-15 18:30 ~ 19:00,2026-04-15 18:30 ~ 19:00,cancel,1,0,0,1,0,0,0,0,1,1,2026/4/15 23:15,2026/4/15 23:15,0,0,0,0,,,,,,,,,unknown,insufficient_contact_attempts,low,booked_not_attended,joined_by_user_id_only,missing_order
2026-04-29,2026-04,62938718,4123061,,,2026-04-15T18:12:37+08:00,4123061,,2026-04-15T18:12:37+08:00,1,0,CC人工改派,1,1,2026-04-15 18:30 ~ 19:00,2026-04-15 18:30 ~ 19:00,cancel,1,0,0,1,0,0,0,0,1,1,2026/4/19 21:09,2026/4/19 21:09,0,0,0,0,,,,,,,,,unknown,insufficient_contact_attempts,low,booked_not_attended,joined_by_user_id_only,missing_order
2026-04-29,2026-04,62938739,4123060,,,2026-04-15T18:28:10+08:00,4123060,,2026-04-15T18:28:10+08:00,1,0,CC人工改派,1,1,2026-04-15 20:30 ~ 21:00,2026-04-15 20:30 ~ 21:00,cancel,1,0,0,1,0,0,0,0,1,1,2026/4/16 1:15,2026/4/16 1:15,0,0,0,0,,,,,,,,,unknown,insufficient_contact_attempts,low,booked_not_attended,joined_by_user_id_only,missing_order
2026-04-29,2026-04,62938790,4123060,,,2026-04-15T19:05:49+08:00,4123060,,2026-04-15T19:05:49+08:00,1,0,中东academy_en分配,1,1,2026-04-16 21:00 ~ 21:30,2026-04-16 21:00 ~ 21:30,end,0,0,1,1,0,0,0,0,1,1,2026/4/15 21:08,2026/4/15 21:08,0,0,0,0,,,,,,,,,valid_lead,has_order_attendance_or_effective_call,medium,attended_not_closed,joined_by_user_id_only,missing_order
2026-04-29,2026-04,62938796,4123061,,,2026-04-15T19:09:00+08:00,4123061,,2026-04-15T19:09:00+08:00,1,0,中东academy_en分配,0,0,,,,0,0,0,1,1,1,0,64,1,1,2026/4/15 22:14,2026/4/15 22:14,64,0,0,0,,,,,,,,,valid_lead,has_order_attendance_or_effective_call,medium,no_booking,joined_by_user_id_only,missing_trial|missing_order
2026-04-29,2026-04,62939103,4123060,,,2026-04-16T17:41:56+08:00,4123060,,2026-04-16T17:41:56+08:00,1,0,CC人工改派,1,1,2026-04-16 16:30 ~ 17:00,2026-04-16 16:30 ~ 17:00,end,0,0,1,1,1,1,0,45,1,1,2026/4/23 21:56,2026/4/23 21:56,45,0,1,0,,,,,,,,,valid_lead,has_order_attendance_or_effective_call,medium,attended_not_closed,joined_by_user_id_only,missing_order
2026-04-29,2026-04,62939185,4121806,,,2026-04-16T02:17:10+08:00,4121806,,2026-04-16T02:17:10+08:00,1,0,CC人工改派,1,1,2026-04-15 21:00 ~ 21:30,2026-04-15 21:00 ~ 21:30,s_absent,0,1,0,2,0,0,0,0,1,2,2026/4/16 2:19,2026/4/16 18:20,0,0,0,0,,,,,,,,,unknown,insufficient_contact_attempts,low,booked_not_attended,joined_by_user_id_only,missing_order
2026-04-29,2026-04,62939186,4121806,,,2026-04-15T19:49:08+08:00,4121806,,2026-04-15T19:49:08+08:00,1,0,中东academy_en分配,1,1,2026-04-15 21:00 ~ 21:30,2026-04-15 21:00 ~ 21:30,s_absent,0,1,0,1,0,0,0,0,1,1,2026/4/16 2:08,2026/4/16 2:08,0,0,0,0,,,,,,,,,unknown,insufficient_contact_attempts,low,booked_not_attended,joined_by_user_id_only,missing_order
2026-04-29,2026-04,62939468,4122734,,,2026-04-15T20:10:05+08:00,4122734,,2026-04-15T20:10:05+08:00,1,0,中东academy_en分配,0,0,,,,0,0,0,1,1,1,0,165,1,1,2026/4/19 22:51,2026/4/19 22:51,165,0,0,0,,,,,,,,,valid_lead,has_order_attendance_or_effective_call,medium,no_booking,joined_by_user_id_only,missing_trial|missing_order
2026-04-29,2026-04,62939637,4123061,,,2026-04-16T01:24:10+08:00,4123061,,2026-04-16T01:24:10+08:00,1,0,CC人工改派,1,1,2026-04-16 16:30 ~ 17:00,2026-04-16 16:30 ~ 17:00,end,0,0,1,1,1,0,1,5,1,1,2026/4/19 21:03,2026/4/19 21:03,5,0,0,0,,,,,,,,,valid_lead,has_order_attendance_or_effective_call,medium,attended_not_closed,joined_by_user_id_only,missing_order
2026-04-29,2026-04,62940330,4121807,,,2026-04-15T21:17:11+08:00,4121807,,2026-04-15T21:17:11+08:00,1,0,中东成人高中生分配,1,1,2026-04-16 15:30 ~ 16:00,2026-04-16 15:30 ~ 16:00,cancel,1,0,0,1,1,1,0,305,1,1,2026/4/16 1:22,2026/4/16 1:22,305,0,0,0,,,,,,,,,valid_lead,has_order_attendance_or_effective_call,medium,booked_not_attended,joined_by_user_id_only,missing_order
2026-04-29,2026-04,62940363,4123061,,,2026-04-15T22:20:29+08:00,4123061,,2026-04-15T22:20:29+08:00,1,0,CC人工改派,1,1,2026-04-16 20:30 ~ 21:00,2026-04-16 20:30 ~ 21:00,cancel,1,0,0,1,1,0,1,12,1,1,2026/4/15 22:39,2026/4/15 22:39,12,0,0,0,,,,,,,,,unknown,insufficient_contact_attempts,low,booked_not_attended,joined_by_user_id_only,missing_order
2026-04-29,2026-04,62940404,4123060,,,2026-04-16T01:24:22+08:00,4123060,,2026-04-16T01:24:22+08:00,1,0,CC人工改派,1,1,2026-04-16 21:00 ~ 21:30,2026-04-16 21:00 ~ 21:30,cancel,1,0,0,1,0,0,0,0,1,1,2026/4/17 0:15,2026/4/17 0:15,0,0,0,0,,,,,,,,,unknown,insufficient_contact_attempts,low,booked_not_attended,joined_by_user_id_only,missing_order
2026-04-29,2026-04,62940636,4121807,,,2026-04-15T22:10:09+08:00,4121807,,2026-04-15T22:10:09+08:00,1,0,中东academy_en分配,0,0,,,,0,0,0,1,0,0,0,0,1,1,2026/4/24 3:11,2026/4/24 3:11,0,0,0,0,,,,,,,,,unknown,insufficient_contact_attempts,low,no_booking,joined_by_user_id_only,missing_trial|missing_order
2026-04-29,2026-04,62941412,4121807,,,2026-04-16T18:41:40+08:00,4121807,,2026-04-16T18:41:40+08:00,1,0,CC人工改派,0,0,,,,0,0,0,1,1,0,1,4,1,1,2026/4/16 19:48,2026/4/16 19:48,4,0,0,0,,,,,,,,,unknown,insufficient_contact_attempts,low,no_booking,joined_by_user_id_only,missing_trial|missing_order
2026-04-29,2026-04,62941413,4123061,,,2026-04-16T17:44:58+08:00,4123061,,2026-04-16T17:44:58+08:00,1,0,CC人工改派,1,1,2026-04-16 20:30 ~ 21:00,2026-04-16 20:30 ~ 21:00,s_absent,0,1,0,3,2,2,0,2288,2,2,2026/4/16 18:21,2026/4/17 2:02,886,0,0,0,,,,,,,,,valid_lead,has_order_attendance_or_effective_call,medium,booked_not_attended,joined_by_user_id_only,missing_order
2026-04-29,2026-04,62941603,4123060,,,2026-04-16T17:45:09+08:00,4123060,,2026-04-16T17:45:09+08:00,1,0,CC人工改派,1,1,2026-04-16 20:30 ~ 21:00,2026-04-16 20:30 ~ 21:00,end,0,0,1,1,1,1,0,110,1,1,2026/4/16 22:47,2026/4/16 22:47,110,1,0,0,,,,,,,,,valid_lead,has_order_attendance_or_effective_call,medium,attended_not_closed,joined_by_user_id_only,missing_order
2026-04-29,2026-04,62941810,4123061,,,2026-04-16T01:22:33+08:00,4123061,,2026-04-16T01:22:33+08:00,1,0,中东academy_en分配,0,0,,,,0,0,0,0,0,0,0,0,0,0,,,0,0,0,0,,,,,,,,,unknown,data_missing_or_insufficient,low,no_booking,joined_by_user_id_only,missing_trial|missing_call|missing_order
2026-04-29,2026-04,62941883,4122734,,,2026-04-16T02:52:52+08:00,4122734,,2026-04-16T02:52:52+08:00,1,0,中东academy_en分配,0,0,,,,0,0,0,1,0,0,0,0,1,1,2026/4/19 20:59,2026/4/19 20:59,0,0,0,0,,,,,,,,,unknown,insufficient_contact_attempts,low,no_booking,joined_by_user_id_only,missing_trial|missing_order
2026-04-29,2026-04,62941914,4123060,,,2026-04-16T01:21:25+08:00,4123060,,2026-04-16T01:21:25+08:00,1,0,中东academy_en分配,1,2,2026-04-16 16:00 ~ 16:30,2026-04-18 17:30 ~ 18:00,end,1,0,1,1,0,0,0,0,1,1,2026/4/22 21:54,2026/4/22 21:54,0,0,0,0,,,,,,,,,valid_lead,has_order_attendance_or_effective_call,medium,attended_not_closed,joined_by_user_id_only,missing_order
2026-04-29,2026-04,62941941,4123060,,,2026-04-16T01:49:42+08:00,4123060,,2026-04-16T01:49:42+08:00,1,0,中东成人高中生分配,1,1,2026-04-19 16:00 ~ 16:30,2026-04-19 16:00 ~ 16:30,cancel,1,0,0,1,1,1,0,53,1,1,2026/4/19 19:59,2026/4/19 19:59,53,0,0,0,,,,,,,,,valid_lead,has_order_attendance_or_effective_call,medium,booked_not_attended,joined_by_user_id_only,missing_order
2026-04-29,2026-04,62942044,4121806,,,2026-04-16T02:43:59+08:00,4121806,,2026-04-16T02:43:59+08:00,1,0,中东academy_en分配,1,1,2026-04-16 18:30 ~ 19:00,2026-04-16 18:30 ~ 19:00,s_absent,0,1,0,1,1,0,1,11,1,1,2026/4/16 23:27,2026/4/16 23:27,11,0,0,0,,,,,,,,,unknown,insufficient_contact_attempts,low,booked_not_attended,joined_by_user_id_only,missing_order
2026-04-29,2026-04,62942164,4123061,,,2026-04-16T03:21:55+08:00,4123061,,2026-04-16T03:21:55+08:00,1,0,中东成人高中生分配,1,1,2026-04-19 21:30 ~ 22:00,2026-04-19 21:30 ~ 22:00,end,0,0,1,2,2,2,0,361,1,1,2026/4/20 1:44,2026/4/20 2:58,228,1,0,0,,,,,,,,,valid_lead,has_order_attendance_or_effective_call,medium,attended_not_closed,joined_by_user_id_only,missing_order
2026-04-29,2026-04,62942185,4121807,,,2026-04-16T03:51:02+08:00,4121807,,2026-04-16T03:51:02+08:00,1,0,中东academy_en分配,1,1,2026-04-19 18:00 ~ 18:30,2026-04-19 18:00 ~ 18:30,cancel,1,0,0,1,0,0,0,0,1,1,2026/4/16 19:40,2026/4/16 19:40,0,0,0,0,,,,,,,,,unknown,insufficient_contact_attempts,low,booked_not_attended,joined_by_user_id_only,missing_order
2026-04-29,2026-04,62942215,4122734,,,2026-04-26T17:29:15+08:00,4122734,,2026-04-26T17:29:15+08:00,1,0,CC人工改派,0,0,,,,0,0,0,0,0,0,0,0,0,0,,,0,0,0,0,,,,,,,,,unknown,data_missing_or_insufficient,low,no_booking,joined_by_user_id_only,missing_trial|missing_call|missing_order
2026-04-29,2026-04,62942216,4121806,,,2026-04-16T03:23:19+08:00,4121806,,2026-04-16T03:23:19+08:00,1,0,中东成人高中生分配,1,1,2026-04-19 16:30 ~ 17:00,2026-04-19 16:30 ~ 17:00,s_absent,0,1,0,1,0,0,0,0,1,1,2026/4/19 21:25,2026/4/19 21:25,0,0,0,0,,,,,,,,,unknown,insufficient_contact_attempts,low,booked_not_attended,joined_by_user_id_only,missing_order
2026-04-29,2026-04,62942278,4123057,,,2026-04-16T05:16:31+08:00,4123057,,2026-04-16T05:16:31+08:00,1,0,中东academy_en分配,1,1,2026-04-19 17:30 ~ 18:00,2026-04-19 17:30 ~ 18:00,cancel,1,0,0,1,1,0,1,4,1,1,2026/4/19 19:15,2026/4/19 19:15,4,0,0,0,,,,,,,,,unknown,insufficient_contact_attempts,low,booked_not_attended,joined_by_user_id_only,missing_order
2026-04-29,2026-04,62942303,4121806,,,2026-04-18T19:02:18+08:00,4121806,,2026-04-18T19:02:18+08:00,1,0,CC人工改派,1,2,2026-04-19 21:00 ~ 21:30,2026-04-21 18:00 ~ 18:30,end,1,0,1,2,1,1,0,37,2,2,2026/4/19 20:03,2026/4/21 22:53,37,1,0,0,,,,,,,,,valid_lead,has_order_attendance_or_effective_call,medium,attended_not_closed,joined_by_user_id_only,missing_order
2026-04-29,2026-04,62942340,4123057,,,2026-04-18T18:59:33+08:00,4123057,,2026-04-18T18:59:33+08:00,1,0,CC人工改派,1,1,2026-04-19 19:30 ~ 20:00,2026-04-19 19:30 ~ 20:00,end,0,0,1,1,1,1,0,611,1,1,2026/4/20 1:27,2026/4/20 1:27,611,1,0,0,,,,,,,,,valid_lead,has_order_attendance_or_effective_call,medium,attended_not_closed,joined_by_user_id_only,missing_order
2026-04-29,2026-04,62942424,4122734,,,2026-04-16T04:14:58+08:00,4122734,,2026-04-16T04:14:58+08:00,1,0,中东成人高中生分配,1,1,2026-04-19 19:30 ~ 20:00,2026-04-19 19:30 ~ 20:00,end,0,0,1,1,0,0,0,0,1,1,2026/4/19 19:09,2026/4/19 19:09,0,0,0,0,,,,,,,,,valid_lead,has_order_attendance_or_effective_call,medium,attended_not_closed,joined_by_user_id_only,missing_order
2026-04-29,2026-04,62942521,4123057,,,2026-04-18T18:59:48+08:00,4123057,,2026-04-18T18:59:48+08:00,1,0,CC人工改派,1,1,2026-04-19 15:00 ~ 15:30,2026-04-19 15:00 ~ 15:30,cancel,1,0,0,1,0,0,0,0,1,1,2026/4/19 18:31,2026/4/19 18:31,0,0,0,0,,,,,,,,,unknown,insufficient_contact_attempts,low,booked_not_attended,joined_by_user_id_only,missing_order
2026-04-29,2026-04,62942525,4123061,,,2026-04-16T17:40:55+08:00,4123061,,2026-04-16T17:40:55+08:00,1,0,CC人工改派,0,0,,,,0,0,0,1,1,1,0,28,1,1,2026/4/16 17:47,2026/4/16 17:47,28,0,0,0,,,,,,,,,valid_lead,has_order_attendance_or_effective_call,medium,no_booking,joined_by_user_id_only,missing_trial|missing_order
2026-04-29,2026-04,62942548,4121807,,,2026-04-16T05:18:36+08:00,4121807,,2026-04-16T05:18:36+08:00,1,0,中东成人高中生分配,1,1,2026-04-19 18:00 ~ 18:30,2026-04-19 18:00 ~ 18:30,s_absent,0,1,0,1,0,0,0,0,1,1,2026/4/19 20:46,2026/4/19 20:46,0,0,0,0,,,,,,,,,unknown,insufficient_contact_attempts,low,booked_not_attended,joined_by_user_id_only,missing_order
2026-04-29,2026-04,62942574,4121807,,,2026-04-16T22:41:49+08:00,4121807,,2026-04-16T22:41:49+08:00,1,0,CC人工改派,1,1,2026-04-19 15:30 ~ 16:00,2026-04-19 15:30 ~ 16:00,s_absent,0,1,0,2,1,1,0,90,1,1,2026/4/19 20:15,2026/4/19 20:48,0,0,0,0,,,,,,,,,valid_lead,has_order_attendance_or_effective_call,medium,booked_not_attended,joined_by_user_id_only,missing_order
2026-04-29,2026-04,62942690,4122734,,,2026-04-16T09:08:28+08:00,4122734,,2026-04-16T09:08:28+08:00,1,0,中东academy_en分配,1,1,2026-04-19 17:00 ~ 17:30,2026-04-19 17:00 ~ 17:30,cancel,1,0,0,2,0,0,0,0,2,1,2026/4/19 21:04,2026/4/21 20:06,0,0,0,0,,,,,,,,,unknown,insufficient_contact_attempts,low,booked_not_attended,joined_by_user_id_only,missing_order
2026-04-29,2026-04,62942717,4123057,,,2026-04-16T06:57:32+08:00,4123057,,2026-04-16T06:57:32+08:00,1,0,中东成人高中生分配,1,1,2026-04-19 19:00 ~ 19:30,2026-04-19 19:00 ~ 19:30,cancel,1,0,0,1,0,0,0,0,1,1,2026/4/19 19:39,2026/4/19 19:39,0,0,0,0,,,,,,,,,unknown,insufficient_contact_attempts,low,booked_not_attended,joined_by_user_id_only,missing_order
2026-04-29,2026-04,62942719,4123060,,,2026-04-16T06:59:01+08:00,4123060,,2026-04-16T06:59:01+08:00,1,0,中东academy_en分配,1,3,2026-04-18 16:00 ~ 16:30,2026-04-19 18:00 ~ 18:30,cancel,1,0,0,1,1,1,0,49,1,1,2026/4/16 19:01,2026/4/16 19:01,49,0,0,0,,,,,,,,,valid_lead,has_order_attendance_or_effective_call,medium,booked_not_attended,joined_by_user_id_only,missing_order
2026-04-29,2026-04,62942723,4123061,,,2026-04-16T07:04:53+08:00,4123061,,2026-04-16T07:04:53+08:00,1,0,中东academy_en分配,1,2,2026-04-20 17:00 ~ 17:30,2026-04-21 16:30 ~ 17:00,cancel,1,1,0,1,0,0,0,0,1,1,2026/4/20 21:49,2026/4/20 21:49,0,0,0,0,,,,,,,,,unknown,insufficient_contact_attempts,low,booked_not_attended,joined_by_user_id_only,missing_order
2026-04-29,2026-04,62942762,4123061,,,2026-04-16T08:21:03+08:00,4123061,,2026-04-16T08:21:03+08:00,1,0,中东成人高中生分配,1,1,2026-04-19 20:00 ~ 20:30,2026-04-19 20:00 ~ 20:30,s_absent,0,1,0,1,1,1,0,83,1,1,2026/4/20 1:07,2026/4/20 1:07,83,0,0,0,,,,,,,,,valid_lead,has_order_attendance_or_effective_call,medium,booked_not_attended,joined_by_user_id_only,missing_order
2026-04-29,2026-04,62942829,4121806,,,2026-04-16T07:41:57+08:00,4121806,,2026-04-16T07:41:57+08:00,1,0,中东academy_en分配,1,1,2026-04-19 19:00 ~ 19:30,2026-04-19 19:00 ~ 19:30,s_absent,0,1,0,1,0,0,0,0,1,1,2026/4/21 0:48,2026/4/21 0:48,0,0,0,0,,,,,,,,,unknown,insufficient_contact_attempts,low,booked_not_attended,joined_by_user_id_only,missing_order
2026-04-29,2026-04,62942832,4123060,,,2026-04-16T07:52:52+08:00,4123060,,2026-04-16T07:52:52+08:00,1,0,中东成人高中生分配,1,4,2026-04-19 16:00 ~ 16:30,2026-04-20 20:30 ~ 21:00,cancel,1,0,0,1,1,1,0,65,1,1,2026/4/19 19:54,2026/4/19 19:54,65,0,0,0,,,,,,,,,valid_lead,has_order_attendance_or_effective_call,medium,booked_not_attended,joined_by_user_id_only,missing_order
2026-04-29,2026-04,62942855,4121806,,,2026-04-16T08:31:24+08:00,4121806,,2026-04-16T08:31:24+08:00,1,0,中东成人高中生分配,1,1,2026-04-19 16:00 ~ 16:30,2026-04-19 16:00 ~ 16:30,cancel,1,0,0,1,0,0,0,0,1,1,2026/4/19 20:53,2026/4/19 20:53,0,0,0,1,32494107,2026/4/19 19:21,2026/4/19 19:25,840,Ramadan Special Offer-Comprehensive Learning Course-45,,51habiba.hassan,前端销售部001组,valid_lead,has_order_attendance_or_effective_call,medium,closed,joined_by_user_id_only,
2026-04-29,2026-04,62943673,4122734,,,2026-04-16T12:35:28+08:00,4122734,,2026-04-16T12:35:28+08:00,1,0,中东成人高中生分配,1,1,2026-04-19 19:00 ~ 19:30,2026-04-19 19:00 ~ 19:30,s_absent,0,1,0,1,0,0,0,0,1,1,2026/4/19 22:17,2026/4/19 22:17,0,0,0,0,,,,,,,,,unknown,insufficient_contact_attempts,low,booked_not_attended,joined_by_user_id_only,missing_order
2026-04-29,2026-04,62943991,4121806,,,2026-04-18T19:00:19+08:00,4121806,,2026-04-18T19:00:19+08:00,1,0,CC人工改派,1,1,2026-04-19 20:30 ~ 21:00,2026-04-19 20:30 ~ 21:00,cancel,1,0,0,1,0,0,0,0,1,1,2026/4/19 20:17,2026/4/19 20:17,0,0,0,0,,,,,,,,,unknown,insufficient_contact_attempts,low,booked_not_attended,joined_by_user_id_only,missing_order
2026-04-29,2026-04,62944434,4123061,,,2026-04-18T18:58:54+08:00,4123061,,2026-04-18T18:58:54+08:00,1,0,CC人工改派,1,1,2026-04-19 17:00 ~ 17:30,2026-04-19 17:00 ~ 17:30,end,0,0,1,1,1,1,0,420,1,1,2026/4/20 0:34,2026/4/20 0:34,420,0,1,0,,,,,,,,,valid_lead,has_order_attendance_or_effective_call,medium,attended_not_closed,joined_by_user_id_only,missing_order
2026-04-29,2026-04,62944935,4121807,,,2026-04-16T15:59:30+08:00,4121807,,2026-04-16T15:59:30+08:00,1,0,中东academy_en分配,0,0,,,,0,0,0,1,1,0,1,4,1,1,2026/4/16 20:10,2026/4/16 20:10,4,0,0,0,,,,,,,,,unknown,insufficient_contact_attempts,low,no_booking,joined_by_user_id_only,missing_trial|missing_order
2026-04-29,2026-04,62944944,4121807,,,2026-04-16T22:41:49+08:00,4121807,,2026-04-16T22:41:49+08:00,1,0,CC人工改派,1,1,2026-04-19 20:00 ~ 20:30,2026-04-19 20:00 ~ 20:30,cancel,1,0,0,1,1,1,0,65,1,1,2026/4/18 20:17,2026/4/18 20:17,65,0,0,0,,,,,,,,,valid_lead,has_order_attendance_or_effective_call,medium,booked_not_attended,joined_by_user_id_only,missing_order
2026-04-29,2026-04,62944969,4121806,,,2026-04-18T19:00:19+08:00,4121806,,2026-04-18T19:00:19+08:00,1,0,CC人工改派,1,1,2026-04-19 17:00 ~ 17:30,2026-04-19 17:00 ~ 17:30,cancel,1,0,0,1,0,0,0,0,1,1,2026/4/19 21:45,2026/4/19 21:45,0,0,0,0,,,,,,,,,unknown,insufficient_contact_attempts,low,booked_not_attended,joined_by_user_id_only,missing_order
2026-04-29,2026-04,62945111,4123061,,,2026-04-18T18:58:53+08:00,4123061,,2026-04-18T18:58:53+08:00,1,0,CC人工改派,1,1,2026-04-19 17:00 ~ 17:30,2026-04-19 17:00 ~ 17:30,s_absent,0,1,0,1,1,1,0,48,1,1,2026/4/19 21:50,2026/4/19 21:50,48,0,0,0,,,,,,,,,valid_lead,has_order_attendance_or_effective_call,medium,booked_not_attended,joined_by_user_id_only,missing_order
2026-04-29,2026-04,62945134,4123057,,,2026-04-16T16:24:04+08:00,4123057,,2026-04-16T16:24:04+08:00,1,0,中东academy_en分配,1,1,2026-04-19 20:30 ~ 21:00,2026-04-19 20:30 ~ 21:00,s_absent,0,1,0,1,1,1,0,78,1,1,2026/4/19 17:46,2026/4/19 17:46,78,0,0,0,,,,,,,,,valid_lead,has_order_attendance_or_effective_call,medium,booked_not_attended,joined_by_user_id_only,missing_order
2026-04-29,2026-04,62945167,4121807,,,2026-04-16T17:06:39+08:00,4121807,,2026-04-16T17:06:39+08:00,1,0,中东成人高中生分配,1,1,2026-04-18 14:30 ~ 15:00,2026-04-18 14:30 ~ 15:00,cancel,1,0,0,1,0,0,0,0,1,1,2026/4/16 19:44,2026/4/16 19:44,0,0,0,0,,,,,,,,,unknown,insufficient_contact_attempts,low,booked_not_attended,joined_by_user_id_only,missing_order
2026-04-29,2026-04,62945431,4121807,,,2026-04-16T22:41:50+08:00,4121807,,2026-04-16T22:41:50+08:00,1,0,CC人工改派,1,1,2026-04-18 16:30 ~ 17:00,2026-04-18 16:30 ~ 17:00,cancel,1,0,0,1,1,1,0,120,1,1,2026/4/18 21:06,2026/4/18 21:06,120,0,0,0,,,,,,,,,valid_lead,has_order_attendance_or_effective_call,medium,booked_not_attended,joined_by_user_id_only,missing_order
2026-04-29,2026-04,62945475,4123061,,,2026-04-16T18:17:03+08:00,4123061,,2026-04-16T18:17:03+08:00,1,0,CC人工改派,1,1,2026-04-16 13:30 ~ 14:00,2026-04-16 13:30 ~ 14:00,s_absent,0,1,0,2,1,1,0,142,1,1,2026/4/16 18:16,2026/4/16 18:17,0,0,0,0,,,,,,,,,valid_lead,has_order_attendance_or_effective_call,medium,booked_not_attended,joined_by_user_id_only,missing_order
2026-04-29,2026-04,62946072,4123061,,,2026-04-16T19:28:57+08:00,4123061,,2026-04-16T19:28:57+08:00,1,0,中东成人高中生分配,1,2,2026-04-16 16:00 ~ 16:30,2026-04-23 20:00 ~ 20:30,end,1,0,1,1,1,1,0,812,1,1,2026/4/22 20:00,2026/4/22 20:00,812,0,0,0,,,,,,,,,valid_lead,has_order_attendance_or_effective_call,medium,attended_not_closed,joined_by_user_id_only,missing_order
2026-04-29,2026-04,62946104,4123060,,,2026-04-16T18:33:34+08:00,4123060,,2026-04-16T18:33:34+08:00,1,0,中东成人高中生分配,1,1,2026-04-16 20:00 ~ 20:30,2026-04-16 20:00 ~ 20:30,s_absent,0,1,0,1,0,0,0,0,1,1,2026/4/20 0:48,2026/4/20 0:48,0,0,0,0,,,,,,,,,unknown,insufficient_contact_attempts,low,booked_not_attended,joined_by_user_id_only,missing_order
2026-04-29,2026-04,62946418,4121806,,,2026-04-16T19:29:20+08:00,4121806,,2026-04-16T19:29:20+08:00,1,0,中东成人高中生分配,1,1,2026-04-19 18:00 ~ 18:30,2026-04-19 18:00 ~ 18:30,s_absent,0,1,0,1,0,0,0,0,1,1,2026/4/19 22:59,2026/4/19 22:59,0,0,0,0,,,,,,,,,unknown,insufficient_contact_attempts,low,booked_not_attended,joined_by_user_id_only,missing_order
2026-04-29,2026-04,62946481,4123061,,,2026-04-16T20:14:27+08:00,4123061,,2026-04-16T20:14:27+08:00,1,0,转介绍分配cc,0,0,,,,0,0,0,1,0,0,0,0,1,1,2026/4/18 18:23,2026/4/18 18:23,0,0,0,0,,,,,,,,,unknown,insufficient_contact_attempts,low,no_booking,joined_by_user_id_only,missing_trial|missing_order
2026-04-29,2026-04,62946700,4123061,,,2026-04-16T22:41:18+08:00,4123061,,2026-04-16T22:41:18+08:00,1,0,CC人工改派,1,1,2026-04-16 20:30 ~ 21:00,2026-04-16 20:30 ~ 21:00,end,0,0,1,1,0,0,0,0,1,1,2026/4/17 1:18,2026/4/17 1:18,0,0,0,0,,,,,,,,,valid_lead,has_order_attendance_or_effective_call,medium,attended_not_closed,joined_by_user_id_only,missing_order
2026-04-29,2026-04,62946734,4122734,,,2026-04-16T20:27:06+08:00,4122734,,2026-04-16T20:27:06+08:00,1,0,中东成人高中生分配,1,1,2026-04-16 20:00 ~ 20:30,2026-04-16 20:00 ~ 20:30,end,0,0,1,1,0,0,0,0,1,1,2026/4/21 23:04,2026/4/21 23:04,0,0,0,0,,,,,,,,,valid_lead,has_order_attendance_or_effective_call,medium,attended_not_closed,joined_by_user_id_only,missing_order
2026-04-29,2026-04,62947613,4123060,,,2026-04-16T22:41:29+08:00,4123060,,2026-04-16T22:41:29+08:00,1,0,CC人工改派,1,1,2026-04-16 21:30 ~ 22:00,2026-04-16 21:30 ~ 22:00,cancel,1,0,0,1,0,0,0,0,1,1,2026/4/18 17:39,2026/4/18 17:39,0,0,0,0,,,,,,,,,unknown,insufficient_contact_attempts,low,booked_not_attended,joined_by_user_id_only,missing_order
2026-04-29,2026-04,62948045,4121807,,,2026-04-16T23:34:14+08:00,4121807,,2026-04-16T23:34:14+08:00,1,0,中东成人高中生分配,1,1,2026-04-18 15:00 ~ 15:30,2026-04-18 15:00 ~ 15:30,cancel,1,0,0,1,1,1,0,39,1,1,2026/4/18 18:52,2026/4/18 18:52,39,0,0,0,,,,,,,,,valid_lead,has_order_attendance_or_effective_call,medium,booked_not_attended,joined_by_user_id_only,missing_order
2026-04-29,2026-04,62948151,4123057,,,2026-04-17T00:14:07+08:00,4123057,,2026-04-17T00:14:07+08:00,1,0,中东成人高中生分配,1,1,2026-04-19 13:00 ~ 13:30,2026-04-19 13:00 ~ 13:30,cancel,1,0,0,1,1,0,1,14,1,1,2026/4/18 18:50,2026/4/18 18:50,14,0,0,0,,,,,,,,,unknown,insufficient_contact_attempts,low,booked_not_attended,joined_by_user_id_only,missing_order
2026-04-29,2026-04,62948318,4123057,,,2026-04-18T19:02:44+08:00,4123057,,2026-04-18T19:02:44+08:00,1,0,CC人工改派,1,1,2026-04-19 13:30 ~ 14:00,2026-04-19 13:30 ~ 14:00,cancel,1,0,0,1,1,0,1,9,1,1,2026/4/19 18:05,2026/4/19 18:05,9,0,0,0,,,,,,,,,unknown,insufficient_contact_attempts,low,booked_not_attended,joined_by_user_id_only,missing_order
2026-04-29,2026-04,62948453,4123060,,,2026-04-17T00:45:26+08:00,4123060,,2026-04-17T00:45:26+08:00,1,0,中东成人高中生分配,1,1,2026-04-16 21:00 ~ 21:30,2026-04-16 21:00 ~ 21:30,end,0,0,1,1,1,0,1,13,1,1,2026/4/23 21:58,2026/4/23 21:58,13,0,0,0,,,,,,,,,valid_lead,has_order_attendance_or_effective_call,medium,attended_not_closed,joined_by_user_id_only,missing_order
2026-04-29,2026-04,62948870,4123061,,,2026-04-17T02:13:13+08:00,4123061,,2026-04-17T02:13:13+08:00,1,0,中东成人高中生分配,1,1,2026-04-22 19:00 ~ 19:30,2026-04-22 19:00 ~ 19:30,s_absent,0,1,0,1,1,1,0,775,1,1,2026/4/18 18:46,2026/4/18 18:46,775,0,0,0,,,,,,,,,valid_lead,has_order_attendance_or_effective_call,medium,booked_not_attended,joined_by_user_id_only,missing_order
2026-04-29,2026-04,62948871,4121806,,,2026-04-17T02:14:34+08:00,4121806,,2026-04-17T02:14:34+08:00,1,0,中东成人高中生分配,1,1,2026-04-19 21:30 ~ 22:00,2026-04-19 21:30 ~ 22:00,cancel,1,0,0,1,0,0,0,0,1,1,2026/4/19 19:41,2026/4/19 19:41,0,0,0,0,,,,,,,,,unknown,insufficient_contact_attempts,low,booked_not_attended,joined_by_user_id_only,missing_order
2026-04-29,2026-04,62948985,4121807,,,2026-04-17T03:12:40+08:00,4121807,,2026-04-17T03:12:40+08:00,1,0,中东成人高中生分配,1,1,2026-04-19 17:30 ~ 18:00,2026-04-19 17:30 ~ 18:00,end,0,0,1,1,1,1,0,66,1,1,2026/4/18 20:38,2026/4/18 20:38,66,0,0,0,,,,,,,,,valid_lead,has_order_attendance_or_effective_call,medium,attended_not_closed,joined_by_user_id_only,missing_order
2026-04-29,2026-04,62949136,4122734,,,2026-04-17T03:00:08+08:00,4122734,,2026-04-17T03:00:08+08:00,1,0,中东成人高中生分配,1,1,2026-04-19 15:00 ~ 15:30,2026-04-19 15:00 ~ 15:30,end,0,0,1,1,1,0,1,9,1,1,2026/4/21 20:09,2026/4/21 20:09,9,0,0,0,,,,,,,,,valid_lead,has_order_attendance_or_effective_call,medium,attended_not_closed,joined_by_user_id_only,missing_order
2026-04-29,2026-04,62949144,4123060,,,2026-04-18T18:59:11+08:00,4123060,,2026-04-18T18:59:11+08:00,1,0,CC人工改派,1,1,2026-04-22 19:30 ~ 20:00,2026-04-22 19:30 ~ 20:00,cancel,1,0,0,1,0,0,0,0,1,1,2026/4/19 17:54,2026/4/19 17:54,0,0,0,0,,,,,,,,,unknown,insufficient_contact_attempts,low,booked_not_attended,joined_by_user_id_only,missing_order
2026-04-29,2026-04,62949212,4123061,,,2026-04-18T19:01:44+08:00,4123061,,2026-04-18T19:01:44+08:00,1,0,CC人工改派,1,1,2026-04-22 19:00 ~ 19:30,2026-04-22 19:00 ~ 19:30,cancel,1,0,0,1,0,0,0,0,1,1,2026/4/22 23:48,2026/4/22 23:48,0,0,0,0,,,,,,,,,unknown,insufficient_contact_attempts,low,booked_not_attended,joined_by_user_id_only,missing_order
2026-04-29,2026-04,62949424,4123057,,,2026-04-18T19:02:44+08:00,4123057,,2026-04-18T19:02:44+08:00,1,0,CC人工改派,1,1,2026-04-19 18:30 ~ 19:00,2026-04-19 18:30 ~ 19:00,s_absent,0,1,0,1,1,1,0,635,1,1,2026/4/19 19:27,2026/4/19 19:27,635,0,0,0,,,,,,,,,valid_lead,has_order_attendance_or_effective_call,medium,booked_not_attended,joined_by_user_id_only,missing_order
2026-04-29,2026-04,62949507,4123057,,,2026-04-17T04:44:12+08:00,4123057,,2026-04-17T04:44:12+08:00,1,0,中东成人高中生分配,1,3,2026-04-22 16:30 ~ 17:00,2026-04-23 19:00 ~ 19:30,cancel,1,0,1,1,1,0,1,10,1,1,2026/4/22 18:44,2026/4/22 18:44,10,0,0,0,,,,,,,,,valid_lead,has_order_attendance_or_effective_call,medium,attended_not_closed,joined_by_user_id_only,missing_order
2026-04-29,2026-04,62949543,4123060,,,2026-04-17T05:36:15+08:00,4123060,,2026-04-17T05:36:15+08:00,1,0,中东成人高中生分配,1,2,2026-04-19 18:30 ~ 19:00,2026-04-20 21:00 ~ 21:30,end,1,0,1,3,1,1,0,223,3,2,2026/4/21 22:09,2026-04-27 20:20:35,0,0,1,0,,,,,,,,,valid_lead,has_order_attendance_or_effective_call,medium,attended_not_closed,joined_by_user_id_only,missing_order
2026-04-29,2026-04,62949797,4123061,,,2026-04-17T09:08:15+08:00,4123061,,2026-04-17T09:08:15+08:00,1,0,中东成人高中生分配,1,1,2026-04-19 18:00 ~ 18:30,2026-04-19 18:00 ~ 18:30,cancel,1,0,0,1,0,0,0,0,1,1,2026/4/19 17:44,2026/4/19 17:44,0,0,0,0,,,,,,,,,unknown,insufficient_contact_attempts,low,booked_not_attended,joined_by_user_id_only,missing_order
2026-04-29,2026-04,62950273,4122734,,,2026-04-17T10:09:55+08:00,4122734,,2026-04-17T10:09:55+08:00,1,0,中东成人高中生分配,1,1,2026-04-22 20:00 ~ 20:30,2026-04-22 20:00 ~ 20:30,s_absent,0,1,0,1,0,0,0,0,1,1,2026/4/19 21:11,2026/4/19 21:11,0,0,0,0,,,,,,,,,unknown,insufficient_contact_attempts,low,booked_not_attended,joined_by_user_id_only,missing_order
2026-04-29,2026-04,62950514,4121806,,,2026-04-17T09:43:39+08:00,4121806,,2026-04-17T09:43:39+08:00,1,0,中东成人高中生分配,1,1,2026-04-19 18:00 ~ 18:30,2026-04-19 18:00 ~ 18:30,cancel,1,0,0,1,0,0,0,0,1,1,2026/4/19 19:45,2026/4/19 19:45,0,0,0,0,,,,,,,,,unknown,insufficient_contact_attempts,low,booked_not_attended,joined_by_user_id_only,missing_order
2026-04-29,2026-04,62951377,4123061,,,2026-04-18T18:58:53+08:00,4123061,,2026-04-18T18:58:53+08:00,1,0,CC人工改派,1,1,2026-04-19 18:30 ~ 19:00,2026-04-19 18:30 ~ 19:00,s_absent,0,1,0,1,0,0,0,0,1,1,2026/4/19 18:34,2026/4/19 18:34,0,0,0,0,,,,,,,,,unknown,insufficient_contact_attempts,low,booked_not_attended,joined_by_user_id_only,missing_order
2026-04-29,2026-04,62951742,4121806,,,2026-04-18T19:00:19+08:00,4121806,,2026-04-18T19:00:19+08:00,1,0,CC人工改派,1,1,2026-04-19 18:30 ~ 19:00,2026-04-19 18:30 ~ 19:00,s_absent,0,1,0,1,0,0,0,0,1,1,2026/4/18 20:23,2026/4/18 20:23,0,0,0,0,,,,,,,,,unknown,insufficient_contact_attempts,low,booked_not_attended,joined_by_user_id_only,missing_order
2026-04-29,2026-04,62952352,4121807,,,2026-04-17T15:54:40+08:00,4121807,,2026-04-17T15:54:40+08:00,1,0,中东成人高中生分配,1,1,2026-04-19 18:30 ~ 19:00,2026-04-19 18:30 ~ 19:00,s_absent,0,1,0,1,0,0,0,0,1,1,2026/4/19 20:49,2026/4/19 20:49,0,0,0,0,,,,,,,,,unknown,insufficient_contact_attempts,low,booked_not_attended,joined_by_user_id_only,missing_order
2026-04-29,2026-04,62952759,4123060,,,2026-04-18T19:02:33+08:00,4123060,,2026-04-18T19:02:33+08:00,1,0,CC人工改派,1,1,2026-04-22 19:30 ~ 20:00,2026-04-22 19:30 ~ 20:00,s_absent,0,1,0,1,0,0,0,0,1,1,2026/4/22 19:56,2026/4/22 19:56,0,0,0,0,,,,,,,,,unknown,insufficient_contact_attempts,low,booked_not_attended,joined_by_user_id_only,missing_order
2026-04-29,2026-04,62953391,4123057,,,2026-04-17T19:16:08+08:00,4123057,,2026-04-17T19:16:08+08:00,1,0,中东成人高中生分配,1,2,2026-04-19 18:00 ~ 18:30,2026-04-20 13:00 ~ 13:30,cancel,1,0,1,1,1,1,0,440,1,1,2026/4/20 0:35,2026/4/20 0:35,440,0,1,0,,,,,,,,,valid_lead,has_order_attendance_or_effective_call,medium,attended_not_closed,joined_by_user_id_only,missing_order
2026-04-29,2026-04,62953686,4123060,,,2026-04-17T19:39:20+08:00,4123060,,2026-04-17T19:39:20+08:00,1,0,中东成人高中生分配,1,1,2026-04-22 19:30 ~ 20:00,2026-04-22 19:30 ~ 20:00,cancel,1,0,0,1,1,1,0,48,1,1,2026/4/18 19:14,2026/4/18 19:14,48,0,0,0,,,,,,,,,valid_lead,has_order_attendance_or_effective_call,medium,booked_not_attended,joined_by_user_id_only,missing_order
2026-04-29,2026-04,62954086,4122734,,,2026-04-17T21:23:46+08:00,4122734,,2026-04-17T21:23:46+08:00,1,0,中东成人高中生分配,1,1,2026-04-20 16:00 ~ 16:30,2026-04-20 16:00 ~ 16:30,cancel,1,0,0,1,1,1,0,253,1,1,2026/4/19 21:57,2026/4/19 21:57,253,0,0,0,,,,,,,,,valid_lead,has_order_attendance_or_effective_call,medium,booked_not_attended,joined_by_user_id_only,missing_order
2026-04-29,2026-04,62954113,4123061,,,2026-04-17T20:09:42+08:00,4123061,,2026-04-17T20:09:42+08:00,1,0,中东成人高中生分配,1,1,2026-04-20 14:30 ~ 15:00,2026-04-20 14:30 ~ 15:00,cancel,1,0,0,1,0,0,0,0,1,1,2026/4/19 20:55,2026/4/19 20:55,0,0,0,0,,,,,,,,,unknown,insufficient_contact_attempts,low,booked_not_attended,joined_by_user_id_only,missing_order
2026-04-29,2026-04,62954155,4121806,,,2026-04-17T20:47:55+08:00,4121806,,2026-04-17T20:47:55+08:00,1,0,中东成人高中生分配,1,1,2026-04-20 14:00 ~ 14:30,2026-04-20 14:00 ~ 14:30,s_absent,0,1,0,1,1,1,0,554,1,1,2026/4/20 1:50,2026/4/20 1:50,554,0,0,0,,,,,,,,,valid_lead,has_order_attendance_or_effective_call,medium,booked_not_attended,joined_by_user_id_only,missing_order
2026-04-29,2026-04,62955195,4123057,,,2026-04-18T19:02:44+08:00,4123057,,2026-04-18T19:02:44+08:00,1,0,CC人工改派,1,1,2026-04-19 19:30 ~ 20:00,2026-04-19 19:30 ~ 20:00,cancel,1,0,0,1,0,0,0,0,1,1,2026/4/19 20:57,2026/4/19 20:57,0,0,0,0,,,,,,,,,unknown,insufficient_contact_attempts,low,booked_not_attended,joined_by_user_id_only,missing_order
2026-04-29,2026-04,62955342,4123057,,,2026-04-18T18:59:33+08:00,4123057,,2026-04-18T18:59:33+08:00,1,0,CC人工改派,1,1,2026-04-19 20:00 ~ 20:30,2026-04-19 20:00 ~ 20:30,s_absent,0,1,0,1,0,0,0,0,1,1,2026/4/19 20:35,2026/4/19 20:35,0,0,0,0,,,,,,,,,unknown,insufficient_contact_attempts,low,booked_not_attended,joined_by_user_id_only,missing_order
2026-04-29,2026-04,62955493,4123061,,,2026-04-18T19:01:44+08:00,4123061,,2026-04-18T19:01:44+08:00,1,0,CC人工改派,1,1,2026-04-20 17:30 ~ 18:00,2026-04-20 17:30 ~ 18:00,cancel,1,0,0,1,0,0,0,0,1,1,2026/4/22 19:40,2026/4/22 19:40,0,0,0,0,,,,,,,,,unknown,insufficient_contact_attempts,low,booked_not_attended,joined_by_user_id_only,missing_order
2026-04-29,2026-04,62955585,4121807,,,2026-04-18T01:33:11+08:00,4121807,,2026-04-18T01:33:11+08:00,1,0,中东成人高中生分配,1,1,2026-04-20 15:00 ~ 15:30,2026-04-20 15:00 ~ 15:30,cancel,1,0,0,1,0,0,0,0,1,1,2026/4/20 19:41,2026/4/20 19:41,0,0,0,0,,,,,,,,,unknown,insufficient_contact_attempts,low,booked_not_attended,joined_by_user_id_only,missing_order
2026-04-29,2026-04,62955623,4123057,,,2026-04-18T01:45:45+08:00,4123057,,2026-04-18T01:45:45+08:00,1,0,中东成人高中生分配,1,1,2026-04-20 16:00 ~ 16:30,2026-04-20 16:00 ~ 16:30,end,0,0,1,2,0,0,0,0,2,1,2026/4/20 1:51,2026-04-27 00:50:35,0,0,0,0,,,,,,,,,valid_lead,has_order_attendance_or_effective_call,medium,attended_not_closed,joined_by_user_id_only,missing_order
2026-04-29,2026-04,62955630,4123060,,,2026-04-18T01:59:29+08:00,4123060,,2026-04-18T01:59:29+08:00,1,0,中东成人高中生分配,1,1,2026-04-22 21:30 ~ 22:00,2026-04-22 21:30 ~ 22:00,cancel,1,0,0,1,1,1,0,90,1,1,2026/4/18 18:53,2026/4/18 18:53,90,0,0,0,,,,,,,,,valid_lead,has_order_attendance_or_effective_call,medium,booked_not_attended,joined_by_user_id_only,missing_order
2026-04-29,2026-04,62955764,4121806,,,2026-04-18T02:51:28+08:00,4121806,,2026-04-18T02:51:28+08:00,1,0,中东成人高中生分配,1,1,2026-04-22 21:30 ~ 22:00,2026-04-22 21:30 ~ 22:00,cancel,1,0,0,1,1,1,0,62,1,1,2026/4/18 18:49,2026/4/18 18:49,62,0,0,0,,,,,,,,,valid_lead,has_order_attendance_or_effective_call,medium,booked_not_attended,joined_by_user_id_only,missing_order
2026-04-29,2026-04,62955765,4122734,,,2026-04-18T02:52:08+08:00,4122734,,2026-04-18T02:52:08+08:00,1,0,中东成人高中生分配,1,1,2026-04-22 13:30 ~ 14:00,2026-04-22 13:30 ~ 14:00,s_absent,0,1,0,1,0,0,0,0,1,1,2026/4/19 21:21,2026/4/19 21:21,0,0,0,0,,,,,,,,,unknown,insufficient_contact_attempts,low,booked_not_attended,joined_by_user_id_only,missing_order
2026-04-29,2026-04,62955844,4123061,,,2026-04-18T02:39:15+08:00,4123061,,2026-04-18T02:39:15+08:00,1,0,中东成人高中生分配,1,1,2026-04-19 21:00 ~ 21:30,2026-04-19 21:00 ~ 21:30,end,0,0,1,1,1,1,0,91,1,1,2026/4/20 1:48,2026/4/20 1:48,91,1,0,0,,,,,,,,,valid_lead,has_order_attendance_or_effective_call,medium,attended_not_closed,joined_by_user_id_only,missing_order
2026-04-29,2026-04,62955965,4123060,,,2026-04-18T18:59:11+08:00,4123060,,2026-04-18T18:59:11+08:00,1,0,CC人工改派,1,1,2026-04-21 18:00 ~ 18:30,2026-04-21 18:00 ~ 18:30,end,0,0,1,1,0,0,0,0,1,1,2026/4/22 0:02,2026/4/22 0:02,0,0,0,0,,,,,,,,,valid_lead,has_order_attendance_or_effective_call,medium,attended_not_closed,joined_by_user_id_only,missing_order
2026-04-29,2026-04,62956120,4121807,,,2026-04-18T04:24:16+08:00,4121807,,2026-04-18T04:24:16+08:00,1,0,中东成人高中生分配,1,1,2026-04-20 15:30 ~ 16:00,2026-04-20 15:30 ~ 16:00,cancel,1,0,0,1,0,0,0,0,1,1,2026/4/20 19:42,2026/4/20 19:42,0,0,0,0,,,,,,,,,unknown,insufficient_contact_attempts,low,booked_not_attended,joined_by_user_id_only,missing_order
2026-04-29,2026-04,62956218,4121806,,,2026-04-18T19:01:53+08:00,4121806,,2026-04-18T19:01:53+08:00,1,0,CC人工改派,1,1,2026-04-22 20:00 ~ 20:30,2026-04-22 20:00 ~ 20:30,s_absent,0,1,0,1,0,0,0,0,1,1,2026/4/23 1:02,2026/4/23 1:02,0,0,0,0,,,,,,,,,unknown,insufficient_contact_attempts,low,booked_not_attended,joined_by_user_id_only,missing_order
2026-04-29,2026-04,62956260,4123061,,,2026-04-18T05:34:54+08:00,4123061,,2026-04-18T05:34:54+08:00,1,0,中东成人高中生分配,1,1,2026-04-20 16:30 ~ 17:00,2026-04-20 16:30 ~ 17:00,cancel,1,0,0,1,0,0,0,0,1,1,2026/4/19 20:26,2026/4/19 20:26,0,0,0,0,,,,,,,,,unknown,insufficient_contact_attempts,low,booked_not_attended,joined_by_user_id_only,missing_order
2026-04-29,2026-04,62956320,4123060,,,2026-04-18T19:02:33+08:00,4123060,,2026-04-18T19:02:33+08:00,1,0,CC人工改派,1,1,2026-04-20 20:00 ~ 20:30,2026-04-20 20:00 ~ 20:30,cancel,1,0,0,1,0,0,0,0,1,1,2026/4/19 19:24,2026/4/19 19:24,0,0,0,0,,,,,,,,,unknown,insufficient_contact_attempts,low,booked_not_attended,joined_by_user_id_only,missing_order
2026-04-29,2026-04,62956331,4123057,,,2026-04-18T04:46:44+08:00,4123057,,2026-04-18T04:46:44+08:00,1,0,中东成人高中生分配,1,1,2026-04-22 21:00 ~ 21:30,2026-04-22 21:00 ~ 21:30,cancel,1,0,0,1,0,0,0,0,1,1,2026/4/22 21:47,2026/4/22 21:47,0,0,0,0,,,,,,,,,unknown,insufficient_contact_attempts,low,booked_not_attended,joined_by_user_id_only,missing_order
2026-04-29,2026-04,62956423,4123060,,,2026-04-18T05:02:18+08:00,4123060,,2026-04-18T05:02:18+08:00,1,0,中东成人高中生分配,1,1,2026-04-20 18:30 ~ 19:00,2026-04-20 18:30 ~ 19:00,cancel,1,0,0,1,0,0,0,0,1,1,2026/4/18 20:14,2026/4/18 20:14,0,0,0,0,,,,,,,,,unknown,insufficient_contact_attempts,low,booked_not_attended,joined_by_user_id_only,missing_order
2026-04-29,2026-04,62956531,4121806,,,2026-04-18T07:30:51+08:00,4121806,,2026-04-18T07:30:51+08:00,1,0,中东成人高中生分配,1,1,2026-04-22 21:00 ~ 21:30,2026-04-22 21:00 ~ 21:30,s_absent,0,1,0,1,0,0,0,0,1,1,2026/4/19 22:25,2026/4/19 22:25,0,0,0,0,,,,,,,,,unknown,insufficient_contact_attempts,low,booked_not_attended,joined_by_user_id_only,missing_order
2026-04-29,2026-04,62956845,4122734,,,2026-04-18T08:31:56+08:00,4122734,,2026-04-18T08:31:56+08:00,1,0,中东成人高中生分配,1,1,2026-04-20 17:00 ~ 17:30,2026-04-20 17:00 ~ 17:30,cancel,1,0,0,2,2,2,0,616,1,2,2026/4/20 1:38,2026/4/20 18:35,40,0,0,0,,,,,,,,,valid_lead,has_order_attendance_or_effective_call,medium,booked_not_attended,joined_by_user_id_only,missing_order
2026-04-29,2026-04,62956960,4123060,,,2026-04-18T18:59:11+08:00,4123060,,2026-04-18T18:59:11+08:00,1,0,CC人工改派,1,1,2026-04-20 18:00 ~ 18:30,2026-04-20 18:00 ~ 18:30,s_absent,0,1,0,1,1,1,0,24,1,1,2026/4/20 21:09,2026/4/20 21:09,24,0,0,0,,,,,,,,,valid_lead,has_order_attendance_or_effective_call,medium,booked_not_attended,joined_by_user_id_only,missing_order
2026-04-29,2026-04,62958228,4123061,,,2026-04-18T19:01:45+08:00,4123061,,2026-04-18T19:01:45+08:00,1,0,CC人工改派,1,1,2026-04-20 16:30 ~ 17:00,2026-04-20 16:30 ~ 17:00,cancel,1,0,0,1,0,0,0,0,1,1,2026/4/19 20:23,2026/4/19 20:23,0,0,0,0,,,,,,,,,unknown,insufficient_contact_attempts,low,booked_not_attended,joined_by_user_id_only,missing_order
2026-04-29,2026-04,62958419,4121807,,,2026-04-18T14:18:26+08:00,4121807,,2026-04-18T14:18:26+08:00,1,0,中东成人高中生分配,1,1,2026-04-21 16:00 ~ 16:30,2026-04-21 16:00 ~ 16:30,s_absent,0,1,0,1,0,0,0,0,1,1,2026/4/18 19:25,2026/4/18 19:25,0,0,0,0,,,,,,,,,unknown,insufficient_contact_attempts,low,booked_not_attended,joined_by_user_id_only,missing_order
2026-04-29,2026-04,62958497,4123057,,,2026-04-18T15:59:35+08:00,4123057,,2026-04-18T15:59:35+08:00,1,0,中东成人高中生分配,1,1,2026-04-20 20:00 ~ 20:30,2026-04-20 20:00 ~ 20:30,cancel,1,0,0,1,0,0,0,0,1,1,2026/4/20 1:53,2026/4/20 1:53,0,0,0,0,,,,,,,,,unknown,insufficient_contact_attempts,low,booked_not_attended,joined_by_user_id_only,missing_order
2026-04-29,2026-04,62958806,4123060,,,2026-04-18T19:02:33+08:00,4123060,,2026-04-18T19:02:33+08:00,1,0,CC人工改派,1,1,2026-04-22 14:30 ~ 15:00,2026-04-22 14:30 ~ 15:00,cancel,1,0,0,1,1,1,0,21,1,1,2026/4/18 21:08,2026/4/18 21:08,21,0,0,0,,,,,,,,,valid_lead,has_order_attendance_or_effective_call,medium,booked_not_attended,joined_by_user_id_only,missing_order
2026-04-29,2026-04,62958891,4123060,,,2026-04-18T16:22:11+08:00,4123060,,2026-04-18T16:22:11+08:00,1,0,中东成人高中生分配,1,1,2026-04-20 17:00 ~ 17:30,2026-04-20 17:00 ~ 17:30,end,0,0,1,1,0,0,0,0,1,1,2026/4/20 21:14,2026/4/20 21:14,0,0,0,0,,,,,,,,,valid_lead,has_order_attendance_or_effective_call,medium,attended_not_closed,joined_by_user_id_only,missing_order
2026-04-29,2026-04,62959478,4123061,,,2026-04-18T17:20:07+08:00,4123061,,2026-04-18T17:20:07+08:00,1,0,中东成人高中生分配,1,2,2026-04-20 17:30 ~ 18:00,2026-04-23 18:00 ~ 18:30,s_absent,1,1,0,2,0,0,0,0,2,2,2026/4/22 20:27,2026-04-27 01:01:00,0,0,0,0,,,,,,,,,unknown,insufficient_contact_attempts,low,booked_not_attended,joined_by_user_id_only,missing_order
2026-04-29,2026-04,62960695,4123057,,,2026-04-18T19:37:56+08:00,4123057,,2026-04-18T19:37:56+08:00,1,0,转介绍分配cc,1,1,2026-04-19 13:00 ~ 13:30,2026-04-19 13:00 ~ 13:30,end,0,0,1,0,0,0,0,0,0,0,,,0,0,0,0,,,,,,,,,valid_lead,has_order_attendance_or_effective_call,medium,attended_not_closed,joined_by_user_id_only,missing_call|missing_order
2026-04-29,2026-04,62960760,4121806,,,2026-04-18T19:35:32+08:00,4121806,,2026-04-18T19:35:32+08:00,1,0,中东成人高中生分配,1,2,2026-04-21 20:00 ~ 20:30,2026-04-22 21:30 ~ 22:00,cancel,1,0,0,1,0,0,0,0,1,1,2026/4/19 18:00,2026/4/19 18:00,0,0,0,0,,,,,,,,,unknown,insufficient_contact_attempts,low,booked_not_attended,joined_by_user_id_only,missing_order
2026-04-29,2026-04,62961277,4122734,,,2026-04-18T20:45:00+08:00,4122734,,2026-04-18T20:45:00+08:00,1,0,中东成人高中生分配,1,1,2026-04-19 20:00 ~ 20:30,2026-04-19 20:00 ~ 20:30,s_absent,0,1,0,1,1,1,0,372,1,1,2026/4/19 19:30,2026/4/19 19:30,372,0,0,0,,,,,,,,,valid_lead,has_order_attendance_or_effective_call,medium,booked_not_attended,joined_by_user_id_only,missing_order
2026-04-29,2026-04,62961649,4123060,,,2026-04-20T18:00:19+08:00,4123060,,2026-04-20T18:00:19+08:00,1,0,CC人工改派,1,1,2026-04-20 18:00 ~ 18:30,2026-04-20 18:00 ~ 18:30,cancel,1,0,0,1,0,0,0,0,1,1,2026/4/20 20:22,2026/4/20 20:22,0,0,0,0,,,,,,,,,unknown,insufficient_contact_attempts,low,booked_not_attended,joined_by_user_id_only,missing_order
2026-04-29,2026-04,62961676,4121807,,,2026-04-18T21:26:56+08:00,4121807,,2026-04-18T21:26:56+08:00,1,0,中东成人高中生分配,1,2,2026-04-20 18:30 ~ 19:00,2026-04-20 19:00 ~ 19:30,end,1,0,1,1,1,1,0,37,1,1,2026/4/19 21:04,2026/4/19 21:04,37,0,0,0,,,,,,,,,valid_lead,has_order_attendance_or_effective_call,medium,attended_not_closed,joined_by_user_id_only,missing_order
2026-04-29,2026-04,62961685,4121807,,,2026-04-20T18:44:57+08:00,4121807,,2026-04-20T18:44:57+08:00,1,0,CC人工改派,1,1,2026-04-21 17:00 ~ 17:30,2026-04-21 17:00 ~ 17:30,cancel,1,0,0,3,2,2,0,85,2,1,2026/4/20 20:06,2026/4/21 21:50,30,0,0,0,,,,,,,,,valid_lead,has_order_attendance_or_effective_call,medium,booked_not_attended,joined_by_user_id_only,missing_order
2026-04-29,2026-04,62961852,4123061,,,2026-04-19T17:28:50+08:00,4123061,,2026-04-19T17:28:50+08:00,1,0,CC人工改派,1,1,2026-04-19 19:30 ~ 20:00,2026-04-19 19:30 ~ 20:00,s_absent,0,1,0,1,1,1,0,1055,1,1,2026/4/19 18:37,2026/4/19 18:37,1055,0,0,0,,,,,,,,,valid_lead,has_order_attendance_or_effective_call,medium,booked_not_attended,joined_by_user_id_only,missing_order
2026-04-29,2026-04,62962186,4123060,,,2026-04-18T22:21:25+08:00,4123060,,2026-04-18T22:21:25+08:00,1,0,中东成人高中生分配,1,3,2026-04-20 18:30 ~ 19:00,2026-04-22 20:30 ~ 21:00,cancel,1,1,0,1,1,1,0,31,1,1,2026/4/19 18:37,2026/4/19 18:37,31,0,0,0,,,,,,,,,valid_lead,has_order_attendance_or_effective_call,medium,booked_not_attended,joined_by_user_id_only,missing_order
2026-04-29,2026-04,62962257,4123057,,,2026-04-18T22:10:49+08:00,4123057,,2026-04-18T22:10:49+08:00,1,0,中东成人高中生分配,1,2,2026-04-20 13:00 ~ 13:30,2026-04-20 16:00 ~ 16:30,s_absent,1,1,0,1,0,0,0,0,1,1,2026/4/19 21:05,2026/4/19 21:05,0,0,0,0,,,,,,,,,unknown,insufficient_contact_attempts,low,booked_not_attended,joined_by_user_id_only,missing_order
2026-04-29,2026-04,62962480,4123061,,,2026-04-18T23:01:41+08:00,4123061,,2026-04-18T23:01:41+08:00,1,0,中东成人高中生分配,1,1,2026-04-22 19:30 ~ 20:00,2026-04-22 19:30 ~ 20:00,end,0,0,1,1,1,1,0,631,1,1,2026/4/19 19:29,2026/4/19 19:29,631,0,0,0,,,,,,,,,valid_lead,has_order_attendance_or_effective_call,medium,attended_not_closed,joined_by_user_id_only,missing_order
2026-04-29,2026-04,62963367,4121806,,,2026-04-19T00:57:05+08:00,4121806,,2026-04-19T00:57:05+08:00,1,0,中东成人高中生分配,1,1,2026-04-22 20:30 ~ 21:00,2026-04-22 20:30 ~ 21:00,cancel,1,0,0,1,0,0,0,0,1,1,2026/4/19 18:28,2026/4/19 18:28,0,0,0,0,,,,,,,,,unknown,insufficient_contact_attempts,low,booked_not_attended,joined_by_user_id_only,missing_order
2026-04-29,2026-04,62963453,4122734,,,2026-04-19T01:14:09+08:00,4122734,,2026-04-19T01:14:09+08:00,1,0,中东成人高中生分配,1,1,2026-04-20 13:30 ~ 14:00,2026-04-20 13:30 ~ 14:00,end,0,0,1,2,1,1,0,733,2,1,2026/4/20 19:13,2026/4/21 19:42,0,1,0,0,,,,,,,,,valid_lead,has_order_attendance_or_effective_call,medium,attended_not_closed,joined_by_user_id_only,missing_order
2026-04-29,2026-04,62963605,4121806,,,2026-04-19T20:06:02+08:00,4121806,,2026-04-19T20:06:02+08:00,1,0,CC人工改派,1,1,2026-04-20 18:30 ~ 19:00,2026-04-20 18:30 ~ 19:00,cancel,1,0,0,1,0,0,0,0,1,1,2026/4/19 20:12,2026/4/19 20:12,0,0,0,0,,,,,,,,,unknown,insufficient_contact_attempts,low,booked_not_attended,joined_by_user_id_only,missing_order
2026-04-29,2026-04,62963886,4121807,,,2026-04-19T03:31:02+08:00,4121807,,2026-04-19T03:31:02+08:00,1,0,中东成人高中生分配,1,1,2026-04-21 17:30 ~ 18:00,2026-04-21 17:30 ~ 18:00,cancel,1,0,0,1,1,1,0,37,1,1,2026/4/21 22:13,2026/4/21 22:13,37,0,0,0,,,,,,,,,valid_lead,has_order_attendance_or_effective_call,medium,booked_not_attended,joined_by_user_id_only,missing_order
2026-04-29,2026-04,62963916,4123061,,,2026-04-20T18:00:31+08:00,4123061,,2026-04-20T18:00:31+08:00,1,0,CC人工改派,1,2,2026-04-20 17:30 ~ 18:00,2026-04-20 20:30 ~ 21:00,cancel,1,0,1,1,1,1,0,25,1,1,2026/4/20 21:19,2026/4/20 21:19,25,1,0,0,,,,,,,,,valid_lead,has_order_attendance_or_effective_call,medium,attended_not_closed,joined_by_user_id_only,missing_order
2026-04-29,2026-04,62963985,4123057,,,2026-04-19T04:15:51+08:00,4123057,,2026-04-19T04:15:51+08:00,1,0,中东成人高中生分配,1,1,2026-04-20 21:00 ~ 21:30,2026-04-20 21:00 ~ 21:30,cancel,1,0,0,1,0,0,0,0,1,1,2026/4/19 22:26,2026/4/19 22:26,0,0,0,0,,,,,,,,,unknown,insufficient_contact_attempts,low,booked_not_attended,joined_by_user_id_only,missing_order
2026-04-29,2026-04,62964049,4123057,,,2026-04-20T18:00:50+08:00,4123057,,2026-04-20T18:00:50+08:00,1,0,CC人工改派,1,1,2026-04-20 19:00 ~ 19:30,2026-04-20 19:00 ~ 19:30,end,0,0,1,1,1,0,1,4,1,1,2026/4/20 19:56,2026/4/20 19:56,4,0,0,0,,,,,,,,,valid_lead,has_order_attendance_or_effective_call,medium,attended_not_closed,joined_by_user_id_only,missing_order
2026-04-29,2026-04,62964959,4123060,,,2026-04-19T09:47:06+08:00,4123060,,2026-04-19T09:47:06+08:00,1,0,中东成人高中生分配,1,1,2026-04-21 18:30 ~ 19:00,2026-04-21 18:30 ~ 19:00,cancel,1,0,0,2,0,0,0,0,2,2,2026/4/20 21:01,2026/4/21 23:18,0,0,0,0,,,,,,,,,unknown,insufficient_contact_attempts,low,booked_not_attended,joined_by_user_id_only,missing_order
2026-04-29,2026-04,62965763,4123061,,,2026-04-19T12:19:17+08:00,4123061,,2026-04-19T12:19:17+08:00,1,0,中东成人高中生分配,0,0,,,,0,0,0,1,0,0,0,0,1,1,2026/4/19 20:10,2026/4/19 20:10,0,0,0,0,,,,,,,,,unknown,insufficient_contact_attempts,low,no_booking,joined_by_user_id_only,missing_trial|missing_order
2026-04-29,2026-04,62966027,4121806,,,2026-04-19T12:29:54+08:00,4121806,,2026-04-19T12:29:54+08:00,1,0,中东成人高中生分配,1,1,2026-04-20 20:00 ~ 20:30,2026-04-20 20:00 ~ 20:30,cancel,1,0,0,1,0,0,0,0,1,1,2026/4/19 18:34,2026/4/19 18:34,0,0,0,0,,,,,,,,,unknown,insufficient_contact_attempts,low,booked_not_attended,joined_by_user_id_only,missing_order
2026-04-29,2026-04,62967845,4121806,,,2026-04-20T18:00:00+08:00,4121806,,2026-04-20T18:00:00+08:00,1,0,CC人工改派,1,1,2026-04-20 19:00 ~ 19:30,2026-04-20 19:00 ~ 19:30,cancel,1,0,0,1,1,1,0,249,1,1,2026/4/23 0:11,2026/4/23 0:11,249,0,0,0,,,,,,,,,valid_lead,has_order_attendance_or_effective_call,medium,booked_not_attended,joined_by_user_id_only,missing_order
2026-04-29,2026-04,62968425,4123061,,,2026-04-20T18:00:31+08:00,4123061,,2026-04-20T18:00:31+08:00,1,0,CC人工改派,1,1,2026-04-20 21:30 ~ 22:00,2026-04-20 21:30 ~ 22:00,cancel,1,0,0,1,1,1,0,207,1,1,2026/4/20 20:26,2026/4/20 20:26,207,0,0,0,,,,,,,,,valid_lead,has_order_attendance_or_effective_call,medium,booked_not_attended,joined_by_user_id_only,missing_order
2026-04-29,2026-04,62968708,4121806,,,2026-04-19T20:06:02+08:00,4121806,,2026-04-19T20:06:02+08:00,1,0,CC人工改派,1,1,2026-04-19 18:00 ~ 18:30,2026-04-19 18:00 ~ 18:30,cancel,1,0,0,1,1,1,0,1598,1,1,2026/4/19 20:25,2026/4/19 20:25,1598,0,0,1,32505202,2026/4/23 12:59,2026/4/28 19:56,1080,Development Package (50),,51habiba.hassan,前端销售部001组,valid_lead,has_order_attendance_or_effective_call,medium,closed,joined_by_user_id_only,
2026-04-29,2026-04,62968922,4121807,,,2026-04-19T19:45:24+08:00,4121807,,2026-04-19T19:45:24+08:00,1,0,中东成人高中生分配,1,1,2026-04-19 17:30 ~ 18:00,2026-04-19 17:30 ~ 18:00,s_absent,0,1,0,1,0,0,0,0,1,1,2026/4/19 21:21,2026/4/19 21:21,0,0,0,0,,,,,,,,,unknown,insufficient_contact_attempts,low,booked_not_attended,joined_by_user_id_only,missing_order
2026-04-29,2026-04,62969706,4121807,,,2026-04-20T18:44:57+08:00,4121807,,2026-04-20T18:44:57+08:00,1,0,CC人工改派,1,1,2026-04-19 17:30 ~ 18:00,2026-04-19 17:30 ~ 18:00,cancel,1,0,0,1,0,0,0,0,1,1,2026/4/21 1:30,2026/4/21 1:30,0,0,0,0,,,,,,,,,unknown,insufficient_contact_attempts,low,booked_not_attended,joined_by_user_id_only,missing_order
2026-04-29,2026-04,62969756,4123060,,,2026-04-19T21:47:43+08:00,4123060,,2026-04-19T21:47:43+08:00,1,0,中东成人高中生分配,1,1,2026-04-19 19:00 ~ 19:30,2026-04-19 19:00 ~ 19:30,end,0,0,1,1,0,0,0,0,1,1,2026/4/20 0:34,2026/4/20 0:34,0,0,0,0,,,,,,,,,valid_lead,has_order_attendance_or_effective_call,medium,attended_not_closed,joined_by_user_id_only,missing_order
2026-04-29,2026-04,62969847,4123057,,,2026-04-19T21:36:00+08:00,4123057,,2026-04-19T21:36:00+08:00,1,0,中东成人高中生分配,1,1,2026-04-19 17:30 ~ 18:00,2026-04-19 17:30 ~ 18:00,s_absent,0,1,0,1,1,1,0,102,1,1,2026/4/19 22:01,2026/4/19 22:01,102,0,0,0,,,,,,,,,valid_lead,has_order_attendance_or_effective_call,medium,booked_not_attended,joined_by_user_id_only,missing_order
2026-04-29,2026-04,62970160,4123061,,,2026-04-19T22:27:54+08:00,4123061,,2026-04-19T22:27:54+08:00,1,0,中东成人高中生分配,1,1,2026-04-22 21:00 ~ 21:30,2026-04-22 21:00 ~ 21:30,end,0,0,1,1,1,1,0,653,1,1,2026/4/20 1:27,2026/4/20 1:27,653,0,0,0,,,,,,,,,valid_lead,has_order_attendance_or_effective_call,medium,attended_not_closed,joined_by_user_id_only,missing_order
2026-04-29,2026-04,62970298,4122734,,,2026-04-19T23:27:46+08:00,4122734,,2026-04-19T23:27:46+08:00,1,0,转介绍分配cc,0,0,,,,0,0,0,1,1,1,0,211,1,1,2026/4/20 0:10,2026/4/20 0:10,211,0,0,1,32493669,2026/4/19 18:58,2026/4/19 19:07,840,Ramadan Special Offer-Comprehensive Learning Course-45,,EGCC-eman.amr,前端销售部001组,valid_lead,has_order_attendance_or_effective_call,medium,closed,joined_by_user_id_only,missing_trial
2026-04-29,2026-04,62970444,4121806,,,2026-04-19T22:58:22+08:00,4121806,,2026-04-19T22:58:22+08:00,1,0,中东成人高中生分配,1,1,2026-04-20 13:00 ~ 13:30,2026-04-20 13:00 ~ 13:30,cancel,1,0,0,1,1,1,0,24,1,1,2026/4/20 17:52,2026/4/20 17:52,24,0,0,0,,,,,,,,,valid_lead,has_order_attendance_or_effective_call,medium,booked_not_attended,joined_by_user_id_only,missing_order
2026-04-29,2026-04,62970503,4122734,,,2026-04-19T23:01:21+08:00,4122734,,2026-04-19T23:01:21+08:00,1,0,中东成人高中生分配,1,1,2026-04-19 19:30 ~ 20:00,2026-04-19 19:30 ~ 20:00,end,0,0,1,1,1,1,0,65,1,1,2026/4/21 19:52,2026/4/21 19:52,65,0,1,0,,,,,,,,,valid_lead,has_order_attendance_or_effective_call,medium,attended_not_closed,joined_by_user_id_only,missing_order
2026-04-29,2026-04,62970987,4121806,,,2026-04-20T00:40:08+08:00,4121806,,2026-04-20T00:40:08+08:00,1,0,中东成人高中生分配,1,1,2026-04-20 19:00 ~ 19:30,2026-04-20 19:00 ~ 19:30,cancel,1,0,0,1,0,0,0,0,1,1,2026/4/22 19:16,2026/4/22 19:16,0,0,0,0,,,,,,,,,unknown,insufficient_contact_attempts,low,booked_not_attended,joined_by_user_id_only,missing_order
2026-04-29,2026-04,62971319,4121806,,,2026-04-20T18:44:23+08:00,4121806,,2026-04-20T18:44:23+08:00,1,0,CC人工改派,1,1,2026-04-22 19:30 ~ 20:00,2026-04-22 19:30 ~ 20:00,cancel,1,0,0,1,0,0,0,0,1,1,2026/4/23 0:17,2026/4/23 0:17,0,0,0,0,,,,,,,,,unknown,insufficient_contact_attempts,low,booked_not_attended,joined_by_user_id_only,missing_order
2026-04-29,2026-04,62971518,4123061,,,2026-04-20T18:53:28+08:00,4123061,,2026-04-20T18:53:28+08:00,1,0,CC人工改派,1,1,2026-04-20 13:00 ~ 13:30,2026-04-20 13:00 ~ 13:30,s_absent,0,1,0,1,1,1,0,68,1,1,2026/4/20 19:05,2026/4/20 19:05,68,0,0,0,,,,,,,,,valid_lead,has_order_attendance_or_effective_call,medium,booked_not_attended,joined_by_user_id_only,missing_order
2026-04-29,2026-04,62971764,4123057,,,2026-04-20T18:00:49+08:00,4123057,,2026-04-20T18:00:49+08:00,1,0,CC人工改派,1,1,2026-04-20 21:00 ~ 21:30,2026-04-20 21:00 ~ 21:30,s_absent,0,1,0,1,1,1,0,297,1,1,2026/4/21 2:14,2026/4/21 2:14,297,0,0,0,,,,,,,,,valid_lead,has_order_attendance_or_effective_call,medium,booked_not_attended,joined_by_user_id_only,missing_order
2026-04-29,2026-04,62971813,4123060,,,2026-04-20T18:00:19+08:00,4123060,,2026-04-20T18:00:19+08:00,1,0,CC人工改派,1,1,2026-04-20 15:30 ~ 16:00,2026-04-20 15:30 ~ 16:00,cancel,1,0,0,1,0,0,0,0,1,1,2026/4/20 20:16,2026/4/20 20:16,0,0,0,0,,,,,,,,,unknown,insufficient_contact_attempts,low,booked_not_attended,joined_by_user_id_only,missing_order
2026-04-29,2026-04,62971832,4121807,,,2026-04-20T02:03:56+08:00,4121807,,2026-04-20T02:03:56+08:00,1,0,中东成人高中生分配,1,1,2026-04-20 20:00 ~ 20:30,2026-04-20 20:00 ~ 20:30,s_absent,0,1,0,1,1,1,0,98,1,1,2026/4/21 0:54,2026/4/21 0:54,98,0,0,0,,,,,,,,,valid_lead,has_order_attendance_or_effective_call,medium,booked_not_attended,joined_by_user_id_only,missing_order
2026-04-29,2026-04,62972120,4123057,,,2026-04-20T02:31:15+08:00,4123057,,2026-04-20T02:31:15+08:00,1,0,中东成人高中生分配,1,1,2026-04-20 18:30 ~ 19:00,2026-04-20 18:30 ~ 19:00,cancel,1,0,0,1,0,0,0,0,1,1,2026/4/20 21:57,2026/4/20 21:57,0,0,0,0,,,,,,,,,unknown,insufficient_contact_attempts,low,booked_not_attended,joined_by_user_id_only,missing_order
2026-04-29,2026-04,62972474,4123061,,,2026-04-20T04:33:02+08:00,4123061,,2026-04-20T04:33:02+08:00,1,0,中东成人高中生分配,1,1,2026-04-20 19:00 ~ 19:30,2026-04-20 19:00 ~ 19:30,cancel,1,0,0,1,1,1,0,516,1,1,2026/4/20 21:50,2026/4/20 21:50,516,0,0,0,,,,,,,,,valid_lead,has_order_attendance_or_effective_call,medium,booked_not_attended,joined_by_user_id_only,missing_order
2026-04-29,2026-04,62972502,4123060,,,2026-04-20T03:27:44+08:00,4123060,,2026-04-20T03:27:44+08:00,1,0,中东成人高中生分配,1,1,2026-04-21 16:30 ~ 17:00,2026-04-21 16:30 ~ 17:00,s_absent,0,1,0,1,0,0,0,0,1,1,2026/4/21 21:15,2026/4/21 21:15,0,0,0,0,,,,,,,,,unknown,insufficient_contact_attempts,low,booked_not_attended,joined_by_user_id_only,missing_order
2026-04-29,2026-04,62972653,4121806,,,2026-04-20T18:53:50+08:00,4121806,,2026-04-20T18:53:50+08:00,1,0,CC人工改派,1,1,2026-04-20 15:00 ~ 15:30,2026-04-20 15:00 ~ 15:30,cancel,1,0,0,1,0,0,0,0,1,1,2026/4/20 19:41,2026/4/20 19:41,0,0,0,0,,,,,,,,,unknown,insufficient_contact_attempts,low,booked_not_attended,joined_by_user_id_only,missing_order
2026-04-29,2026-04,62972656,4121806,,,2026-04-20T18:44:23+08:00,4121806,,2026-04-20T18:44:23+08:00,1,0,CC人工改派,1,1,2026-04-22 20:00 ~ 20:30,2026-04-22 20:00 ~ 20:30,cancel,1,0,0,1,1,0,1,17,1,1,2026/4/22 18:31,2026/4/22 18:31,17,0,0,0,,,,,,,,,unknown,insufficient_contact_attempts,low,booked_not_attended,joined_by_user_id_only,missing_order
2026-04-29,2026-04,62972740,4121806,,,2026-04-20T04:50:29+08:00,4121806,,2026-04-20T04:50:29+08:00,1,0,中东成人高中生分配,1,2,2026-04-20 15:00 ~ 15:30,2026-04-21 17:00 ~ 17:30,s_absent,1,1,0,2,0,0,0,0,2,1,2026/4/21 21:32,2026/4/22 18:53,0,0,0,0,,,,,,,,,unknown,insufficient_contact_attempts,low,booked_not_attended,joined_by_user_id_only,missing_order
2026-04-29,2026-04,62972754,4123060,,,2026-04-20T18:00:19+08:00,4123060,,2026-04-20T18:00:19+08:00,1,0,CC人工改派,1,1,2026-04-20 16:30 ~ 17:00,2026-04-20 16:30 ~ 17:00,end,0,0,1,1,0,0,0,0,1,1,2026/4/20 21:15,2026/4/20 21:15,0,0,0,0,,,,,,,,,valid_lead,has_order_attendance_or_effective_call,medium,attended_not_closed,joined_by_user_id_only,missing_order
2026-04-29,2026-04,62972928,4121807,,,2026-04-20T05:22:12+08:00,4121807,,2026-04-20T05:22:12+08:00,1,0,中东成人高中生分配,1,1,2026-04-20 16:00 ~ 16:30,2026-04-20 16:00 ~ 16:30,cancel,1,0,0,1,0,0,0,0,1,1,2026/4/20 20:16,2026/4/20 20:16,0,0,0,0,,,,,,,,,unknown,insufficient_contact_attempts,low,booked_not_attended,joined_by_user_id_only,missing_order
2026-04-29,2026-04,62973007,4123057,,,2026-04-21T17:51:36+08:00,4123057,,2026-04-21T17:51:36+08:00,1,0,CC人工改派,1,1,2026-04-22 19:30 ~ 20:00,2026-04-22 19:30 ~ 20:00,end,0,0,1,1,1,1,0,807,1,1,2026/4/22 19:17,2026/4/22 19:17,807,0,0,0,,,,,,,,,valid_lead,has_order_attendance_or_effective_call,medium,attended_not_closed,joined_by_user_id_only,missing_order
2026-04-29,2026-04,62973267,4123057,,,2026-04-20T08:29:40+08:00,4123057,,2026-04-20T08:29:40+08:00,1,0,中东成人高中生分配,1,1,2026-04-20 13:00 ~ 13:30,2026-04-20 13:00 ~ 13:30,s_absent,0,1,0,1,0,0,0,0,1,1,2026/4/20 18:29,2026/4/20 18:29,0,0,0,0,,,,,,,,,unknown,insufficient_contact_attempts,low,booked_not_attended,joined_by_user_id_only,missing_order
2026-04-29,2026-04,62973504,4123060,,,2026-04-20T08:35:47+08:00,4123060,,2026-04-20T08:35:47+08:00,1,0,中东成人高中生分配,1,1,2026-04-22 14:00 ~ 14:30,2026-04-22 14:00 ~ 14:30,cancel,1,0,0,1,0,0,0,0,1,1,2026/4/20 20:58,2026/4/20 20:58,0,0,0,0,,,,,,,,,unknown,insufficient_contact_attempts,low,booked_not_attended,joined_by_user_id_only,missing_order
2026-04-29,2026-04,62973587,4122734,,,2026-04-21T18:37:35+08:00,4122734,,2026-04-21T18:37:35+08:00,1,0,CC人工改派,1,1,2026-04-21 19:00 ~ 19:30,2026-04-21 19:00 ~ 19:30,s_absent,0,1,0,1,0,0,0,0,1,1,2026/4/21 21:05,2026/4/21 21:05,0,0,0,0,,,,,,,,,unknown,insufficient_contact_attempts,low,booked_not_attended,joined_by_user_id_only,missing_order
2026-04-29,2026-04,62974401,4122734,,,2026-04-20T11:40:37+08:00,4122734,,2026-04-20T11:40:37+08:00,1,0,中东academy_en分配,1,1,2026-04-21 19:00 ~ 19:30,2026-04-21 19:00 ~ 19:30,end,0,0,1,1,0,0,0,0,1,1,2026/4/21 20:54,2026/4/21 20:54,0,0,0,0,,,,,,,,,valid_lead,has_order_attendance_or_effective_call,medium,attended_not_closed,joined_by_user_id_only,missing_order
2026-04-29,2026-04,62974823,4123061,,,2026-04-20T14:05:13+08:00,4123061,,2026-04-20T14:05:13+08:00,1,0,中东成人高中生分配,1,1,2026-04-22 19:00 ~ 19:30,2026-04-22 19:00 ~ 19:30,end,0,0,1,1,0,0,0,0,1,1,2026/4/20 21:20,2026/4/20 21:20,0,0,0,0,,,,,,,,,valid_lead,has_order_attendance_or_effective_call,medium,attended_not_closed,joined_by_user_id_only,missing_order
2026-04-29,2026-04,62975214,4123061,,,2026-04-20T17:59:12+08:00,4123061,,2026-04-20T17:59:12+08:00,1,0,CC人工改派,0,0,,,,0,0,0,1,0,0,0,0,1,1,2026/4/20 19:54,2026/4/20 19:54,0,0,0,0,,,,,,,,,unknown,insufficient_contact_attempts,low,no_booking,joined_by_user_id_only,missing_trial|missing_order
2026-04-29,2026-04,62975686,4121806,,,2026-04-20T17:13:55+08:00,4121806,,2026-04-20T17:13:55+08:00,1,0,中东成人高中生分配,1,1,2026-04-20 13:30 ~ 14:00,2026-04-20 13:30 ~ 14:00,cancel,1,0,0,1,0,0,0,0,1,1,2026/4/20 18:20,2026/4/20 18:20,0,0,0,0,,,,,,,,,unknown,insufficient_contact_attempts,low,booked_not_attended,joined_by_user_id_only,missing_order
2026-04-29,2026-04,62975763,4121806,,,2026-04-20T23:00:05+08:00,4121806,,2026-04-20T23:00:05+08:00,1,0,CC人工改派,0,0,,,,0,0,0,0,0,0,0,0,0,0,,,0,0,0,0,,,,,,,,,unknown,data_missing_or_insufficient,low,no_booking,joined_by_user_id_only,missing_trial|missing_call|missing_order
2026-04-29,2026-04,62975787,4121807,,,2026-04-20T18:44:57+08:00,4121807,,2026-04-20T18:44:57+08:00,1,0,CC人工改派,1,1,2026-04-21 16:30 ~ 17:00,2026-04-21 16:30 ~ 17:00,s_absent,0,1,0,1,1,1,0,517,1,1,2026/4/20 21:58,2026/4/20 21:58,517,0,0,0,,,,,,,,,valid_lead,has_order_attendance_or_effective_call,medium,booked_not_attended,joined_by_user_id_only,missing_order
2026-04-29,2026-04,62975859,4121807,,,2026-04-20T17:13:05+08:00,4121807,,2026-04-20T17:13:05+08:00,1,0,中东academy_en分配,0,0,,,,0,0,0,1,0,0,0,0,1,1,2026/4/21 2:23,2026/4/21 2:23,0,0,0,0,,,,,,,,,unknown,insufficient_contact_attempts,low,no_booking,joined_by_user_id_only,missing_trial|missing_order
2026-04-29,2026-04,62976414,4123057,,,2026-04-20T17:28:47+08:00,4123057,,2026-04-20T17:28:47+08:00,1,0,中东academy_en分配,0,0,,,,0,0,0,1,0,0,0,0,1,1,2026/4/20 20:21,2026/4/20 20:21,0,0,0,0,,,,,,,,,unknown,insufficient_contact_attempts,low,no_booking,joined_by_user_id_only,missing_trial|missing_order
2026-04-29,2026-04,62976847,4123061,,,2026-04-20T19:15:05+08:00,4123061,,2026-04-20T19:15:05+08:00,1,0,中东academy_en分配,1,1,2026-04-22 16:00 ~ 16:30,2026-04-22 16:00 ~ 16:30,cancel,1,0,0,1,0,0,0,0,1,1,2026/4/21 0:16,2026/4/21 0:16,0,0,0,0,,,,,,,,,unknown,insufficient_contact_attempts,low,booked_not_attended,joined_by_user_id_only,missing_order
2026-04-29,2026-04,62976850,4121806,,,2026-04-20T19:15:49+08:00,4121806,,2026-04-20T19:15:49+08:00,1,0,中东academy_en分配,1,2,2026-04-20 15:00 ~ 15:30,2026-04-20 21:00 ~ 21:30,cancel,1,0,0,1,0,0,0,0,1,1,2026/4/25 17:33,2026/4/25 17:33,0,0,0,0,,,,,,,,,unknown,insufficient_contact_attempts,low,booked_not_attended,joined_by_user_id_only,missing_order
2026-04-29,2026-04,62977010,4123060,,,2026-04-20T19:12:34+08:00,4123060,,2026-04-20T19:12:34+08:00,1,0,中东academy_en分配,1,1,2026-04-20 20:30 ~ 21:00,2026-04-20 20:30 ~ 21:00,end,0,0,1,2,0,0,0,0,2,2,2026/4/20 20:27,2026/4/21 1:21,0,0,0,0,,,,,,,,,valid_lead,has_order_attendance_or_effective_call,medium,attended_not_closed,joined_by_user_id_only,missing_order
2026-04-29,2026-04,62977025,4122734,,,2026-04-20T19:22:24+08:00,4122734,,2026-04-20T19:22:24+08:00,1,0,中东成人高中生分配,1,1,2026-04-22 21:30 ~ 22:00,2026-04-22 21:30 ~ 22:00,cancel,1,0,0,2,0,0,0,0,2,1,2026/4/21 21:42,2026/4/22 21:10,0,0,0,0,,,,,,,,,unknown,insufficient_contact_attempts,low,booked_not_attended,joined_by_user_id_only,missing_order
2026-04-29,2026-04,62977089,4121807,,,2026-04-20T23:00:28+08:00,4121807,,2026-04-20T23:00:28+08:00,1,0,CC人工改派,0,0,,,,0,0,0,1,1,1,0,261,1,1,2026/4/21 2:15,2026/4/21 2:15,261,0,0,0,,,,,,,,,valid_lead,has_order_attendance_or_effective_call,medium,no_booking,joined_by_user_id_only,missing_trial|missing_order
2026-04-29,2026-04,62977093,4123061,,,2026-04-20T22:59:49+08:00,4123061,,2026-04-20T22:59:49+08:00,1,0,CC人工改派,1,1,2026-04-21 20:00 ~ 20:30,2026-04-21 20:00 ~ 20:30,s_absent,0,1,0,1,1,1,0,143,1,1,2026/4/21 0:19,2026/4/21 0:19,143,0,0,0,,,,,,,,,valid_lead,has_order_attendance_or_effective_call,medium,booked_not_attended,joined_by_user_id_only,missing_order
2026-04-29,2026-04,62977160,4121807,,,2026-04-20T20:17:22+08:00,4121807,,2026-04-20T20:17:22+08:00,1,0,中东academy_en分配,1,1,2026-04-22 14:30 ~ 15:00,2026-04-22 14:30 ~ 15:00,cancel,1,0,0,1,1,1,0,273,1,1,2026/4/20 20:40,2026/4/20 20:40,273,0,0,0,,,,,,,,,valid_lead,has_order_attendance_or_effective_call,medium,booked_not_attended,joined_by_user_id_only,missing_order
2026-04-29,2026-04,62977309,4122734,,,2026-04-20T19:52:29+08:00,4122734,,2026-04-20T19:52:29+08:00,1,0,中东academy_en分配,1,1,2026-04-22 14:30 ~ 15:00,2026-04-22 14:30 ~ 15:00,cancel,1,0,0,1,0,0,0,0,1,1,2026/4/21 22:45,2026/4/21 22:45,0,0,0,0,,,,,,,,,unknown,insufficient_contact_attempts,low,booked_not_attended,joined_by_user_id_only,missing_order
2026-04-29,2026-04,62977361,4123061,,,2026-04-20T20:40:21+08:00,4123061,,2026-04-20T20:40:21+08:00,1,0,CC人工改派,1,1,2026-04-20 17:30 ~ 18:00,2026-04-20 17:30 ~ 18:00,cancel,1,0,0,1,0,0,0,0,1,1,2026/4/20 22:21,2026/4/20 22:21,0,0,0,0,,,,,,,,,unknown,insufficient_contact_attempts,low,booked_not_attended,joined_by_user_id_only,missing_order
2026-04-29,2026-04,62977465,4123061,,,2026-04-20T20:52:20+08:00,4123061,,2026-04-20T20:52:20+08:00,1,0,转介绍分配cc,0,0,,,,0,0,0,2,2,1,1,89,2,2,2026/4/20 21:34,2026/4/22 0:47,1,0,0,0,,,,,,,,,valid_lead,has_order_attendance_or_effective_call,medium,no_booking,joined_by_user_id_only,missing_trial|missing_order
2026-04-29,2026-04,62977613,4123057,,,2026-04-20T20:24:29+08:00,4123057,,2026-04-20T20:24:29+08:00,1,0,中东academy_en分配,0,0,,,,0,0,0,1,0,0,0,0,1,1,2026/4/20 22:43,2026/4/20 22:43,0,0,0,0,,,,,,,,,unknown,insufficient_contact_attempts,low,no_booking,joined_by_user_id_only,missing_trial|missing_order
2026-04-29,2026-04,62977626,4123060,,,2026-04-20T20:30:07+08:00,4123060,,2026-04-20T20:30:07+08:00,1,0,中东academy_en分配,1,1,2026-04-20 19:00 ~ 19:30,2026-04-20 19:00 ~ 19:30,s_absent,0,1,0,1,0,0,0,0,1,1,2026/4/20 20:55,2026/4/20 20:55,0,0,0,0,,,,,,,,,unknown,insufficient_contact_attempts,low,booked_not_attended,joined_by_user_id_only,missing_order
2026-04-29,2026-04,62977738,4123061,,,2026-04-20T21:10:07+08:00,4123061,,2026-04-20T21:10:07+08:00,1,0,中东academy_en分配,1,1,2026-04-20 17:00 ~ 17:30,2026-04-20 17:00 ~ 17:30,s_absent,0,1,0,1,1,0,1,5,1,1,2026/4/20 21:46,2026/4/20 21:46,5,0,0,0,,,,,,,,,unknown,insufficient_contact_attempts,low,booked_not_attended,joined_by_user_id_only,missing_order
2026-04-29,2026-04,62977754,4123060,,,2026-04-20T23:00:20+08:00,4123060,,2026-04-20T23:00:20+08:00,1,0,CC人工改派,1,1,2026-04-21 16:00 ~ 16:30,2026-04-21 16:00 ~ 16:30,end,0,0,1,3,1,1,0,1550,3,2,2026/4/21 21:38,2026/4/25 16:24,0,1,0,0,,,,,,,,,valid_lead,has_order_attendance_or_effective_call,medium,attended_not_closed,joined_by_user_id_only,missing_order
2026-04-29,2026-04,62977775,4121806,,,2026-04-20T21:34:26+08:00,4121806,,2026-04-20T21:34:26+08:00,1,0,中东academy_en分配,0,0,,,,0,0,0,1,0,0,0,0,1,1,2026/4/20 21:57,2026/4/20 21:57,0,0,0,0,,,,,,,,,unknown,insufficient_contact_attempts,low,no_booking,joined_by_user_id_only,missing_trial|missing_order
2026-04-29,2026-04,62978456,4121807,,,2026-04-20T22:43:20+08:00,4121807,,2026-04-20T22:43:20+08:00,1,0,中东成人高中生分配,1,1,2026-04-20 20:00 ~ 20:30,2026-04-20 20:00 ~ 20:30,s_absent,0,1,0,2,0,0,0,0,1,1,2026/4/21 0:54,2026/4/21 1:21,0,0,0,0,,,,,,,,,unknown,insufficient_contact_attempts,low,booked_not_attended,joined_by_user_id_only,missing_order
2026-04-29,2026-04,62978706,4123057,,,2026-04-20T22:59:57+08:00,4123057,,2026-04-20T22:59:57+08:00,1,0,CC人工改派,1,1,2026-04-22 19:00 ~ 19:30,2026-04-22 19:00 ~ 19:30,cancel,1,0,0,1,0,0,0,0,1,1,2026/4/21 20:27,2026/4/21 20:27,0,0,0,0,,,,,,,,,unknown,insufficient_contact_attempts,low,booked_not_attended,joined_by_user_id_only,missing_order
2026-04-29,2026-04,62978933,4122734,,,2026-04-21T17:36:04+08:00,4122734,,2026-04-21T17:36:04+08:00,1,0,CC人工改派,1,1,2026-04-21 17:30 ~ 18:00,2026-04-21 17:30 ~ 18:00,end,0,0,1,1,0,0,0,0,1,1,2026/4/21 20:31,2026/4/21 20:31,0,0,0,0,,,,,,,,,valid_lead,has_order_attendance_or_effective_call,medium,attended_not_closed,joined_by_user_id_only,missing_order
2026-04-29,2026-04,62979106,4122734,,,2026-04-20T23:35:55+08:00,4122734,,2026-04-20T23:35:55+08:00,1,0,中东academy_en分配,1,1,2026-04-22 21:30 ~ 22:00,2026-04-22 21:30 ~ 22:00,end,0,0,1,1,0,0,0,0,1,1,2026/4/21 21:35,2026/4/21 21:35,0,0,0,0,,,,,,,,,valid_lead,has_order_attendance_or_effective_call,medium,attended_not_closed,joined_by_user_id_only,missing_order
2026-04-29,2026-04,62979112,4123061,,,2026-04-21T17:35:24+08:00,4123061,,2026-04-21T17:35:24+08:00,1,0,CC人工改派,1,1,2026-04-21 18:30 ~ 19:00,2026-04-21 18:30 ~ 19:00,end,0,0,1,1,1,1,0,25,1,1,2026/4/21 23:16,2026/4/21 23:16,25,1,0,0,,,,,,,,,valid_lead,has_order_attendance_or_effective_call,medium,attended_not_closed,joined_by_user_id_only,missing_order
2026-04-29,2026-04,62979296,4121806,,,2026-04-21T01:17:26+08:00,4121806,,2026-04-21T01:17:26+08:00,1,0,CC人工改派,1,1,2026-04-20 20:30 ~ 21:00,2026-04-20 20:30 ~ 21:00,cancel,1,0,0,1,1,1,0,46,1,1,2026/4/22 19:09,2026/4/22 19:09,46,0,0,0,,,,,,,,,valid_lead,has_order_attendance_or_effective_call,medium,booked_not_attended,joined_by_user_id_only,missing_order
2026-04-29,2026-04,62979522,4123057,,,2026-04-21T01:00:38+08:00,4123057,,2026-04-21T01:00:38+08:00,1,0,中东成人高中生分配,1,3,2026-04-20 20:30 ~ 21:00,2026-04-21 20:00 ~ 20:30,end,1,0,1,1,1,0,1,16,1,1,2026/4/21 21:16,2026/4/21 21:16,16,0,0,0,,,,,,,,,valid_lead,has_order_attendance_or_effective_call,medium,attended_not_closed,joined_by_user_id_only,missing_order
2026-04-29,2026-04,62979599,4122734,,,2026-04-21T01:59:39+08:00,4122734,,2026-04-21T01:59:39+08:00,1,0,中东成人高中生分配,1,1,2026-04-22 16:00 ~ 16:30,2026-04-22 16:00 ~ 16:30,cancel,1,0,0,1,1,1,0,107,1,1,2026/4/21 22:39,2026/4/21 22:39,107,0,0,0,,,,,,,,,valid_lead,has_order_attendance_or_effective_call,medium,booked_not_attended,joined_by_user_id_only,missing_order
2026-04-29,2026-04,62979623,4123060,,,2026-04-21T01:06:51+08:00,4123060,,2026-04-21T01:06:51+08:00,1,0,中东成人高中生分配,1,1,2026-04-20 21:00 ~ 21:30,2026-04-20 21:00 ~ 21:30,cancel,1,0,0,1,0,0,0,0,1,1,2026/4/21 1:36,2026/4/21 1:36,0,0,0,0,,,,,,,,,unknown,insufficient_contact_attempts,low,booked_not_attended,joined_by_user_id_only,missing_order
2026-04-29,2026-04,62979654,4121806,,,2026-04-21T01:30:26+08:00,4121806,,2026-04-21T01:30:26+08:00,1,0,中东成人高中生分配,1,1,2026-04-20 21:00 ~ 21:30,2026-04-20 21:00 ~ 21:30,cancel,1,0,0,1,1,0,1,8,1,1,2026/4/21 1:32,2026/4/21 1:32,8,0,0,0,,,,,,,,,unknown,insufficient_contact_attempts,low,booked_not_attended,joined_by_user_id_only,missing_order
2026-04-29,2026-04,62979661,4121807,,,2026-04-21T01:36:40+08:00,4121807,,2026-04-21T01:36:40+08:00,1,0,中东academy_en分配,1,1,2026-04-21 20:30 ~ 21:00,2026-04-21 20:30 ~ 21:00,cancel,1,0,0,2,0,0,0,0,2,1,2026/4/21 2:09,2026/4/22 1:16,0,0,0,0,,,,,,,,,unknown,insufficient_contact_attempts,low,booked_not_attended,joined_by_user_id_only,missing_order
2026-04-29,2026-04,62979667,4123061,,,2026-04-21T01:46:28+08:00,4123061,,2026-04-21T01:46:28+08:00,1,0,CC人工改派,1,1,2026-04-20 21:30 ~ 22:00,2026-04-20 21:30 ~ 22:00,end,0,0,1,1,1,1,0,438,1,1,2026/4/21 2:05,2026/4/21 2:05,438,1,0,0,,,,,,,,,valid_lead,has_order_attendance_or_effective_call,medium,attended_not_closed,joined_by_user_id_only,missing_order
2026-04-29,2026-04,62979732,4123061,,,2026-04-21T01:28:25+08:00,4123061,,2026-04-21T01:28:25+08:00,1,0,中东成人高中生分配,1,1,2026-04-22 21:00 ~ 21:30,2026-04-22 21:00 ~ 21:30,end,0,0,1,2,0,0,0,0,2,1,2026/4/22 19:17,2026-04-27 21:50:17,0,0,0,0,,,,,,,,,valid_lead,has_order_attendance_or_effective_call,medium,attended_not_closed,joined_by_user_id_only,missing_order
2026-04-29,2026-04,62979761,4122734,,,2026-04-26T17:29:14+08:00,4122734,,2026-04-26T17:29:14+08:00,1,0,CC人工改派,1,1,2026-04-22 21:30 ~ 22:00,2026-04-22 21:30 ~ 22:00,s_absent,0,1,0,0,0,0,0,0,0,0,,,0,0,0,0,,,,,,,,,valid_lead,has_booking_signal,low,booked_not_attended,joined_by_user_id_only,missing_call|missing_order
2026-04-29,2026-04,62979787,4123057,,,2026-04-21T02:29:58+08:00,4123057,,2026-04-21T02:29:58+08:00,1,0,中东academy_en分配,1,1,2026-04-21 20:00 ~ 20:30,2026-04-21 20:00 ~ 20:30,end,0,0,1,1,1,1,0,707,1,1,2026/4/21 18:51,2026/4/21 18:51,707,0,0,0,,,,,,,,,valid_lead,has_order_attendance_or_effective_call,medium,attended_not_closed,joined_by_user_id_only,missing_order
2026-04-29,2026-04,62979854,4121806,,,2026-04-21T17:56:32+08:00,4121806,,2026-04-21T17:56:32+08:00,1,0,CC人工改派,1,1,2026-04-22 21:30 ~ 22:00,2026-04-22 21:30 ~ 22:00,cancel,1,0,0,1,1,1,0,88,1,1,2026/4/23 1:17,2026/4/23 1:17,88,0,0,0,,,,,,,,,valid_lead,has_order_attendance_or_effective_call,medium,booked_not_attended,joined_by_user_id_only,missing_order
2026-04-29,2026-04,62979883,4123060,,,2026-04-21T02:33:37+08:00,4123060,,2026-04-21T02:33:37+08:00,1,0,中东academy_en分配,0,0,,,,0,0,0,1,1,0,1,15,1,1,2026/4/22 1:33,2026/4/22 1:33,15,0,0,0,,,,,,,,,unknown,insufficient_contact_attempts,low,no_booking,joined_by_user_id_only,missing_trial|missing_order
2026-04-29,2026-04,62979938,4121807,,,2026-04-21T17:51:55+08:00,4121807,,2026-04-21T17:51:55+08:00,1,0,CC人工改派,1,2,2026-04-21 21:00 ~ 21:30,2026-04-22 13:00 ~ 13:30,cancel,1,0,1,1,0,0,0,0,1,1,2026/4/21 20:07,2026/4/21 20:07,0,0,0,0,,,,,,,,,valid_lead,has_order_attendance_or_effective_call,medium,attended_not_closed,joined_by_user_id_only,missing_order
2026-04-29,2026-04,62979979,4123061,,,2026-04-21T03:20:19+08:00,4123061,,2026-04-21T03:20:19+08:00,1,0,中东academy_en分配,0,0,,,,0,0,0,1,1,1,0,451,1,1,2026/4/21 19:00,2026/4/21 19:00,451,0,0,0,,,,,,,,,valid_lead,has_order_attendance_or_effective_call,medium,no_booking,joined_by_user_id_only,missing_trial|missing_order
2026-04-29,2026-04,62979994,4121806,,,2026-04-21T03:44:24+08:00,4121806,,2026-04-21T03:44:24+08:00,1,0,中东成人高中生分配,1,1,2026-04-22 13:30 ~ 14:00,2026-04-22 13:30 ~ 14:00,cancel,1,0,0,1,0,0,0,0,1,1,2026/4/22 18:24,2026/4/22 18:24,0,0,0,0,,,,,,,,,unknown,insufficient_contact_attempts,low,booked_not_attended,joined_by_user_id_only,missing_order
2026-04-29,2026-04,62980005,4121807,,,2026-04-21T02:23:03+08:00,4121807,,2026-04-21T02:23:03+08:00,1,0,中东成人高中生分配,1,2,2026-04-22 15:00 ~ 15:30,2026-04-22 20:00 ~ 20:30,end,1,0,1,1,0,0,0,0,1,1,2026/4/21 2:31,2026/4/21 2:31,0,0,0,0,,,,,,,,,valid_lead,has_order_attendance_or_effective_call,medium,attended_not_closed,joined_by_user_id_only,missing_order
2026-04-29,2026-04,62980052,4123057,,,2026-04-21T03:23:21+08:00,4123057,,2026-04-21T03:23:21+08:00,1,0,中东成人高中生分配,1,1,2026-04-21 21:30 ~ 22:00,2026-04-21 21:30 ~ 22:00,cancel,1,0,0,1,1,1,0,202,1,1,2026/4/21 21:23,2026/4/21 21:23,202,0,0,0,,,,,,,,,valid_lead,has_order_attendance_or_effective_call,medium,booked_not_attended,joined_by_user_id_only,missing_order
2026-04-29,2026-04,62980092,4121806,,,2026-04-21T04:20:29+08:00,4121806,,2026-04-21T04:20:29+08:00,1,0,中东academy_en分配,1,1,2026-04-22 21:30 ~ 22:00,2026-04-22 21:30 ~ 22:00,cancel,1,0,0,1,1,1,0,1064,1,1,2026/4/23 0:38,2026/4/23 0:38,1064,0,0,0,,,,,,,,,valid_lead,has_order_attendance_or_effective_call,medium,booked_not_attended,joined_by_user_id_only,missing_order
2026-04-29,2026-04,62980148,4123060,,,2026-04-21T03:28:16+08:00,4123060,,2026-04-21T03:28:16+08:00,1,0,中东成人高中生分配,1,1,2026-04-22 17:30 ~ 18:00,2026-04-22 17:30 ~ 18:00,cancel,1,0,0,1,0,0,0,0,1,1,2026/4/22 19:53,2026/4/22 19:53,0,0,0,0,,,,,,,,,unknown,insufficient_contact_attempts,low,booked_not_attended,joined_by_user_id_only,missing_order
2026-04-29,2026-04,62980158,4123061,,,2026-04-21T03:40:21+08:00,4123061,,2026-04-21T03:40:21+08:00,1,0,中东成人高中生分配,1,1,2026-04-21 19:00 ~ 19:30,2026-04-21 19:00 ~ 19:30,cancel,1,0,0,1,1,1,0,77,1,1,2026/4/21 18:54,2026/4/21 18:54,77,0,0,0,,,,,,,,,valid_lead,has_order_attendance_or_effective_call,medium,booked_not_attended,joined_by_user_id_only,missing_order
2026-04-29,2026-04,62980291,4122734,,,2026-04-26T17:29:14+08:00,4122734,,2026-04-26T17:29:14+08:00,1,0,CC人工改派,1,1,2026-04-22 13:00 ~ 13:30,2026-04-22 13:00 ~ 13:30,s_absent,0,1,0,0,0,0,0,0,0,0,,,0,0,0,0,,,,,,,,,valid_lead,has_booking_signal,low,booked_not_attended,joined_by_user_id_only,missing_call|missing_order
2026-04-29,2026-04,62980305,4122734,,,2026-04-21T03:51:09+08:00,4122734,,2026-04-21T03:51:09+08:00,1,0,中东成人高中生分配,1,1,2026-04-21 19:30 ~ 20:00,2026-04-21 19:30 ~ 20:00,s_absent,0,1,0,1,0,0,0,0,1,1,2026/4/21 21:17,2026/4/21 21:17,0,0,0,0,,,,,,,,,unknown,insufficient_contact_attempts,low,booked_not_attended,joined_by_user_id_only,missing_order
2026-04-29,2026-04,62980396,4121807,,,2026-04-21T06:25:31+08:00,4121807,,2026-04-21T06:25:31+08:00,1,0,中东成人高中生分配,1,1,2026-04-22 18:30 ~ 19:00,2026-04-22 18:30 ~ 19:00,s_absent,0,1,0,1,1,1,0,116,1,1,2026/4/21 19:43,2026/4/21 19:43,116,0,0,0,,,,,,,,,valid_lead,has_order_attendance_or_effective_call,medium,booked_not_attended,joined_by_user_id_only,missing_order
2026-04-29,2026-04,62980400,4123057,,,2026-04-21T17:35:54+08:00,4123057,,2026-04-21T17:35:54+08:00,1,0,CC人工改派,1,1,2026-04-21 21:30 ~ 22:00,2026-04-21 21:30 ~ 22:00,cancel,1,0,0,1,0,0,0,0,1,1,2026/4/21 18:18,2026/4/21 18:18,0,0,0,0,,,,,,,,,unknown,insufficient_contact_attempts,low,booked_not_attended,joined_by_user_id_only,missing_order
2026-04-29,2026-04,62980476,4123057,,,2026-04-21T06:53:01+08:00,4123057,,2026-04-21T06:53:01+08:00,1,0,中东成人高中生分配,1,1,2026-04-22 20:00 ~ 20:30,2026-04-22 20:00 ~ 20:30,cancel,1,0,0,1,1,1,0,435,1,1,2026/4/22 20:42,2026/4/22 20:42,435,0,0,0,,,,,,,,,valid_lead,has_order_attendance_or_effective_call,medium,booked_not_attended,joined_by_user_id_only,missing_order
2026-04-29,2026-04,62980523,4123060,,,2026-04-21T17:35:41+08:00,4123060,,2026-04-21T17:35:41+08:00,1,0,CC人工改派,1,1,2026-04-21 21:30 ~ 22:00,2026-04-21 21:30 ~ 22:00,cancel,1,0,0,1,0,0,0,0,1,1,2026/4/21 18:22,2026/4/21 18:22,0,0,0,0,,,,,,,,,unknown,insufficient_contact_attempts,low,booked_not_attended,joined_by_user_id_only,missing_order
2026-04-29,2026-04,62980541,4123060,,,2026-04-21T17:56:24+08:00,4123060,,2026-04-21T17:56:24+08:00,1,0,CC人工改派,1,2,2026-04-22 16:00 ~ 16:30,2026-04-22 19:30 ~ 20:00,cancel,1,1,0,1,1,1,0,30,1,1,2026/4/21 18:13,2026/4/21 18:13,30,0,0,0,,,,,,,,,valid_lead,has_order_attendance_or_effective_call,medium,booked_not_attended,joined_by_user_id_only,missing_order
2026-04-29,2026-04,62980555,4123060,,,2026-04-21T07:12:20+08:00,4123060,,2026-04-21T07:12:20+08:00,1,0,中东成人高中生分配,1,1,2026-04-21 20:30 ~ 21:00,2026-04-21 20:30 ~ 21:00,end,0,0,1,1,1,1,0,60,1,1,2026/4/21 19:46,2026/4/21 19:46,60,0,0,0,,,,,,,,,valid_lead,has_order_attendance_or_effective_call,medium,attended_not_closed,joined_by_user_id_only,missing_order
2026-04-29,2026-04,62980613,4122734,,,2026-04-21T05:25:17+08:00,4122734,,2026-04-21T05:25:17+08:00,1,0,中东academy_en分配,1,1,2026-04-22 17:00 ~ 17:30,2026-04-22 17:00 ~ 17:30,s_absent,0,1,0,1,1,1,0,806,1,1,2026/4/21 22:04,2026/4/21 22:04,806,0,0,0,,,,,,,,,valid_lead,has_order_attendance_or_effective_call,medium,booked_not_attended,joined_by_user_id_only,missing_order
2026-04-29,2026-04,62980614,4122734,,,2026-04-26T17:29:14+08:00,4122734,,2026-04-26T17:29:14+08:00,1,0,CC人工改派,1,1,2026-04-22 14:00 ~ 14:30,2026-04-22 14:00 ~ 14:30,s_absent,0,1,0,0,0,0,0,0,0,0,,,0,0,0,0,,,,,,,,,valid_lead,has_booking_signal,low,booked_not_attended,joined_by_user_id_only,missing_call|missing_order
2026-04-29,2026-04,62980758,4123061,,,2026-04-21T17:55:44+08:00,4123061,,2026-04-21T17:55:44+08:00,1,0,CC人工改派,0,0,,,,0,0,0,1,0,0,0,0,1,1,2026/4/21 20:35,2026/4/21 20:35,0,0,0,0,,,,,,,,,unknown,insufficient_contact_attempts,low,no_booking,joined_by_user_id_only,missing_trial|missing_order
2026-04-29,2026-04,62980762,4123057,,,2026-04-21T08:29:48+08:00,4123057,,2026-04-21T08:29:48+08:00,1,0,中东academy_en分配,1,2,2026-04-21 19:30 ~ 20:00,2026-04-21 21:00 ~ 21:30,cancel,1,0,0,1,0,0,0,0,1,1,2026/4/21 17:48,2026/4/21 17:48,0,0,0,0,,,,,,,,,unknown,insufficient_contact_attempts,low,booked_not_attended,joined_by_user_id_only,missing_order
2026-04-29,2026-04,62980809,4121807,,,2026-04-21T07:59:16+08:00,4121807,,2026-04-21T07:59:16+08:00,1,0,中东academy_en分配,1,1,2026-04-22 20:30 ~ 21:00,2026-04-22 20:30 ~ 21:00,s_absent,0,1,0,1,1,1,0,266,1,1,2026/4/21 19:31,2026/4/21 19:31,266,0,0,0,,,,,,,,,valid_lead,has_order_attendance_or_effective_call,medium,booked_not_attended,joined_by_user_id_only,missing_order
2026-04-29,2026-04,62980864,4122734,,,2026-04-21T09:36:23+08:00,4122734,,2026-04-21T09:36:23+08:00,1,0,中东成人高中生分配,1,1,2026-04-23 21:30 ~ 22:00,2026-04-23 21:30 ~ 22:00,cancel,1,0,0,1,0,0,0,0,1,1,2026/4/22 21:17,2026/4/22 21:17,0,0,0,0,,,,,,,,,unknown,insufficient_contact_attempts,low,booked_not_attended,joined_by_user_id_only,missing_order
2026-04-29,2026-04,62981011,4123061,,,2026-04-21T08:45:07+08:00,4123061,,2026-04-21T08:45:07+08:00,1,0,中东成人高中生分配,1,1,2026-04-23 13:00 ~ 13:30,2026-04-23 13:00 ~ 13:30,s_absent,0,1,0,1,1,1,0,559,1,1,2026/4/21 19:29,2026/4/21 19:29,559,0,0,0,,,,,,,,,valid_lead,has_order_attendance_or_effective_call,medium,booked_not_attended,joined_by_user_id_only,missing_order
2026-04-29,2026-04,62981013,4123060,,,2026-04-21T08:46:51+08:00,4123060,,2026-04-21T08:46:51+08:00,1,0,中东academy_en分配,0,0,,,,0,0,0,1,1,1,0,558,1,1,2026/4/21 20:50,2026/4/21 20:50,558,0,0,0,,,,,,,,,valid_lead,has_order_attendance_or_effective_call,medium,no_booking,joined_by_user_id_only,missing_trial|missing_order
2026-04-29,2026-04,62981025,4121806,,,2026-04-21T09:11:11+08:00,4121806,,2026-04-21T09:11:11+08:00,1,0,中东成人高中生分配,1,1,2026-04-22 15:00 ~ 15:30,2026-04-22 15:00 ~ 15:30,s_absent,0,1,0,1,1,0,1,10,1,1,2026/4/22 19:46,2026/4/22 19:46,10,0,0,0,,,,,,,,,unknown,insufficient_contact_attempts,low,booked_not_attended,joined_by_user_id_only,missing_order
2026-04-29,2026-04,62981103,4123061,,,2026-04-21T09:10:34+08:00,4123061,,2026-04-21T09:10:34+08:00,1,0,中东academy_en分配,1,2,2026-04-22 21:00 ~ 21:30,2026-04-23 21:00 ~ 21:30,end,0,1,1,1,0,0,0,0,1,1,2026/4/22 19:52,2026/4/22 19:52,0,0,0,0,,,,,,,,,valid_lead,has_order_attendance_or_effective_call,medium,attended_not_closed,joined_by_user_id_only,missing_order
2026-04-29,2026-04,62981167,4123060,,,2026-04-21T19:01:40+08:00,4123060,,2026-04-21T19:01:40+08:00,1,0,CC人工改派,1,1,2026-04-23 21:30 ~ 22:00,2026-04-23 21:30 ~ 22:00,cancel,1,0,0,1,1,1,0,145,1,1,2026/4/21 19:24,2026/4/21 19:24,145,0,0,0,,,,,,,,,valid_lead,has_order_attendance_or_effective_call,medium,booked_not_attended,joined_by_user_id_only,missing_order
2026-04-29,2026-04,62981198,4123061,,,2026-04-21T17:56:16+08:00,4123061,,2026-04-21T17:56:16+08:00,1,0,CC人工改派,1,1,2026-04-22 17:00 ~ 17:30,2026-04-22 17:00 ~ 17:30,s_absent,0,1,0,2,1,1,0,318,2,2,2026/4/21 19:48,2026/4/22 22:01,0,0,0,0,,,,,,,,,valid_lead,has_order_attendance_or_effective_call,medium,booked_not_attended,joined_by_user_id_only,missing_order
2026-04-29,2026-04,62981587,4122734,,,2026-04-21T18:37:35+08:00,4122734,,2026-04-21T18:37:35+08:00,1,0,CC人工改派,1,1,2026-04-21 20:30 ~ 21:00,2026-04-21 20:30 ~ 21:00,s_absent,0,1,0,2,0,0,0,0,2,1,2026/4/21 21:25,2026/4/22 18:18,0,0,0,0,,,,,,,,,unknown,insufficient_contact_attempts,low,booked_not_attended,joined_by_user_id_only,missing_order
2026-04-29,2026-04,62981788,4123057,,,2026-04-21T13:07:29+08:00,4123057,,2026-04-21T13:07:29+08:00,1,0,中东成人高中生分配,1,1,2026-04-21 19:30 ~ 20:00,2026-04-21 19:30 ~ 20:00,cancel,1,0,0,1,0,0,0,0,1,1,2026/4/21 21:02,2026/4/21 21:02,0,0,0,0,,,,,,,,,unknown,insufficient_contact_attempts,low,booked_not_attended,joined_by_user_id_only,missing_order
2026-04-29,2026-04,62981834,4121807,,,2026-04-21T12:37:41+08:00,4121807,,2026-04-21T12:37:41+08:00,1,0,中东成人高中生分配,1,1,2026-04-21 19:30 ~ 20:00,2026-04-21 19:30 ~ 20:00,end,0,0,1,1,1,1,0,230,1,1,2026/4/21 23:47,2026/4/21 23:47,230,1,0,0,,,,,,,,,valid_lead,has_order_attendance_or_effective_call,medium,attended_not_closed,joined_by_user_id_only,missing_order
2026-04-29,2026-04,62981841,4123060,,,2026-04-21T17:51:28+08:00,4123060,,2026-04-21T17:51:28+08:00,1,0,CC人工改派,1,1,2026-04-23 13:30 ~ 14:00,2026-04-23 13:30 ~ 14:00,cancel,1,0,0,1,1,1,0,47,1,1,2026/4/21 18:06,2026/4/21 18:06,47,0,0,0,,,,,,,,,valid_lead,has_order_attendance_or_effective_call,medium,booked_not_attended,joined_by_user_id_only,missing_order
2026-04-29,2026-04,62982206,4122734,,,2026-04-21T13:19:24+08:00,4122734,,2026-04-21T13:19:24+08:00,1,0,中东academy_en分配,1,1,2026-04-23 16:30 ~ 17:00,2026-04-23 16:30 ~ 17:00,cancel,1,0,0,1,0,0,0,0,1,1,2026/4/22 21:21,2026/4/22 21:21,0,0,0,0,,,,,,,,,unknown,insufficient_contact_attempts,low,booked_not_attended,joined_by_user_id_only,missing_order
2026-04-29,2026-04,62982269,4122734,,,2026-04-22T20:40:50+08:00,4122734,,2026-04-22T20:40:50+08:00,1,0,CC人工改派,1,1,2026-04-22 15:00 ~ 15:30,2026-04-22 15:00 ~ 15:30,s_absent,0,1,0,1,0,0,0,0,1,1,2026/4/23 1:18,2026/4/23 1:18,0,0,0,0,,,,,,,,,unknown,insufficient_contact_attempts,low,booked_not_attended,joined_by_user_id_only,missing_order
2026-04-29,2026-04,62983678,4121807,,,2026-04-21T18:01:39+08:00,4121807,,2026-04-21T18:01:39+08:00,1,0,中东academy_en分配,1,1,2026-04-21 20:30 ~ 21:00,2026-04-21 20:30 ~ 21:00,end,0,0,1,1,1,1,0,561,1,1,2026/4/21 22:39,2026/4/21 22:39,561,1,0,0,,,,,,,,,valid_lead,has_order_attendance_or_effective_call,medium,attended_not_closed,joined_by_user_id_only,missing_order
2026-04-29,2026-04,62983896,4123061,,,2026-04-21T19:01:03+08:00,4123061,,2026-04-21T19:01:03+08:00,1,0,CC人工改派,1,1,2026-04-21 19:30 ~ 20:00,2026-04-21 19:30 ~ 20:00,cancel,1,0,0,1,1,1,0,30,1,1,2026/4/21 20:30,2026/4/21 20:30,30,0,0,0,,,,,,,,,valid_lead,has_order_attendance_or_effective_call,medium,booked_not_attended,joined_by_user_id_only,missing_order
2026-04-29,2026-04,62983998,4123060,,,2026-04-21T18:42:23+08:00,4123060,,2026-04-21T18:42:23+08:00,1,0,中东academy_en分配,1,1,2026-04-21 21:00 ~ 21:30,2026-04-21 21:00 ~ 21:30,s_absent,0,1,0,1,0,0,0,0,1,1,2026/4/21 18:57,2026/4/21 18:57,0,0,0,0,,,,,,,,,unknown,insufficient_contact_attempts,low,booked_not_attended,joined_by_user_id_only,missing_order
2026-04-29,2026-04,62984048,4123057,,,2026-04-21T19:01:27+08:00,4123057,,2026-04-21T19:01:27+08:00,1,0,CC人工改派,1,1,2026-04-22 21:00 ~ 21:30,2026-04-22 21:00 ~ 21:30,cancel,1,0,0,1,0,0,0,0,1,1,2026/4/22 21:43,2026/4/22 21:43,0,0,0,0,,,,,,,,,unknown,insufficient_contact_attempts,low,booked_not_attended,joined_by_user_id_only,missing_order
2026-04-29,2026-04,62984076,4123057,,,2026-04-21T18:22:56+08:00,4123057,,2026-04-21T18:22:56+08:00,1,0,中东academy_en分配,1,1,2026-04-21 19:00 ~ 19:30,2026-04-21 19:00 ~ 19:30,end,0,0,1,1,0,0,0,0,1,1,2026/4/22 0:01,2026/4/22 0:01,0,0,0,0,,,,,,,,,valid_lead,has_order_attendance_or_effective_call,medium,attended_not_closed,joined_by_user_id_only,missing_order
2026-04-29,2026-04,62984086,4123061,,,2026-04-21T18:33:04+08:00,4123061,,2026-04-21T18:33:04+08:00,1,0,中东成人高中生分配,1,1,2026-04-23 15:00 ~ 15:30,2026-04-23 15:00 ~ 15:30,end,0,0,1,2,2,2,0,411,2,1,2026/4/21 19:16,2026/4/25 17:59,65,0,1,0,,,,,,,,,valid_lead,has_order_attendance_or_effective_call,medium,attended_not_closed,joined_by_user_id_only,missing_order
2026-04-29,2026-04,62984217,4123060,,,2026-04-21T18:29:17+08:00,4123060,,2026-04-21T18:29:17+08:00,1,0,中东成人高中生分配,1,1,2026-04-21 21:00 ~ 21:30,2026-04-21 21:00 ~ 21:30,cancel,1,0,0,1,1,0,1,17,1,1,2026/4/21 19:29,2026/4/21 19:29,17,0,0,0,,,,,,,,,unknown,insufficient_contact_attempts,low,booked_not_attended,joined_by_user_id_only,missing_order
2026-04-29,2026-04,62984317,4121806,,,2026-04-21T18:41:31+08:00,4121806,,2026-04-21T18:41:31+08:00,1,0,中东成人高中生分配,1,1,2026-04-21 21:30 ~ 22:00,2026-04-21 21:30 ~ 22:00,s_absent,0,1,0,1,0,0,0,0,1,1,2026/4/23 1:29,2026/4/23 1:29,0,0,0,0,,,,,,,,,unknown,insufficient_contact_attempts,low,booked_not_attended,joined_by_user_id_only,missing_order
2026-04-29,2026-04,62984371,4123061,,,2026-04-21T19:18:52+08:00,4123061,,2026-04-21T19:18:52+08:00,1,0,中东academy_en分配,1,1,2026-04-21 21:30 ~ 22:00,2026-04-21 21:30 ~ 22:00,cancel,1,0,0,1,0,0,0,0,1,1,2026/4/21 20:10,2026/4/21 20:10,0,0,0,0,,,,,,,,,unknown,insufficient_contact_attempts,low,booked_not_attended,joined_by_user_id_only,missing_order
2026-04-29,2026-04,62984549,4122734,,,2026-04-21T19:10:17+08:00,4122734,,2026-04-21T19:10:17+08:00,1,0,中东成人高中生分配,1,1,2026-04-22 21:00 ~ 21:30,2026-04-22 21:00 ~ 21:30,end,0,0,1,1,1,1,0,40,1,1,2026/4/23 1:51,2026/4/23 1:51,40,1,0,0,,,,,,,,,valid_lead,has_order_attendance_or_effective_call,medium,attended_not_closed,joined_by_user_id_only,missing_order
2026-04-29,2026-04,62985039,4122734,,,2026-04-21T20:03:09+08:00,4122734,,2026-04-21T20:03:09+08:00,1,0,中东academy_en分配,1,1,2026-04-22 19:30 ~ 20:00,2026-04-22 19:30 ~ 20:00,s_absent,0,1,0,1,0,0,0,0,1,1,2026/4/23 0:34,2026/4/23 0:34,0,0,0,0,,,,,,,,,unknown,insufficient_contact_attempts,low,booked_not_attended,joined_by_user_id_only,missing_order
2026-04-29,2026-04,62985046,4122734,,,2026-04-21T20:04:16+08:00,4122734,,2026-04-21T20:04:16+08:00,1,0,转介绍分配cc,0,0,,,,0,0,0,2,1,1,0,63,2,2,2026/4/22 18:31,2026-04-27 01:27:38,0,0,0,0,,,,,,,,,valid_lead,has_order_attendance_or_effective_call,medium,no_booking,joined_by_user_id_only,missing_trial|missing_order
2026-04-29,2026-04,62985120,4121806,,,2026-04-21T19:59:47+08:00,4121806,,2026-04-21T19:59:47+08:00,1,0,中东academy_en分配,1,1,2026-04-21 21:00 ~ 21:30,2026-04-21 21:00 ~ 21:30,s_absent,0,1,0,1,0,0,0,0,1,1,2026/4/22 21:03,2026/4/22 21:03,0,0,0,0,,,,,,,,,unknown,insufficient_contact_attempts,low,booked_not_attended,joined_by_user_id_only,missing_order
2026-04-29,2026-04,62985225,4122734,,,2026-04-22T01:44:39+08:00,4122734,,2026-04-22T01:44:39+08:00,1,0,CC人工改派,0,0,,,,0,0,0,1,1,1,0,130,1,1,2026/4/22 1:57,2026/4/22 1:57,130,0,0,0,,,,,,,,,valid_lead,has_order_attendance_or_effective_call,medium,no_booking,joined_by_user_id_only,missing_trial|missing_order
2026-04-29,2026-04,62985239,4122734,,,2026-04-22T20:40:50+08:00,4122734,,2026-04-22T20:40:50+08:00,1,0,CC人工改派,1,1,2026-04-22 15:00 ~ 15:30,2026-04-22 15:00 ~ 15:30,s_absent,0,1,0,1,1,1,0,682,1,1,2026/4/23 0:41,2026/4/23 0:41,682,0,0,0,,,,,,,,,valid_lead,has_order_attendance_or_effective_call,medium,booked_not_attended,joined_by_user_id_only,missing_order
2026-04-29,2026-04,62985532,4123061,,,2026-04-21T22:05:03+08:00,4123061,,2026-04-21T22:05:03+08:00,1,0,CC人工改派,1,2,2026-04-21 21:30 ~ 22:00,2026-04-23 17:00 ~ 17:30,end,1,0,1,1,1,1,0,198,1,1,2026/4/23 22:47,2026/4/23 22:47,198,1,0,0,,,,,,,,,valid_lead,has_order_attendance_or_effective_call,medium,attended_not_closed,joined_by_user_id_only,missing_order
2026-04-29,2026-04,62985541,4121807,,,2026-04-21T21:12:36+08:00,4121807,,2026-04-21T21:12:36+08:00,1,0,中东成人高中生分配,1,1,2026-04-23 20:30 ~ 21:00,2026-04-23 20:30 ~ 21:00,s_absent,0,1,0,1,0,0,0,0,1,1,2026/4/21 22:26,2026/4/21 22:26,0,0,0,0,,,,,,,,,unknown,insufficient_contact_attempts,low,booked_not_attended,joined_by_user_id_only,missing_order
2026-04-29,2026-04,62985680,4123057,,,2026-04-21T21:49:09+08:00,4123057,,2026-04-21T21:49:09+08:00,1,0,CC人工改派,1,1,2026-04-21 21:30 ~ 22:00,2026-04-21 21:30 ~ 22:00,cancel,1,0,0,1,1,1,0,42,1,1,2026/4/21 22:05,2026/4/21 22:05,42,0,0,0,,,,,,,,,valid_lead,has_order_attendance_or_effective_call,medium,booked_not_attended,joined_by_user_id_only,missing_order
2026-04-29,2026-04,62985725,4121806,,,2026-04-25T18:22:56+08:00,4121806,,2026-04-25T18:22:56+08:00,1,0,CC人工改派,1,1,2026-04-23 20:00 ~ 20:30,2026-04-23 20:00 ~ 20:30,cancel,1,0,0,0,0,0,0,0,0,0,,,0,0,0,0,,,,,,,,,valid_lead,has_booking_signal,low,booked_not_attended,joined_by_user_id_only,missing_call|missing_order
2026-04-29,2026-04,62985832,4121807,,,2026-04-21T21:28:01+08:00,4121807,,2026-04-21T21:28:01+08:00,1,0,中东academy_en分配,1,1,2026-04-22 21:00 ~ 21:30,2026-04-22 21:00 ~ 21:30,end,0,0,1,1,0,0,0,0,1,1,2026/4/21 22:33,2026/4/21 22:33,0,0,0,0,,,,,,,,,valid_lead,has_order_attendance_or_effective_call,medium,attended_not_closed,joined_by_user_id_only,missing_order
2026-04-29,2026-04,62986222,4123057,,,2026-04-21T22:14:07+08:00,4123057,,2026-04-21T22:14:07+08:00,1,0,中东academy_en分配,0,0,,,,0,0,0,1,1,1,0,261,1,1,2026/4/21 22:53,2026/4/21 22:53,261,0,0,0,,,,,,,,,valid_lead,has_order_attendance_or_effective_call,medium,no_booking,joined_by_user_id_only,missing_trial|missing_order
2026-04-29,2026-04,62986235,4123060,,,2026-04-21T22:24:44+08:00,4123060,,2026-04-21T22:24:44+08:00,1,0,中东academy_en分配,1,1,2026-04-22 13:00 ~ 13:30,2026-04-22 13:00 ~ 13:30,end,0,0,1,4,1,0,1,15,2,1,2026/4/26 20:36,2026-04-27 21:42:01,0,0,0,0,,,,,,,,,valid_lead,has_order_attendance_or_effective_call,medium,attended_not_closed,joined_by_user_id_only,missing_order
2026-04-29,2026-04,62987051,4123061,,,2026-04-22T01:46:12+08:00,4123061,,2026-04-22T01:46:12+08:00,1,0,CC人工改派,1,1,2026-04-22 15:30 ~ 16:00,2026-04-22 15:30 ~ 16:00,cancel,1,0,0,1,0,0,0,0,1,1,2026/4/22 20:24,2026/4/22 20:24,0,0,0,0,,,,,,,,,unknown,insufficient_contact_attempts,low,booked_not_attended,joined_by_user_id_only,missing_order
2026-04-29,2026-04,62987319,4123061,,,2026-04-22T00:23:05+08:00,4123061,,2026-04-22T00:23:05+08:00,1,0,中东academy_en分配,1,2,2026-04-23 19:30 ~ 20:00,2026-04-27 12:00 ~ 12:30,on,0,1,1,1,1,1,0,28,1,1,2026/4/24 0:28,2026/4/24 0:28,28,0,0,0,,,,,,,,,valid_lead,has_order_attendance_or_effective_call,medium,attended_not_closed,joined_by_user_id_only,missing_order
2026-04-29,2026-04,62987400,4123061,,,2026-04-22T01:28:16+08:00,4123061,,2026-04-22T01:28:16+08:00,1,0,中东成人高中生分配,1,1,2026-04-23 20:30 ~ 21:00,2026-04-23 20:30 ~ 21:00,end,0,0,1,2,1,1,0,404,2,1,2026/4/24 1:29,2026-04-27 00:08:36,0,1,0,0,,,,,,,,,valid_lead,has_order_attendance_or_effective_call,medium,attended_not_closed,joined_by_user_id_only,missing_order
2026-04-29,2026-04,62987497,4122734,,,2026-04-22T01:28:35+08:00,4122734,,2026-04-22T01:28:35+08:00,1,0,中东academy_en分配,0,0,,,,0,0,0,1,1,1,0,81,1,1,2026/4/22 21:27,2026/4/22 21:27,81,0,0,0,,,,,,,,,valid_lead,has_order_attendance_or_effective_call,medium,no_booking,joined_by_user_id_only,missing_trial|missing_order
2026-04-29,2026-04,62987542,4121806,,,2026-04-22T00:45:22+08:00,4121806,,2026-04-22T00:45:22+08:00,1,0,中东academy_en分配,1,1,2026-04-23 21:30 ~ 22:00,2026-04-23 21:30 ~ 22:00,s_absent,0,1,0,1,1,0,1,4,1,1,2026/4/22 21:13,2026/4/22 21:13,4,0,0,0,,,,,,,,,unknown,insufficient_contact_attempts,low,booked_not_attended,joined_by_user_id_only,missing_order
2026-04-29,2026-04,62987554,4123057,,,2026-04-22T00:53:49+08:00,4123057,,2026-04-22T00:53:49+08:00,1,0,中东成人高中生分配,1,1,2026-04-22 17:30 ~ 18:00,2026-04-22 17:30 ~ 18:00,cancel,1,0,0,1,0,0,0,0,1,1,2026/4/22 22:07,2026/4/22 22:07,0,0,0,0,,,,,,,,,unknown,insufficient_contact_attempts,low,booked_not_attended,joined_by_user_id_only,missing_order
2026-04-29,2026-04,62987580,4123060,,,2026-04-22T01:12:47+08:00,4123060,,2026-04-22T01:12:47+08:00,1,0,中东成人高中生分配,1,1,2026-04-21 21:00 ~ 21:30,2026-04-21 21:00 ~ 21:30,end,0,0,1,1,1,1,0,72,1,1,2026/4/22 19:36,2026/4/22 19:36,72,0,1,0,,,,,,,,,valid_lead,has_order_attendance_or_effective_call,medium,attended_not_closed,joined_by_user_id_only,missing_order
2026-04-29,2026-04,62987692,4121806,,,2026-04-22T01:39:48+08:00,4121806,,2026-04-22T01:39:48+08:00,1,0,中东成人高中生分配,1,1,2026-04-22 15:30 ~ 16:00,2026-04-22 15:30 ~ 16:00,cancel,1,0,0,1,1,1,0,35,1,1,2026/4/22 20:15,2026/4/22 20:15,35,0,0,0,,,,,,,,,valid_lead,has_order_attendance_or_effective_call,medium,booked_not_attended,joined_by_user_id_only,missing_order
2026-04-29,2026-04,62987713,4122734,,,2026-04-22T01:41:13+08:00,4122734,,2026-04-22T01:41:13+08:00,1,0,中东成人高中生分配,1,1,2026-04-22 16:30 ~ 17:00,2026-04-22 16:30 ~ 17:00,cancel,1,0,0,1,0,0,0,0,1,1,2026/4/22 21:16,2026/4/22 21:16,0,0,0,0,,,,,,,,,unknown,insufficient_contact_attempts,low,booked_not_attended,joined_by_user_id_only,missing_order
2026-04-29,2026-04,62987732,4122734,,,2026-04-22T20:40:50+08:00,4122734,,2026-04-22T20:40:50+08:00,1,0,CC人工改派,1,1,2026-04-21 21:30 ~ 22:00,2026-04-21 21:30 ~ 22:00,s_absent,0,1,0,1,0,0,0,0,1,1,2026/4/23 1:22,2026/4/23 1:22,0,0,0,0,,,,,,,,,unknown,insufficient_contact_attempts,low,booked_not_attended,joined_by_user_id_only,missing_order
2026-04-29,2026-04,62987745,4121806,,,2026-04-25T18:22:58+08:00,4121806,,2026-04-25T18:22:58+08:00,1,0,CC人工改派,1,1,2026-04-22 17:00 ~ 17:30,2026-04-22 17:00 ~ 17:30,cancel,1,0,0,0,0,0,0,0,0,0,,,0,0,0,0,,,,,,,,,valid_lead,has_booking_signal,low,booked_not_attended,joined_by_user_id_only,missing_call|missing_order
2026-04-29,2026-04,62987769,4121807,,,2026-04-22T02:37:48+08:00,4121807,,2026-04-22T02:37:48+08:00,1,0,中东成人高中生分配,1,2,2026-04-22 16:30 ~ 17:00,2026-04-23 13:00 ~ 13:30,cancel,1,0,1,1,1,1,0,483,1,1,2026/4/22 20:33,2026/4/22 20:33,483,1,0,0,,,,,,,,,valid_lead,has_order_attendance_or_effective_call,medium,attended_not_closed,joined_by_user_id_only,missing_order
2026-04-29,2026-04,62987783,4121807,,,2026-04-22T02:50:20+08:00,4121807,,2026-04-22T02:50:20+08:00,1,0,中东academy_en分配,1,1,2026-04-22 19:30 ~ 20:00,2026-04-22 19:30 ~ 20:00,cancel,1,0,0,1,1,0,1,5,1,1,2026/4/22 3:05,2026/4/22 3:05,5,0,0,0,,,,,,,,,unknown,insufficient_contact_attempts,low,booked_not_attended,joined_by_user_id_only,missing_order
2026-04-29,2026-04,62987893,4121807,,,2026-04-25T18:23:28+08:00,4121807,,2026-04-25T18:23:28+08:00,1,0,CC人工改派,1,1,2026-04-22 17:00 ~ 17:30,2026-04-22 17:00 ~ 17:30,cancel,1,0,0,1,1,1,0,269,1,1,2026-04-27 23:30:01,2026-04-27 23:30:01,269,0,0,0,,,,,,,,,valid_lead,has_order_attendance_or_effective_call,medium,booked_not_attended,joined_by_user_id_only,missing_order
2026-04-29,2026-04,62988001,4123061,,,2026-04-22T01:45:42+08:00,4123061,,2026-04-22T01:45:42+08:00,1,0,转介绍分配cc,1,1,2026-04-22 20:30 ~ 21:00,2026-04-22 20:30 ~ 21:00,end,0,0,1,1,1,1,0,41,1,1,2026/4/23 1:12,2026/4/23 1:12,41,1,0,0,,,,,,,,,valid_lead,has_order_attendance_or_effective_call,medium,attended_not_closed,joined_by_user_id_only,missing_order
2026-04-29,2026-04,62988014,4122734,,,2026-04-22T20:40:50+08:00,4122734,,2026-04-22T20:40:50+08:00,1,0,CC人工改派,1,1,2026-04-21 21:30 ~ 22:00,2026-04-21 21:30 ~ 22:00,s_absent,0,1,0,1,1,1,0,69,1,1,2026/4/23 1:26,2026/4/23 1:26,69,0,0,0,,,,,,,,,valid_lead,has_order_attendance_or_effective_call,medium,booked_not_attended,joined_by_user_id_only,missing_order
2026-04-29,2026-04,62988069,4121806,,,2026-04-25T18:22:57+08:00,4121806,,2026-04-25T18:22:57+08:00,1,0,CC人工改派,1,1,2026-04-22 18:30 ~ 19:00,2026-04-22 18:30 ~ 19:00,cancel,1,0,0,0,0,0,0,0,0,0,,,0,0,0,0,,,,,,,,,valid_lead,has_booking_signal,low,booked_not_attended,joined_by_user_id_only,missing_call|missing_order
2026-04-29,2026-04,62988316,4123057,,,2026-04-22T03:25:26+08:00,4123057,,2026-04-22T03:25:26+08:00,1,0,中东成人高中生分配,1,2,2026-04-22 18:30 ~ 19:00,2026-04-23 19:00 ~ 19:30,cancel,1,0,1,1,0,0,0,0,1,1,2026/4/23 0:43,2026/4/23 0:43,0,0,0,0,,,,,,,,,valid_lead,has_order_attendance_or_effective_call,medium,attended_not_closed,joined_by_user_id_only,missing_order
2026-04-29,2026-04,62988378,4121807,,,2026-04-25T18:23:27+08:00,4121807,,2026-04-25T18:23:27+08:00,1,0,CC人工改派,1,3,2026-04-22 16:30 ~ 17:00,2026-04-25 14:00 ~ 14:30,end,1,0,1,1,1,1,0,173,1,1,2026/4/25 18:45,2026/4/25 18:45,173,1,0,0,,,,,,,,,valid_lead,has_order_attendance_or_effective_call,medium,attended_not_closed,joined_by_user_id_only,missing_order
2026-04-29,2026-04,62988488,4123060,,,2026-04-22T06:02:03+08:00,4123060,,2026-04-22T06:02:03+08:00,1,0,中东成人高中生分配,1,2,2026-04-22 16:00 ~ 16:30,2026-04-22 19:00 ~ 19:30,s_absent,1,1,0,1,1,1,0,822,1,1,2026/4/22 19:16,2026/4/22 19:16,822,0,0,0,,,,,,,,,valid_lead,has_order_attendance_or_effective_call,medium,booked_not_attended,joined_by_user_id_only,missing_order
2026-04-29,2026-04,62988574,4121806,,,2026-04-22T07:48:39+08:00,4121806,,2026-04-22T07:48:39+08:00,1,0,中东成人高中生分配,1,1,2026-04-23 14:30 ~ 15:00,2026-04-23 14:30 ~ 15:00,cancel,1,0,0,1,0,0,0,0,1,1,2026/4/23 0:31,2026/4/23 0:31,0,0,0,0,,,,,,,,,unknown,insufficient_contact_attempts,low,booked_not_attended,joined_by_user_id_only,missing_order
2026-04-29,2026-04,62988612,4123061,,,2026-04-22T06:02:13+08:00,4123061,,2026-04-22T06:02:13+08:00,1,0,中东成人高中生分配,1,1,2026-04-23 19:00 ~ 19:30,2026-04-23 19:00 ~ 19:30,end,0,0,1,1,0,0,0,0,1,1,2026/4/22 19:19,2026/4/22 19:19,0,0,0,0,,,,,,,,,valid_lead,has_order_attendance_or_effective_call,medium,attended_not_closed,joined_by_user_id_only,missing_order
2026-04-29,2026-04,62988786,4122734,,,2026-04-22T09:10:20+08:00,4122734,,2026-04-22T09:10:20+08:00,1,0,中东成人高中生分配,1,1,2026-04-23 20:30 ~ 21:00,2026-04-23 20:30 ~ 21:00,cancel,1,0,0,1,0,0,0,0,1,1,2026/4/22 21:31,2026/4/22 21:31,0,0,0,0,,,,,,,,,unknown,insufficient_contact_attempts,low,booked_not_attended,joined_by_user_id_only,missing_order
2026-04-29,2026-04,62989129,4123057,,,2026-04-22T09:41:17+08:00,4123057,,2026-04-22T09:41:17+08:00,1,0,中东academy_en分配,1,1,2026-04-23 18:30 ~ 19:00,2026-04-23 18:30 ~ 19:00,s_absent,0,1,0,1,0,0,0,0,1,1,2026/4/23 23:18,2026/4/23 23:18,0,0,0,0,,,,,,,,,unknown,insufficient_contact_attempts,low,booked_not_attended,joined_by_user_id_only,missing_order
2026-04-29,2026-04,62989518,4123060,,,2026-04-22T10:43:37+08:00,4123060,,2026-04-22T10:43:37+08:00,1,0,中东academy_en分配,1,1,2026-04-23 15:00 ~ 15:30,2026-04-23 15:00 ~ 15:30,cancel,1,0,0,1,0,0,0,0,1,1,2026/4/22 22:49,2026/4/22 22:49,0,0,0,0,,,,,,,,,unknown,insufficient_contact_attempts,low,booked_not_attended,joined_by_user_id_only,missing_order
2026-04-29,2026-04,62990121,4123061,,,2026-04-22T12:21:24+08:00,4123061,,2026-04-22T12:21:24+08:00,1,0,中东academy_en分配,1,1,2026-04-23 17:00 ~ 17:30,2026-04-23 17:00 ~ 17:30,s_absent,0,1,0,1,0,0,0,0,1,1,2026/4/22 19:25,2026/4/22 19:25,0,0,0,0,,,,,,,,,unknown,insufficient_contact_attempts,low,booked_not_attended,joined_by_user_id_only,missing_order
2026-04-29,2026-04,62990145,4122734,,,2026-04-22T20:40:49+08:00,4122734,,2026-04-22T20:40:49+08:00,1,0,CC人工改派,1,1,2026-04-22 18:30 ~ 19:00,2026-04-22 18:30 ~ 19:00,cancel,1,0,0,1,0,0,0,0,1,1,2026/4/22 22:21,2026/4/22 22:21,0,0,0,0,,,,,,,,,unknown,insufficient_contact_attempts,low,booked_not_attended,joined_by_user_id_only,missing_order
2026-04-29,2026-04,62990399,4122734,,,2026-04-22T14:52:22+08:00,4122734,,2026-04-22T14:52:22+08:00,1,0,中东academy_en分配,0,0,,,,0,0,0,0,0,0,0,0,0,0,,,0,0,0,0,,,,,,,,,unknown,data_missing_or_insufficient,low,no_booking,joined_by_user_id_only,missing_trial|missing_call|missing_order
2026-04-29,2026-04,62990418,4121806,,,2026-04-22T13:02:43+08:00,4121806,,2026-04-22T13:02:43+08:00,1,0,中东academy_en分配,1,1,2026-04-23 18:30 ~ 19:00,2026-04-23 18:30 ~ 19:00,cancel,1,0,0,1,1,1,0,347,1,1,2026/4/22 22:12,2026/4/22 22:12,347,0,0,0,,,,,,,,,valid_lead,has_order_attendance_or_effective_call,medium,booked_not_attended,joined_by_user_id_only,missing_order
2026-04-29,2026-04,62990665,4121806,,,2026-04-25T18:22:58+08:00,4121806,,2026-04-25T18:22:58+08:00,1,0,CC人工改派,1,1,2026-04-22 17:30 ~ 18:00,2026-04-22 17:30 ~ 18:00,cancel,1,0,0,0,0,0,0,0,0,0,,,0,0,0,0,,,,,,,,,valid_lead,has_booking_signal,low,booked_not_attended,joined_by_user_id_only,missing_call|missing_order
2026-04-29,2026-04,62991375,4121806,,,2026-04-25T18:22:58+08:00,4121806,,2026-04-25T18:22:58+08:00,1,0,CC人工改派,0,0,,,,0,0,0,0,0,0,0,0,0,0,,,0,0,0,0,,,,,,,,,unknown,data_missing_or_insufficient,low,no_booking,joined_by_user_id_only,missing_trial|missing_call|missing_order
2026-04-29,2026-04,62991804,4122734,,,2026-04-22T20:40:50+08:00,4122734,,2026-04-22T20:40:50+08:00,1,0,CC人工改派,1,1,2026-04-22 17:30 ~ 18:00,2026-04-22 17:30 ~ 18:00,cancel,1,0,0,1,0,0,0,0,1,1,2026/4/22 22:17,2026/4/22 22:17,0,0,0,0,,,,,,,,,unknown,insufficient_contact_attempts,low,booked_not_attended,joined_by_user_id_only,missing_order
2026-04-29,2026-04,62991976,4123060,,,2026-04-22T17:58:17+08:00,4123060,,2026-04-22T17:58:17+08:00,1,0,中东academy_en分配,1,2,2026-04-23 17:00 ~ 17:30,2026-04-23 18:00 ~ 18:30,cancel,1,0,0,1,1,1,0,64,1,1,2026/4/23 20:28,2026/4/23 20:28,64,0,0,0,,,,,,,,,valid_lead,has_order_attendance_or_effective_call,medium,booked_not_attended,joined_by_user_id_only,missing_order
2026-04-29,2026-04,62992031,4121807,,,2026-04-22T17:37:39+08:00,4121807,,2026-04-22T17:37:39+08:00,1,0,中东academy_en分配,1,1,2026-04-22 20:30 ~ 21:00,2026-04-22 20:30 ~ 21:00,cancel,1,0,0,1,1,1,0,142,1,1,2026/4/22 22:37,2026/4/22 22:37,142,0,0,0,,,,,,,,,valid_lead,has_order_attendance_or_effective_call,medium,booked_not_attended,joined_by_user_id_only,missing_order
2026-04-29,2026-04,62992051,4121807,,,2026-04-25T18:23:28+08:00,4121807,,2026-04-25T18:23:28+08:00,1,0,CC人工改派,1,1,2026-04-22 18:00 ~ 18:30,2026-04-22 18:00 ~ 18:30,cancel,1,0,0,0,0,0,0,0,0,0,,,0,0,0,0,,,,,,,,,valid_lead,has_booking_signal,low,booked_not_attended,joined_by_user_id_only,missing_call|missing_order
2026-04-29,2026-04,62992058,4123057,,,2026-04-22T17:56:43+08:00,4123057,,2026-04-22T17:56:43+08:00,1,0,中东academy_en分配,1,1,2026-04-23 15:30 ~ 16:00,2026-04-23 15:30 ~ 16:00,cancel,1,0,0,1,0,0,0,0,1,1,2026/4/23 2:28,2026/4/23 2:28,0,0,0,0,,,,,,,,,unknown,insufficient_contact_attempts,low,booked_not_attended,joined_by_user_id_only,missing_order
2026-04-29,2026-04,62992089,4123057,,,2026-04-22T18:20:18+08:00,4123057,,2026-04-22T18:20:18+08:00,1,0,转介绍分配cc,0,0,,,,0,0,0,1,1,0,1,18,1,1,2026/4/22 18:18,2026/4/22 18:18,18,0,0,0,,,,,,,,,unknown,insufficient_contact_attempts,low,no_booking,joined_by_user_id_only,missing_trial|missing_order
2026-04-29,2026-04,62992183,4123057,,,2026-04-22T18:22:17+08:00,4123057,,2026-04-22T18:22:17+08:00,1,0,转介绍分配cc,1,1,2026-04-23 15:30 ~ 16:00,2026-04-23 15:30 ~ 16:00,s_absent,0,1,0,1,1,1,0,69,1,1,2026/4/23 19:20,2026/4/23 19:20,69,0,0,0,,,,,,,,,valid_lead,has_order_attendance_or_effective_call,medium,booked_not_attended,joined_by_user_id_only,missing_order
2026-04-29,2026-04,62992194,4121807,,,2026-04-22T18:34:09+08:00,4121807,,2026-04-22T18:34:09+08:00,1,0,中东成人高中生分配,1,1,2026-04-22 15:30 ~ 16:00,2026-04-22 15:30 ~ 16:00,s_absent,0,1,0,0,0,0,0,0,0,0,,,0,0,0,0,,,,,,,,,valid_lead,has_booking_signal,low,booked_not_attended,joined_by_user_id_only,missing_call|missing_order
2026-04-29,2026-04,62992403,4123061,,,2026-04-22T17:59:42+08:00,4123061,,2026-04-22T17:59:42+08:00,1,0,中东academy_en分配,0,0,,,,0,0,0,1,0,0,0,0,1,1,2026/4/22 19:29,2026/4/22 19:29,0,0,0,0,,,,,,,,,unknown,insufficient_contact_attempts,low,no_booking,joined_by_user_id_only,missing_trial|missing_order
2026-04-29,2026-04,62993396,4122734,,,2026-04-22T20:56:54+08:00,4122734,,2026-04-22T20:56:54+08:00,1,0,中东academy_en分配,1,1,2026-04-22 20:00 ~ 20:30,2026-04-22 20:00 ~ 20:30,s_absent,0,1,0,1,0,0,0,0,1,1,2026/4/22 21:37,2026/4/22 21:37,0,0,0,0,,,,,,,,,unknown,insufficient_contact_attempts,low,booked_not_attended,joined_by_user_id_only,missing_order
2026-04-29,2026-04,62993447,4121806,,,2026-04-22T20:28:36+08:00,4121806,,2026-04-22T20:28:36+08:00,1,0,中东academy_en分配,1,1,2026-04-22 16:00 ~ 16:30,2026-04-22 16:00 ~ 16:30,cancel,1,0,0,1,1,1,0,519,1,1,2026/4/22 21:59,2026/4/22 21:59,519,0,0,0,,,,,,,,,valid_lead,has_order_attendance_or_effective_call,medium,booked_not_attended,joined_by_user_id_only,missing_order
2026-04-29,2026-04,62993830,4122734,,,2026-04-26T17:29:14+08:00,4122734,,2026-04-26T17:29:14+08:00,1,0,CC人工改派,1,1,2026-04-22 18:00 ~ 18:30,2026-04-22 18:00 ~ 18:30,s_absent,0,1,0,0,0,0,0,0,0,0,,,0,0,0,0,,,,,,,,,valid_lead,has_booking_signal,low,booked_not_attended,joined_by_user_id_only,missing_call|missing_order
2026-04-29,2026-04,62993847,4121807,,,2026-04-22T21:11:19+08:00,4121807,,2026-04-22T21:11:19+08:00,1,0,中东academy_en分配,1,1,2026-04-23 20:00 ~ 20:30,2026-04-23 20:00 ~ 20:30,s_absent,0,1,0,1,1,1,0,169,1,1,2026/4/24 0:46,2026/4/24 0:46,169,0,0,0,,,,,,,,,valid_lead,has_order_attendance_or_effective_call,medium,booked_not_attended,joined_by_user_id_only,missing_order
2026-04-29,2026-04,62994113,4121806,,,2026-04-25T18:22:57+08:00,4121806,,2026-04-25T18:22:57+08:00,1,0,CC人工改派,1,1,2026-04-22 18:00 ~ 18:30,2026-04-22 18:00 ~ 18:30,cancel,1,0,0,0,0,0,0,0,0,0,,,0,0,0,0,,,,,,,,,valid_lead,has_booking_signal,low,booked_not_attended,joined_by_user_id_only,missing_call|missing_order
2026-04-29,2026-04,62994147,4123057,,,2026-04-22T21:28:26+08:00,4123057,,2026-04-22T21:28:26+08:00,1,0,中东academy_en分配,1,1,2026-04-22 18:00 ~ 18:30,2026-04-22 18:00 ~ 18:30,end,0,0,1,1,1,1,0,544,1,1,2026/4/22 21:54,2026/4/22 21:54,544,1,0,0,,,,,,,,,valid_lead,has_order_attendance_or_effective_call,medium,attended_not_closed,joined_by_user_id_only,missing_order
2026-04-29,2026-04,62994199,4123060,,,2026-04-22T22:04:47+08:00,4123060,,2026-04-22T22:04:47+08:00,1,0,中东academy_en分配,1,1,2026-04-23 14:30 ~ 15:00,2026-04-23 14:30 ~ 15:00,end,0,0,1,1,0,0,0,0,1,1,2026/4/22 22:08,2026/4/22 22:08,0,0,0,0,,,,,,,,,valid_lead,has_order_attendance_or_effective_call,medium,attended_not_closed,joined_by_user_id_only,missing_order
2026-04-29,2026-04,62994205,4121807,,,2026-04-25T18:23:27+08:00,4121807,,2026-04-25T18:23:27+08:00,1,0,CC人工改派,1,2,2026-04-23 19:00 ~ 19:30,2026-04-23 20:00 ~ 20:30,cancel,1,0,0,0,0,0,0,0,0,0,,,0,0,0,0,,,,,,,,,valid_lead,has_booking_signal,low,booked_not_attended,joined_by_user_id_only,missing_call|missing_order
2026-04-29,2026-04,62994212,4121807,,,2026-04-25T18:23:28+08:00,4121807,,2026-04-25T18:23:28+08:00,1,0,CC人工改派,1,1,2026-04-22 18:30 ~ 19:00,2026-04-22 18:30 ~ 19:00,s_absent,0,1,0,1,1,1,0,51,1,1,2026-04-27 21:06:17,2026-04-27 21:06:17,51,0,0,0,,,,,,,,,valid_lead,has_order_attendance_or_effective_call,medium,booked_not_attended,joined_by_user_id_only,missing_order
2026-04-29,2026-04,62994994,4123061,,,2026-04-22T23:49:44+08:00,4123061,,2026-04-22T23:49:44+08:00,1,0,中东academy_en分配,1,1,2026-04-22 20:30 ~ 21:00,2026-04-22 20:30 ~ 21:00,end,0,0,1,2,0,0,0,0,1,1,2026/4/26 19:10,2026-04-26 19:10:40,0,0,0,0,,,,,,,,,valid_lead,has_order_attendance_or_effective_call,medium,attended_not_closed,joined_by_user_id_only,missing_order
2026-04-29,2026-04,62995400,4122734,,,2026-04-23T00:45:34+08:00,4122734,,2026-04-23T00:45:34+08:00,1,0,中东academy_en分配,0,0,,,,0,0,0,1,0,0,0,0,1,1,2026/4/23 1:29,2026/4/23 1:29,0,0,0,0,,,,,,,,,unknown,insufficient_contact_attempts,low,no_booking,joined_by_user_id_only,missing_trial|missing_order
2026-04-29,2026-04,62995517,4121806,,,2026-04-23T00:33:43+08:00,4121806,,2026-04-23T00:33:43+08:00,1,0,中东academy_en分配,0,0,,,,0,0,0,0,0,0,0,0,0,0,,,0,0,0,0,,,,,,,,,unknown,data_missing_or_insufficient,low,no_booking,joined_by_user_id_only,missing_trial|missing_call|missing_order
2026-04-29,2026-04,62995628,4122734,,,2026-04-26T17:29:15+08:00,4122734,,2026-04-26T17:29:15+08:00,1,0,CC人工改派,0,0,,,,0,0,0,0,0,0,0,0,0,0,,,0,0,0,0,,,,,,,,,unknown,data_missing_or_insufficient,low,no_booking,joined_by_user_id_only,missing_trial|missing_call|missing_order
2026-04-29,2026-04,62995634,4121806,,,2026-04-25T18:22:56+08:00,4121806,,2026-04-25T18:22:56+08:00,1,0,CC人工改派,1,1,2026-04-25 13:00 ~ 13:30,2026-04-25 13:00 ~ 13:30,cancel,1,0,0,0,0,0,0,0,0,0,,,0,0,0,0,,,,,,,,,valid_lead,has_booking_signal,low,booked_not_attended,joined_by_user_id_only,missing_call|missing_order
2026-04-29,2026-04,62995856,4121806,,,2026-04-23T01:48:03+08:00,4121806,,2026-04-23T01:48:03+08:00,1,0,转介绍分配cc,1,1,2026-04-23 16:30 ~ 17:00,2026-04-23 16:30 ~ 17:00,s_absent,0,1,0,1,1,1,0,23,1,1,2026/4/23 21:20,2026/4/23 21:20,23,0,0,0,,,,,,,,,valid_lead,has_order_attendance_or_effective_call,medium,booked_not_attended,joined_by_user_id_only,missing_order
2026-04-29,2026-04,62995912,4121807,,,2026-04-23T02:02:47+08:00,4121807,,2026-04-23T02:02:47+08:00,1,0,中东academy_en分配,0,0,,,,0,0,0,1,0,0,0,0,1,1,2026/4/25 15:48,2026/4/25 15:48,0,0,0,0,,,,,,,,,unknown,insufficient_contact_attempts,low,no_booking,joined_by_user_id_only,missing_trial|missing_order
2026-04-29,2026-04,62995974,4121807,,,2026-04-25T18:23:28+08:00,4121807,,2026-04-25T18:23:28+08:00,1,0,CC人工改派,1,1,2026-04-23 19:30 ~ 20:00,2026-04-23 19:30 ~ 20:00,cancel,1,0,0,0,0,0,0,0,0,0,,,0,0,0,0,,,,,,,,,valid_lead,has_booking_signal,low,booked_not_attended,joined_by_user_id_only,missing_call|missing_order
2026-04-29,2026-04,62996037,4123057,,,2026-04-23T03:11:40+08:00,4123057,,2026-04-23T03:11:40+08:00,1,0,中东成人高中生分配,1,1,2026-04-23 15:00 ~ 15:30,2026-04-23 15:00 ~ 15:30,s_absent,0,1,0,1,1,1,0,32,1,1,2026/4/23 19:09,2026/4/23 19:09,32,0,0,0,,,,,,,,,valid_lead,has_order_attendance_or_effective_call,medium,booked_not_attended,joined_by_user_id_only,missing_order
2026-04-29,2026-04,62996251,4123057,,,2026-04-23T03:37:46+08:00,4123057,,2026-04-23T03:37:46+08:00,1,0,中东academy_en分配,0,0,,,,0,0,0,2,0,0,0,0,2,1,2026/4/24 0:32,2026-04-27 00:38:12,0,0,0,0,,,,,,,,,unknown,insufficient_contact_attempts,low,no_booking,joined_by_user_id_only,missing_trial|missing_order
2026-04-29,2026-04,62996274,4123060,,,2026-04-23T04:05:02+08:00,4123060,,2026-04-23T04:05:02+08:00,1,0,中东academy_en分配,1,1,2026-04-25 15:30 ~ 16:00,2026-04-25 15:30 ~ 16:00,s_absent,0,1,0,1,1,1,0,29,1,1,2026/4/24 0:37,2026/4/24 0:37,29,0,0,0,,,,,,,,,valid_lead,has_order_attendance_or_effective_call,medium,booked_not_attended,joined_by_user_id_only,missing_order
2026-04-29,2026-04,62996522,4123061,,,2026-04-23T05:38:41+08:00,4123061,,2026-04-23T05:38:41+08:00,1,0,中东academy_en分配,1,1,2026-04-23 21:30 ~ 22:00,2026-04-23 21:30 ~ 22:00,s_absent,0,1,0,1,1,1,0,293,1,1,2026/4/23 19:05,2026/4/23 19:05,293,0,0,0,,,,,,,,,valid_lead,has_order_attendance_or_effective_call,medium,booked_not_attended,joined_by_user_id_only,missing_order
2026-04-29,2026-04,62996652,4121806,,,2026-04-23T07:40:13+08:00,4121806,,2026-04-23T07:40:13+08:00,1,0,中东academy_en分配,1,1,2026-04-23 21:30 ~ 22:00,2026-04-23 21:30 ~ 22:00,cancel,1,0,0,1,0,0,0,0,1,1,2026/4/23 19:25,2026/4/23 19:25,0,0,0,0,,,,,,,,,unknown,insufficient_contact_attempts,low,booked_not_attended,joined_by_user_id_only,missing_order
2026-04-29,2026-04,62996714,4123060,,,2026-04-23T06:30:12+08:00,4123060,,2026-04-23T06:30:12+08:00,1,0,中东成人高中生分配,1,1,2026-04-23 16:30 ~ 17:00,2026-04-23 16:30 ~ 17:00,cancel,1,0,0,1,0,0,0,0,1,1,2026/4/23 21:27,2026/4/23 21:27,0,0,0,0,,,,,,,,,unknown,insufficient_contact_attempts,low,booked_not_attended,joined_by_user_id_only,missing_order
2026-04-29,2026-04,62997272,4122734,,,2026-04-26T17:29:13+08:00,4122734,,2026-04-26T17:29:13+08:00,1,0,CC人工改派,1,1,2026-04-23 13:30 ~ 14:00,2026-04-23 13:30 ~ 14:00,s_absent,0,1,0,0,0,0,0,0,0,0,,,0,0,0,0,,,,,,,,,valid_lead,has_booking_signal,low,booked_not_attended,joined_by_user_id_only,missing_call|missing_order
2026-04-29,2026-04,62997300,4121806,,,2026-04-25T18:22:57+08:00,4121806,,2026-04-25T18:22:57+08:00,1,0,CC人工改派,1,1,2026-04-23 19:00 ~ 19:30,2026-04-23 19:00 ~ 19:30,cancel,1,0,0,0,0,0,0,0,0,0,,,0,0,0,0,,,,,,,,,valid_lead,has_booking_signal,low,booked_not_attended,joined_by_user_id_only,missing_call|missing_order
2026-04-29,2026-04,62997418,4122734,,,2026-04-23T09:42:54+08:00,4122734,,2026-04-23T09:42:54+08:00,1,0,中东academy_en分配,1,1,2026-04-23 21:30 ~ 22:00,2026-04-23 21:30 ~ 22:00,end,0,0,1,1,0,0,0,0,1,1,2026/4/23 19:52,2026/4/23 19:52,0,0,0,0,,,,,,,,,valid_lead,has_order_attendance_or_effective_call,medium,attended_not_closed,joined_by_user_id_only,missing_order
2026-04-29,2026-04,62997453,4121806,,,2026-04-23T10:56:28+08:00,4121806,,2026-04-23T10:56:28+08:00,1,0,中东成人高中生分配,1,1,2026-04-23 14:30 ~ 15:00,2026-04-23 14:30 ~ 15:00,cancel,1,0,0,1,0,0,0,0,1,1,2026/4/23 18:39,2026/4/23 18:39,0,0,0,0,,,,,,,,,unknown,insufficient_contact_attempts,low,booked_not_attended,joined_by_user_id_only,missing_order
2026-04-29,2026-04,62997460,4122734,,,2026-04-23T11:06:06+08:00,4122734,,2026-04-23T11:06:06+08:00,1,0,中东成人高中生分配,1,1,2026-04-23 19:00 ~ 19:30,2026-04-23 19:00 ~ 19:30,s_absent,0,1,0,1,0,0,0,0,1,1,2026/4/23 18:54,2026/4/23 18:54,0,0,0,0,,,,,,,,,unknown,insufficient_contact_attempts,low,booked_not_attended,joined_by_user_id_only,missing_order
2026-04-29,2026-04,62997476,4121807,,,2026-04-23T11:39:27+08:00,4121807,,2026-04-23T11:39:27+08:00,1,0,中东academy_en分配,1,1,2026-04-23 15:30 ~ 16:00,2026-04-23 15:30 ~ 16:00,s_absent,0,1,0,1,1,0,1,18,1,1,2026/4/23 22:06,2026/4/23 22:06,18,0,0,0,,,,,,,,,unknown,insufficient_contact_attempts,low,booked_not_attended,joined_by_user_id_only,missing_order
2026-04-29,2026-04,62997497,4122734,,,2026-04-26T17:29:13+08:00,4122734,,2026-04-26T17:29:13+08:00,1,0,CC人工改派,1,1,2026-04-23 16:30 ~ 17:00,2026-04-23 16:30 ~ 17:00,s_absent,0,1,0,1,1,0,1,20,1,1,2026-04-27 01:52:36,2026-04-27 01:52:36,20,0,0,0,,,,,,,,,unknown,insufficient_contact_attempts,low,booked_not_attended,joined_by_user_id_only,missing_order
2026-04-29,2026-04,62997500,4121806,,,2026-04-25T18:22:57+08:00,4121806,,2026-04-25T18:22:57+08:00,1,0,CC人工改派,1,1,2026-04-23 14:00 ~ 14:30,2026-04-23 14:00 ~ 14:30,s_absent,0,1,0,0,0,0,0,0,0,0,,,0,0,0,0,,,,,,,,,valid_lead,has_booking_signal,low,booked_not_attended,joined_by_user_id_only,missing_call|missing_order
2026-04-29,2026-04,62997529,4123061,,,2026-04-23T10:53:21+08:00,4123061,,2026-04-23T10:53:21+08:00,1,0,中东成人高中生分配,1,1,2026-04-25 15:00 ~ 15:30,2026-04-25 15:00 ~ 15:30,cancel,1,0,0,2,0,0,0,0,2,1,2026/4/25 19:50,2026-04-27 20:59:53,0,0,0,0,,,,,,,,,unknown,insufficient_contact_attempts,low,booked_not_attended,joined_by_user_id_only,missing_order
2026-04-29,2026-04,62998129,4123057,,,2026-04-23T12:54:36+08:00,4123057,,2026-04-23T12:54:36+08:00,1,0,中东academy_en分配,1,1,2026-04-23 17:00 ~ 17:30,2026-04-23 17:00 ~ 17:30,end,0,0,1,3,2,2,0,533,3,2,2026/4/23 22:54,2026-04-26 18:39:14,0,1,1,0,,,,,,,,,valid_lead,has_order_attendance_or_effective_call,medium,attended_not_closed,joined_by_user_id_only,missing_order
2026-04-29,2026-04,62998288,4123060,,,2026-04-23T14:20:27+08:00,4123060,,2026-04-23T14:20:27+08:00,1,0,中东academy_en分配,1,1,2026-04-23 16:00 ~ 16:30,2026-04-23 16:00 ~ 16:30,cancel,1,0,0,1,0,0,0,0,1,1,2026/4/23 20:09,2026/4/23 20:09,0,0,0,0,,,,,,,,,unknown,insufficient_contact_attempts,low,booked_not_attended,joined_by_user_id_only,missing_order
2026-04-29,2026-04,62998310,4121807,,,2026-04-25T18:23:27+08:00,4121807,,2026-04-25T18:23:27+08:00,1,0,CC人工改派,1,1,2026-04-23 21:30 ~ 22:00,2026-04-23 21:30 ~ 22:00,cancel,1,0,0,0,0,0,0,0,0,0,,,0,0,0,0,,,,,,,,,valid_lead,has_booking_signal,low,booked_not_attended,joined_by_user_id_only,missing_call|missing_order
2026-04-29,2026-04,62998794,4121807,,,2026-04-23T15:33:32+08:00,4121807,,2026-04-23T15:33:32+08:00,1,0,中东成人高中生分配,1,1,2026-04-23 21:00 ~ 21:30,2026-04-23 21:00 ~ 21:30,cancel,1,0,0,1,0,0,0,0,1,1,2026/4/24 1:46,2026/4/24 1:46,0,0,0,0,,,,,,,,,unknown,insufficient_contact_attempts,low,booked_not_attended,joined_by_user_id_only,missing_order
2026-04-29,2026-04,62999049,4121807,,,2026-04-25T18:23:27+08:00,4121807,,2026-04-25T18:23:27+08:00,1,0,CC人工改派,1,1,2026-04-23 20:30 ~ 21:00,2026-04-23 20:30 ~ 21:00,cancel,1,0,0,0,0,0,0,0,0,0,,,0,0,0,0,,,,,,,,,valid_lead,has_booking_signal,low,booked_not_attended,joined_by_user_id_only,missing_call|missing_order
2026-04-29,2026-04,62999276,4123060,,,2026-04-23T17:06:47+08:00,4123060,,2026-04-23T17:06:47+08:00,1,0,中东成人高中生分配,1,1,2026-04-23 16:30 ~ 17:00,2026-04-23 16:30 ~ 17:00,cancel,1,0,0,1,0,0,0,0,1,1,2026/4/23 19:41,2026/4/23 19:41,0,0,0,0,,,,,,,,,unknown,insufficient_contact_attempts,low,booked_not_attended,joined_by_user_id_only,missing_order
2026-04-29,2026-04,62999750,4123061,,,2026-04-23T17:18:44+08:00,4123061,,2026-04-23T17:18:44+08:00,1,0,中东academy_en分配,1,1,2026-04-23 16:00 ~ 16:30,2026-04-23 16:00 ~ 16:30,end,0,0,1,1,0,0,0,0,1,1,2026/4/25 16:25,2026/4/25 16:25,0,0,0,0,,,,,,,,,valid_lead,has_order_attendance_or_effective_call,medium,attended_not_closed,joined_by_user_id_only,missing_order
2026-04-29,2026-04,62999919,4123057,,,2026-04-23T17:04:07+08:00,4123057,,2026-04-23T17:04:07+08:00,1,0,中东成人高中生分配,1,1,2026-04-25 13:00 ~ 13:30,2026-04-25 13:00 ~ 13:30,cancel,1,0,0,1,1,1,0,44,1,1,2026/4/23 21:20,2026/4/23 21:20,44,0,0,0,,,,,,,,,valid_lead,has_order_attendance_or_effective_call,medium,booked_not_attended,joined_by_user_id_only,missing_order
2026-04-29,2026-04,63000125,4123057,,,2026-04-23T18:04:06+08:00,4123057,,2026-04-23T18:04:06+08:00,1,0,转介绍分配cc,1,1,2026-04-23 16:00 ~ 16:30,2026-04-23 16:00 ~ 16:30,end,0,0,1,1,0,0,0,0,1,1,2026/4/23 21:49,2026/4/23 21:49,0,0,0,0,,,,,,,,,valid_lead,has_order_attendance_or_effective_call,medium,attended_not_closed,joined_by_user_id_only,missing_order
2026-04-29,2026-04,63000155,4121806,,,2026-04-23T18:18:52+08:00,4121806,,2026-04-23T18:18:52+08:00,1,0,中东academy_en分配,0,0,,,,0,0,0,0,0,0,0,0,0,0,,,0,0,0,0,,,,,,,,,unknown,data_missing_or_insufficient,low,no_booking,joined_by_user_id_only,missing_trial|missing_call|missing_order
2026-04-29,2026-04,63000195,4122734,,,2026-04-26T17:29:14+08:00,4122734,,2026-04-26T17:29:14+08:00,1,0,CC人工改派,0,0,,,,0,0,0,0,0,0,0,0,0,0,,,0,0,0,0,,,,,,,,,unknown,data_missing_or_insufficient,low,no_booking,joined_by_user_id_only,missing_trial|missing_call|missing_order
2026-04-29,2026-04,63000215,4123061,,,2026-04-23T18:21:17+08:00,4123061,,2026-04-23T18:21:17+08:00,1,0,中东成人高中生分配,1,1,2026-04-25 13:30 ~ 14:00,2026-04-25 13:30 ~ 14:00,s_absent,0,1,0,2,0,0,0,0,2,2,2026/4/23 19:21,2026-04-26 23:57:03,0,0,0,0,,,,,,,,,unknown,insufficient_contact_attempts,low,booked_not_attended,joined_by_user_id_only,missing_order
2026-04-29,2026-04,63000247,4122734,,,2026-04-23T18:40:28+08:00,4122734,,2026-04-23T18:40:28+08:00,1,0,中东academy_en分配,0,0,,,,0,0,0,1,0,0,0,0,1,1,2026/4/23 20:05,2026/4/23 20:05,0,0,0,0,,,,,,,,,unknown,insufficient_contact_attempts,low,no_booking,joined_by_user_id_only,missing_trial|missing_order
2026-04-29,2026-04,63000277,4121806,,,2026-04-23T19:02:23+08:00,4121806,,2026-04-23T19:02:23+08:00,1,0,中东成人高中生分配,1,1,2026-04-23 17:00 ~ 17:30,2026-04-23 17:00 ~ 17:30,cancel,1,0,0,1,1,1,0,91,1,1,2026/4/23 20:38,2026/4/23 20:38,91,0,0,0,,,,,,,,,valid_lead,has_order_attendance_or_effective_call,medium,booked_not_attended,joined_by_user_id_only,missing_order
2026-04-29,2026-04,63000648,4122734,,,2026-04-23T19:28:34+08:00,4122734,,2026-04-23T19:28:34+08:00,1,0,中东成人高中生分配,1,2,2026-04-23 15:00 ~ 15:30,2026-04-23 21:30 ~ 22:00,cancel,1,0,0,1,0,0,0,0,1,1,2026/4/23 19:39,2026/4/23 19:39,0,0,0,0,,,,,,,,,unknown,insufficient_contact_attempts,low,booked_not_attended,joined_by_user_id_only,missing_order
2026-04-29,2026-04,63000700,4121807,,,2026-04-23T20:02:30+08:00,4121807,,2026-04-23T20:02:30+08:00,1,0,中东academy_en分配,1,1,2026-04-23 17:00 ~ 17:30,2026-04-23 17:00 ~ 17:30,cancel,1,0,0,1,1,1,0,145,1,1,2026/4/23 20:27,2026/4/23 20:27,145,0,0,0,,,,,,,,,valid_lead,has_order_attendance_or_effective_call,medium,booked_not_attended,joined_by_user_id_only,missing_order
2026-04-29,2026-04,63000763,4122734,,,2026-04-26T17:29:13+08:00,4122734,,2026-04-26T17:29:13+08:00,1,0,CC人工改派,1,1,2026-04-25 15:30 ~ 16:00,2026-04-25 15:30 ~ 16:00,s_absent,0,1,0,1,0,0,0,0,1,1,2026-04-27 01:35:54,2026-04-27 01:35:54,0,0,0,0,,,,,,,,,unknown,insufficient_contact_attempts,low,booked_not_attended,joined_by_user_id_only,missing_order
2026-04-29,2026-04,63000941,4121806,,,2026-04-25T18:22:57+08:00,4121806,,2026-04-25T18:22:57+08:00,1,0,CC人工改派,1,1,2026-04-23 15:30 ~ 16:00,2026-04-23 15:30 ~ 16:00,s_absent,0,1,0,0,0,0,0,0,0,0,,,0,0,0,0,,,,,,,,,valid_lead,has_booking_signal,low,booked_not_attended,joined_by_user_id_only,missing_call|missing_order
2026-04-29,2026-04,63000974,4121807,,,2026-04-23T20:21:10+08:00,4121807,,2026-04-23T20:21:10+08:00,1,0,中东成人高中生分配,1,1,2026-04-23 16:00 ~ 16:30,2026-04-23 16:00 ~ 16:30,end,0,0,1,1,0,0,0,0,1,1,2026/4/23 21:32,2026/4/23 21:32,0,0,0,0,,,,,,,,,valid_lead,has_order_attendance_or_effective_call,medium,attended_not_closed,joined_by_user_id_only,missing_order
2026-04-29,2026-04,63000987,4121807,,,2026-04-25T18:23:29+08:00,4121807,,2026-04-25T18:23:29+08:00,1,0,CC人工改派,0,0,,,,0,0,0,0,0,0,0,0,0,0,,,0,0,0,0,,,,,,,,,unknown,data_missing_or_insufficient,low,no_booking,joined_by_user_id_only,missing_trial|missing_call|missing_order
2026-04-29,2026-04,63001001,4121806,,,2026-04-26T17:26:44+08:00,4121806,,2026-04-26T17:26:44+08:00,1,0,CC人工改派,0,0,,,,0,0,0,0,0,0,0,0,0,0,,,0,0,0,0,,,,,,,,,unknown,data_missing_or_insufficient,low,no_booking,joined_by_user_id_only,missing_trial|missing_call|missing_order
2026-04-29,2026-04,63001091,4123057,,,2026-04-23T20:36:53+08:00,4123057,,2026-04-23T20:36:53+08:00,1,0,中东academy_en分配,1,1,2026-04-23 18:30 ~ 19:00,2026-04-23 18:30 ~ 19:00,cancel,1,0,0,1,0,0,0,0,1,1,2026/4/23 21:33,2026/4/23 21:33,0,0,0,0,,,,,,,,,unknown,insufficient_contact_attempts,low,booked_not_attended,joined_by_user_id_only,missing_order
2026-04-29,2026-04,63001100,4123061,,,2026-04-23T20:44:39+08:00,4123061,,2026-04-23T20:44:39+08:00,1,0,中东academy_en分配,1,1,2026-04-25 15:00 ~ 15:30,2026-04-25 15:00 ~ 15:30,cancel,1,0,0,1,1,0,1,20,1,1,2026/4/25 19:48,2026/4/25 19:48,20,0,0,0,,,,,,,,,unknown,insufficient_contact_attempts,low,booked_not_attended,joined_by_user_id_only,missing_order
2026-04-29,2026-04,63001336,4123060,,,2026-04-23T20:38:00+08:00,4123060,,2026-04-23T20:38:00+08:00,1,0,中东academy_en分配,1,1,2026-04-23 19:00 ~ 19:30,2026-04-23 19:00 ~ 19:30,s_absent,0,1,0,1,0,0,0,0,1,1,2026/4/23 21:48,2026/4/23 21:48,0,0,0,0,,,,,,,,,unknown,insufficient_contact_attempts,low,booked_not_attended,joined_by_user_id_only,missing_order
2026-04-29,2026-04,63002028,4121806,,,2026-04-23T21:54:29+08:00,4121806,,2026-04-23T21:54:29+08:00,1,0,中东academy_en分配,1,1,2026-04-25 14:30 ~ 15:00,2026-04-25 14:30 ~ 15:00,cancel,1,0,0,1,1,1,0,557,1,1,2026/4/23 22:01,2026/4/23 22:01,557,0,0,0,,,,,,,,,valid_lead,has_order_attendance_or_effective_call,medium,booked_not_attended,joined_by_user_id_only,missing_order
2026-04-29,2026-04,63002094,4122734,,,2026-04-23T22:44:12+08:00,4122734,,2026-04-23T22:44:12+08:00,1,0,中东academy_en分配,1,1,2026-04-23 21:30 ~ 22:00,2026-04-23 21:30 ~ 22:00,cancel,1,0,0,2,1,0,1,7,2,1,2026/4/24 0:30,2026-04-27 00:20:52,0,0,0,0,,,,,,,,,unknown,insufficient_contact_attempts,low,booked_not_attended,joined_by_user_id_only,missing_order
2026-04-29,2026-04,63002151,4121807,,,2026-04-25T18:23:27+08:00,4121807,,2026-04-25T18:23:27+08:00,1,0,CC人工改派,1,1,2026-04-25 13:30 ~ 14:00,2026-04-25 13:30 ~ 14:00,cancel,1,0,0,0,0,0,0,0,0,0,,,0,0,0,0,,,,,,,,,valid_lead,has_booking_signal,low,booked_not_attended,joined_by_user_id_only,missing_call|missing_order
2026-04-29,2026-04,63002268,4123057,,,2026-04-23T22:50:09+08:00,4123057,,2026-04-23T22:50:09+08:00,1,0,中东成人高中生分配,1,1,2026-04-23 18:30 ~ 19:00,2026-04-23 18:30 ~ 19:00,s_absent,0,1,0,1,0,0,0,0,1,1,2026/4/23 22:52,2026/4/23 22:52,0,0,0,0,,,,,,,,,unknown,insufficient_contact_attempts,low,booked_not_attended,joined_by_user_id_only,missing_order
2026-04-29,2026-04,63002295,4122734,,,2026-04-26T17:29:14+08:00,4122734,,2026-04-26T17:29:14+08:00,1,0,CC人工改派,0,0,,,,0,0,0,0,0,0,0,0,0,0,,,0,0,0,0,,,,,,,,,unknown,data_missing_or_insufficient,low,no_booking,joined_by_user_id_only,missing_trial|missing_call|missing_order
2026-04-29,2026-04,63002529,4123060,,,2026-04-23T23:06:03+08:00,4123060,,2026-04-23T23:06:03+08:00,1,0,中东成人高中生分配,1,1,2026-04-23 19:30 ~ 20:00,2026-04-23 19:30 ~ 20:00,s_absent,0,1,0,1,0,0,0,0,1,1,2026/4/24 0:32,2026/4/24 0:32,0,0,0,0,,,,,,,,,unknown,insufficient_contact_attempts,low,booked_not_attended,joined_by_user_id_only,missing_order
2026-04-29,2026-04,63002587,4121806,,,2026-04-25T18:22:55+08:00,4121806,,2026-04-25T18:22:55+08:00,1,0,CC人工改派,1,2,2026-04-25 15:30 ~ 16:00,2026-04-26 18:30 ~ 19:00,cancel,1,0,0,1,1,1,0,1440,1,1,2026/4/26 17:54,2026/4/26 17:54,1440,0,0,0,,,,,,,,,valid_lead,has_order_attendance_or_effective_call,medium,booked_not_attended,joined_by_user_id_only,missing_order
2026-04-29,2026-04,63003096,4122734,,,2026-04-24T01:30:14+08:00,4122734,,2026-04-24T01:30:14+08:00,1,0,中东成人高中生分配,1,1,2026-04-23 21:30 ~ 22:00,2026-04-23 21:30 ~ 22:00,cancel,1,0,0,1,1,0,1,5,1,1,2026/4/24 2:19,2026/4/24 2:19,5,0,0,0,,,,,,,,,unknown,insufficient_contact_attempts,low,booked_not_attended,joined_by_user_id_only,missing_order
2026-04-29,2026-04,63003170,4121807,,,2026-04-24T01:13:10+08:00,4121807,,2026-04-24T01:13:10+08:00,1,0,中东academy_en分配,1,1,2026-04-25 13:30 ~ 14:00,2026-04-25 13:30 ~ 14:00,s_absent,0,1,0,0,0,0,0,0,0,0,,,0,0,0,0,,,,,,,,,valid_lead,has_booking_signal,low,booked_not_attended,joined_by_user_id_only,missing_call|missing_order
2026-04-29,2026-04,63003172,4121806,,,2026-04-24T01:13:50+08:00,4121806,,2026-04-24T01:13:50+08:00,1,0,中东成人高中生分配,1,1,2026-04-23 21:00 ~ 21:30,2026-04-23 21:00 ~ 21:30,cancel,1,0,0,1,0,0,0,0,1,1,2026/4/24 1:46,2026/4/24 1:46,0,0,0,0,,,,,,,,,unknown,insufficient_contact_attempts,low,booked_not_attended,joined_by_user_id_only,missing_order
2026-04-29,2026-04,63003354,4122734,,,2026-04-26T17:29:13+08:00,4122734,,2026-04-26T17:29:13+08:00,1,0,CC人工改派,1,1,2026-04-25 15:30 ~ 16:00,2026-04-25 15:30 ~ 16:00,s_absent,0,1,0,1,0,0,0,0,1,1,2026-04-27 01:00:37,2026-04-27 01:00:37,0,0,0,0,,,,,,,,,unknown,insufficient_contact_attempts,low,booked_not_attended,joined_by_user_id_only,missing_order
2026-04-29,2026-04,63003421,4123061,,,2026-04-24T01:12:21+08:00,4123061,,2026-04-24T01:12:21+08:00,1,0,中东成人高中生分配,1,1,2026-04-25 15:00 ~ 15:30,2026-04-25 15:00 ~ 15:30,cancel,1,0,0,2,1,1,0,57,2,1,2026/4/26 19:38,2026-04-27 20:54:35,0,0,0,0,,,,,,,,,valid_lead,has_order_attendance_or_effective_call,medium,booked_not_attended,joined_by_user_id_only,missing_order
2026-04-29,2026-04,63003571,4121806,,,2026-04-25T18:22:56+08:00,4121806,,2026-04-25T18:22:56+08:00,1,0,CC人工改派,1,1,2026-04-25 13:30 ~ 14:00,2026-04-25 13:30 ~ 14:00,cancel,1,0,0,0,0,0,0,0,0,0,,,0,0,0,0,,,,,,,,,valid_lead,has_booking_signal,low,booked_not_attended,joined_by_user_id_only,missing_call|missing_order
2026-04-29,2026-04,63003648,4121807,,,2026-04-25T18:23:28+08:00,4121807,,2026-04-25T18:23:28+08:00,1,0,CC人工改派,0,0,,,,0,0,0,0,0,0,0,0,0,0,,,0,0,0,0,,,,,,,,,unknown,data_missing_or_insufficient,low,no_booking,joined_by_user_id_only,missing_trial|missing_call|missing_order
2026-04-29,2026-04,63003718,4121807,,,2026-04-24T03:03:30+08:00,4121807,,2026-04-24T03:03:30+08:00,1,0,中东成人高中生分配,1,1,2026-04-25 13:30 ~ 14:00,2026-04-25 13:30 ~ 14:00,cancel,1,0,0,1,0,0,0,0,1,1,2026/4/25 18:25,2026/4/25 18:25,0,0,0,0,,,,,,,,,unknown,insufficient_contact_attempts,low,booked_not_attended,joined_by_user_id_only,missing_order
2026-04-29,2026-04,63003728,4121807,,,2026-04-25T18:23:26+08:00,4121807,,2026-04-25T18:23:26+08:00,1,0,CC人工改派,1,1,2026-04-25 14:00 ~ 14:30,2026-04-25 14:00 ~ 14:30,cancel,1,0,0,0,0,0,0,0,0,0,,,0,0,0,0,,,,,,,,,valid_lead,has_booking_signal,low,booked_not_attended,joined_by_user_id_only,missing_call|missing_order
2026-04-29,2026-04,63003757,4123057,,,2026-04-24T04:03:43+08:00,4123057,,2026-04-24T04:03:43+08:00,1,0,中东academy_en分配,1,1,2026-04-26 20:30 ~ 21:00,2026-04-26 20:30 ~ 21:00,on,0,0,1,1,0,0,0,0,1,1,2026/4/25 17:34,2026/4/25 17:34,0,0,0,0,,,,,,,,,valid_lead,has_order_attendance_or_effective_call,medium,attended_not_closed,joined_by_user_id_only,missing_order
2026-04-29,2026-04,63003760,4123060,,,2026-04-24T04:11:22+08:00,4123060,,2026-04-24T04:11:22+08:00,1,0,中东academy_en分配,1,1,2026-04-25 14:00 ~ 14:30,2026-04-25 14:00 ~ 14:30,end,0,0,1,1,1,1,0,571,1,1,2026/4/25 19:34,2026/4/25 19:34,571,1,0,0,,,,,,,,,valid_lead,has_order_attendance_or_effective_call,medium,attended_not_closed,joined_by_user_id_only,missing_order
2026-04-29,2026-04,63003779,4123061,,,2026-04-24T04:36:13+08:00,4123061,,2026-04-24T04:36:13+08:00,1,0,中东academy_en分配,1,1,2026-04-26 19:30 ~ 20:00,2026-04-26 19:30 ~ 20:00,cancel,1,0,0,1,0,0,0,0,1,1,2026/4/26 20:29,2026/4/26 20:29,0,0,0,0,,,,,,,,,unknown,insufficient_contact_attempts,low,booked_not_attended,joined_by_user_id_only,missing_order
2026-04-29,2026-04,63003783,4121806,,,2026-04-24T04:39:34+08:00,4121806,,2026-04-24T04:39:34+08:00,1,0,中东academy_en分配,1,1,2026-04-25 14:00 ~ 14:30,2026-04-25 14:00 ~ 14:30,cancel,1,0,0,0,0,0,0,0,0,0,,,0,0,0,0,,,,,,,,,valid_lead,has_booking_signal,low,booked_not_attended,joined_by_user_id_only,missing_call|missing_order
2026-04-29,2026-04,63003822,4123057,,,2026-04-24T03:31:35+08:00,4123057,,2026-04-24T03:31:35+08:00,1,0,中东成人高中生分配,1,1,2026-04-25 13:00 ~ 13:30,2026-04-25 13:00 ~ 13:30,cancel,1,0,0,1,0,0,0,0,1,1,2026/4/25 16:30,2026/4/25 16:30,0,0,0,0,,,,,,,,,unknown,insufficient_contact_attempts,low,booked_not_attended,joined_by_user_id_only,missing_order
2026-04-29,2026-04,63003865,4123060,,,2026-04-24T04:40:06+08:00,4123060,,2026-04-24T04:40:06+08:00,1,0,中东成人高中生分配,1,1,2026-04-25 14:30 ~ 15:00,2026-04-25 14:30 ~ 15:00,cancel,1,0,0,0,0,0,0,0,0,0,,,0,0,0,0,,,,,,,,,valid_lead,has_booking_signal,low,booked_not_attended,joined_by_user_id_only,missing_call|missing_order
2026-04-29,2026-04,63004253,4122734,,,2026-04-24T07:14:26+08:00,4122734,,2026-04-24T07:14:26+08:00,1,0,中东academy_en分配,1,1,2026-04-26 14:30 ~ 15:00,2026-04-26 14:30 ~ 15:00,cancel,1,0,0,2,1,0,1,19,1,1,2026/4/26 17:33,2026-04-26 17:34:28,0,0,0,0,,,,,,,,,unknown,insufficient_contact_attempts,low,booked_not_attended,joined_by_user_id_only,missing_order
2026-04-29,2026-04,63004275,4123061,,,2026-04-24T07:53:37+08:00,4123061,,2026-04-24T07:53:37+08:00,1,0,中东成人高中生分配,1,1,2026-04-25 14:30 ~ 15:00,2026-04-25 14:30 ~ 15:00,cancel,1,0,0,2,0,0,0,0,2,2,2026/4/25 19:15,2026-04-26 23:53:55,0,0,0,0,,,,,,,,,unknown,insufficient_contact_attempts,low,booked_not_attended,joined_by_user_id_only,missing_order
2026-04-29,2026-04,63004300,4121806,,,2026-04-26T17:27:43+08:00,4121806,,2026-04-26T17:27:43+08:00,1,0,CC人工改派,1,1,2026-04-26 18:00 ~ 18:30,2026-04-26 18:00 ~ 18:30,cancel,1,0,0,5,4,4,0,597,1,1,2026/4/26 20:33,2026-04-26 21:28:44,31,0,0,0,,,,,,,,,valid_lead,has_order_attendance_or_effective_call,medium,booked_not_attended,joined_by_user_id_only,missing_order
2026-04-29,2026-04,63004507,4121806,,,2026-04-25T18:22:56+08:00,4121806,,2026-04-25T18:22:56+08:00,1,0,CC人工改派,1,1,2026-04-26 20:30 ~ 21:00,2026-04-26 20:30 ~ 21:00,cancel,1,0,0,0,0,0,0,0,0,0,,,0,0,0,0,,,,,,,,,valid_lead,has_booking_signal,low,booked_not_attended,joined_by_user_id_only,missing_call|missing_order
2026-04-29,2026-04,63004534,4121807,,,2026-04-25T18:23:25+08:00,4121807,,2026-04-25T18:23:25+08:00,1,0,CC人工改派,1,1,2026-04-26 19:30 ~ 20:00,2026-04-26 19:30 ~ 20:00,cancel,1,0,0,1,0,0,0,0,1,1,2026/4/25 18:43,2026/4/25 18:43,0,0,0,0,,,,,,,,,unknown,insufficient_contact_attempts,low,booked_not_attended,joined_by_user_id_only,missing_order
2026-04-29,2026-04,63004620,4121807,,,2026-04-24T09:01:07+08:00,4121807,,2026-04-24T09:01:07+08:00,1,0,中东academy_en分配,0,0,,,,0,0,0,0,0,0,0,0,0,0,,,0,0,0,0,,,,,,,,,unknown,data_missing_or_insufficient,low,no_booking,joined_by_user_id_only,missing_trial|missing_call|missing_order
2026-04-29,2026-04,63005455,4121806,,,2026-04-24T12:24:11+08:00,4121806,,2026-04-24T12:24:11+08:00,1,0,中东成人高中生分配,1,1,2026-04-26 19:00 ~ 19:30,2026-04-26 19:00 ~ 19:30,s_absent,0,1,0,1,0,0,0,0,1,1,2026/4/25 16:26,2026/4/25 16:26,0,0,0,0,,,,,,,,,unknown,insufficient_contact_attempts,low,booked_not_attended,joined_by_user_id_only,missing_order
2026-04-29,2026-04,63005460,4122734,,,2026-04-24T12:32:15+08:00,4122734,,2026-04-24T12:32:15+08:00,1,0,中东成人高中生分配,1,1,2026-04-26 16:00 ~ 16:30,2026-04-26 16:00 ~ 16:30,s_absent,0,1,0,2,0,0,0,0,1,1,2026/4/26 21:23,2026-04-26 21:23:48,0,0,0,0,,,,,,,,,unknown,insufficient_contact_attempts,low,booked_not_attended,joined_by_user_id_only,missing_order
2026-04-29,2026-04,63006383,4121806,,,2026-04-26T17:27:44+08:00,4121806,,2026-04-26T17:27:44+08:00,1,0,CC人工改派,1,1,2026-04-26 16:00 ~ 16:30,2026-04-26 16:00 ~ 16:30,s_absent,0,1,0,0,0,0,0,0,0,0,,,0,0,0,0,,,,,,,,,valid_lead,has_booking_signal,low,booked_not_attended,joined_by_user_id_only,missing_call|missing_order
2026-04-29,2026-04,63006474,4123057,,,2026-04-24T14:55:10+08:00,4123057,,2026-04-24T14:55:10+08:00,1,0,中东academy_en分配,0,0,,,,0,0,0,1,0,0,0,0,1,1,2026/4/25 16:19,2026/4/25 16:19,0,0,0,0,,,,,,,,,unknown,insufficient_contact_attempts,low,no_booking,joined_by_user_id_only,missing_trial|missing_order
2026-04-29,2026-04,63007152,4121806,,,2026-04-25T18:22:55+08:00,4121806,,2026-04-25T18:22:55+08:00,1,0,CC人工改派,1,1,2026-04-26 14:00 ~ 14:30,2026-04-26 14:00 ~ 14:30,cancel,1,0,0,0,0,0,0,0,0,0,,,0,0,0,0,,,,,,,,,valid_lead,has_booking_signal,low,booked_not_attended,joined_by_user_id_only,missing_call|missing_order
2026-04-29,2026-04,63007426,4123060,,,2026-04-24T17:08:16+08:00,4123060,,2026-04-24T17:08:16+08:00,1,0,中东academy_en分配,1,1,2026-04-26 17:30 ~ 18:00,2026-04-26 17:30 ~ 18:00,s_absent,0,1,0,1,0,0,0,0,1,1,2026/4/25 16:23,2026/4/25 16:23,0,0,0,0,,,,,,,,,unknown,insufficient_contact_attempts,low,booked_not_attended,joined_by_user_id_only,missing_order
2026-04-29,2026-04,63007545,4123061,,,2026-04-24T17:24:06+08:00,4123061,,2026-04-24T17:24:06+08:00,1,0,中东academy_en分配,0,0,,,,0,0,0,1,1,1,0,26,1,1,2026/4/26 19:34,2026/4/26 19:34,26,0,0,0,,,,,,,,,valid_lead,has_order_attendance_or_effective_call,medium,no_booking,joined_by_user_id_only,missing_trial|missing_order
2026-04-29,2026-04,63007737,4121806,,,2026-04-24T18:05:53+08:00,4121806,,2026-04-24T18:05:53+08:00,1,0,中东academy_en分配,0,0,,,,0,0,0,0,0,0,0,0,0,0,,,0,0,0,0,,,,,,,,,unknown,data_missing_or_insufficient,low,no_booking,joined_by_user_id_only,missing_trial|missing_call|missing_order
2026-04-29,2026-04,63007779,4121807,,,2026-04-24T18:37:01+08:00,4121807,,2026-04-24T18:37:01+08:00,1,0,中东成人高中生分配,1,1,2026-04-26 15:30 ~ 16:00,2026-04-26 15:30 ~ 16:00,s_absent,0,1,0,3,1,1,0,410,2,2,2026/4/25 16:57,2026-04-26 21:44:15,410,0,0,0,,,,,,,,,valid_lead,has_order_attendance_or_effective_call,medium,booked_not_attended,joined_by_user_id_only,missing_order
2026-04-29,2026-04,63007789,4121806,,,2026-04-26T17:27:43+08:00,4121806,,2026-04-26T17:27:43+08:00,1,0,CC人工改派,1,1,2026-04-26 18:30 ~ 19:00,2026-04-26 18:30 ~ 19:00,cancel,1,0,0,2,0,0,0,0,1,2,2026/4/26 17:42,2026-04-26 23:20:08,0,0,0,0,,,,,,,,,unknown,insufficient_contact_attempts,low,booked_not_attended,joined_by_user_id_only,missing_order
2026-04-29,2026-04,63007799,4121806,,,2026-04-25T18:22:55+08:00,4121806,,2026-04-25T18:22:55+08:00,1,0,CC人工改派,1,1,2026-04-26 18:00 ~ 18:30,2026-04-26 18:00 ~ 18:30,cancel,1,0,0,1,0,0,0,0,1,1,2026/4/26 19:37,2026/4/26 19:37,0,0,0,0,,,,,,,,,unknown,insufficient_contact_attempts,low,booked_not_attended,joined_by_user_id_only,missing_order
2026-04-29,2026-04,63008118,4122734,,,2026-04-24T18:43:40+08:00,4122734,,2026-04-24T18:43:40+08:00,1,0,中东academy_en分配,1,1,2026-04-26 16:00 ~ 16:30,2026-04-26 16:00 ~ 16:30,cancel,1,0,0,1,1,1,0,1597,1,1,2026/4/26 18:05,2026/4/26 18:05,1597,0,0,0,,,,,,,,,valid_lead,has_order_attendance_or_effective_call,medium,booked_not_attended,joined_by_user_id_only,missing_order
2026-04-29,2026-04,63008130,4121807,,,2026-04-25T18:23:26+08:00,4121807,,2026-04-25T18:23:26+08:00,1,0,CC人工改派,1,1,2026-04-26 14:00 ~ 14:30,2026-04-26 14:00 ~ 14:30,cancel,1,0,0,1,0,0,0,0,1,1,2026-04-27 01:36:36,2026-04-27 01:36:36,0,0,0,0,,,,,,,,,unknown,insufficient_contact_attempts,low,booked_not_attended,joined_by_user_id_only,missing_order
2026-04-29,2026-04,63008137,4121807,,,2026-04-24T19:02:21+08:00,4121807,,2026-04-24T19:02:21+08:00,1,0,中东academy_en分配,1,1,2026-04-26 18:00 ~ 18:30,2026-04-26 18:00 ~ 18:30,end,0,0,1,1,1,1,0,120,1,1,2026/4/25 16:43,2026/4/25 16:43,120,0,0,0,,,,,,,,,valid_lead,has_order_attendance_or_effective_call,medium,attended_not_closed,joined_by_user_id_only,missing_order
2026-04-29,2026-04,63008246,4121807,,,2026-04-25T18:23:26+08:00,4121807,,2026-04-25T18:23:26+08:00,1,0,CC人工改派,1,1,2026-04-26 18:00 ~ 18:30,2026-04-26 18:00 ~ 18:30,cancel,1,0,0,1,0,0,0,0,1,1,2026/4/25 19:43,2026/4/25 19:43,0,0,0,0,,,,,,,,,unknown,insufficient_contact_attempts,low,booked_not_attended,joined_by_user_id_only,missing_order
2026-04-29,2026-04,63008261,4123057,,,2026-04-24T19:26:49+08:00,4123057,,2026-04-24T19:26:49+08:00,1,0,中东academy_en分配,1,1,2026-04-26 17:30 ~ 18:00,2026-04-26 17:30 ~ 18:00,cancel,1,0,0,1,0,0,0,0,1,1,2026/4/25 16:07,2026/4/25 16:07,0,0,0,0,,,,,,,,,unknown,insufficient_contact_attempts,low,booked_not_attended,joined_by_user_id_only,missing_order
2026-04-29,2026-04,63008438,4123060,,,2026-04-24T19:32:22+08:00,4123060,,2026-04-24T19:32:22+08:00,1,0,中东academy_en分配,1,1,2026-04-26 15:00 ~ 15:30,2026-04-26 15:00 ~ 15:30,end,0,0,1,4,0,0,0,0,1,1,2026-04-26 18:15:56,2026-04-26 19:46:00,0,0,0,0,,,,,,,,,valid_lead,has_order_attendance_or_effective_call,medium,attended_not_closed,joined_by_user_id_only,missing_order
2026-04-29,2026-04,63008471,4123061,,,2026-04-24T20:09:05+08:00,4123061,,2026-04-24T20:09:05+08:00,1,0,中东academy_en分配,1,1,2026-04-26 15:00 ~ 15:30,2026-04-26 15:00 ~ 15:30,end,0,0,1,3,3,3,0,703,1,1,2026/4/26 19:47,2026-04-26 20:44:47,145,1,0,0,,,,,,,,,valid_lead,has_order_attendance_or_effective_call,medium,attended_not_closed,joined_by_user_id_only,missing_order
2026-04-29,2026-04,63008629,4121806,,,2026-04-24T20:19:33+08:00,4121806,,2026-04-24T20:19:33+08:00,1,0,中东academy_en分配,1,1,2026-04-26 17:30 ~ 18:00,2026-04-26 17:30 ~ 18:00,cancel,1,0,0,1,1,1,0,654,1,1,2026/4/25 16:35,2026/4/25 16:35,654,0,0,0,,,,,,,,,valid_lead,has_order_attendance_or_effective_call,medium,booked_not_attended,joined_by_user_id_only,missing_order
2026-04-29,2026-04,63008794,4122734,,,2026-04-24T21:13:43+08:00,4122734,,2026-04-24T21:13:43+08:00,1,0,中东academy_en分配,1,1,2026-04-25 13:00 ~ 13:30,2026-04-25 13:00 ~ 13:30,end,0,0,1,1,1,0,1,7,1,1,2026-04-27 00:23:09,2026-04-27 00:23:09,7,0,0,0,,,,,,,,,valid_lead,has_order_attendance_or_effective_call,medium,attended_not_closed,joined_by_user_id_only,missing_order
2026-04-29,2026-04,63008956,4123057,,,2026-04-24T20:39:41+08:00,4123057,,2026-04-24T20:39:41+08:00,1,0,中东成人高中生分配,1,1,2026-04-25 15:00 ~ 15:30,2026-04-25 15:00 ~ 15:30,cancel,1,0,0,1,0,0,0,0,1,1,2026/4/25 16:11,2026/4/25 16:11,0,0,0,0,,,,,,,,,unknown,insufficient_contact_attempts,low,booked_not_attended,joined_by_user_id_only,missing_order
2026-04-29,2026-04,63009366,4123060,,,2026-04-24T22:00:25+08:00,4123060,,2026-04-24T22:00:25+08:00,1,0,中东成人高中生分配,1,1,2026-04-25 14:00 ~ 14:30,2026-04-25 14:00 ~ 14:30,s_absent,0,1,0,1,0,0,0,0,1,1,2026/4/25 19:26,2026/4/25 19:26,0,0,0,0,,,,,,,,,unknown,insufficient_contact_attempts,low,booked_not_attended,joined_by_user_id_only,missing_order
2026-04-29,2026-04,63009464,4122734,,,2026-04-26T17:29:13+08:00,4122734,,2026-04-26T17:29:13+08:00,1,0,CC人工改派,1,1,2026-04-25 13:00 ~ 13:30,2026-04-25 13:00 ~ 13:30,s_absent,0,1,0,0,0,0,0,0,0,0,,,0,0,0,0,,,,,,,,,valid_lead,has_booking_signal,low,booked_not_attended,joined_by_user_id_only,missing_call|missing_order
2026-04-29,2026-04,63009570,4121806,,,2026-04-25T18:22:56+08:00,4121806,,2026-04-25T18:22:56+08:00,1,0,CC人工改派,1,1,2026-04-25 14:30 ~ 15:00,2026-04-25 14:30 ~ 15:00,cancel,1,0,0,1,0,0,0,0,1,1,2026/4/25 19:22,2026/4/25 19:22,0,0,0,0,,,,,,,,,unknown,insufficient_contact_attempts,low,booked_not_attended,joined_by_user_id_only,missing_order
2026-04-29,2026-04,63010073,4121807,,,2026-04-25T18:23:26+08:00,4121807,,2026-04-25T18:23:26+08:00,1,0,CC人工改派,1,1,2026-04-26 18:30 ~ 19:00,2026-04-26 18:30 ~ 19:00,cancel,1,0,0,4,1,1,0,436,2,2,2026/4/25 19:18,2026-04-26 23:21:21,0,0,0,0,,,,,,,,,valid_lead,has_order_attendance_or_effective_call,medium,booked_not_attended,joined_by_user_id_only,missing_order
2026-04-29,2026-04,63010164,4123060,,,2026-04-25T00:18:05+08:00,4123060,,2026-04-25T00:18:05+08:00,1,0,中东academy_en分配,1,1,2026-04-26 20:00 ~ 20:30,2026-04-26 20:00 ~ 20:30,on,0,0,1,2,2,2,0,182,1,1,2026/4/26 18:26,2026-04-26 18:26:18,91,0,0,0,,,,,,,,,valid_lead,has_order_attendance_or_effective_call,medium,attended_not_closed,joined_by_user_id_only,missing_order
2026-04-29,2026-04,63010226,4121807,,,2026-04-24T23:46:08+08:00,4121807,,2026-04-24T23:46:08+08:00,1,0,中东academy_en分配,1,1,2026-04-26 18:00 ~ 18:30,2026-04-26 18:00 ~ 18:30,end,0,0,1,1,1,1,0,318,1,1,2026/4/25 16:21,2026/4/25 16:21,318,0,0,0,,,,,,,,,valid_lead,has_order_attendance_or_effective_call,medium,attended_not_closed,joined_by_user_id_only,missing_order
2026-04-29,2026-04,63010250,4123057,,,2026-04-25T00:16:55+08:00,4123057,,2026-04-25T00:16:55+08:00,1,0,中东academy_en分配,0,0,,,,0,0,0,1,0,0,0,0,1,1,2026/4/25 16:14,2026/4/25 16:14,0,0,0,0,,,,,,,,,unknown,insufficient_contact_attempts,low,no_booking,joined_by_user_id_only,missing_trial|missing_order
2026-04-29,2026-04,63010478,4121806,,,2026-04-26T17:27:44+08:00,4121806,,2026-04-26T17:27:44+08:00,1,0,CC人工改派,1,1,2026-04-26 12:30 ~ 13:00,2026-04-26 12:30 ~ 13:00,s_absent,0,1,0,2,0,0,0,0,1,1,2026/4/26 17:19,2026-04-26 17:20:54,0,0,0,0,,,,,,,,,unknown,insufficient_contact_attempts,low,booked_not_attended,joined_by_user_id_only,missing_order
2026-04-29,2026-04,63010491,4121806,,,2026-04-25T18:22:54+08:00,4121806,,2026-04-25T18:22:54+08:00,1,0,CC人工改派,1,1,2026-04-27 20:30 ~ 21:00,2026-04-27 20:30 ~ 21:00,on,0,0,1,1,0,0,0,0,1,1,2026/4/25 19:33,2026/4/25 19:33,0,0,0,0,,,,,,,,,valid_lead,has_order_attendance_or_effective_call,medium,attended_not_closed,joined_by_user_id_only,missing_order
2026-04-29,2026-04,63010558,4123061,,,2026-04-25T02:06:10+08:00,4123061,,2026-04-25T02:06:10+08:00,1,0,中东成人高中生分配,1,1,2026-04-26 12:00 ~ 12:30,2026-04-26 12:00 ~ 12:30,s_absent,0,1,0,1,1,1,0,40,1,1,2026/4/26 16:54,2026/4/26 16:54,40,0,0,0,,,,,,,,,valid_lead,has_order_attendance_or_effective_call,medium,booked_not_attended,joined_by_user_id_only,missing_order
2026-04-29,2026-04,63010643,4121806,,,2026-04-25T02:17:10+08:00,4121806,,2026-04-25T02:17:10+08:00,1,0,中东成人高中生分配,1,2,2026-04-26 16:00 ~ 16:30,2026-04-26 19:30 ~ 20:00,cancel,1,0,0,2,1,0,1,6,2,1,2026/4/25 17:51,2026-04-26 20:50:22,6,0,0,0,,,,,,,,,unknown,insufficient_contact_attempts,low,booked_not_attended,joined_by_user_id_only,missing_order
2026-04-29,2026-04,63010645,4123061,,,2026-04-25T02:21:27+08:00,4123061,,2026-04-25T02:21:27+08:00,1,0,中东academy_en分配,1,2,2026-04-27 17:30 ~ 18:00,2026-04-27 20:30 ~ 21:00,on,1,0,1,2,2,2,0,744,1,1,2026/4/26 19:13,2026-04-26 19:13:59,372,0,0,0,,,,,,,,,valid_lead,has_order_attendance_or_effective_call,medium,attended_not_closed,joined_by_user_id_only,missing_order
2026-04-29,2026-04,63010674,4121806,,,2026-04-25T03:01:44+08:00,4121806,,2026-04-25T03:01:44+08:00,1,0,中东academy_en分配,0,0,,,,0,0,0,0,0,0,0,0,0,0,,,0,0,0,0,,,,,,,,,unknown,data_missing_or_insufficient,low,no_booking,joined_by_user_id_only,missing_trial|missing_call|missing_order
2026-04-29,2026-04,63010692,4121807,,,2026-04-25T18:23:26+08:00,4121807,,2026-04-25T18:23:26+08:00,1,0,CC人工改派,1,1,2026-04-26 17:00 ~ 17:30,2026-04-26 17:00 ~ 17:30,s_absent,0,1,0,2,0,0,0,0,2,2,2026/4/25 19:50,2026-04-27 01:14:47,0,0,0,0,,,,,,,,,unknown,insufficient_contact_attempts,low,booked_not_attended,joined_by_user_id_only,missing_order
2026-04-29,2026-04,63010693,4123057,,,2026-04-25T03:25:54+08:00,4123057,,2026-04-25T03:25:54+08:00,1,0,中东成人高中生分配,1,1,2026-04-26 17:00 ~ 17:30,2026-04-26 17:00 ~ 17:30,end,0,0,1,2,2,1,1,344,2,2,2026/4/25 16:09,2026-04-26 19:33:31,332,1,0,0,,,,,,,,,valid_lead,has_order_attendance_or_effective_call,medium,attended_not_closed,joined_by_user_id_only,missing_order
2026-04-29,2026-04,63010723,4122734,,,2026-04-25T02:20:44+08:00,4122734,,2026-04-25T02:20:44+08:00,1,0,中东成人高中生分配,1,1,2026-04-26 15:00 ~ 15:30,2026-04-26 15:00 ~ 15:30,cancel,1,0,0,2,0,0,0,0,1,1,2026/4/26 17:53,2026-04-26 19:52:39,0,0,0,0,,,,,,,,,unknown,insufficient_contact_attempts,low,booked_not_attended,joined_by_user_id_only,missing_order
2026-04-29,2026-04,63010778,4123060,,,2026-04-25T03:40:47+08:00,4123060,,2026-04-25T03:40:47+08:00,1,0,中东成人高中生分配,1,1,2026-04-26 16:30 ~ 17:00,2026-04-26 16:30 ~ 17:00,end,0,0,1,3,3,1,2,154,1,1,2026/4/26 21:22,2026-04-26 21:54:55,114,1,0,0,,,,,,,,,valid_lead,has_order_attendance_or_effective_call,medium,attended_not_closed,joined_by_user_id_only,missing_order
2026-04-29,2026-04,63010824,4123061,,,2026-04-25T03:50:51+08:00,4123061,,2026-04-25T03:50:51+08:00,1,0,中东成人高中生分配,1,1,2026-04-26 15:30 ~ 16:00,2026-04-26 15:30 ~ 16:00,cancel,1,0,0,5,1,1,0,291,1,2,2026-04-26 17:11:00,2026-04-26 23:36:03,291,0,0,0,,,,,,,,,valid_lead,has_order_attendance_or_effective_call,medium,booked_not_attended,joined_by_user_id_only,missing_order
2026-04-29,2026-04,63010894,4121806,,,2026-04-26T17:27:42+08:00,4121806,,2026-04-26T17:27:42+08:00,1,0,CC人工改派,1,1,2026-04-26 20:00 ~ 20:30,2026-04-26 20:00 ~ 20:30,on,0,0,1,1,1,1,0,1509,1,1,2026-04-27 01:15:24,2026-04-27 01:15:24,1509,1,0,0,,,,,,,,,valid_lead,has_order_attendance_or_effective_call,medium,attended_not_closed,joined_by_user_id_only,missing_order
2026-04-29,2026-04,63010901,4121807,,,2026-04-25T03:14:11+08:00,4121807,,2026-04-25T03:14:11+08:00,1,0,中东成人高中生分配,1,2,2026-04-26 13:00 ~ 13:30,2026-04-26 16:00 ~ 16:30,end,1,0,1,1,0,0,0,0,1,1,2026/4/26 20:55,2026/4/26 20:55,0,0,0,0,,,,,,,,,valid_lead,has_order_attendance_or_effective_call,medium,attended_not_closed,joined_by_user_id_only,missing_order
2026-04-29,2026-04,63010926,4122734,,,2026-04-25T03:52:55+08:00,4122734,,2026-04-25T03:52:55+08:00,1,0,中东academy_en分配,1,1,2026-04-26 16:00 ~ 16:30,2026-04-26 16:00 ~ 16:30,cancel,1,0,0,2,0,0,0,0,1,1,2026/4/26 17:56,2026-04-26 17:56:23,0,0,0,0,,,,,,,,,unknown,insufficient_contact_attempts,low,booked_not_attended,joined_by_user_id_only,missing_order
2026-04-29,2026-04,63010958,4121806,,,2026-04-25T04:47:46+08:00,4121806,,2026-04-25T04:47:46+08:00,1,0,中东成人高中生分配,1,1,2026-04-26 15:00 ~ 15:30,2026-04-26 15:00 ~ 15:30,cancel,1,0,0,3,0,0,0,0,2,1,2026/4/26 19:54,2026-04-27 21:27:38,0,0,0,0,,,,,,,,,unknown,insufficient_contact_attempts,low,booked_not_attended,joined_by_user_id_only,missing_order
2026-04-29,2026-04,63011060,4122734,,,2026-04-25T05:42:30+08:00,4122734,,2026-04-25T05:42:30+08:00,1,0,中东成人高中生分配,1,1,2026-04-26 18:30 ~ 19:00,2026-04-26 18:30 ~ 19:00,cancel,1,0,0,2,1,1,0,688,2,2,2026/4/26 21:25,2026-04-27 01:03:19,0,0,0,0,,,,,,,,,valid_lead,has_order_attendance_or_effective_call,medium,booked_not_attended,joined_by_user_id_only,missing_order
2026-04-29,2026-04,63011175,4121806,,,2026-04-26T17:27:44+08:00,4121806,,2026-04-26T17:27:44+08:00,1,0,CC人工改派,1,1,2026-04-26 15:00 ~ 15:30,2026-04-26 15:00 ~ 15:30,cancel,1,0,0,2,1,1,0,90,1,1,2026/4/26 19:46,2026-04-26 19:47:05,90,0,0,0,,,,,,,,,valid_lead,has_order_attendance_or_effective_call,medium,booked_not_attended,joined_by_user_id_only,missing_order
2026-04-29,2026-04,63011276,4121806,,,2026-04-25T18:22:55+08:00,4121806,,2026-04-25T18:22:55+08:00,1,0,CC人工改派,1,1,2026-04-26 13:30 ~ 14:00,2026-04-26 13:30 ~ 14:00,cancel,1,0,0,6,0,0,0,0,1,1,2026/4/26 18:22,2026-04-26 18:24:07,0,0,0,0,,,,,,,,,valid_lead,has_booking_signal,low,booked_not_attended,joined_by_user_id_only,missing_order
2026-04-29,2026-04,63011547,4121806,,,2026-04-26T17:26:44+08:00,4121806,,2026-04-26T17:26:44+08:00,1,0,CC人工改派,0,0,,,,0,0,0,0,0,0,0,0,0,0,,,0,0,0,0,,,,,,,,,unknown,data_missing_or_insufficient,low,no_booking,joined_by_user_id_only,missing_trial|missing_call|missing_order
2026-04-29,2026-04,63012319,4121807,,,2026-04-25T10:44:43+08:00,4121807,,2026-04-25T10:44:43+08:00,1,0,中东成人高中生分配,1,1,2026-04-26 14:00 ~ 14:30,2026-04-26 14:00 ~ 14:30,s_absent,0,1,0,1,0,0,0,0,1,1,2026/4/25 17:35,2026/4/25 17:35,0,0,0,0,,,,,,,,,unknown,insufficient_contact_attempts,low,booked_not_attended,joined_by_user_id_only,missing_order
2026-04-29,2026-04,63012625,4121807,,,2026-04-25T18:23:25+08:00,4121807,,2026-04-25T18:23:25+08:00,1,0,CC人工改派,1,1,2026-04-27 20:30 ~ 21:00,2026-04-27 20:30 ~ 21:00,on,0,0,1,1,1,1,0,49,1,1,2026/4/25 18:34,2026/4/25 18:34,49,0,0,0,,,,,,,,,valid_lead,has_order_attendance_or_effective_call,medium,attended_not_closed,joined_by_user_id_only,missing_order
2026-04-29,2026-04,63013075,4121807,,,2026-04-25T13:26:18+08:00,4121807,,2026-04-25T13:26:18+08:00,1,0,中东academy_en分配,1,1,2026-04-26 14:00 ~ 14:30,2026-04-26 14:00 ~ 14:30,s_absent,0,1,0,1,0,0,0,0,1,1,2026/4/25 17:21,2026/4/25 17:21,0,0,0,0,,,,,,,,,unknown,insufficient_contact_attempts,low,booked_not_attended,joined_by_user_id_only,missing_order
2026-04-29,2026-04,63013257,4123057,,,2026-04-25T13:40:42+08:00,4123057,,2026-04-25T13:40:42+08:00,1,0,中东成人高中生分配,1,1,2026-04-27 19:00 ~ 19:30,2026-04-27 19:00 ~ 19:30,cancel,1,0,0,2,1,1,0,56,2,2,2026/4/25 16:01,2026-04-26 19:27:28,56,0,0,0,,,,,,,,,valid_lead,has_order_attendance_or_effective_call,medium,booked_not_attended,joined_by_user_id_only,missing_order
2026-04-29,2026-04,63013278,4123060,,,2026-04-25T14:16:33+08:00,4123060,,2026-04-25T14:16:33+08:00,1,0,中东成人高中生分配,1,1,2026-04-27 20:00 ~ 20:30,2026-04-27 20:00 ~ 20:30,on,0,0,1,1,0,0,0,0,1,1,2026/4/25 16:21,2026/4/25 16:21,0,0,0,0,,,,,,,,,valid_lead,has_order_attendance_or_effective_call,medium,attended_not_closed,joined_by_user_id_only,missing_order
2026-04-29,2026-04,63013494,4123061,,,2026-04-25T15:16:14+08:00,4123061,,2026-04-25T15:16:14+08:00,1,0,中东成人高中生分配,1,1,2026-04-27 16:30 ~ 17:00,2026-04-27 16:30 ~ 17:00,on,0,0,1,2,1,1,0,176,2,1,2026/4/26 20:22,2026-04-27 21:22:03,0,0,0,0,,,,,,,,,valid_lead,has_order_attendance_or_effective_call,medium,attended_not_closed,joined_by_user_id_only,missing_order
2026-04-29,2026-04,63014247,4121807,,,2026-04-25T18:23:25+08:00,4121807,,2026-04-25T18:23:25+08:00,1,0,CC人工改派,1,1,2026-04-26 19:00 ~ 19:30,2026-04-26 19:00 ~ 19:30,s_absent,0,1,0,3,2,2,0,674,2,2,2026/4/25 19:11,2026-04-26 23:49:09,337,0,0,0,,,,,,,,,valid_lead,has_order_attendance_or_effective_call,medium,booked_not_attended,joined_by_user_id_only,missing_order
2026-04-29,2026-04,63014285,4123061,,,2026-04-25T16:23:09+08:00,4123061,,2026-04-25T16:23:09+08:00,1,0,中东academy_en分配,1,1,2026-04-26 15:30 ~ 16:00,2026-04-26 15:30 ~ 16:00,cancel,1,0,0,2,0,0,0,0,1,2,2026/4/26 20:16,2026-04-26 23:34:27,0,0,0,0,,,,,,,,,unknown,insufficient_contact_attempts,low,booked_not_attended,joined_by_user_id_only,missing_order
2026-04-29,2026-04,63014529,4123057,,,2026-04-25T16:08:16+08:00,4123057,,2026-04-25T16:08:16+08:00,1,0,中东academy_en分配,0,0,,,,0,0,0,1,0,0,0,0,1,1,2026/4/25 16:30,2026/4/25 16:30,0,0,0,0,,,,,,,,,unknown,insufficient_contact_attempts,low,no_booking,joined_by_user_id_only,missing_trial|missing_order
2026-04-29,2026-04,63014554,4121806,,,2026-04-25T16:38:43+08:00,4121806,,2026-04-25T16:38:43+08:00,1,0,中东成人高中生分配,1,1,2026-04-26 16:00 ~ 16:30,2026-04-26 16:00 ~ 16:30,cancel,1,0,0,1,0,0,0,0,1,1,2026/4/25 17:41,2026/4/25 17:41,0,0,0,0,,,,,,,,,unknown,insufficient_contact_attempts,low,booked_not_attended,joined_by_user_id_only,missing_order
2026-04-29,2026-04,63014562,4122734,,,2026-04-25T16:44:12+08:00,4122734,,2026-04-25T16:44:12+08:00,1,0,中东成人高中生分配,1,1,2026-04-27 15:30 ~ 16:00,2026-04-27 15:30 ~ 16:00,on,0,0,1,0,0,0,0,0,0,0,,,0,0,0,0,,,,,,,,,valid_lead,has_order_attendance_or_effective_call,medium,attended_not_closed,joined_by_user_id_only,missing_call|missing_order
2026-04-29,2026-04,63014704,4123060,,,2026-04-25T16:20:08+08:00,4123060,,2026-04-25T16:20:08+08:00,1,0,中东academy_en分配,1,1,2026-04-26 17:00 ~ 17:30,2026-04-26 17:00 ~ 17:30,cancel,1,0,0,1,1,1,0,30,1,1,2026/4/26 18:22,2026/4/26 18:22,30,0,0,0,,,,,,,,,valid_lead,has_order_attendance_or_effective_call,medium,booked_not_attended,joined_by_user_id_only,missing_order
2026-04-29,2026-04,63014951,4121806,,,2026-04-26T17:27:43+08:00,4121806,,2026-04-26T17:27:43+08:00,1,0,CC人工改派,1,1,2026-04-26 17:30 ~ 18:00,2026-04-26 17:30 ~ 18:00,s_absent,0,1,0,0,0,0,0,0,0,0,,,0,0,0,0,,,,,,,,,valid_lead,has_booking_signal,low,booked_not_attended,joined_by_user_id_only,missing_call|missing_order
2026-04-29,2026-04,63015489,4121806,,,2026-04-26T17:27:43+08:00,4121806,,2026-04-26T17:27:43+08:00,1,0,CC人工改派,1,1,2026-04-26 16:30 ~ 17:00,2026-04-26 16:30 ~ 17:00,cancel,1,0,0,1,0,0,0,0,1,1,2026/4/26 21:27,2026/4/26 21:27,0,0,0,0,,,,,,,,,unknown,insufficient_contact_attempts,low,booked_not_attended,joined_by_user_id_only,missing_order
2026-04-29,2026-04,63015513,4121806,,,2026-04-25T18:08:26+08:00,4121806,,2026-04-25T18:08:26+08:00,1,0,中东academy_en分配,1,1,2026-04-27 20:30 ~ 21:00,2026-04-27 20:30 ~ 21:00,cancel,1,0,0,1,1,1,0,438,1,1,2026/4/26 17:26,2026/4/26 17:26,438,0,0,0,,,,,,,,,valid_lead,has_order_attendance_or_effective_call,medium,booked_not_attended,joined_by_user_id_only,missing_order
2026-04-29,2026-04,63015516,4122734,,,2026-04-25T18:11:36+08:00,4122734,,2026-04-25T18:11:36+08:00,1,0,中东academy_en分配,1,1,2026-04-25 15:00 ~ 15:30,2026-04-25 15:00 ~ 15:30,cancel,1,0,0,1,1,1,0,213,1,1,2026/4/25 19:32,2026/4/25 19:32,213,0,0,0,,,,,,,,,valid_lead,has_order_attendance_or_effective_call,medium,booked_not_attended,joined_by_user_id_only,missing_order
2026-04-29,2026-04,63015727,4121806,,,2026-04-26T17:26:44+08:00,4121806,,2026-04-26T17:26:44+08:00,1,0,CC人工改派,1,1,2026-04-26 15:30 ~ 16:00,2026-04-26 15:30 ~ 16:00,cancel,1,0,0,0,0,0,0,0,0,0,,,0,0,0,0,,,,,,,,,valid_lead,has_booking_signal,low,booked_not_attended,joined_by_user_id_only,missing_call|missing_order
2026-04-29,2026-04,63015843,4121806,,,2026-04-26T17:26:43+08:00,4121806,,2026-04-26T17:26:43+08:00,1,0,CC人工改派,1,1,2026-04-26 15:30 ~ 16:00,2026-04-26 15:30 ~ 16:00,cancel,1,0,0,0,0,0,0,0,0,0,,,0,0,0,0,,,,,,,,,valid_lead,has_booking_signal,low,booked_not_attended,joined_by_user_id_only,missing_call|missing_order
2026-04-29,2026-04,63016187,4121807,,,2026-04-25T19:30:45+08:00,4121807,,2026-04-25T19:30:45+08:00,1,0,中东academy_en分配,1,1,2026-04-26 19:30 ~ 20:00,2026-04-26 19:30 ~ 20:00,on,0,0,1,4,3,3,0,1456,2,1,2026/4/25 19:35,2026-04-27 19:09:03,0,0,1,0,,,,,,,,,valid_lead,has_order_attendance_or_effective_call,medium,attended_not_closed,joined_by_user_id_only,missing_order
2026-04-29,2026-04,63016669,4121807,,,2026-04-25T20:14:21+08:00,4121807,,2026-04-25T20:14:21+08:00,1,0,中东成人高中生分配,1,1,2026-04-26 13:00 ~ 13:30,2026-04-26 13:00 ~ 13:30,end,0,0,1,1,0,0,0,0,1,1,2026/4/26 19:15,2026/4/26 19:15,0,0,0,0,,,,,,,,,valid_lead,has_order_attendance_or_effective_call,medium,attended_not_closed,joined_by_user_id_only,missing_order
2026-04-29,2026-04,63017073,4123057,,,2026-04-25T21:26:09+08:00,4123057,,2026-04-25T21:26:09+08:00,1,0,中东academy_en分配,1,1,2026-04-26 16:30 ~ 17:00,2026-04-26 16:30 ~ 17:00,end,0,0,1,2,2,2,0,705,1,1,2026-04-26 19:12:53,2026/4/26 20:57,625,1,0,0,,,,,,,,,valid_lead,has_order_attendance_or_effective_call,medium,attended_not_closed,joined_by_user_id_only,missing_order
2026-04-29,2026-04,63017170,4121807,,,2026-04-26T17:29:53+08:00,4121807,,2026-04-26T17:29:53+08:00,1,0,CC人工改派,1,1,2026-04-26 14:30 ~ 15:00,2026-04-26 14:30 ~ 15:00,cancel,1,0,0,2,2,0,2,10,1,1,2026/4/26 21:33,2026-04-26 21:35:07,8,0,0,0,,,,,,,,,unknown,insufficient_contact_attempts,low,booked_not_attended,joined_by_user_id_only,missing_order
2026-04-29,2026-04,63017327,4123060,,,2026-04-26T17:30:27+08:00,4123060,,2026-04-26T17:30:27+08:00,1,0,CC人工改派,0,0,,,,0,0,0,1,1,1,0,27,1,1,2026/4/26 18:09,2026/4/26 18:09,27,0,0,0,,,,,,,,,valid_lead,has_order_attendance_or_effective_call,medium,no_booking,joined_by_user_id_only,missing_trial|missing_order
2026-04-29,2026-04,63018161,4123060,,,2026-04-25T22:47:59+08:00,4123060,,2026-04-25T22:47:59+08:00,1,0,中东academy_en分配,1,1,2026-04-27 17:30 ~ 18:00,2026-04-27 17:30 ~ 18:00,on,0,0,1,7,7,1,6,86,2,3,2026/4/26 16:56,2026-04-27 22:26:20,1,0,0,0,,,,,,,,,valid_lead,has_order_attendance_or_effective_call,medium,attended_not_closed,joined_by_user_id_only,missing_order
2026-04-29,2026-04,63018216,4123061,,,2026-04-25T23:11:54+08:00,4123061,,2026-04-25T23:11:54+08:00,1,0,中东academy_en分配,1,1,2026-04-26 16:30 ~ 17:00,2026-04-26 16:30 ~ 17:00,cancel,1,0,0,2,1,1,0,77,1,1,2026-04-26 17:50:45,2026/4/26 20:58,77,0,0,0,,,,,,,,,valid_lead,has_order_attendance_or_effective_call,medium,booked_not_attended,joined_by_user_id_only,missing_order
2026-04-29,2026-04,63018230,4123057,,,2026-04-25T23:26:12+08:00,4123057,,2026-04-25T23:26:12+08:00,1,0,中东成人高中生分配,1,1,2026-04-26 18:00 ~ 18:30,2026-04-26 18:00 ~ 18:30,cancel,1,0,0,1,0,0,0,0,1,1,2026/4/26 17:20,2026/4/26 17:20,0,0,0,0,,,,,,,,,unknown,insufficient_contact_attempts,low,booked_not_attended,joined_by_user_id_only,missing_order
2026-04-29,2026-04,63018231,4122734,,,2026-04-25T23:26:45+08:00,4122734,,2026-04-25T23:26:45+08:00,1,0,中东academy_en分配,1,1,2026-04-26 19:00 ~ 19:30,2026-04-26 19:00 ~ 19:30,cancel,1,0,0,1,0,0,0,0,1,1,2026/4/26 23:31,2026/4/26 23:31,0,0,0,0,,,,,,,,,unknown,insufficient_contact_attempts,low,booked_not_attended,joined_by_user_id_only,missing_order
2026-04-29,2026-04,63018342,4121806,,,2026-04-25T23:25:26+08:00,4121806,,2026-04-25T23:25:26+08:00,1,0,中东academy_en分配,0,0,,,,0,0,0,0,0,0,0,0,0,0,,,0,0,0,0,,,,,,,,,unknown,data_missing_or_insufficient,low,no_booking,joined_by_user_id_only,missing_trial|missing_call|missing_order
2026-04-29,2026-04,63018351,4121806,,,2026-04-26T17:27:43+08:00,4121806,,2026-04-26T17:27:43+08:00,1,0,CC人工改派,1,1,2026-04-26 16:30 ~ 17:00,2026-04-26 16:30 ~ 17:00,cancel,1,0,0,1,0,0,0,0,1,1,2026/4/26 21:16,2026/4/26 21:16,0,0,0,0,,,,,,,,,unknown,insufficient_contact_attempts,low,booked_not_attended,joined_by_user_id_only,missing_order
2026-04-29,2026-04,63018385,4123060,,,2026-04-26T17:30:27+08:00,4123060,,2026-04-26T17:30:27+08:00,1,0,CC人工改派,0,0,,,,0,0,0,3,0,0,0,0,1,1,2026/4/26 17:58,2026-04-26 18:08:16,0,0,0,0,,,,,,,,,unknown,insufficient_contact_attempts,low,no_booking,joined_by_user_id_only,missing_trial|missing_order
2026-04-29,2026-04,63018437,4121807,,,2026-04-25T23:55:16+08:00,4121807,,2026-04-25T23:55:16+08:00,1,0,中东academy_en分配,0,0,,,,0,0,0,0,0,0,0,0,0,0,,,0,0,0,0,,,,,,,,,unknown,data_missing_or_insufficient,low,no_booking,joined_by_user_id_only,missing_trial|missing_call|missing_order
2026-04-29,2026-04,63018520,4121806,,,2026-04-26T17:26:44+08:00,4121806,,2026-04-26T17:26:44+08:00,1,0,CC人工改派,0,0,,,,0,0,0,0,0,0,0,0,0,0,,,0,0,0,0,,,,,,,,,unknown,data_missing_or_insufficient,low,no_booking,joined_by_user_id_only,missing_trial|missing_call|missing_order
2026-04-29,2026-04,63018579,4123060,,,2026-04-26T00:51:06+08:00,4123060,,2026-04-26T00:51:06+08:00,1,0,中东成人高中生分配,1,1,2026-04-26 17:00 ~ 17:30,2026-04-26 17:00 ~ 17:30,s_absent,0,1,0,2,0,0,0,0,1,1,2026/4/26 17:39,2026-04-26 21:58:26,0,0,0,0,,,,,,,,,unknown,insufficient_contact_attempts,low,booked_not_attended,joined_by_user_id_only,missing_order
2026-04-29,2026-04,63018583,4123061,,,2026-04-26T00:54:43+08:00,4123061,,2026-04-26T00:54:43+08:00,1,0,中东成人高中生分配,1,1,2026-04-26 17:00 ~ 17:30,2026-04-26 17:00 ~ 17:30,end,0,0,1,2,0,0,0,0,1,1,2026/4/26 20:40,2026-04-26 20:40:49,0,0,0,0,,,,,,,,,valid_lead,has_order_attendance_or_effective_call,medium,attended_not_closed,joined_by_user_id_only,missing_order
2026-04-29,2026-04,63018729,4123060,,,2026-04-26T01:06:20+08:00,4123060,,2026-04-26T01:06:20+08:00,1,0,中东academy_en分配,1,1,2026-04-26 20:30 ~ 21:00,2026-04-26 20:30 ~ 21:00,on,0,0,1,1,1,0,1,2,1,1,2026/4/26 18:45,2026/4/26 18:45,2,0,0,0,,,,,,,,,valid_lead,has_order_attendance_or_effective_call,medium,attended_not_closed,joined_by_user_id_only,missing_order
2026-04-29,2026-04,63018771,4122734,,,2026-04-26T01:50:13+08:00,4122734,,2026-04-26T01:50:13+08:00,1,0,中东成人高中生分配,1,1,2026-04-27 18:30 ~ 19:00,2026-04-27 18:30 ~ 19:00,on,0,0,1,1,0,0,0,0,1,1,2026/4/26 23:40,2026/4/26 23:40,0,0,0,0,,,,,,,,,valid_lead,has_order_attendance_or_effective_call,medium,attended_not_closed,joined_by_user_id_only,missing_order
2026-04-29,2026-04,63018807,4123057,,,2026-04-26T00:47:53+08:00,4123057,,2026-04-26T00:47:53+08:00,1,0,中东academy_en分配,1,2,2026-04-27 12:00 ~ 12:30,2026-04-27 18:00 ~ 18:30,end,0,0,1,2,1,1,0,73,2,1,2026/4/26 18:04,2026-04-27 18:34:10,0,0,0,0,,,,,,,,,valid_lead,has_order_attendance_or_effective_call,medium,attended_not_closed,joined_by_user_id_only,missing_order
2026-04-29,2026-04,63018844,4121806,,,2026-04-26T01:42:16+08:00,4121806,,2026-04-26T01:42:16+08:00,1,0,中东成人高中生分配,1,1,2026-04-27 13:00 ~ 13:30,2026-04-27 13:00 ~ 13:30,on,0,0,1,0,0,0,0,0,0,0,,,0,0,0,0,,,,,,,,,valid_lead,has_order_attendance_or_effective_call,medium,attended_not_closed,joined_by_user_id_only,missing_call|missing_order
2026-04-29,2026-04,63018866,4121806,,,2026-04-26T17:27:42+08:00,4121806,,2026-04-26T17:27:42+08:00,1,0,CC人工改派,1,1,2026-04-27 20:00 ~ 20:30,2026-04-27 20:00 ~ 20:30,on,0,0,1,0,0,0,0,0,0,0,,,0,0,0,0,,,,,,,,,valid_lead,has_order_attendance_or_effective_call,medium,attended_not_closed,joined_by_user_id_only,missing_call|missing_order
2026-04-29,2026-04,63018896,4121806,,,2026-04-26T17:26:43+08:00,4121806,,2026-04-26T17:26:43+08:00,1,0,CC人工改派,1,1,2026-04-26 17:30 ~ 18:00,2026-04-26 17:30 ~ 18:00,cancel,1,0,0,1,0,0,0,0,1,1,2026-04-27 00:21:38,2026-04-27 00:21:38,0,0,0,0,,,,,,,,,unknown,insufficient_contact_attempts,low,booked_not_attended,joined_by_user_id_only,missing_order
2026-04-29,2026-04,63019080,4123061,,,2026-04-26T02:53:44+08:00,4123061,,2026-04-26T02:53:44+08:00,1,0,中东academy_en分配,1,1,2026-04-26 20:30 ~ 21:00,2026-04-26 20:30 ~ 21:00,on,0,0,1,3,2,2,0,3032,2,2,2026/4/26 17:55,2026-04-27 01:13:13,0,0,0,0,,,,,,,,,valid_lead,has_order_attendance_or_effective_call,medium,attended_not_closed,joined_by_user_id_only,missing_order
2026-04-29,2026-04,63019100,4121806,,,2026-04-26T03:19:09+08:00,4121806,,2026-04-26T03:19:09+08:00,1,0,中东academy_en分配,1,1,2026-04-26 17:30 ~ 18:00,2026-04-26 17:30 ~ 18:00,s_absent,0,1,0,2,1,1,0,419,2,2,2026/4/26 23:06,2026-04-27 20:38:00,419,0,0,0,,,,,,,,,valid_lead,has_order_attendance_or_effective_call,medium,booked_not_attended,joined_by_user_id_only,missing_order
2026-04-29,2026-04,63019251,4123060,,,2026-04-26T17:30:27+08:00,4123060,,2026-04-26T17:30:27+08:00,1,0,CC人工改派,1,2,2026-04-27 12:00 ~ 12:30,2026-04-27 16:00 ~ 16:30,on,1,0,1,2,1,1,0,792,2,2,2026/4/26 17:34,2026-04-27 00:04:15,792,0,0,0,,,,,,,,,valid_lead,has_order_attendance_or_effective_call,medium,attended_not_closed,joined_by_user_id_only,missing_order
2026-04-29,2026-04,63019310,4121807,,,2026-04-26T03:02:26+08:00,4121807,,2026-04-26T03:02:26+08:00,1,0,中东成人高中生分配,1,1,2026-04-26 18:00 ~ 18:30,2026-04-26 18:00 ~ 18:30,cancel,1,0,0,2,0,0,0,0,1,1,2026/4/26 21:29,2026-04-26 21:29:48,0,0,0,0,,,,,,,,,unknown,insufficient_contact_attempts,low,booked_not_attended,joined_by_user_id_only,missing_order
2026-04-29,2026-04,63019344,4121806,,,2026-04-26T17:26:43+08:00,4121806,,2026-04-26T17:26:43+08:00,1,0,CC人工改派,1,1,2026-04-26 19:30 ~ 20:00,2026-04-26 19:30 ~ 20:00,cancel,1,0,0,0,0,0,0,0,0,0,,,0,0,0,0,,,,,,,,,valid_lead,has_booking_signal,low,booked_not_attended,joined_by_user_id_only,missing_call|missing_order
2026-04-29,2026-04,63019360,4123057,,,2026-04-26T04:23:14+08:00,4123057,,2026-04-26T04:23:14+08:00,1,0,中东成人高中生分配,1,1,2026-04-27 19:30 ~ 20:00,2026-04-27 19:30 ~ 20:00,on,0,0,1,3,3,3,0,638,1,2,2026/4/26 18:15,2026-04-26 23:31:33,404,0,0,1,32521681,2026-04-27 22:33:34,2026-04-27 23:08:38,1080.00(USD),Development Package (50),,EGCC-tasneemmahmoud,前端销售部002组,valid_lead,has_order_attendance_or_effective_call,medium,closed,joined_by_user_id_only,
2026-04-29,2026-04,63019429,4122734,,,2026-04-26T03:32:31+08:00,4122734,,2026-04-26T03:32:31+08:00,1,0,中东academy_en分配,1,1,2026-04-26 19:00 ~ 19:30,2026-04-26 19:00 ~ 19:30,cancel,1,0,0,2,2,1,1,96,1,1,2026/4/26 23:28,2026-04-26 23:29:28,76,0,0,0,,,,,,,,,valid_lead,has_order_attendance_or_effective_call,medium,booked_not_attended,joined_by_user_id_only,missing_order
2026-04-29,2026-04,63019472,4123060,,,2026-04-26T04:29:10+08:00,4123060,,2026-04-26T04:29:10+08:00,1,0,中东成人高中生分配,1,1,2026-04-27 14:30 ~ 15:00,2026-04-27 14:30 ~ 15:00,on,0,0,1,3,0,0,0,0,2,1,2026/4/26 17:11,2026-04-27 19:17:17,0,0,0,0,,,,,,,,,valid_lead,has_order_attendance_or_effective_call,medium,attended_not_closed,joined_by_user_id_only,missing_order
2026-04-29,2026-04,63019512,4121806,,,2026-04-26T17:27:43+08:00,4121806,,2026-04-26T17:27:43+08:00,1,0,CC人工改派,1,1,2026-04-26 19:00 ~ 19:30,2026-04-26 19:00 ~ 19:30,cancel,1,0,0,1,1,1,0,568,1,1,2026-04-27 01:48:28,2026-04-27 01:48:28,568,0,0,0,,,,,,,,,valid_lead,has_order_attendance_or_effective_call,medium,booked_not_attended,joined_by_user_id_only,missing_order
2026-04-29,2026-04,63019535,4121807,,,2026-04-26T04:15:05+08:00,4121807,,2026-04-26T04:15:05+08:00,1,0,中东academy_en分配,1,1,2026-04-26 19:30 ~ 20:00,2026-04-26 19:30 ~ 20:00,on,0,0,1,2,0,0,0,0,1,1,2026/4/26 17:30,2026-04-26 17:33:22,0,0,0,0,,,,,,,,,valid_lead,has_order_attendance_or_effective_call,medium,attended_not_closed,joined_by_user_id_only,missing_order
2026-04-29,2026-04,63019612,4123061,,,2026-04-26T05:30:08+08:00,4123061,,2026-04-26T05:30:08+08:00,1,0,中东成人高中生分配,1,1,2026-04-27 13:30 ~ 14:00,2026-04-27 13:30 ~ 14:00,on,0,0,1,3,0,0,0,0,2,2,2026/4/26 19:36,2026-04-27 17:17:28,0,0,0,0,,,,,,,,,valid_lead,has_order_attendance_or_effective_call,medium,attended_not_closed,joined_by_user_id_only,missing_order
2026-04-29,2026-04,63019687,4123060,,,2026-04-26T17:30:27+08:00,4123060,,2026-04-26T17:30:27+08:00,1,0,CC人工改派,0,0,,,,0,0,0,1,1,1,0,23,1,1,2026/4/26 17:56,2026/4/26 17:56,23,0,0,0,,,,,,,,,valid_lead,has_order_attendance_or_effective_call,medium,no_booking,joined_by_user_id_only,missing_trial|missing_order
2026-04-29,2026-04,63019691,4123057,,,2026-04-26T08:27:37+08:00,4123057,,2026-04-26T08:27:37+08:00,1,0,中东academy_en分配,1,1,2026-04-26 20:30 ~ 21:00,2026-04-26 20:30 ~ 21:00,cancel,1,0,0,4,0,0,0,0,1,2,2026-04-26 17:52:39,2026-04-26 23:10:27,0,0,0,0,,,,,,,,,unknown,insufficient_contact_attempts,low,booked_not_attended,joined_by_user_id_only,missing_order
2026-04-29,2026-04,63019715,4121806,,,2026-04-26T05:40:45+08:00,4121806,,2026-04-26T05:40:45+08:00,1,0,中东成人高中生分配,1,1,2026-04-27 20:00 ~ 20:30,2026-04-27 20:00 ~ 20:30,on,0,0,1,0,0,0,0,0,0,0,,,0,0,0,0,,,,,,,,,valid_lead,has_order_attendance_or_effective_call,medium,attended_not_closed,joined_by_user_id_only,missing_call|missing_order
2026-04-29,2026-04,63020240,4122734,,,2026-04-26T09:03:02+08:00,4122734,,2026-04-26T09:03:02+08:00,1,0,中东成人高中生分配,1,1,2026-04-26 13:30 ~ 14:00,2026-04-26 13:30 ~ 14:00,cancel,1,0,0,2,0,0,0,0,1,1,2026/4/26 17:23,2026-04-26 17:23:23,0,0,0,0,,,,,,,,,unknown,insufficient_contact_attempts,low,booked_not_attended,joined_by_user_id_only,missing_order
2026-04-29,2026-04,63020505,4121806,,,2026-04-26T17:27:42+08:00,4121806,,2026-04-26T17:27:42+08:00,1,0,CC人工改派,1,1,2026-04-27 13:00 ~ 13:30,2026-04-27 13:00 ~ 13:30,on,0,0,1,0,0,0,0,0,0,0,,,0,0,0,0,,,,,,,,,valid_lead,has_order_attendance_or_effective_call,medium,attended_not_closed,joined_by_user_id_only,missing_call|missing_order
2026-04-29,2026-04,63021173,4123061,,,2026-04-26T11:30:14+08:00,4123061,,2026-04-26T11:30:14+08:00,1,0,中东academy_en分配,1,1,2026-04-26 16:30 ~ 17:00,2026-04-26 16:30 ~ 17:00,s_absent,0,1,0,4,0,0,0,0,2,2,2026-04-26 17:42:49,2026-04-27 19:47:23,0,0,0,0,,,,,,,,,unknown,insufficient_contact_attempts,low,booked_not_attended,joined_by_user_id_only,missing_order
2026-04-29,2026-04,63021235,4123060,,,2026-04-26T10:52:36+08:00,4123060,,2026-04-26T10:52:36+08:00,1,0,中东academy_en分配,1,1,2026-04-27 14:30 ~ 15:00,2026-04-27 14:30 ~ 15:00,on,0,0,1,3,0,0,0,0,2,2,2026/4/26 16:57,2026-04-27 19:18:37,0,0,0,0,,,,,,,,,valid_lead,has_order_attendance_or_effective_call,medium,attended_not_closed,joined_by_user_id_only,missing_order
2026-04-29,2026-04,63021540,4121806,,,2026-04-26T12:23:40+08:00,4121806,,2026-04-26T12:23:40+08:00,1,0,中东academy_en分配,1,1,2026-04-26 19:30 ~ 20:00,2026-04-26 19:30 ~ 20:00,cancel,1,0,0,5,0,0,0,0,2,2,2026/4/26 17:24,2026-04-27 00:18:03,0,0,0,0,,,,,,,,,valid_lead,has_booking_signal,low,booked_not_attended,joined_by_user_id_only,missing_order
2026-04-29,2026-04,63021942,4121806,,,2026-04-26T17:26:44+08:00,4121806,,2026-04-26T17:26:44+08:00,1,0,CC人工改派,1,1,2026-04-26 14:00 ~ 14:30,2026-04-26 14:00 ~ 14:30,cancel,1,0,0,1,0,0,0,0,1,1,2026-04-27 21:26:44,2026-04-27 21:26:44,0,0,0,0,,,,,,,,,unknown,insufficient_contact_attempts,low,booked_not_attended,joined_by_user_id_only,missing_order
2026-04-29,2026-04,63022458,4121807,,,2026-04-26T13:59:42+08:00,4121807,,2026-04-26T13:59:42+08:00,1,0,中东成人高中生分配,1,1,2026-04-26 14:30 ~ 15:00,2026-04-26 14:30 ~ 15:00,cancel,1,0,0,3,0,0,0,0,1,1,2026/4/26 19:10,2026-04-26 19:12:21,0,0,0,0,,,,,,,,,unknown,insufficient_contact_attempts,low,booked_not_attended,joined_by_user_id_only,missing_order
2026-04-29,2026-04,63022465,4121807,,,2026-04-26T17:29:53+08:00,4121807,,2026-04-26T17:29:53+08:00,1,0,CC人工改派,1,1,2026-04-28 14:00 ~ 14:30,2026-04-28 14:00 ~ 14:30,cancel,1,0,0,1,0,0,0,0,1,1,2026/4/26 19:47,2026/4/26 19:47,0,0,0,0,,,,,,,,,unknown,insufficient_contact_attempts,low,booked_not_attended,joined_by_user_id_only,missing_order
2026-04-29,2026-04,63022585,4122734,,,2026-04-26T14:48:08+08:00,4122734,,2026-04-26T14:48:08+08:00,1,0,中东academy_en分配,0,0,,,,0,0,0,0,0,0,0,0,0,0,,,0,0,0,0,,,,,,,,,unknown,data_missing_or_insufficient,low,no_booking,joined_by_user_id_only,missing_trial|missing_call|missing_order
2026-04-29,2026-04,63022670,4123057,,,2026-04-26T15:03:34+08:00,4123057,,2026-04-26T15:03:34+08:00,1,0,中东成人高中生分配,1,1,2026-04-28 15:00 ~ 15:30,2026-04-28 15:00 ~ 15:30,on,0,0,1,2,0,0,0,0,1,2,2026/4/26 17:58,2026-04-26 23:44:02,0,0,0,0,,,,,,,,,valid_lead,has_order_attendance_or_effective_call,medium,attended_not_closed,joined_by_user_id_only,missing_order
2026-04-29,2026-04,63024271,4123060,,,2026-04-26T17:30:33+08:00,4123060,,2026-04-26T17:30:33+08:00,1,0,中东成人高中生分配,1,1,2026-04-26 14:30 ~ 15:00,2026-04-26 14:30 ~ 15:00,cancel,1,0,0,2,0,0,0,0,1,1,2026/4/26 17:54,2026-04-26 17:54:49,0,0,0,0,,,,,,,,,unknown,insufficient_contact_attempts,low,booked_not_attended,joined_by_user_id_only,missing_order
2026-04-29,2026-04,63024291,4124168,,,2026-04-26T17:47:59+08:00,4124168,,2026-04-26T17:47:59+08:00,1,0,中东academy_en分配,1,2,2026-04-27 14:00 ~ 14:30,2026-04-27 14:00 ~ 14:30,on,1,0,1,0,0,0,0,0,0,0,,,0,0,0,0,,,,,,,,,valid_lead,has_order_attendance_or_effective_call,medium,attended_not_closed,joined_by_user_id_only,missing_call|missing_order
2026-04-29,2026-04,63024621,4121806,,,2026-04-26T17:27:44+08:00,4121806,,2026-04-26T17:27:44+08:00,1,0,CC人工改派,1,1,2026-04-26 13:00 ~ 13:30,2026-04-26 13:00 ~ 13:30,s_absent,0,1,0,1,1,1,0,30,1,1,2026/4/26 18:27,2026/4/26 18:27,30,0,0,0,,,,,,,,,valid_lead,has_order_attendance_or_effective_call,medium,booked_not_attended,joined_by_user_id_only,missing_order
2026-04-29,2026-04,63024774,4121806,,,2026-04-26T18:39:09+08:00,4121806,,2026-04-26T18:39:09+08:00,1,0,中东成人高中生分配,1,1,2026-04-26 15:30 ~ 16:00,2026-04-26 15:30 ~ 16:00,cancel,1,0,0,2,1,1,0,27,1,1,2026/4/26 19:28,2026-04-26 19:28:59,27,0,0,0,,,,,,,,,valid_lead,has_order_attendance_or_effective_call,medium,booked_not_attended,joined_by_user_id_only,missing_order
2026-04-29,2026-04,63024840,4123061,,,2026-04-26T18:35:44+08:00,4123061,,2026-04-26T18:35:44+08:00,1,0,中东成人高中生分配,1,1,2026-04-26 14:30 ~ 15:00,2026-04-26 14:30 ~ 15:00,cancel,1,0,0,2,0,0,0,0,1,1,2026/4/26 19:21,2026-04-26 19:22:15,0,0,0,0,,,,,,,,,unknown,insufficient_contact_attempts,low,booked_not_attended,joined_by_user_id_only,missing_order
2026-04-29,2026-04,63024974,4121807,,,2026-04-26T19:02:21+08:00,4121807,,2026-04-26T19:02:21+08:00,1,0,中东academy_en分配,1,1,2026-04-26 19:00 ~ 19:30,2026-04-26 19:00 ~ 19:30,cancel,1,0,0,3,3,3,0,460,1,2,2026/4/26 20:23,2026/4/26 23:47,94,0,0,0,,,,,,,,,valid_lead,has_order_attendance_or_effective_call,medium,booked_not_attended,joined_by_user_id_only,missing_order
2026-04-29,2026-04,63024986,4122734,,,2026-04-26T19:10:12+08:00,4122734,,2026-04-26T19:10:12+08:00,1,0,中东成人高中生分配,1,1,2026-04-26 15:30 ~ 16:00,2026-04-26 15:30 ~ 16:00,end,0,0,1,3,1,1,0,703,1,1,2026/4/26 19:51,2026-04-26 21:05:32,703,1,0,0,,,,,,,,,valid_lead,has_order_attendance_or_effective_call,medium,attended_not_closed,joined_by_user_id_only,missing_order
2026-04-29,2026-04,63025033,4121807,,,2026-04-26T18:54:37+08:00,4121807,,2026-04-26T18:54:37+08:00,1,0,转介绍分配cc,0,0,,,,0,0,0,0,0,0,0,0,0,0,,,0,0,0,0,,,,,,,,,unknown,data_missing_or_insufficient,low,no_booking,joined_by_user_id_only,missing_trial|missing_call|missing_order
2026-04-29,2026-04,63026341,4123059,,,2026-04-26T20:42:22+08:00,4123059,,2026-04-26T20:42:22+08:00,1,0,中东成人高中生分配,1,1,2026-04-26 17:30 ~ 18:00,2026-04-26 17:30 ~ 18:00,s_absent,0,1,0,0,0,0,0,0,0,0,,,0,0,0,0,,,,,,,,,valid_lead,has_booking_signal,low,booked_not_attended,joined_by_user_id_only,missing_call|missing_order
2026-04-29,2026-04,63026806,4123057,,,2026-04-26T20:43:49+08:00,4123057,,2026-04-26T20:43:49+08:00,1,0,中东academy_en分配,1,1,2026-04-26 18:00 ~ 18:30,2026-04-26 18:00 ~ 18:30,cancel,1,0,0,1,0,0,0,0,1,1,2026/4/26 21:43,2026/4/26 21:43,0,0,0,0,,,,,,,,,unknown,insufficient_contact_attempts,low,booked_not_attended,joined_by_user_id_only,missing_order
2026-04-29,2026-04,63026872,4123060,,,2026-04-26T20:55:16+08:00,4123060,,2026-04-26T20:55:16+08:00,1,0,中东academy_en分配,1,2,2026-04-26 17:30 ~ 18:00,2026-04-27 16:00 ~ 16:30,end,0,1,1,3,3,2,1,835,2,2,2026/4/26 20:58,2026-04-27 20:53:48,17,0,0,0,,,,,,,,,valid_lead,has_order_attendance_or_effective_call,medium,attended_not_closed,joined_by_user_id_only,missing_order
2026-04-29,2026-04,63027011,4123061,,,2026-04-26T21:08:20+08:00,4123061,,2026-04-26T21:08:20+08:00,1,0,中东academy_en分配,0,0,,,,0,0,0,1,1,1,0,1072,1,1,2026/4/26 21:43,2026/4/26 21:43,1072,0,0,0,,,,,,,,,valid_lead,has_order_attendance_or_effective_call,medium,no_booking,joined_by_user_id_only,missing_trial|missing_order
2026-04-29,2026-04,63027248,4124168,,,2026-04-26T21:44:11+08:00,4124168,,2026-04-26T21:44:11+08:00,1,0,中东成人高中生分配,1,1,2026-04-26 17:30 ~ 18:00,2026-04-26 17:30 ~ 18:00,cancel,1,0,0,0,0,0,0,0,0,0,,,0,0,0,0,,,,,,,,,valid_lead,has_booking_signal,low,booked_not_attended,joined_by_user_id_only,missing_call|missing_order
2026-04-29,2026-04,63027358,4121806,,,2026-04-26T22:25:22+08:00,4121806,,2026-04-26T22:25:22+08:00,1,0,中东academy_en分配,0,0,,,,0,0,0,0,0,0,0,0,0,0,,,0,0,0,0,,,,,,,,,unknown,data_missing_or_insufficient,low,no_booking,joined_by_user_id_only,missing_trial|missing_call|missing_order
2026-04-29,2026-04,63028040,4122734,,,2026-04-26T22:31:33+08:00,4122734,,2026-04-26T22:31:33+08:00,1,0,中东academy_en分配,1,2,2026-04-26 18:30 ~ 19:00,2026-04-26 20:30 ~ 21:00,on,1,0,1,2,1,1,0,207,1,1,2026/4/26 23:16,2026-04-26 23:26:30,0,1,0,0,,,,,,,,,valid_lead,has_order_attendance_or_effective_call,medium,attended_not_closed,joined_by_user_id_only,missing_order
2026-04-29,2026-04,63028472,4123059,,,2026-04-26T23:58:09+08:00,4123059,,2026-04-26T23:58:09+08:00,1,0,中东academy_en分配,0,0,,,,0,0,0,0,0,0,0,0,0,0,,,0,0,0,0,,,,,,,,,unknown,data_missing_or_insufficient,low,no_booking,joined_by_user_id_only,missing_trial|missing_call|missing_order