user_id,sales_name,seat_id,outbound_time,connect_time_sec,call_duration_sec,ring_duration_sec,call_status,recording_url,user_id_clean,call_date,source,source_code,register_time,dispatch_time,sales_name_lead,sales_group,pay_intention,last_free_status,remark,call_status_lead,is_first_dispatch,trial_count,latest_trial_time,latest_trial_status,order_count,total_gmv,latest_order_time,has_trial,has_order,lead_quality,fraud_risk,followup_issue,course_feedback,next_action,risk_summary
62677046,EGCC-nadahassan,2314(Maqsam),2026-05-05 21:45:25,,,,双方接通,http://pd-fscall-record.oss-cn-hongkong.aliyuncs.com/2026-05-05/maqsam-NadaHassan.302238797.mp3?OSSAccessKeyId=LTAI5t8sBUhKT5YzXBHvmGGq&Expires=1778000509&Signature=aGrBvp73Ab9cINxgDKVQvhLyyF8%3D,62677046,2026-05-05,MKT,2,2026-03-11 05:21:51,2026-03-11 12:55:29,EGCC-nadahassan,前端销售部001组,,已取消,-,未拨打,非首次分配,2.0,2026-03-12 22:30 ~ 23:00,cancel,,,,yes,no,weak_need,normal,no_issue,schedule_issue,rebook_trial,weak_need | normal | no_issue | schedule_issue
62704582,EGCC-nadahassan,2314(Maqsam),2026-05-05 21:41:29,,,,双方接通,http://pd-fscall-record.oss-cn-hongkong.aliyuncs.com/2026-05-05/maqsam-NadaHassan.302237235.mp3?OSSAccessKeyId=LTAI5t8sBUhKT5YzXBHvmGGq&Expires=1778000509&Signature=Nk%2BgZddniqnEL7uo%2B6Jn3bfusy8%3D,62704582,2026-05-05,MKT,2,2026-03-14 20:36:50,2026-03-14 21:07:53,EGCC-nadahassan,前端销售部001组,,已取消,-,未拨打,非首次分配,1.0,2026-03-15 14:00 ~ 14:30,cancel,,,,yes,no,weak_need,normal,no_issue,schedule_issue,rebook_trial,weak_need | normal | no_issue | schedule_issue
62704582,EGCC-nadahassan,2314(Maqsam),2026-05-05 21:39:49,,,,双方接通,http://pd-fscall-record.oss-cn-hongkong.aliyuncs.com/2026-05-05/maqsam-NadaHassan.302236570.mp3?OSSAccessKeyId=LTAI5t8sBUhKT5YzXBHvmGGq&Expires=1778000510&Signature=OE9wS%2F8oERgpg7eWlSb7yIuqORY%3D,62704582,2026-05-05,MKT,2,2026-03-14 20:36:50,2026-03-14 21:07:53,EGCC-nadahassan,前端销售部001组,,已取消,-,未拨打,非首次分配,1.0,2026-03-15 14:00 ~ 14:30,cancel,,,,yes,no,weak_need,normal,no_issue,schedule_issue,rebook_trial,weak_need | normal | no_issue | schedule_issue
62694459,EGCC-nadahassan,2314(Maqsam),2026-05-05 21:19:20,,,,双方接通,http://pd-fscall-record.oss-cn-hongkong.aliyuncs.com/2026-05-05/maqsam-NadaHassan.302228088.mp3?OSSAccessKeyId=LTAI5t8sBUhKT5YzXBHvmGGq&Expires=1778000510&Signature=XF%2Bk9ybQpwonXTrvukLdgUbJaGo%3D,62694459,2026-05-05,MKT,1,2026-03-13 11:34:56,2026-03-13 11:35:58,EGCC-nadahassan,前端销售部001组,,已取消,-,未拨打,首次分配,1.0,2026-03-15 17:00 ~ 17:30,cancel,,,,yes,no,weak_need,normal,no_issue,schedule_issue,rebook_trial,weak_need | normal | no_issue | schedule_issue
62711752,EGCC-nadahassan,2314(Maqsam),2026-05-05 21:09:17,,,,双方接通,http://pd-fscall-record.oss-cn-hongkong.aliyuncs.com/2026-05-05/maqsam-NadaHassan.302223883.mp3?OSSAccessKeyId=LTAI5t8sBUhKT5YzXBHvmGGq&Expires=1778000511&Signature=4fJAb5rDui9ZbtH%2B87pbSFCxuH8%3D,62711752,2026-05-05,MKT,1,2026-03-15 18:13:39,2026-03-15 18:14:40,EGCC-nadahassan,前端销售部001组,,已取消,-,未拨打,首次分配,1.0,2026-03-15 23:00 ~ 23:30,cancel,,,,yes,no,weak_need,normal,no_issue,schedule_issue,rebook_trial,weak_need | normal | no_issue | schedule_issue
62683760,EGCC-nadahassan,2314(Maqsam),2026-05-05 21:03:30,,,,双方接通,http://pd-fscall-record.oss-cn-hongkong.aliyuncs.com/2026-05-05/maqsam-NadaHassan.302221578.mp3?OSSAccessKeyId=LTAI5t8sBUhKT5YzXBHvmGGq&Expires=1778000512&Signature=QjRsxaJMT9LYsSPGKibL0KvoocI%3D,62683760,2026-05-05,MKT,2,2026-03-12 03:58:07,2026-03-12 13:12:12,EGCC-nadahassan,前端销售部001组,,已结束,-,未拨打,非首次分配,2.0,2026-03-15 23:30 ~ 00:00,end,,,,yes,no,good_need,normal,not_followed_after_trial,price_issue,close_payment,good_need | normal | not_followed_after_trial | price_issue
62703994,EGCC-nadahassan,2314(Maqsam),2026-05-05 20:49:19,,,,双方接通,http://pd-fscall-record.oss-cn-hongkong.aliyuncs.com/2026-05-05/maqsam-NadaHassan.302215630.mp3?OSSAccessKeyId=LTAI5t8sBUhKT5YzXBHvmGGq&Expires=1778000512&Signature=StOqnZA2vc7kEoqL7VN0dZsH7MA%3D,62703994,2026-05-05,MKT,1,2026-03-14 19:03:07,2026-03-14 19:04:08,EGCC-nadahassan,前端销售部001组,,已取消,-,未拨打,首次分配,1.0,2026-03-16 13:00 ~ 13:30,cancel,,,,yes,no,weak_need,normal,no_issue,schedule_issue,rebook_trial,weak_need | normal | no_issue | schedule_issue
62705066,EGCC-nadahassan,2314(Maqsam),2026-05-05 20:46:47,,,,双方接通,http://pd-fscall-record.oss-cn-hongkong.aliyuncs.com/2026-05-05/maqsam-NadaHassan.302214544.mp3?OSSAccessKeyId=LTAI5t8sBUhKT5YzXBHvmGGq&Expires=1778000513&Signature=rRCgzeHfEnaqOVwJSi%2By4lelWsM%3D,62705066,2026-05-05,MKT,1,2026-03-14 22:30:40,2026-03-14 22:31:40,EGCC-nadahassan,前端销售部001组,,已取消,-,未拨打,首次分配,1.0,2026-03-16 18:00 ~ 18:30,cancel,,,,yes,no,weak_need,normal,no_issue,schedule_issue,rebook_trial,weak_need | normal | no_issue | schedule_issue
62707368,EGCC-nadahassan,2314(Maqsam),2026-05-05 20:13:06,,,,双方接通,http://pd-fscall-record.oss-cn-hongkong.aliyuncs.com/2026-05-05/maqsam-NadaHassan.302199403.mp3?OSSAccessKeyId=LTAI5t8sBUhKT5YzXBHvmGGq&Expires=1778000513&Signature=04AAxOV3PC%2B7rEqSCYV%2BKPaWQ9E%3D,62707368,2026-05-05,MKT,1,2026-03-15 07:08:13,2026-03-15 07:09:13,EGCC-nadahassan,前端销售部001组,,学生缺席,-,未拨打,首次分配,2.0,2026-03-16 22:30 ~ 23:00,s_absent,,,,yes,no,weak_need,normal,no_issue,low_interest,rebook_trial,weak_need | normal | no_issue | low_interest
63095939,EGCC-nadahassan,2314(Maqsam),2026-05-05 19:53:02,,,,双方接通,http://pd-fscall-record.oss-cn-hongkong.aliyuncs.com/2026-05-05/maqsam-NadaHassan.302190327.mp3?OSSAccessKeyId=LTAI5t8sBUhKT5YzXBHvmGGq&Expires=1778000515&Signature=exX6FRTBbUmfdAtjk3GJKTsfejQ%3D,63095939,2026-05-05,MKT,1,2026-05-04 20:07:54,2026-05-04 20:08:55,EGCC-nadahassan,前端销售部001组,,未开始或未结束,-,接通>=20S,首次分配,1.0,2026-05-05 15:00 ~ 15:30,s_absent,,,,yes,no,weak_need,normal,no_issue,low_interest,rebook_trial,weak_need | normal | no_issue | low_interest
0,EGCC-nadahassan,2314(Maqsam),2026-05-05 19:35:05,,,,双方接通,http://pd-fscall-record.oss-cn-hongkong.aliyuncs.com/2026-05-05/maqsam-NadaHassan.302181418.mp3?OSSAccessKeyId=LTAI5t8sBUhKT5YzXBHvmGGq&Expires=1778000516&Signature=OTzFne04ZvAWbvV1LDiaC4UEcfs%3D,0,2026-05-05,,,,,,,,,,,,,,,,,,no,no,no_trial_or_not_aware,normal,no_issue,unknown,manual_review,no_trial_or_not_aware | normal | no_issue | unknown
63098252,EGCC-eman.amr,2289(Maqsam),2026-05-05 19:34:57,,,,双方接通,http://pd-fscall-record.oss-cn-hongkong.aliyuncs.com/2026-05-05/maqsam-Eman.Amr.302181339.mp3?OSSAccessKeyId=LTAI5t8sBUhKT5YzXBHvmGGq&Expires=1778000516&Signature=xWUi0ozwp%2B9SFK37aY7Whifjvk4%3D,63098252,2026-05-05,,,,,,,,,,,,2.0,2026-05-05 17:00 ~ 17:30,cancel,,,,yes,no,weak_need,normal,no_issue,schedule_issue,rebook_trial,weak_need | normal | no_issue | schedule_issue
63074875,EGCC-nadahassan,2314(Maqsam),2026-05-05 18:54:08,,,,双方接通,http://pd-fscall-record.oss-cn-hongkong.aliyuncs.com/2026-05-05/maqsam-NadaHassan.302162139.mp3?OSSAccessKeyId=LTAI5t8sBUhKT5YzXBHvmGGq&Expires=1778000517&Signature=5ZFrNjUrFc7bQ%2BlPN%2BXNN8mFPz4%3D,63074875,2026-05-05,MKT,2,2026-05-02 03:42:54,2026-05-02 12:02:53,EGCC-nadahassan,前端销售部001组,,已取消,-,未拨打,非首次分配,2.0,2026-05-06 19:30 ~ 20:00,end,,,,yes,no,good_need,normal,not_followed_after_trial,price_issue,close_payment,good_need | normal | not_followed_after_trial | price_issue
63094452,EGCC-nadahassan,2314(Maqsam),2026-05-05 18:41:38,,,,双方接通,http://pd-fscall-record.oss-cn-hongkong.aliyuncs.com/2026-05-05/maqsam-NadaHassan.302156270.mp3?OSSAccessKeyId=LTAI5t8sBUhKT5YzXBHvmGGq&Expires=1778000518&Signature=InLjui74AuvxHwkRsqP2qC08fcA%3D,63094452,2026-05-05,MKT,1,2026-05-04 16:42:30,2026-05-04 16:43:30,EGCC-nadahassan,前端销售部001组,,已取消,-,未拨打,首次分配,1.0,2026-05-04 18:30 ~ 19:00,cancel,,,,yes,no,weak_need,normal,no_issue,schedule_issue,rebook_trial,weak_need | normal | no_issue | schedule_issue
63098252,EGCC-eman.amr,2289(Maqsam),2026-05-05 18:39:45,,,,双方接通,http://pd-fscall-record.oss-cn-hongkong.aliyuncs.com/2026-05-05/maqsam-Eman.Amr.302155332.mp3?OSSAccessKeyId=LTAI5t8sBUhKT5YzXBHvmGGq&Expires=1778000518&Signature=nentEdz0NODyu5fUnARubG2TddE%3D,63098252,2026-05-05,,,,,,,,,,,,2.0,2026-05-05 17:00 ~ 17:30,cancel,,,,yes,no,weak_need,normal,no_issue,schedule_issue,rebook_trial,weak_need | normal | no_issue | schedule_issue
63090231,EGCC-nadahassan,2314(Maqsam),2026-05-05 18:21:20,,,,双方接通,http://pd-fscall-record.oss-cn-hongkong.aliyuncs.com/2026-05-05/maqsam-NadaHassan.302146075.mp3?OSSAccessKeyId=LTAI5t8sBUhKT5YzXBHvmGGq&Expires=1778000521&Signature=wK23ny0iYAr4Uo6YgHJgQz8OgII%3D,63090231,2026-05-05,MKT,1,2026-05-04 06:35:03,2026-05-04 06:36:03,EGCC-nadahassan,前端销售部001组,,已取消,-,未拨打,首次分配,1.0,2026-05-05 20:30 ~ 21:00,cancel,,,,yes,no,weak_need,normal,no_issue,schedule_issue,rebook_trial,weak_need | normal | no_issue | schedule_issue
63090259,EGCC-nadahassan,2314(Maqsam),2026-05-05 17:53:21,,,,双方接通,http://pd-fscall-record.oss-cn-hongkong.aliyuncs.com/2026-05-05/maqsam-NadaHassan.302131104.mp3?OSSAccessKeyId=LTAI5t8sBUhKT5YzXBHvmGGq&Expires=1778000523&Signature=A3sf5ZRMYE7PB5hk1aEZsTa6svg%3D,63090259,2026-05-05,MKT,2,2026-05-04 07:21:18,2026-05-04 18:43:47,EGCC-nadahassan,前端销售部001组,,未开始或未结束,-,未拨打,非首次分配,1.0,2026-05-05 20:30 ~ 21:00,cancel,,,,yes,no,weak_need,normal,no_issue,schedule_issue,rebook_trial,weak_need | normal | no_issue | schedule_issue
62517281,EGCC-nadahassan,2314(Maqsam),2026-05-05 17:47:42,,,,双方接通,http://pd-fscall-record.oss-cn-hongkong.aliyuncs.com/2026-05-05/maqsam-NadaHassan.302128072.mp3?OSSAccessKeyId=LTAI5t8sBUhKT5YzXBHvmGGq&Expires=1778000523&Signature=knZ0%2FpnOnA6Bxwz0aAN159NmHy4%3D,62517281,2026-05-05,,,,,,,,,,,,2.0,2026-02-16 17:00 ~ 17:30,end,1.0,840.0,2026-05-03 18:24:14,yes,yes,good_need,normal,no_issue,unknown,renewal_followup,good_need | normal | no_issue | unknown
63096714,EGCC-eman.amr,2289(Maqsam),2026-05-05 17:41:12,,,,双方接通,http://pd-fscall-record.oss-cn-hongkong.aliyuncs.com/2026-05-05/maqsam-Eman.Amr.302124661.mp3?OSSAccessKeyId=LTAI5t8sBUhKT5YzXBHvmGGq&Expires=1778000523&Signature=yU264Sz5OckPdg6zXxGHbvttSH8%3D,63096714,2026-05-05,,,,,,,,,,,,2.0,2026-05-05 18:30 ~ 19:00,cancel,,,,yes,no,weak_need,normal,no_issue,schedule_issue,rebook_trial,weak_need | normal | no_issue | schedule_issue
63098568,EGCC-nadahassan,2314(Maqsam),2026-05-05 17:26:29,,,,双方接通,http://pd-fscall-record.oss-cn-hongkong.aliyuncs.com/2026-05-05/maqsam-NadaHassan.302116275.mp3?OSSAccessKeyId=LTAI5t8sBUhKT5YzXBHvmGGq&Expires=1778000524&Signature=T%2FXSq7WC3%2FvTO0Un23kzbwit0Bs%3D,63098568,2026-05-05,,,,,,,,,,,,1.0,2026-05-05 17:00 ~ 17:30,cancel,,,,yes,no,weak_need,normal,no_issue,schedule_issue,rebook_trial,weak_need | normal | no_issue | schedule_issue
63081772,EGCC-eman.amr,2289(Maqsam),2026-05-05 17:07:08,,,,双方接通,http://pd-fscall-record.oss-cn-hongkong.aliyuncs.com/2026-05-05/maqsam-Eman.Amr.302105711.mp3?OSSAccessKeyId=LTAI5t8sBUhKT5YzXBHvmGGq&Expires=1778000525&Signature=mYmlzChqVdz7e2C5Rxwl5JWxah4%3D,63081772,2026-05-05,MKT,1,2026-05-03 00:17:33,2026-05-03 00:18:34,EGCC-eman.amr,前端销售部001组,,已结束,-,接通>=20S,首次分配,2.0,2026-05-04 19:00 ~ 19:30,s_absent,1.0,600.0,2026-05-05 15:20:54,yes,yes,weak_need,normal,no_issue,low_interest,renewal_followup,weak_need | normal | no_issue | low_interest
62379777,EGCC-nadahassan,2314(Maqsam),2026-05-05 01:51:51,,,,双方接通,http://pd-fscall-record.oss-cn-hongkong.aliyuncs.com/2026-05-05/maqsam-NadaHassan.302001844.mp3?OSSAccessKeyId=LTAI5t8sBUhKT5YzXBHvmGGq&Expires=1778000526&Signature=iu4ZVO52ITgie5zorAb6falYv7Y%3D,62379777,2026-05-05,MKT,2,2026-01-25 23:09:57,2026-01-26 15:33:23,EGCC-nadahassan,前端销售部001组,,已结束,-,接通>=20S,非首次分配,1.0,2026-02-08 21:00 ~ 21:30,end,,,,yes,no,good_need,normal,not_followed_after_trial,price_issue,close_payment,good_need | normal | not_followed_after_trial | price_issue
63089389,EGCC-eman.amr,2289(Maqsam),2026-05-05 01:34:03,,,,双方接通,http://pd-fscall-record.oss-cn-hongkong.aliyuncs.com/2026-05-05/maqsam-Eman.Amr.301998121.mp3?OSSAccessKeyId=LTAI5t8sBUhKT5YzXBHvmGGq&Expires=1778000526&Signature=xFspLH04wAhUuMMSkVI68ENyrd4%3D,63089389,2026-05-05,MKT,1,2026-05-04 03:38:36,2026-05-04 03:39:37,EGCC-eman.amr,前端销售部001组,,学生缺席,-,接通>=20S,首次分配,2.0,2026-05-04 20:00 ~ 20:30,cancel,,,,yes,no,weak_need,normal,no_issue,schedule_issue,rebook_trial,weak_need | normal | no_issue | schedule_issue
63089389,EGCC-eman.amr,2289(Maqsam),2026-05-05 01:22:08,,,,双方接通,http://pd-fscall-record.oss-cn-hongkong.aliyuncs.com/2026-05-05/maqsam-Eman.Amr.301995631.mp3?OSSAccessKeyId=LTAI5t8sBUhKT5YzXBHvmGGq&Expires=1778000526&Signature=5z%2FJLY7v9fmGip6GHkVRiFk9NnQ%3D,63089389,2026-05-05,MKT,1,2026-05-04 03:38:36,2026-05-04 03:39:37,EGCC-eman.amr,前端销售部001组,,学生缺席,-,接通>=20S,首次分配,2.0,2026-05-04 20:00 ~ 20:30,cancel,,,,yes,no,weak_need,normal,no_issue,schedule_issue,rebook_trial,weak_need | normal | no_issue | schedule_issue
63095939,EGCC-nadahassan,2314(Maqsam),2026-05-05 01:17:44,,,,双方接通,http://pd-fscall-record.oss-cn-hongkong.aliyuncs.com/2026-05-05/maqsam-NadaHassan.301994691.mp3?OSSAccessKeyId=LTAI5t8sBUhKT5YzXBHvmGGq&Expires=1778000527&Signature=%2FOBslyxqTrZuYbTyCwQ81Fh6UTw%3D,63095939,2026-05-05,MKT,1,2026-05-04 20:07:54,2026-05-04 20:08:55,EGCC-nadahassan,前端销售部001组,,未开始或未结束,-,接通>=20S,首次分配,1.0,2026-05-05 15:00 ~ 15:30,s_absent,,,,yes,no,weak_need,normal,no_issue,low_interest,rebook_trial,weak_need | normal | no_issue | low_interest
63089389,EGCC-eman.amr,2289(Maqsam),2026-05-05 01:11:16,,,,双方接通,http://pd-fscall-record.oss-cn-hongkong.aliyuncs.com/2026-05-05/maqsam-Eman.Amr.301993220.mp3?OSSAccessKeyId=LTAI5t8sBUhKT5YzXBHvmGGq&Expires=1778000528&Signature=Ayl%2F58lk4o8bXZEO2C9Qha5rIVE%3D,63089389,2026-05-05,MKT,1,2026-05-04 03:38:36,2026-05-04 03:39:37,EGCC-eman.amr,前端销售部001组,,学生缺席,-,接通>=20S,首次分配,2.0,2026-05-04 20:00 ~ 20:30,cancel,,,,yes,no,weak_need,normal,no_issue,schedule_issue,rebook_trial,weak_need | normal | no_issue | schedule_issue
63081772,EGCC-eman.amr,2289(Maqsam),2026-05-05 00:31:46,,,,双方接通,http://pd-fscall-record.oss-cn-hongkong.aliyuncs.com/2026-05-05/maqsam-Eman.Amr.301983363.mp3?OSSAccessKeyId=LTAI5t8sBUhKT5YzXBHvmGGq&Expires=1778000528&Signature=fsZ6QWfJg%2BJb1EOnezVRhF1xjQs%3D,63081772,2026-05-05,MKT,1,2026-05-03 00:17:33,2026-05-03 00:18:34,EGCC-eman.amr,前端销售部001组,,已结束,-,接通>=20S,首次分配,2.0,2026-05-04 19:00 ~ 19:30,s_absent,1.0,600.0,2026-05-05 15:20:54,yes,yes,weak_need,normal,no_issue,low_interest,renewal_followup,weak_need | normal | no_issue | low_interest
63081772,EGCC-eman.amr,2289(Maqsam),2026-05-05 00:31:02,,,,双方接通,http://pd-fscall-record.oss-cn-hongkong.aliyuncs.com/2026-05-05/maqsam-Eman.Amr.301983170.mp3?OSSAccessKeyId=LTAI5t8sBUhKT5YzXBHvmGGq&Expires=1778000528&Signature=T7mxx0qNkehQBr5V2Lnv19RDwSU%3D,63081772,2026-05-05,MKT,1,2026-05-03 00:17:33,2026-05-03 00:18:34,EGCC-eman.amr,前端销售部001组,,已结束,-,接通>=20S,首次分配,2.0,2026-05-04 19:00 ~ 19:30,s_absent,1.0,600.0,2026-05-05 15:20:54,yes,yes,weak_need,normal,no_issue,low_interest,renewal_followup,weak_need | normal | no_issue | low_interest
62701935,EGCC-nadahassan,2314(Maqsam),2026-05-05 00:14:50,,,,双方接通,http://pd-fscall-record.oss-cn-hongkong.aliyuncs.com/2026-05-05/maqsam-NadaHassan.301979184.mp3?OSSAccessKeyId=LTAI5t8sBUhKT5YzXBHvmGGq&Expires=1778000529&Signature=epL%2FycRZvR9qSeDdkyXWU3NbgmA%3D,62701935,2026-05-05,MKT,1,2026-03-14 13:07:01,2026-03-14 13:08:01,EGCC-nadahassan,前端销售部001组,,已结束,-,接通>=20S,首次分配,2.0,2026-03-16 22:00 ~ 22:30,end,,,,yes,no,good_need,normal,not_followed_after_trial,price_issue,close_payment,good_need | normal | not_followed_after_trial | price_issue
62713262,EGCC-nadahassan,2314(Maqsam),2026-05-05 00:09:28,,,,双方接通,http://pd-fscall-record.oss-cn-hongkong.aliyuncs.com/2026-05-05/maqsam-NadaHassan.301977815.mp3?OSSAccessKeyId=LTAI5t8sBUhKT5YzXBHvmGGq&Expires=1778000529&Signature=hA0OdoO3ERiWeavCnlYydE%2BFIOk%3D,62713262,2026-05-05,MKT,2,2026-03-16 01:23:16,2026-03-16 13:23:21,EGCC-nadahassan,前端销售部001组,,已取消,-,接通>=20S,非首次分配,1.0,2026-03-17 13:30 ~ 14:00,cancel,,,,yes,no,weak_need,normal,no_issue,schedule_issue,rebook_trial,weak_need | normal | no_issue | schedule_issue
63081772,EGCC-eman.amr,2289(Maqsam),2026-05-04 23:58:55,,,,双方接通,http://pd-fscall-record.oss-cn-hongkong.aliyuncs.com/2026-05-04/maqsam-Eman.Amr.301975069.mp3?OSSAccessKeyId=LTAI5t8sBUhKT5YzXBHvmGGq&Expires=1778000530&Signature=mlGAYgGed2t%2FHJMKQJulFTMb6lE%3D,63081772,2026-05-04,MKT,1,2026-05-03 00:17:33,2026-05-03 00:18:34,EGCC-eman.amr,前端销售部001组,,已结束,-,接通>=20S,首次分配,2.0,2026-05-04 19:00 ~ 19:30,s_absent,1.0,600.0,2026-05-05 15:20:54,yes,yes,weak_need,normal,no_issue,low_interest,renewal_followup,weak_need | normal | no_issue | low_interest
63090259,EGCC-nadahassan,2314(Maqsam),2026-05-04 23:50:12,,,,双方接通,http://pd-fscall-record.oss-cn-hongkong.aliyuncs.com/2026-05-04/maqsam-NadaHassan.301972957.mp3?OSSAccessKeyId=LTAI5t8sBUhKT5YzXBHvmGGq&Expires=1778000531&Signature=eGTn1avV7k9ry02HGfSXPi6bUcc%3D,63090259,2026-05-04,MKT,2,2026-05-04 07:21:18,2026-05-04 18:43:47,EGCC-nadahassan,前端销售部001组,,未开始或未结束,-,未拨打,非首次分配,1.0,2026-05-05 20:30 ~ 21:00,cancel,,,,yes,no,weak_need,normal,no_issue,schedule_issue,rebook_trial,weak_need | normal | no_issue | schedule_issue
63081772,EGCC-eman.amr,2289(Maqsam),2026-05-04 23:47:23,,,,双方接通,http://pd-fscall-record.oss-cn-hongkong.aliyuncs.com/2026-05-04/maqsam-Eman.Amr.301972265.mp3?OSSAccessKeyId=LTAI5t8sBUhKT5YzXBHvmGGq&Expires=1778000533&Signature=iN7lGGFUTR%2FK6L%2BcgJo1fTH8L%2Bs%3D,63081772,2026-05-04,MKT,1,2026-05-03 00:17:33,2026-05-03 00:18:34,EGCC-eman.amr,前端销售部001组,,已结束,-,接通>=20S,首次分配,2.0,2026-05-04 19:00 ~ 19:30,s_absent,1.0,600.0,2026-05-05 15:20:54,yes,yes,weak_need,normal,no_issue,low_interest,renewal_followup,weak_need | normal | no_issue | low_interest
63081772,EGCC-eman.amr,2289(Maqsam),2026-05-04 23:45:59,,,,双方接通,http://pd-fscall-record.oss-cn-hongkong.aliyuncs.com/2026-05-04/maqsam-Eman.Amr.301971872.mp3?OSSAccessKeyId=LTAI5t8sBUhKT5YzXBHvmGGq&Expires=1778000533&Signature=K%2BylFqolmLqORDf4rSeWcRREMiM%3D,63081772,2026-05-04,MKT,1,2026-05-03 00:17:33,2026-05-03 00:18:34,EGCC-eman.amr,前端销售部001组,,已结束,-,接通>=20S,首次分配,2.0,2026-05-04 19:00 ~ 19:30,s_absent,1.0,600.0,2026-05-05 15:20:54,yes,yes,weak_need,normal,no_issue,low_interest,renewal_followup,weak_need | normal | no_issue | low_interest
63051138,EGCC-eman.amr,2289(Maqsam),2026-05-04 23:40:29,,,,双方接通,http://pd-fscall-record.oss-cn-hongkong.aliyuncs.com/2026-05-04/maqsam-Eman.Amr.301970326.mp3?OSSAccessKeyId=LTAI5t8sBUhKT5YzXBHvmGGq&Expires=1778000534&Signature=dyYAHLX8Z6KbAKz%2F91mZMgJYc18%3D,63051138,2026-05-04,MKT,1,2026-04-28 23:52:25,2026-04-28 23:53:26,EGCC-eman.amr,前端销售部001组,,已结束,-,未拨打,首次分配,1.0,2026-04-30 19:00 ~ 19:30,end,,,,yes,no,good_need,normal,not_followed_after_trial,price_issue,close_payment,good_need | normal | not_followed_after_trial | price_issue
62729404,EGCC-nadahassan,2314(Maqsam),2026-05-04 23:36:34,,,,双方接通,http://pd-fscall-record.oss-cn-hongkong.aliyuncs.com/2026-05-04/maqsam-NadaHassan.301969207.mp3?OSSAccessKeyId=LTAI5t8sBUhKT5YzXBHvmGGq&Expires=1778000534&Signature=Atgjl9Ae%2BEH3Xatk0nqE0c1vCLA%3D,62729404,2026-05-04,MKT,1,2026-03-18 00:18:00,2026-03-18 00:19:00,EGCC-nadahassan,前端销售部001组,,已取消,-,未拨打,首次分配,2.0,2026-03-24 20:30 ~ 21:00,cancel,,,,yes,no,weak_need,normal,no_issue,schedule_issue,rebook_trial,weak_need | normal | no_issue | schedule_issue
62775647,EGCC-nadahassan,2314(Maqsam),2026-05-04 23:34:27,,,,双方接通,http://pd-fscall-record.oss-cn-hongkong.aliyuncs.com/2026-05-04/maqsam-NadaHassan.301968629.mp3?OSSAccessKeyId=LTAI5t8sBUhKT5YzXBHvmGGq&Expires=1778000535&Signature=R7sNb3l1X1tqKXUgMeI91wx%2Fz8o%3D,62775647,2026-05-04,MKT,1,2026-03-25 06:14:54,2026-03-25 06:15:56,EGCC-nadahassan,前端销售部001组,,学生缺席,-,未拨打,首次分配,1.0,2026-03-25 13:00 ~ 13:30,s_absent,,,,yes,no,weak_need,normal,no_issue,low_interest,rebook_trial,weak_need | normal | no_issue | low_interest
62775647,EGCC-nadahassan,2314(Maqsam),2026-05-04 23:33:10,,,,双方接通,http://pd-fscall-record.oss-cn-hongkong.aliyuncs.com/2026-05-04/maqsam-NadaHassan.301968240.mp3?OSSAccessKeyId=LTAI5t8sBUhKT5YzXBHvmGGq&Expires=1778000535&Signature=Ey5TsinnKHF%2Ba6YPsp%2FSNlV8g98%3D,62775647,2026-05-04,MKT,1,2026-03-25 06:14:54,2026-03-25 06:15:56,EGCC-nadahassan,前端销售部001组,,学生缺席,-,未拨打,首次分配,1.0,2026-03-25 13:00 ~ 13:30,s_absent,,,,yes,no,weak_need,normal,no_issue,low_interest,rebook_trial,weak_need | normal | no_issue | low_interest
0,EGCC-nadahassan,2314(Maqsam),2026-05-04 23:32:26,,,,双方接通,http://pd-fscall-record.oss-cn-hongkong.aliyuncs.com/2026-05-04/maqsam-NadaHassan.301968032.mp3?OSSAccessKeyId=LTAI5t8sBUhKT5YzXBHvmGGq&Expires=1778000536&Signature=%2B8iYLir8DYnyq2R%2FsFI8B0iidQk%3D,0,2026-05-04,,,,,,,,,,,,,,,,,,no,no,no_trial_or_not_aware,normal,no_issue,unknown,manual_review,no_trial_or_not_aware | normal | no_issue | unknown
63067971,EGCC-eman.amr,2289(Maqsam),2026-05-04 23:27:59,,,,双方接通,http://pd-fscall-record.oss-cn-hongkong.aliyuncs.com/2026-05-04/maqsam-Eman.Amr.301966726.mp3?OSSAccessKeyId=LTAI5t8sBUhKT5YzXBHvmGGq&Expires=1778000536&Signature=WRsaV%2FeIxP64dGF0ETfQEIxKJWY%3D,63067971,2026-05-04,MKT,1,2026-04-30 22:14:25,2026-04-30 22:15:26,EGCC-eman.amr,前端销售部001组,,已取消,-,未拨打,首次分配,1.0,2026-05-02 13:00 ~ 13:30,cancel,,,,yes,no,weak_need,normal,no_issue,schedule_issue,rebook_trial,weak_need | normal | no_issue | schedule_issue
62758193,EGCC-nadahassan,2314(Maqsam),2026-05-04 23:25:44,,,,双方接通,http://pd-fscall-record.oss-cn-hongkong.aliyuncs.com/2026-05-04/maqsam-NadaHassan.301966039.mp3?OSSAccessKeyId=LTAI5t8sBUhKT5YzXBHvmGGq&Expires=1778000536&Signature=EIq6zQfvfRxr9EXLOo6YKR3yDhg%3D,62758193,2026-05-04,MKT,1,2026-03-22 20:57:43,2026-03-22 20:58:45,EGCC-nadahassan,前端销售部001组,,已结束,-,未拨打,首次分配,1.0,2026-03-25 17:30 ~ 18:00,end,,,,yes,no,good_need,normal,not_followed_after_trial,price_issue,close_payment,good_need | normal | not_followed_after_trial | price_issue
0,EGCC-nadahassan,2314(Maqsam),2026-05-04 23:20:59,,,,双方接通,http://pd-fscall-record.oss-cn-hongkong.aliyuncs.com/2026-05-04/maqsam-NadaHassan.301964628.mp3?OSSAccessKeyId=LTAI5t8sBUhKT5YzXBHvmGGq&Expires=1778000538&Signature=ze5Y8%2B0I7iDReulRbQTLJDUAxiM%3D,0,2026-05-04,,,,,,,,,,,,,,,,,,no,no,no_trial_or_not_aware,normal,no_issue,unknown,manual_review,no_trial_or_not_aware | normal | no_issue | unknown
62773996,EGCC-nadahassan,2314(Maqsam),2026-05-04 23:15:33,,,,双方接通,http://pd-fscall-record.oss-cn-hongkong.aliyuncs.com/2026-05-04/maqsam-NadaHassan.301963103.mp3?OSSAccessKeyId=LTAI5t8sBUhKT5YzXBHvmGGq&Expires=1778000538&Signature=RhSakTVFHyLmyFl6B95dDmlcWqc%3D,62773996,2026-05-04,MKT,1,2026-03-25 01:32:27,2026-03-25 01:33:27,EGCC-nadahassan,前端销售部001组,,已结束,-,未拨打,首次分配,1.0,2026-03-26 15:00 ~ 15:30,end,,,,yes,no,good_need,normal,not_followed_after_trial,price_issue,close_payment,good_need | normal | not_followed_after_trial | price_issue
62773996,EGCC-nadahassan,2314(Maqsam),2026-05-04 23:14:58,,,,双方接通,http://pd-fscall-record.oss-cn-hongkong.aliyuncs.com/2026-05-04/maqsam-NadaHassan.301962948.mp3?OSSAccessKeyId=LTAI5t8sBUhKT5YzXBHvmGGq&Expires=1778000539&Signature=W8RSR0zMFyg%2FdJ8NwhgOyLr%2FfzA%3D,62773996,2026-05-04,MKT,1,2026-03-25 01:32:27,2026-03-25 01:33:27,EGCC-nadahassan,前端销售部001组,,已结束,-,未拨打,首次分配,1.0,2026-03-26 15:00 ~ 15:30,end,,,,yes,no,good_need,normal,not_followed_after_trial,price_issue,close_payment,good_need | normal | not_followed_after_trial | price_issue
63094452,EGCC-nadahassan,2314(Maqsam),2026-05-04 21:44:47,,,,双方接通,http://pd-fscall-record.oss-cn-hongkong.aliyuncs.com/2026-05-04/maqsam-NadaHassan.301926707.mp3?OSSAccessKeyId=LTAI5t8sBUhKT5YzXBHvmGGq&Expires=1778000540&Signature=%2FtDNrkEodvW5DFYC1cZlZtg8N48%3D,63094452,2026-05-04,MKT,1,2026-05-04 16:42:30,2026-05-04 16:43:30,EGCC-nadahassan,前端销售部001组,,已取消,-,未拨打,首次分配,1.0,2026-05-04 18:30 ~ 19:00,cancel,,,,yes,no,weak_need,normal,no_issue,schedule_issue,rebook_trial,weak_need | normal | no_issue | schedule_issue
62793305,EGCC-nadahassan,2314(Maqsam),2026-05-04 21:42:23,,,,双方接通,http://pd-fscall-record.oss-cn-hongkong.aliyuncs.com/2026-05-04/maqsam-NadaHassan.301925541.mp3?OSSAccessKeyId=LTAI5t8sBUhKT5YzXBHvmGGq&Expires=1778000541&Signature=jyswiSKz7OUHhv2Z1I6kOf4%2Fyu8%3D,62793305,2026-05-04,MKT,1,2026-03-27 13:59:14,2026-03-27 14:00:14,EGCC-nadahassan,前端销售部001组,,已取消,-,未拨打,首次分配,1.0,2026-03-30 16:00 ~ 16:30,cancel,,,,yes,no,weak_need,normal,no_issue,schedule_issue,rebook_trial,weak_need | normal | no_issue | schedule_issue
63090231,EGCC-nadahassan,2314(Maqsam),2026-05-04 21:21:27,,,,双方接通,http://pd-fscall-record.oss-cn-hongkong.aliyuncs.com/2026-05-04/maqsam-NadaHassan.301915548.mp3?OSSAccessKeyId=LTAI5t8sBUhKT5YzXBHvmGGq&Expires=1778000542&Signature=zdSvs3nMx6mVAJxOKuDMZKYM7ws%3D,63090231,2026-05-04,MKT,1,2026-05-04 06:35:03,2026-05-04 06:36:03,EGCC-nadahassan,前端销售部001组,,已取消,-,未拨打,首次分配,1.0,2026-05-05 20:30 ~ 21:00,cancel,,,,yes,no,weak_need,normal,no_issue,schedule_issue,rebook_trial,weak_need | normal | no_issue | schedule_issue
62802411,EGCC-nadahassan,2314(Maqsam),2026-05-04 20:20:43,,,,双方接通,http://pd-fscall-record.oss-cn-hongkong.aliyuncs.com/2026-05-04/maqsam-NadaHassan.301889346.mp3?OSSAccessKeyId=LTAI5t8sBUhKT5YzXBHvmGGq&Expires=1778000542&Signature=rqvlEd%2BLbXYMrr3d%2FysbOnl%2BFDU%3D,62802411,2026-05-04,MKT,1,2026-03-28 17:28:45,2026-03-28 17:29:46,EGCC-nadahassan,前端销售部001组,,学生缺席,-,未拨打,首次分配,1.0,2026-03-29 13:30 ~ 14:00,s_absent,,,,yes,no,weak_need,normal,no_issue,low_interest,rebook_trial,weak_need | normal | no_issue | low_interest
62655058,EGCC-eman.amr,2289(Maqsam),2026-05-04 20:15:05,,,,双方接通,http://pd-fscall-record.oss-cn-hongkong.aliyuncs.com/2026-05-04/maqsam-Eman.Amr.301886699.mp3?OSSAccessKeyId=LTAI5t8sBUhKT5YzXBHvmGGq&Expires=1778000545&Signature=%2FVkbmPjIfubRoHZXUshxfSaYD58%3D,62655058,2026-05-04,MKT,1,2026-03-08 07:03:56,2026-03-08 07:04:56,EGCC-eman.amr,前端销售部001组,,已取消,-,未拨打,首次分配,1.0,2026-03-08 15:00 ~ 15:30,cancel,,,,yes,no,weak_need,normal,no_issue,schedule_issue,rebook_trial,weak_need | normal | no_issue | schedule_issue
62803546,EGCC-nadahassan,2314(Maqsam),2026-05-04 20:13:55,,,,双方接通,http://pd-fscall-record.oss-cn-hongkong.aliyuncs.com/2026-05-04/maqsam-NadaHassan.301886128.mp3?OSSAccessKeyId=LTAI5t8sBUhKT5YzXBHvmGGq&Expires=1778000545&Signature=Zbidp6vTEG%2FsMoAAiM6cY0p40s4%3D,62803546,2026-05-04,MKT,1,2026-03-28 20:51:13,2026-03-28 20:52:14,EGCC-nadahassan,前端销售部001组,,已取消,-,未拨打,首次分配,1.0,2026-03-30 13:30 ~ 14:00,cancel,,,,yes,no,weak_need,normal,no_issue,schedule_issue,rebook_trial,weak_need | normal | no_issue | schedule_issue
63081772,EGCC-eman.amr,2289(Maqsam),2026-05-04 20:13:07,,,,双方接通,http://pd-fscall-record.oss-cn-hongkong.aliyuncs.com/2026-05-04/maqsam-Eman.Amr.301885776.mp3?OSSAccessKeyId=LTAI5t8sBUhKT5YzXBHvmGGq&Expires=1778000546&Signature=QZxn03eUl%2FiIqY4j6JIJE1rluZ8%3D,63081772,2026-05-04,MKT,1,2026-05-03 00:17:33,2026-05-03 00:18:34,EGCC-eman.amr,前端销售部001组,,已结束,-,接通>=20S,首次分配,2.0,2026-05-04 19:00 ~ 19:30,s_absent,1.0,600.0,2026-05-05 15:20:54,yes,yes,weak_need,normal,no_issue,low_interest,renewal_followup,weak_need | normal | no_issue | low_interest
62796536,EGCC-nadahassan,2314(Maqsam),2026-05-04 20:08:46,,,,双方接通,http://pd-fscall-record.oss-cn-hongkong.aliyuncs.com/2026-05-04/maqsam-NadaHassan.301883819.mp3?OSSAccessKeyId=LTAI5t8sBUhKT5YzXBHvmGGq&Expires=1778000547&Signature=%2BEhQc8awshDKl3t4%2BiQzXIz%2FQzo%3D,62796536,2026-05-04,MKT,1,2026-03-28 01:47:51,2026-03-28 01:48:52,EGCC-nadahassan,前端销售部001组,,已结束,-,未拨打,首次分配,1.0,2026-03-30 18:00 ~ 18:30,end,,,,yes,no,good_need,normal,not_followed_after_trial,price_issue,close_payment,good_need | normal | not_followed_after_trial | price_issue
62817122,EGCC-nadahassan,2314(Maqsam),2026-05-04 20:06:08,,,,双方接通,http://pd-fscall-record.oss-cn-hongkong.aliyuncs.com/2026-05-04/maqsam-NadaHassan.301882705.mp3?OSSAccessKeyId=LTAI5t8sBUhKT5YzXBHvmGGq&Expires=1778000547&Signature=Nn%2BRVCiDvO9mZDMnbXpXGQaGhpE%3D,62817122,2026-05-04,MKT,1,2026-03-30 16:04:18,2026-03-30 16:05:19,EGCC-nadahassan,前端销售部001组,,已取消,-,未拨打,首次分配,1.0,2026-03-30 18:30 ~ 19:00,cancel,,,,yes,no,weak_need,normal,no_issue,schedule_issue,rebook_trial,weak_need | normal | no_issue | schedule_issue
62796994,EGCC-nadahassan,2314(Maqsam),2026-05-04 20:03:51,,,,双方接通,http://pd-fscall-record.oss-cn-hongkong.aliyuncs.com/2026-05-04/maqsam-NadaHassan.301881717.mp3?OSSAccessKeyId=LTAI5t8sBUhKT5YzXBHvmGGq&Expires=1778000547&Signature=ijxP0JEQfqqKF7580DmaGWVEh5A%3D,62796994,2026-05-04,MKT,1,2026-03-28 05:06:28,2026-03-28 05:07:28,EGCC-nadahassan,前端销售部001组,,已结束,-,未拨打,首次分配,1.0,2026-03-30 21:30 ~ 22:00,end,,,,yes,no,good_need,normal,not_followed_after_trial,price_issue,close_payment,good_need | normal | not_followed_after_trial | price_issue
62805415,EGCC-nadahassan,2314(Maqsam),2026-05-04 20:01:47,,,,双方接通,http://pd-fscall-record.oss-cn-hongkong.aliyuncs.com/2026-05-04/maqsam-NadaHassan.301880812.mp3?OSSAccessKeyId=LTAI5t8sBUhKT5YzXBHvmGGq&Expires=1778000548&Signature=GdVcqAwRDzaOPBhreNXB6zgfUv0%3D,62805415,2026-05-04,MKT,1,2026-03-29 05:24:52,2026-03-29 05:25:53,EGCC-nadahassan,前端销售部001组,,已取消,-,未拨打,首次分配,1.0,2026-03-31 15:30 ~ 16:00,cancel,,,,yes,no,weak_need,normal,no_issue,schedule_issue,rebook_trial,weak_need | normal | no_issue | schedule_issue
63082004,EGCC-nadahassan,2314(Maqsam),2026-05-04 19:15:05,,,,双方接通,http://pd-fscall-record.oss-cn-hongkong.aliyuncs.com/2026-05-04/maqsam-NadaHassan.301860120.mp3?OSSAccessKeyId=LTAI5t8sBUhKT5YzXBHvmGGq&Expires=1778000548&Signature=zgmuvKo0crBdEwcPu3f6FKfqyAM%3D,63082004,2026-05-04,MKT,1,2026-05-03 00:37:39,2026-05-03 00:38:41,EGCC-nadahassan,前端销售部001组,,已结束,-,未拨打,首次分配,2.0,2026-05-04 19:30 ~ 20:00,cancel,,,,yes,no,weak_need,normal,no_issue,schedule_issue,rebook_trial,weak_need | normal | no_issue | schedule_issue
63082004,EGCC-nadahassan,2314(Maqsam),2026-05-04 19:08:09,,,,双方接通,http://pd-fscall-record.oss-cn-hongkong.aliyuncs.com/2026-05-04/maqsam-NadaHassan.301857037.mp3?OSSAccessKeyId=LTAI5t8sBUhKT5YzXBHvmGGq&Expires=1778000549&Signature=T6ijDzDwMqa62IijHluOgqMgWc0%3D,63082004,2026-05-04,MKT,1,2026-05-03 00:37:39,2026-05-03 00:38:41,EGCC-nadahassan,前端销售部001组,,已结束,-,未拨打,首次分配,2.0,2026-05-04 19:30 ~ 20:00,cancel,,,,yes,no,weak_need,normal,no_issue,schedule_issue,rebook_trial,weak_need | normal | no_issue | schedule_issue
0,EGCC-eman.amr,2289(Maqsam),2026-05-04 18:44:49,,,,双方接通,http://pd-fscall-record.oss-cn-hongkong.aliyuncs.com/2026-05-04/maqsam-Eman.Amr.301847350.mp3?OSSAccessKeyId=LTAI5t8sBUhKT5YzXBHvmGGq&Expires=1778000550&Signature=jf7GlhEgGHJUd4FJGU%2B%2Fgl4cx5Q%3D,0,2026-05-04,,,,,,,,,,,,,,,,,,no,no,no_trial_or_not_aware,normal,no_issue,unknown,manual_review,no_trial_or_not_aware | normal | no_issue | unknown
63089389,EGCC-eman.amr,2289(Maqsam),2026-05-04 18:34:39,,,,双方接通,http://pd-fscall-record.oss-cn-hongkong.aliyuncs.com/2026-05-04/maqsam-Eman.Amr.301843093.mp3?OSSAccessKeyId=LTAI5t8sBUhKT5YzXBHvmGGq&Expires=1778000550&Signature=EdibZpFWtm0Jq5xkveT7n336hiw%3D,63089389,2026-05-04,MKT,1,2026-05-04 03:38:36,2026-05-04 03:39:37,EGCC-eman.amr,前端销售部001组,,学生缺席,-,接通>=20S,首次分配,2.0,2026-05-04 20:00 ~ 20:30,cancel,,,,yes,no,weak_need,normal,no_issue,schedule_issue,rebook_trial,weak_need | normal | no_issue | schedule_issue
63080022,EGCC-nadahassan,2314(Maqsam),2026-05-04 18:22:12,,,,双方接通,http://pd-fscall-record.oss-cn-hongkong.aliyuncs.com/2026-05-04/maqsam-NadaHassan.301837448.mp3?OSSAccessKeyId=LTAI5t8sBUhKT5YzXBHvmGGq&Expires=1778000551&Signature=mBEZi4okMVMu330c3BZhNgL4FfE%3D,63080022,2026-05-04,MKT,1,2026-05-02 17:08:22,2026-05-02 17:09:22,EGCC-nadahassan,前端销售部001组,,已取消,-,未拨打,首次分配,1.0,2026-05-03 18:30 ~ 19:00,cancel,,,,yes,no,weak_need,normal,no_issue,schedule_issue,rebook_trial,weak_need | normal | no_issue | schedule_issue
63089389,EGCC-eman.amr,2289(Maqsam),2026-05-04 18:18:50,,,,双方接通,http://pd-fscall-record.oss-cn-hongkong.aliyuncs.com/2026-05-04/maqsam-Eman.Amr.301835930.mp3?OSSAccessKeyId=LTAI5t8sBUhKT5YzXBHvmGGq&Expires=1778000551&Signature=OPlw9YmJeKL28hux7ZNlzg8%2Bz8A%3D,63089389,2026-05-04,MKT,1,2026-05-04 03:38:36,2026-05-04 03:39:37,EGCC-eman.amr,前端销售部001组,,学生缺席,-,接通>=20S,首次分配,2.0,2026-05-04 20:00 ~ 20:30,cancel,,,,yes,no,weak_need,normal,no_issue,schedule_issue,rebook_trial,weak_need | normal | no_issue | schedule_issue
63081772,EGCC-eman.amr,2289(Maqsam),2026-05-04 18:03:42,,,,双方接通,http://pd-fscall-record.oss-cn-hongkong.aliyuncs.com/2026-05-04/maqsam-Eman.Amr.301829294.mp3?OSSAccessKeyId=LTAI5t8sBUhKT5YzXBHvmGGq&Expires=1778000552&Signature=r7c5PHA4PJTfd9T%2FiNcadNnuAt4%3D,63081772,2026-05-04,MKT,1,2026-05-03 00:17:33,2026-05-03 00:18:34,EGCC-eman.amr,前端销售部001组,,已结束,-,接通>=20S,首次分配,2.0,2026-05-04 19:00 ~ 19:30,s_absent,1.0,600.0,2026-05-05 15:20:54,yes,yes,weak_need,normal,no_issue,low_interest,renewal_followup,weak_need | normal | no_issue | low_interest
63082004,EGCC-nadahassan,2314(Maqsam),2026-05-04 17:38:04,,,,双方接通,http://pd-fscall-record.oss-cn-hongkong.aliyuncs.com/2026-05-04/maqsam-NadaHassan.301818095.mp3?OSSAccessKeyId=LTAI5t8sBUhKT5YzXBHvmGGq&Expires=1778000552&Signature=%2Bz9Epi1CkoCZkd00b3HOMChj59w%3D,63082004,2026-05-04,MKT,1,2026-05-03 00:37:39,2026-05-03 00:38:41,EGCC-nadahassan,前端销售部001组,,已结束,-,未拨打,首次分配,2.0,2026-05-04 19:30 ~ 20:00,cancel,,,,yes,no,weak_need,normal,no_issue,schedule_issue,rebook_trial,weak_need | normal | no_issue | schedule_issue
63074289,EGCC-nadahassan,2314(Maqsam),2026-05-04 17:33:22,,,,双方接通,http://pd-fscall-record.oss-cn-hongkong.aliyuncs.com/2026-05-04/maqsam-NadaHassan.301815981.mp3?OSSAccessKeyId=LTAI5t8sBUhKT5YzXBHvmGGq&Expires=1778000553&Signature=viaLeA63RJYev%2BaylNCtpC8%2BefM%3D,63074289,2026-05-04,MKT,1,2026-05-01 23:25:55,2026-05-01 23:26:56,EGCC-nadahassan,前端销售部001组,,已取消,-,未拨打,首次分配,1.0,2026-05-04 17:30 ~ 18:00,cancel,,,,yes,no,weak_need,normal,no_issue,schedule_issue,rebook_trial,weak_need | normal | no_issue | schedule_issue
63073570,EGCC-nadahassan,2314(Maqsam),2026-05-04 17:32:38,,,,双方接通,http://pd-fscall-record.oss-cn-hongkong.aliyuncs.com/2026-05-04/maqsam-NadaHassan.301815670.mp3?OSSAccessKeyId=LTAI5t8sBUhKT5YzXBHvmGGq&Expires=1778000553&Signature=g7ncjadeStWm1yRA0brQF%2FonAe4%3D,63073570,2026-05-04,MKT,1,2026-05-01 19:58:49,2026-05-01 19:59:50,EGCC-nadahassan,前端销售部001组,,已取消,-,未拨打,首次分配,1.0,2026-05-04 19:30 ~ 20:00,cancel,,,,yes,no,weak_need,normal,no_issue,schedule_issue,rebook_trial,weak_need | normal | no_issue | schedule_issue
63073570,EGCC-nadahassan,2314(Maqsam),2026-05-04 17:32:09,,,,双方接通,http://pd-fscall-record.oss-cn-hongkong.aliyuncs.com/2026-05-04/maqsam-NadaHassan.301815440.mp3?OSSAccessKeyId=LTAI5t8sBUhKT5YzXBHvmGGq&Expires=1778000553&Signature=foMdL1plKPx7Dv%2F08sllJOX9Xqc%3D,63073570,2026-05-04,MKT,1,2026-05-01 19:58:49,2026-05-01 19:59:50,EGCC-nadahassan,前端销售部001组,,已取消,-,未拨打,首次分配,1.0,2026-05-04 19:30 ~ 20:00,cancel,,,,yes,no,weak_need,normal,no_issue,schedule_issue,rebook_trial,weak_need | normal | no_issue | schedule_issue
63082396,EGCC-nadahassan,2314(Maqsam),2026-05-04 17:26:33,,,,双方接通,http://pd-fscall-record.oss-cn-hongkong.aliyuncs.com/2026-05-04/maqsam-NadaHassan.301812955.mp3?OSSAccessKeyId=LTAI5t8sBUhKT5YzXBHvmGGq&Expires=1778000554&Signature=Ikq%2BUjoWk2IIKFVdoeBuPqW8Jvo%3D,63082396,2026-05-04,MKT,1,2026-05-03 05:24:48,2026-05-03 05:25:49,EGCC-nadahassan,前端销售部001组,,已取消,-,未拨打,首次分配,1.0,2026-05-04 20:30 ~ 21:00,cancel,,,,yes,no,weak_need,normal,no_issue,schedule_issue,rebook_trial,weak_need | normal | no_issue | schedule_issue
63081772,EGCC-eman.amr,2289(Maqsam),2026-05-04 17:18:13,,,,双方接通,http://pd-fscall-record.oss-cn-hongkong.aliyuncs.com/2026-05-04/maqsam-Eman.Amr.301809322.mp3?OSSAccessKeyId=LTAI5t8sBUhKT5YzXBHvmGGq&Expires=1778000555&Signature=xf%2BcxsIOMR4Xg9fY7pJKc4v52GQ%3D,63081772,2026-05-04,MKT,1,2026-05-03 00:17:33,2026-05-03 00:18:34,EGCC-eman.amr,前端销售部001组,,已结束,-,接通>=20S,首次分配,2.0,2026-05-04 19:00 ~ 19:30,s_absent,1.0,600.0,2026-05-05 15:20:54,yes,yes,weak_need,normal,no_issue,low_interest,renewal_followup,weak_need | normal | no_issue | low_interest
0,EGCC-nadahassan,2314(Maqsam),2026-05-04 01:43:58,,,,双方接通,http://pd-fscall-record.oss-cn-hongkong.aliyuncs.com/2026-05-04/maqsam-NadaHassan.301691638.mp3?OSSAccessKeyId=LTAI5t8sBUhKT5YzXBHvmGGq&Expires=1778000556&Signature=ILeVVVDCUG1CLDRSavPJVch84q8%3D,0,2026-05-04,,,,,,,,,,,,,,,,,,no,no,no_trial_or_not_aware,normal,no_issue,unknown,manual_review,no_trial_or_not_aware | normal | no_issue | unknown
63088133,EGCC-eman.amr,2289(Maqsam),2026-05-04 01:31:58,,,,双方接通,http://pd-fscall-record.oss-cn-hongkong.aliyuncs.com/2026-05-04/maqsam-Eman.Amr.301689080.mp3?OSSAccessKeyId=LTAI5t8sBUhKT5YzXBHvmGGq&Expires=1778000556&Signature=mqToUfmsfy0%2FHLRvHfwB%2FTWtvFU%3D,63088133,2026-05-04,MKT,1,2026-05-03 19:51:16,2026-05-03 19:52:16,EGCC-eman.amr,前端销售部001组,,已取消,-,未拨打,首次分配,1.0,2026-05-05 12:30 ~ 13:00,cancel,,,,yes,no,weak_need,normal,no_issue,schedule_issue,rebook_trial,weak_need | normal | no_issue | schedule_issue
63088252,EGCC-nadahassan,2314(Maqsam),2026-05-04 01:06:06,,,,双方接通,http://pd-fscall-record.oss-cn-hongkong.aliyuncs.com/2026-05-04/maqsam-NadaHassan.301683582.mp3?OSSAccessKeyId=LTAI5t8sBUhKT5YzXBHvmGGq&Expires=1778000559&Signature=EQFF1XXziODIYkubt8zfNAMGOxM%3D,63088252,2026-05-04,MKT,1,2026-05-03 20:02:20,2026-05-03 20:03:20,EGCC-nadahassan,前端销售部001组,,已取消,-,未拨打,首次分配,1.0,2026-05-04 15:00 ~ 15:30,cancel,,,,yes,no,weak_need,normal,no_issue,schedule_issue,rebook_trial,weak_need | normal | no_issue | schedule_issue
0,EGCC-nadahassan,2314(Maqsam),2026-05-04 00:59:32,,,,双方接通,http://pd-fscall-record.oss-cn-hongkong.aliyuncs.com/2026-05-04/maqsam-NadaHassan.301682166.mp3?OSSAccessKeyId=LTAI5t8sBUhKT5YzXBHvmGGq&Expires=1778000559&Signature=TPWAOWhD1L4%2FboclXbsc1XTurxY%3D,0,2026-05-04,,,,,,,,,,,,,,,,,,no,no,no_trial_or_not_aware,normal,no_issue,unknown,manual_review,no_trial_or_not_aware | normal | no_issue | unknown
63073597,EGCC-nadahassan,2314(Maqsam),2026-05-04 00:52:23,,,,双方接通,http://pd-fscall-record.oss-cn-hongkong.aliyuncs.com/2026-05-04/maqsam-NadaHassan.301680552.mp3?OSSAccessKeyId=LTAI5t8sBUhKT5YzXBHvmGGq&Expires=1778000560&Signature=y4Pu62fOYNz2M1pPNt9cxC22qrQ%3D,63073597,2026-05-04,MKT,2,2026-05-01 20:42:13,2026-05-02 12:02:54,EGCC-nadahassan,前端销售部001组,,已取消,-,未拨打,非首次分配,1.0,2026-05-03 16:00 ~ 16:30,cancel,,,,yes,no,weak_need,normal,no_issue,schedule_issue,rebook_trial,weak_need | normal | no_issue | schedule_issue
63080022,EGCC-nadahassan,2314(Maqsam),2026-05-04 00:43:41,,,,双方接通,http://pd-fscall-record.oss-cn-hongkong.aliyuncs.com/2026-05-04/maqsam-NadaHassan.301678212.mp3?OSSAccessKeyId=LTAI5t8sBUhKT5YzXBHvmGGq&Expires=1778000561&Signature=%2F86aBw%2BzKiwQ%2B6uZ%2FVx%2F%2ByZSWLY%3D,63080022,2026-05-04,MKT,1,2026-05-02 17:08:22,2026-05-02 17:09:22,EGCC-nadahassan,前端销售部001组,,已取消,-,未拨打,首次分配,1.0,2026-05-03 18:30 ~ 19:00,cancel,,,,yes,no,weak_need,normal,no_issue,schedule_issue,rebook_trial,weak_need | normal | no_issue | schedule_issue
63081242,EGCC-nadahassan,2314(Maqsam),2026-05-04 00:40:44,,,,双方接通,http://pd-fscall-record.oss-cn-hongkong.aliyuncs.com/2026-05-04/maqsam-NadaHassan.301677366.mp3?OSSAccessKeyId=LTAI5t8sBUhKT5YzXBHvmGGq&Expires=1778000561&Signature=tOb5JySZ0RATFMQXv7w%2B8iOdFOE%3D,63081242,2026-05-04,MKT,1,2026-05-02 20:29:37,2026-05-02 20:30:38,EGCC-nadahassan,前端销售部001组,,已取消,-,未拨打,首次分配,1.0,2026-05-04 20:00 ~ 20:30,cancel,,,,yes,no,weak_need,normal,no_issue,schedule_issue,rebook_trial,weak_need | normal | no_issue | schedule_issue
0,EGCC-nadahassan,2314(Maqsam),2026-05-04 00:39:32,,,,双方接通,http://pd-fscall-record.oss-cn-hongkong.aliyuncs.com/2026-05-04/maqsam-NadaHassan.301677052.mp3?OSSAccessKeyId=LTAI5t8sBUhKT5YzXBHvmGGq&Expires=1778000561&Signature=Pc6DxRYfmA24U1VUJ4rLv6b06Z8%3D,0,2026-05-04,,,,,,,,,,,,,,,,,,no,no,no_trial_or_not_aware,normal,no_issue,unknown,manual_review,no_trial_or_not_aware | normal | no_issue | unknown
62801756,EGCC-eman.amr,2289(Maqsam),2026-05-04 00:38:36,,,,双方接通,http://pd-fscall-record.oss-cn-hongkong.aliyuncs.com/2026-05-04/maqsam-Eman.Amr.301676812.mp3?OSSAccessKeyId=LTAI5t8sBUhKT5YzXBHvmGGq&Expires=1778000562&Signature=PbBta4QYP8iZOL5u9S%2F1L5dnm0k%3D,62801756,2026-05-04,MKT,1,2026-03-28 16:22:16,2026-03-28 16:23:16,EGCC-eman.amr,前端销售部001组,,已结束,-,未拨打,首次分配,1.0,2026-03-29 13:00 ~ 13:30,end,,,,yes,no,good_need,normal,not_followed_after_trial,price_issue,close_payment,good_need | normal | not_followed_after_trial | price_issue
62770158,EGCC-nadahassan,2314(Maqsam),2026-05-04 00:30:49,,,,双方接通,http://pd-fscall-record.oss-cn-hongkong.aliyuncs.com/2026-05-04/maqsam-NadaHassan.301674958.mp3?OSSAccessKeyId=LTAI5t8sBUhKT5YzXBHvmGGq&Expires=1778000562&Signature=%2BP1QshxcWuoBWIYtfXuo5A4DpAA%3D,62770158,2026-05-04,MKT,1,2026-03-24 14:27:31,2026-03-24 14:28:31,EGCC-nadahassan,前端销售部001组,,已结束,-,未拨打,首次分配,1.0,2026-03-26 17:30 ~ 18:00,end,,,,yes,no,good_need,normal,not_followed_after_trial,price_issue,close_payment,good_need | normal | not_followed_after_trial | price_issue
62942424,EGCC-eman.amr,2289(Maqsam),2026-05-04 00:19:43,,,,双方接通,http://pd-fscall-record.oss-cn-hongkong.aliyuncs.com/2026-05-04/maqsam-Eman.Amr.301672252.mp3?OSSAccessKeyId=LTAI5t8sBUhKT5YzXBHvmGGq&Expires=1778000563&Signature=FAKOG59EysYdAZIJneSqDw77ujI%3D,62942424,2026-05-04,MKT,1,2026-04-15 23:13:56,2026-04-15 23:14:58,EGCC-eman.amr,前端销售部001组,,已结束,-,未拨打,首次分配,1.0,2026-04-19 19:30 ~ 20:00,end,,,,yes,no,good_need,normal,not_followed_after_trial,price_issue,close_payment,good_need | normal | not_followed_after_trial | price_issue
62267373,EGCC-nadahassan,2314(Maqsam),2026-05-04 00:18:01,,,,双方接通,http://pd-fscall-record.oss-cn-hongkong.aliyuncs.com/2026-05-04/maqsam-NadaHassan.301671854.mp3?OSSAccessKeyId=LTAI5t8sBUhKT5YzXBHvmGGq&Expires=1778000564&Signature=x%2BV%2FsUHz%2Fvs07ouNkHzLJLOpbgE%3D,62267373,2026-05-04,MKT,1,2026-01-12 02:26:14,2026-01-12 02:27:15,EGCC-nadahassan,前端销售部001组,,学生缺席,-,未拨打,首次分配,1.0,2026-01-12 19:00 ~ 19:30,s_absent,,,,yes,no,weak_need,normal,no_issue,low_interest,rebook_trial,weak_need | normal | no_issue | low_interest
0,EGCC-eman.amr,2289(Maqsam),2026-05-04 00:15:57,,,,双方接通,http://pd-fscall-record.oss-cn-hongkong.aliyuncs.com/2026-05-04/maqsam-Eman.Amr.301671374.mp3?OSSAccessKeyId=LTAI5t8sBUhKT5YzXBHvmGGq&Expires=1778000564&Signature=01vhnfcleH6YofZsJITpR6qwsWA%3D,0,2026-05-04,,,,,,,,,,,,,,,,,,no,no,no_trial_or_not_aware,normal,no_issue,unknown,manual_review,no_trial_or_not_aware | normal | no_issue | unknown
62985225,EGCC-eman.amr,2289(Maqsam),2026-05-04 00:14:46,,,,双方接通,http://pd-fscall-record.oss-cn-hongkong.aliyuncs.com/2026-05-04/maqsam-Eman.Amr.301671071.mp3?OSSAccessKeyId=LTAI5t8sBUhKT5YzXBHvmGGq&Expires=1778000565&Signature=NGGVBQLgKdr%2Brq%2F3NyDONjDxj58%3D,62985225,2026-05-04,MKT,2,2026-04-21 15:03:52,2026-04-21 20:44:39,EGCC-eman.amr,前端销售部001组,,已结束,-,未拨打,非首次分配,,,,,,,no,no,no_trial_or_not_aware,normal,no_issue,unknown,manual_review,no_trial_or_not_aware | normal | no_issue | unknown
62993396,EGCC-eman.amr,2289(Maqsam),2026-05-04 00:11:36,,,,双方接通,http://pd-fscall-record.oss-cn-hongkong.aliyuncs.com/2026-05-04/maqsam-Eman.Amr.301670269.mp3?OSSAccessKeyId=LTAI5t8sBUhKT5YzXBHvmGGq&Expires=1778000565&Signature=lYlqYMukj2kbW91fhOxptayNXlw%3D,62993396,2026-05-04,MKT,1,2026-04-22 15:55:52,2026-04-22 15:56:54,EGCC-eman.amr,前端销售部001组,,学生缺席,-,未拨打,首次分配,1.0,2026-04-22 20:00 ~ 20:30,s_absent,,,,yes,no,weak_need,normal,no_issue,low_interest,rebook_trial,weak_need | normal | no_issue | low_interest
61262816,EGCC-nadahassan,2314(Maqsam),2026-05-04 00:09:35,,,,双方接通,http://pd-fscall-record.oss-cn-hongkong.aliyuncs.com/2026-05-04/maqsam-NadaHassan.301669776.mp3?OSSAccessKeyId=LTAI5t8sBUhKT5YzXBHvmGGq&Expires=1778000566&Signature=5dgGc7wYnaO81bQ5lXNlwdbW%2Beo%3D,61262816,2026-05-04,MKT,2,2025-09-14 00:08:42,2026-03-02 16:32:10,EGCC-nadahassan,前端销售部001组,,已结束,-,未拨打,非首次分配,1.0,2026-02-19 15:00 ~ 15:30,end,,,,yes,no,good_need,normal,not_followed_after_trial,price_issue,close_payment,good_need | normal | not_followed_after_trial | price_issue
62160532,EGCC-nadahassan,2314(Maqsam),2026-05-04 00:06:59,,,,双方接通,http://pd-fscall-record.oss-cn-hongkong.aliyuncs.com/2026-05-04/maqsam-NadaHassan.301669119.mp3?OSSAccessKeyId=LTAI5t8sBUhKT5YzXBHvmGGq&Expires=1778000566&Signature=H1nJSi%2FOuYwq4EG96uecxiTeCns%3D,62160532,2026-05-04,MKT,2,2025-12-28 22:53:49,2026-03-11 21:59:30,EGCC-nadahassan,前端销售部001组,,已结束,-,未拨打,非首次分配,1.0,2026-03-12 23:30 ~ 00:00,end,,,,yes,no,good_need,normal,not_followed_after_trial,price_issue,close_payment,good_need | normal | not_followed_after_trial | price_issue
62997418,EGCC-eman.amr,2289(Maqsam),2026-05-04 00:00:49,,,,双方接通,http://pd-fscall-record.oss-cn-hongkong.aliyuncs.com/2026-05-04/maqsam-Eman.Amr.301667598.mp3?OSSAccessKeyId=LTAI5t8sBUhKT5YzXBHvmGGq&Expires=1778000567&Signature=u%2FkgWb0cYxbbTzER3NdBVIgJ2LA%3D,62997418,2026-05-04,MKT,1,2026-04-23 04:41:53,2026-04-23 04:42:54,EGCC-eman.amr,前端销售部001组,,已结束,-,未拨打,首次分配,1.0,2026-04-23 21:30 ~ 22:00,end,,,,yes,no,good_need,normal,not_followed_after_trial,price_issue,close_payment,good_need | normal | not_followed_after_trial | price_issue
62379777,EGCC-nadahassan,2314(Maqsam),2026-05-04 00:00:20,,,,双方接通,http://pd-fscall-record.oss-cn-hongkong.aliyuncs.com/2026-05-04/maqsam-NadaHassan.301667478.mp3?OSSAccessKeyId=LTAI5t8sBUhKT5YzXBHvmGGq&Expires=1778000568&Signature=ntgo18QFixvEJ2bYLHG4lBCX8jo%3D,62379777,2026-05-04,MKT,2,2026-01-25 23:09:57,2026-01-26 15:33:23,EGCC-nadahassan,前端销售部001组,,已结束,-,接通>=20S,非首次分配,1.0,2026-02-08 21:00 ~ 21:30,end,,,,yes,no,good_need,normal,not_followed_after_trial,price_issue,close_payment,good_need | normal | not_followed_after_trial | price_issue
63081772,EGCC-eman.amr,2289(Maqsam),2026-05-03 23:34:23,,,,双方接通,http://pd-fscall-record.oss-cn-hongkong.aliyuncs.com/2026-05-03/maqsam-Eman.Amr.301660205.mp3?OSSAccessKeyId=LTAI5t8sBUhKT5YzXBHvmGGq&Expires=1778000572&Signature=Lt%2FJz2XG3%2FCMs7s%2FJSQSBQCLJo0%3D,63081772,2026-05-03,MKT,1,2026-05-03 00:17:33,2026-05-03 00:18:34,EGCC-eman.amr,前端销售部001组,,已结束,-,接通>=20S,首次分配,2.0,2026-05-04 19:00 ~ 19:30,s_absent,1.0,600.0,2026-05-05 15:20:54,yes,yes,weak_need,normal,no_issue,low_interest,renewal_followup,weak_need | normal | no_issue | low_interest
63081772,EGCC-eman.amr,2289(Maqsam),2026-05-03 23:32:53,,,,双方接通,http://pd-fscall-record.oss-cn-hongkong.aliyuncs.com/2026-05-03/maqsam-Eman.Amr.301659830.mp3?OSSAccessKeyId=LTAI5t8sBUhKT5YzXBHvmGGq&Expires=1778000572&Signature=wG126o0CBENZKXmxVlUy%2BACwZeM%3D,63081772,2026-05-03,MKT,1,2026-05-03 00:17:33,2026-05-03 00:18:34,EGCC-eman.amr,前端销售部001组,,已结束,-,接通>=20S,首次分配,2.0,2026-05-04 19:00 ~ 19:30,s_absent,1.0,600.0,2026-05-05 15:20:54,yes,yes,weak_need,normal,no_issue,low_interest,renewal_followup,weak_need | normal | no_issue | low_interest
62517281,EGCC-nadahassan,2314(Maqsam),2026-05-03 23:27:24,,,,双方接通,http://pd-fscall-record.oss-cn-hongkong.aliyuncs.com/2026-05-03/maqsam-NadaHassan.301658443.mp3?OSSAccessKeyId=LTAI5t8sBUhKT5YzXBHvmGGq&Expires=1778000573&Signature=ppY%2BvHydpwt%2Fuc%2FOzAty5fhOPcc%3D,62517281,2026-05-03,,,,,,,,,,,,2.0,2026-02-16 17:00 ~ 17:30,end,1.0,840.0,2026-05-03 18:24:14,yes,yes,good_need,normal,no_issue,unknown,renewal_followup,good_need | normal | no_issue | unknown
62517281,EGCC-nadahassan,2314(Maqsam),2026-05-03 23:07:22,,,,双方接通,http://pd-fscall-record.oss-cn-hongkong.aliyuncs.com/2026-05-03/maqsam-NadaHassan.301652913.mp3?OSSAccessKeyId=LTAI5t8sBUhKT5YzXBHvmGGq&Expires=1778000574&Signature=VND8TPz9QFiMWFZvsPYGin2y56Y%3D,62517281,2026-05-03,,,,,,,,,,,,2.0,2026-02-16 17:00 ~ 17:30,end,1.0,840.0,2026-05-03 18:24:14,yes,yes,good_need,normal,no_issue,unknown,renewal_followup,good_need | normal | no_issue | unknown
62655058,EGCC-eman.amr,2289(Maqsam),2026-05-03 21:49:03,,,,双方接通,http://pd-fscall-record.oss-cn-hongkong.aliyuncs.com/2026-05-03/maqsam-Eman.Amr.301627609.mp3?OSSAccessKeyId=LTAI5t8sBUhKT5YzXBHvmGGq&Expires=1778000574&Signature=8ha5MqkYCPYN4ue7yhip%2Bw9rxCo%3D,62655058,2026-05-03,MKT,1,2026-03-08 07:03:56,2026-03-08 07:04:56,EGCC-eman.amr,前端销售部001组,,已取消,-,未拨打,首次分配,1.0,2026-03-08 15:00 ~ 15:30,cancel,,,,yes,no,weak_need,normal,no_issue,schedule_issue,rebook_trial,weak_need | normal | no_issue | schedule_issue
63067876,EGCC-nadahassan,2314(Maqsam),2026-05-03 21:29:21,,,,双方接通,http://pd-fscall-record.oss-cn-hongkong.aliyuncs.com/2026-05-03/maqsam-NadaHassan.301620620.mp3?OSSAccessKeyId=LTAI5t8sBUhKT5YzXBHvmGGq&Expires=1778000575&Signature=d22KLWwNEZL4%2F%2BJdB0tBq0nk5o0%3D,63067876,2026-05-03,MKT,1,2026-04-30 22:30:14,2026-04-30 22:31:14,EGCC-nadahassan,前端销售部001组,,,-,未拨打,首次分配,,,,,,,no,no,no_trial_or_not_aware,normal,no_issue,unknown,manual_review,no_trial_or_not_aware | normal | no_issue | unknown
63072016,EGCC-nadahassan,2314(Maqsam),2026-05-03 20:58:22,,,,双方接通,http://pd-fscall-record.oss-cn-hongkong.aliyuncs.com/2026-05-03/maqsam-NadaHassan.301609719.mp3?OSSAccessKeyId=LTAI5t8sBUhKT5YzXBHvmGGq&Expires=1778000577&Signature=s2IvKpZxKHbGqg4l3H3sjL1MpA8%3D,63072016,2026-05-03,MKT,1,2026-05-01 13:44:55,2026-05-01 13:45:55,EGCC-nadahassan,前端销售部001组,,已结束,-,未拨打,首次分配,1.0,2026-05-03 15:30 ~ 16:00,end,,,,yes,no,good_need,normal,not_followed_after_trial,price_issue,close_payment,good_need | normal | not_followed_after_trial | price_issue
63079645,EGCC-eman.amr,2289(Maqsam),2026-05-03 20:43:50,,,,双方接通,http://pd-fscall-record.oss-cn-hongkong.aliyuncs.com/2026-05-03/maqsam-Eman.Amr.301604282.mp3?OSSAccessKeyId=LTAI5t8sBUhKT5YzXBHvmGGq&Expires=1778000577&Signature=gsCdGzIvFHNCA4eJkWLybnP3rB8%3D,63079645,2026-05-03,MKT,1,2026-05-02 16:21:25,2026-05-02 16:22:25,EGCC-eman.amr,前端销售部001组,,已取消,-,未拨打,首次分配,1.0,2026-05-03 20:30 ~ 21:00,cancel,,,,yes,no,weak_need,normal,no_issue,schedule_issue,rebook_trial,weak_need | normal | no_issue | schedule_issue
63072016,EGCC-nadahassan,2314(Maqsam),2026-05-03 20:23:21,,,,双方接通,http://pd-fscall-record.oss-cn-hongkong.aliyuncs.com/2026-05-03/maqsam-NadaHassan.301596457.mp3?OSSAccessKeyId=LTAI5t8sBUhKT5YzXBHvmGGq&Expires=1778000578&Signature=dlDERgWf6cgSxFYAN0qM%2FZum9ys%3D,63072016,2026-05-03,MKT,1,2026-05-01 13:44:55,2026-05-01 13:45:55,EGCC-nadahassan,前端销售部001组,,已结束,-,未拨打,首次分配,1.0,2026-05-03 15:30 ~ 16:00,end,,,,yes,no,good_need,normal,not_followed_after_trial,price_issue,close_payment,good_need | normal | not_followed_after_trial | price_issue
63081227,EGCC-eman.amr,2289(Maqsam),2026-05-03 20:02:52,,,,双方接通,http://pd-fscall-record.oss-cn-hongkong.aliyuncs.com/2026-05-03/maqsam-Eman.Amr.301588434.mp3?OSSAccessKeyId=LTAI5t8sBUhKT5YzXBHvmGGq&Expires=1778000579&Signature=tKdVO389HzuSjfllmt4d0h6Rm0A%3D,63081227,2026-05-03,MKT,1,2026-05-02 20:09:27,2026-05-02 20:10:29,EGCC-eman.amr,前端销售部001组,,学生缺席,-,未拨打,首次分配,1.0,2026-05-04 12:30 ~ 13:00,s_absent,,,,yes,no,weak_need,normal,no_issue,low_interest,rebook_trial,weak_need | normal | no_issue | low_interest
63081242,EGCC-nadahassan,2314(Maqsam),2026-05-03 19:49:20,,,,双方接通,http://pd-fscall-record.oss-cn-hongkong.aliyuncs.com/2026-05-03/maqsam-NadaHassan.301583127.mp3?OSSAccessKeyId=LTAI5t8sBUhKT5YzXBHvmGGq&Expires=1778000581&Signature=M%2FzPMhHAukFVLfSlqeEhpyYbLOk%3D,63081242,2026-05-03,MKT,1,2026-05-02 20:29:37,2026-05-02 20:30:38,EGCC-nadahassan,前端销售部001组,,已取消,-,未拨打,首次分配,1.0,2026-05-04 20:00 ~ 20:30,cancel,,,,yes,no,weak_need,normal,no_issue,schedule_issue,rebook_trial,weak_need | normal | no_issue | schedule_issue
63072901,EGCC-eman.amr,2289(Maqsam),2026-05-03 17:52:42,,,,双方接通,http://pd-fscall-record.oss-cn-hongkong.aliyuncs.com/2026-05-03/maqsam-Eman.Amr.301535265.mp3?OSSAccessKeyId=LTAI5t8sBUhKT5YzXBHvmGGq&Expires=1778000583&Signature=KQlGK3fj4fZEIYj5MxgTshmRdk8%3D,63072901,2026-05-03,MKT,1,2026-05-01 16:24:13,2026-05-01 16:25:13,EGCC-eman.amr,前端销售部001组,,已取消,-,未拨打,首次分配,1.0,2026-05-03 16:30 ~ 17:00,cancel,,,,yes,no,weak_need,normal,no_issue,schedule_issue,rebook_trial,weak_need | normal | no_issue | schedule_issue
0,EGCC-nadahassan,2314(Maqsam),2026-05-03 17:35:40,,,,双方接通,http://pd-fscall-record.oss-cn-hongkong.aliyuncs.com/2026-05-03/maqsam-NadaHassan.301528203.mp3?OSSAccessKeyId=LTAI5t8sBUhKT5YzXBHvmGGq&Expires=1778000584&Signature=OXyzs%2BVLxlxBWfb5gpz4BHASEok%3D,0,2026-05-03,,,,,,,,,,,,,,,,,,no,no,no_trial_or_not_aware,normal,no_issue,unknown,manual_review,no_trial_or_not_aware | normal | no_issue | unknown
62770158,EGCC-nadahassan,2314(Maqsam),2026-05-02 20:53:28,,,,双方接通,http://pd-fscall-record.oss-cn-hongkong.aliyuncs.com/2026-05-02/maqsam-NadaHassan.301338605.mp3?OSSAccessKeyId=LTAI5t8sBUhKT5YzXBHvmGGq&Expires=1778000585&Signature=u1tktWYNWozFr27hewYL5zxZjMU%3D,62770158,2026-05-02,MKT,1,2026-03-24 14:27:31,2026-03-24 14:28:31,EGCC-nadahassan,前端销售部001组,,已结束,-,未拨打,首次分配,1.0,2026-03-26 17:30 ~ 18:00,end,,,,yes,no,good_need,normal,not_followed_after_trial,price_issue,close_payment,good_need | normal | not_followed_after_trial | price_issue
62782636,EGCC-nadahassan,2314(Maqsam),2026-05-02 20:48:13,,,,双方接通,http://pd-fscall-record.oss-cn-hongkong.aliyuncs.com/2026-05-02/maqsam-NadaHassan.301336866.mp3?OSSAccessKeyId=LTAI5t8sBUhKT5YzXBHvmGGq&Expires=1778000585&Signature=CfaEuXYxDJR6mLR8gDcKhP97W5E%3D,62782636,2026-05-02,MKT,1,2026-03-26 03:12:19,2026-03-26 03:13:21,EGCC-nadahassan,前端销售部001组,,已取消,-,未拨打,首次分配,1.0,2026-03-26 21:00 ~ 21:30,cancel,,,,yes,no,weak_need,normal,no_issue,schedule_issue,rebook_trial,weak_need | normal | no_issue | schedule_issue
62784051,EGCC-nadahassan,2314(Maqsam),2026-05-02 20:45:21,,,,双方接通,http://pd-fscall-record.oss-cn-hongkong.aliyuncs.com/2026-05-02/maqsam-NadaHassan.301335932.mp3?OSSAccessKeyId=LTAI5t8sBUhKT5YzXBHvmGGq&Expires=1778000586&Signature=jBDCN1tXbNxSpQbDd%2BLN8OfCuGQ%3D,62784051,2026-05-02,MKT,1,2026-03-26 08:47:24,2026-03-26 08:48:25,EGCC-nadahassan,前端销售部001组,,已取消,-,未拨打,首次分配,2.0,2026-03-29 21:30 ~ 22:00,cancel,,,,yes,no,weak_need,normal,no_issue,schedule_issue,rebook_trial,weak_need | normal | no_issue | schedule_issue
62789261,EGCC-nadahassan,2314(Maqsam),2026-05-02 20:29:55,,,,双方接通,http://pd-fscall-record.oss-cn-hongkong.aliyuncs.com/2026-05-02/maqsam-NadaHassan.301330785.mp3?OSSAccessKeyId=LTAI5t8sBUhKT5YzXBHvmGGq&Expires=1778000586&Signature=cQRcEYPMf5uFoyer6btC8JAf8Bo%3D,62789261,2026-05-02,MKT,1,2026-03-26 23:47:36,2026-03-26 23:48:37,EGCC-nadahassan,前端销售部001组,,已取消,-,未拨打,首次分配,1.0,2026-03-30 14:30 ~ 15:00,cancel,,,,yes,no,weak_need,normal,no_issue,schedule_issue,rebook_trial,weak_need | normal | no_issue | schedule_issue
62796536,EGCC-nadahassan,2314(Maqsam),2026-05-02 20:26:09,,,,双方接通,http://pd-fscall-record.oss-cn-hongkong.aliyuncs.com/2026-05-02/maqsam-NadaHassan.301329554.mp3?OSSAccessKeyId=LTAI5t8sBUhKT5YzXBHvmGGq&Expires=1778000586&Signature=8t7%2BOxUDDid1xkcA%2FXmuhGGi5g8%3D,62796536,2026-05-02,MKT,1,2026-03-28 01:47:51,2026-03-28 01:48:52,EGCC-nadahassan,前端销售部001组,,已结束,-,未拨打,首次分配,1.0,2026-03-30 18:00 ~ 18:30,end,,,,yes,no,good_need,normal,not_followed_after_trial,price_issue,close_payment,good_need | normal | not_followed_after_trial | price_issue
62805415,EGCC-nadahassan,2314(Maqsam),2026-05-02 20:23:13,,,,双方接通,http://pd-fscall-record.oss-cn-hongkong.aliyuncs.com/2026-05-02/maqsam-NadaHassan.301328582.mp3?OSSAccessKeyId=LTAI5t8sBUhKT5YzXBHvmGGq&Expires=1778000587&Signature=Plsx9Q1CaHNpheejwUtPCXClMCo%3D,62805415,2026-05-02,MKT,1,2026-03-29 05:24:52,2026-03-29 05:25:53,EGCC-nadahassan,前端销售部001组,,已取消,-,未拨打,首次分配,1.0,2026-03-31 15:30 ~ 16:00,cancel,,,,yes,no,weak_need,normal,no_issue,schedule_issue,rebook_trial,weak_need | normal | no_issue | schedule_issue
63028472,EGCC-nadahassan,2314(Maqsam),2026-05-02 20:11:45,,,,双方接通,http://pd-fscall-record.oss-cn-hongkong.aliyuncs.com/2026-05-02/maqsam-NadaHassan.301324865.mp3?OSSAccessKeyId=LTAI5t8sBUhKT5YzXBHvmGGq&Expires=1778000587&Signature=faDVFX9aALy%2Fg07BtsbRHhOm8Zo%3D,63028472,2026-05-02,MKT,1,2026-04-26 18:57:08,2026-04-26 18:58:09,EGCC-nadahassan,前端销售部001组,,,-,未拨打,首次分配,,,,,,,no,no,no_trial_or_not_aware,normal,no_issue,unknown,manual_review,no_trial_or_not_aware | normal | no_issue | unknown
63073570,EGCC-nadahassan,2314(Maqsam),2026-05-02 20:10:20,,,,双方接通,http://pd-fscall-record.oss-cn-hongkong.aliyuncs.com/2026-05-02/maqsam-NadaHassan.301324409.mp3?OSSAccessKeyId=LTAI5t8sBUhKT5YzXBHvmGGq&Expires=1778000588&Signature=SejrJgKT0KR0W%2Bt%2BBVnaDjan8ZI%3D,63073570,2026-05-02,MKT,1,2026-05-01 19:58:49,2026-05-01 19:59:50,EGCC-nadahassan,前端销售部001组,,已取消,-,未拨打,首次分配,1.0,2026-05-04 19:30 ~ 20:00,cancel,,,,yes,no,weak_need,normal,no_issue,schedule_issue,rebook_trial,weak_need | normal | no_issue | schedule_issue
63073570,EGCC-nadahassan,2314(Maqsam),2026-05-02 20:09:51,,,,双方接通,http://pd-fscall-record.oss-cn-hongkong.aliyuncs.com/2026-05-02/maqsam-NadaHassan.301324275.mp3?OSSAccessKeyId=LTAI5t8sBUhKT5YzXBHvmGGq&Expires=1778000588&Signature=ocQisEhn4rxXvFNoPFmsPA%2FnnDE%3D,63073570,2026-05-02,MKT,1,2026-05-01 19:58:49,2026-05-01 19:59:50,EGCC-nadahassan,前端销售部001组,,已取消,-,未拨打,首次分配,1.0,2026-05-04 19:30 ~ 20:00,cancel,,,,yes,no,weak_need,normal,no_issue,schedule_issue,rebook_trial,weak_need | normal | no_issue | schedule_issue
63067756,EGCC-nadahassan,2314(Maqsam),2026-05-02 20:01:38,,,,双方接通,http://pd-fscall-record.oss-cn-hongkong.aliyuncs.com/2026-05-02/maqsam-NadaHassan.301321631.mp3?OSSAccessKeyId=LTAI5t8sBUhKT5YzXBHvmGGq&Expires=1778000589&Signature=DrVI8%2FiGlLlVDhxZP17t%2BrdPAnE%3D,63067756,2026-05-02,MKT,2,2026-04-30 20:46:47,2026-05-02 12:02:07,EGCC-nadahassan,前端销售部001组,,学生缺席,-,未拨打,非首次分配,1.0,2026-05-02 14:30 ~ 15:00,s_absent,,,,yes,no,weak_need,normal,no_issue,low_interest,rebook_trial,weak_need | normal | no_issue | low_interest
63072901,EGCC-eman.amr,2289(Maqsam),2026-05-02 19:59:18,,,,双方接通,http://pd-fscall-record.oss-cn-hongkong.aliyuncs.com/2026-05-02/maqsam-Eman.Amr.301320879.mp3?OSSAccessKeyId=LTAI5t8sBUhKT5YzXBHvmGGq&Expires=1778000589&Signature=x50FlGi71NbyyQB4xwpme3gCQFA%3D,63072901,2026-05-02,MKT,1,2026-05-01 16:24:13,2026-05-01 16:25:13,EGCC-eman.amr,前端销售部001组,,已取消,-,未拨打,首次分配,1.0,2026-05-03 16:30 ~ 17:00,cancel,,,,yes,no,weak_need,normal,no_issue,schedule_issue,rebook_trial,weak_need | normal | no_issue | schedule_issue
63072016,EGCC-nadahassan,2314(Maqsam),2026-05-02 19:29:07,,,,双方接通,http://pd-fscall-record.oss-cn-hongkong.aliyuncs.com/2026-05-02/maqsam-NadaHassan.301311566.mp3?OSSAccessKeyId=LTAI5t8sBUhKT5YzXBHvmGGq&Expires=1778000591&Signature=wLOZ7bZ49gh0BerRONDu3lzHF5Q%3D,63072016,2026-05-02,MKT,1,2026-05-01 13:44:55,2026-05-01 13:45:55,EGCC-nadahassan,前端销售部001组,,已结束,-,未拨打,首次分配,1.0,2026-05-03 15:30 ~ 16:00,end,,,,yes,no,good_need,normal,not_followed_after_trial,price_issue,close_payment,good_need | normal | not_followed_after_trial | price_issue
63076670,EGCC-eman.amr,2289(Maqsam),2026-05-02 19:26:22,,,,双方接通,http://pd-fscall-record.oss-cn-hongkong.aliyuncs.com/2026-05-02/maqsam-Eman.Amr.301310730.mp3?OSSAccessKeyId=LTAI5t8sBUhKT5YzXBHvmGGq&Expires=1778000591&Signature=3Xg2bXZkIr6Uu%2BQf1BpBz9zP2us%3D,63076670,2026-05-02,MKT,1,2026-05-02 09:54:10,2026-05-02 09:55:11,EGCC-eman.amr,前端销售部001组,,已取消,-,未拨打,首次分配,1.0,2026-05-03 18:00 ~ 18:30,cancel,,,,yes,no,weak_need,normal,no_issue,schedule_issue,rebook_trial,weak_need | normal | no_issue | schedule_issue
63068786,EGCC-nadahassan,2314(Maqsam),2026-05-02 18:56:00,,,,双方接通,http://pd-fscall-record.oss-cn-hongkong.aliyuncs.com/2026-05-02/maqsam-NadaHassan.301300377.mp3?OSSAccessKeyId=LTAI5t8sBUhKT5YzXBHvmGGq&Expires=1778000594&Signature=1j4bHajsfMqvR35hUr2BmVOeLcY%3D,63068786,2026-05-02,MKT,1,2026-05-01 04:13:50,2026-05-01 04:14:52,EGCC-nadahassan,前端销售部001组,,已取消,-,未拨打,首次分配,1.0,2026-05-03 17:00 ~ 17:30,cancel,,,,yes,no,weak_need,normal,no_issue,schedule_issue,rebook_trial,weak_need | normal | no_issue | schedule_issue
63073570,EGCC-nadahassan,2314(Maqsam),2026-05-02 18:38:06,,,,双方接通,http://pd-fscall-record.oss-cn-hongkong.aliyuncs.com/2026-05-02/maqsam-NadaHassan.301294199.mp3?OSSAccessKeyId=LTAI5t8sBUhKT5YzXBHvmGGq&Expires=1778000595&Signature=3n0HeHK5KhFlCW2dSoNeUsgLIUA%3D,63073570,2026-05-02,MKT,1,2026-05-01 19:58:49,2026-05-01 19:59:50,EGCC-nadahassan,前端销售部001组,,已取消,-,未拨打,首次分配,1.0,2026-05-04 19:30 ~ 20:00,cancel,,,,yes,no,weak_need,normal,no_issue,schedule_issue,rebook_trial,weak_need | normal | no_issue | schedule_issue
63073570,EGCC-nadahassan,2314(Maqsam),2026-05-02 18:37:06,,,,双方接通,http://pd-fscall-record.oss-cn-hongkong.aliyuncs.com/2026-05-02/maqsam-NadaHassan.301293851.mp3?OSSAccessKeyId=LTAI5t8sBUhKT5YzXBHvmGGq&Expires=1778000595&Signature=JykpW3V1PvDowWv8OBMvK0Xp21k%3D,63073570,2026-05-02,MKT,1,2026-05-01 19:58:49,2026-05-01 19:59:50,EGCC-nadahassan,前端销售部001组,,已取消,-,未拨打,首次分配,1.0,2026-05-04 19:30 ~ 20:00,cancel,,,,yes,no,weak_need,normal,no_issue,schedule_issue,rebook_trial,weak_need | normal | no_issue | schedule_issue
62712794,EGCC-nadahassan,2314(Maqsam),2026-05-02 18:29:07,,,,双方接通,http://pd-fscall-record.oss-cn-hongkong.aliyuncs.com/2026-05-02/maqsam-NadaHassan.301291201.mp3?OSSAccessKeyId=LTAI5t8sBUhKT5YzXBHvmGGq&Expires=1778000596&Signature=B3RkPsgfLu5k7FOKMXz%2B36F8ICc%3D,62712794,2026-05-02,MKT,1,2026-03-15 23:22:26,2026-03-15 23:23:26,EGCC-nadahassan,前端销售部001组,,已取消,-,未拨打,首次分配,1.0,2026-03-18 00:30 ~ 01:00,cancel,,,,yes,no,weak_need,normal,no_issue,schedule_issue,rebook_trial,weak_need | normal | no_issue | schedule_issue
63071723,EGCC-eman.amr,2289(Maqsam),2026-05-02 18:25:21,,,,双方接通,http://pd-fscall-record.oss-cn-hongkong.aliyuncs.com/2026-05-02/maqsam-Eman.Amr.301290081.mp3?OSSAccessKeyId=LTAI5t8sBUhKT5YzXBHvmGGq&Expires=1778000596&Signature=xhPLQvQolIV4%2FXVgZ78lpfk4Xc8%3D,63071723,2026-05-02,MKT,1,2026-05-01 13:36:53,2026-05-01 13:37:53,EGCC-eman.amr,前端销售部001组,,学生缺席,-,未拨打,首次分配,1.0,2026-05-03 15:30 ~ 16:00,s_absent,,,,yes,no,weak_need,normal,no_issue,low_interest,rebook_trial,weak_need | normal | no_issue | low_interest
62939637,EGCC-nadahassan,2314(Maqsam),2026-05-02 18:21:20,,,,双方接通,http://pd-fscall-record.oss-cn-hongkong.aliyuncs.com/2026-05-02/maqsam-NadaHassan.301288940.mp3?OSSAccessKeyId=LTAI5t8sBUhKT5YzXBHvmGGq&Expires=1778000597&Signature=DdFeR%2FIH3N7xg%2FoTqnn1Sm0gOxk%3D,62939637,2026-05-02,MKT,2,2026-04-15 15:17:03,2026-04-15 20:24:10,EGCC-fatmamohamed,前端销售部002组,,已结束,-,未拨打,非首次分配,1.0,2026-04-16 16:30 ~ 17:00,end,,,,yes,no,good_need,normal,not_followed_after_trial,price_issue,close_payment,good_need | normal | not_followed_after_trial | price_issue
63071723,EGCC-eman.amr,2289(Maqsam),2026-05-02 18:08:35,,,,双方接通,http://pd-fscall-record.oss-cn-hongkong.aliyuncs.com/2026-05-02/maqsam-Eman.Amr.301285153.mp3?OSSAccessKeyId=LTAI5t8sBUhKT5YzXBHvmGGq&Expires=1778000597&Signature=iO8Q8RW89SJOO09%2F0ioCpp9nCEE%3D,63071723,2026-05-02,MKT,1,2026-05-01 13:36:53,2026-05-01 13:37:53,EGCC-eman.amr,前端销售部001组,,学生缺席,-,未拨打,首次分配,1.0,2026-05-03 15:30 ~ 16:00,s_absent,,,,yes,no,weak_need,normal,no_issue,low_interest,rebook_trial,weak_need | normal | no_issue | low_interest
62517281,EGCC-nadahassan,2314(Maqsam),2026-05-02 18:02:00,,,,双方接通,http://pd-fscall-record.oss-cn-hongkong.aliyuncs.com/2026-05-02/maqsam-NadaHassan.301282941.mp3?OSSAccessKeyId=LTAI5t8sBUhKT5YzXBHvmGGq&Expires=1778000598&Signature=hBA2oOfV7unUlxc8vPyesNOvQB0%3D,62517281,2026-05-02,,,,,,,,,,,,2.0,2026-02-16 17:00 ~ 17:30,end,1.0,840.0,2026-05-03 18:24:14,yes,yes,good_need,normal,no_issue,unknown,renewal_followup,good_need | normal | no_issue | unknown
62517281,EGCC-nadahassan,2314(Maqsam),2026-05-02 17:58:20,,,,双方接通,http://pd-fscall-record.oss-cn-hongkong.aliyuncs.com/2026-05-02/maqsam-NadaHassan.301281708.mp3?OSSAccessKeyId=LTAI5t8sBUhKT5YzXBHvmGGq&Expires=1778000599&Signature=CcowczoouBjTDz1sZLqZEqgSqPI%3D,62517281,2026-05-02,,,,,,,,,,,,2.0,2026-02-16 17:00 ~ 17:30,end,1.0,840.0,2026-05-03 18:24:14,yes,yes,good_need,normal,no_issue,unknown,renewal_followup,good_need | normal | no_issue | unknown
63067971,EGCC-eman.amr,2289(Maqsam),2026-05-02 17:52:13,,,,双方接通,http://pd-fscall-record.oss-cn-hongkong.aliyuncs.com/2026-05-02/maqsam-Eman.Amr.301279429.mp3?OSSAccessKeyId=LTAI5t8sBUhKT5YzXBHvmGGq&Expires=1778000600&Signature=nRc7bvH6GCR9rzKUOcLIQbWVnGI%3D,63067971,2026-05-02,MKT,1,2026-04-30 22:14:25,2026-04-30 22:15:26,EGCC-eman.amr,前端销售部001组,,已取消,-,未拨打,首次分配,1.0,2026-05-02 13:00 ~ 13:30,cancel,,,,yes,no,weak_need,normal,no_issue,schedule_issue,rebook_trial,weak_need | normal | no_issue | schedule_issue
63076694,EGCC-nadahassan,2314(Maqsam),2026-05-02 17:38:04,,,,双方接通,http://pd-fscall-record.oss-cn-hongkong.aliyuncs.com/2026-05-02/maqsam-NadaHassan.301273887.mp3?OSSAccessKeyId=LTAI5t8sBUhKT5YzXBHvmGGq&Expires=1778000600&Signature=pMojN27cfzt676AwfouUvF2gDNM%3D,63076694,2026-05-02,MKT,1,2026-05-02 10:18:41,2026-05-02 10:19:41,EGCC-nadahassan,前端销售部001组,,已取消,-,未拨打,首次分配,1.0,2026-05-04 20:30 ~ 21:00,cancel,,,,yes,no,weak_need,normal,no_issue,schedule_issue,rebook_trial,weak_need | normal | no_issue | schedule_issue
63056389,EGCC-eman.amr,2289(Maqsam),2026-05-02 17:34:51,,,,双方接通,http://pd-fscall-record.oss-cn-hongkong.aliyuncs.com/2026-05-02/maqsam-Eman.Amr.301272605.mp3?OSSAccessKeyId=LTAI5t8sBUhKT5YzXBHvmGGq&Expires=1778000601&Signature=eu0tE2a6Tcs7nhO5EUNMaoC8QiM%3D,63056389,2026-05-02,MKT,1,2026-04-29 14:32:14,2026-04-29 14:33:14,EGCC-eman.amr,前端销售部001组,,学生缺席,-,未拨打,首次分配,,,,,,,no,no,no_trial_or_not_aware,normal,no_issue,unknown,manual_review,no_trial_or_not_aware | normal | no_issue | unknown
62875812,EGCC-fatmamohamed,2310(Maqsam),2026-05-05 22:01:13,,,,双方接通,http://pd-fscall-record.oss-cn-hongkong.aliyuncs.com/2026-05-05/maqsam-FatmaMohamed.302244882.mp3?OSSAccessKeyId=LTAI5t8sBUhKT5YzXBHvmGGq&Expires=1778000612&Signature=LVJs6jxu9KI9mpLy273ItaXCh3I%3D,62875812,2026-05-05,MKT,1,2026-04-07 07:05:32,2026-04-07 07:06:33,EGCC-fatmamohamed,前端销售部002组,,未开始或未结束,-,未拨打,首次分配,2.0,2026-05-05 17:00 ~ 17:30,end,,,,yes,no,good_need,normal,not_followed_after_trial,price_issue,close_payment,good_need | normal | not_followed_after_trial | price_issue
62875812,EGCC-fatmamohamed,2310(Maqsam),2026-05-05 21:49:59,,,,双方接通,http://pd-fscall-record.oss-cn-hongkong.aliyuncs.com/2026-05-05/maqsam-FatmaMohamed.302240557.mp3?OSSAccessKeyId=LTAI5t8sBUhKT5YzXBHvmGGq&Expires=1778000613&Signature=%2B7VySGDII0owfA0Yha%2Br5MjIcP0%3D,62875812,2026-05-05,MKT,1,2026-04-07 07:05:32,2026-04-07 07:06:33,EGCC-fatmamohamed,前端销售部002组,,未开始或未结束,-,未拨打,首次分配,2.0,2026-05-05 17:00 ~ 17:30,end,,,,yes,no,good_need,normal,not_followed_after_trial,price_issue,close_payment,good_need | normal | not_followed_after_trial | price_issue
62764844,EGCC-tasneemmahmoud,2311(Maqsam),2026-05-05 21:42:32,,,,双方接通,http://pd-fscall-record.oss-cn-hongkong.aliyuncs.com/2026-05-05/maqsam-TasneemMahmoud.302237655.mp3?OSSAccessKeyId=LTAI5t8sBUhKT5YzXBHvmGGq&Expires=1778000613&Signature=KbQR7j13cGPANrcCG%2BX3f%2BM5dhc%3D,62764844,2026-05-05,MKT,1,2026-03-23 20:36:29,2026-03-23 20:37:31,EGCC-tasneemmahmoud,前端销售部002组,,已结束,-,未拨打,首次分配,1.0,2026-03-25 17:30 ~ 18:00,end,,,,yes,no,good_need,normal,not_followed_after_trial,price_issue,close_payment,good_need | normal | not_followed_after_trial | price_issue
62748181,EGCC-tasneemmahmoud,2311(Maqsam),2026-05-05 21:39:10,,,,双方接通,http://pd-fscall-record.oss-cn-hongkong.aliyuncs.com/2026-05-05/maqsam-TasneemMahmoud.302236319.mp3?OSSAccessKeyId=LTAI5t8sBUhKT5YzXBHvmGGq&Expires=1778000614&Signature=YWaP0%2FlC%2BnCLNoT7WokvQUmTERg%3D,62748181,2026-05-05,MKT,1,2026-03-21 06:22:38,2026-03-21 06:23:39,EGCC-tasneemmahmoud,前端销售部002组,,已结束,-,未拨打,首次分配,1.0,2026-03-25 13:00 ~ 13:30,end,,,,yes,no,good_need,normal,not_followed_after_trial,price_issue,close_payment,good_need | normal | not_followed_after_trial | price_issue
62745817,EGCC-tasneemmahmoud,2311(Maqsam),2026-05-05 21:30:10,,,,双方接通,http://pd-fscall-record.oss-cn-hongkong.aliyuncs.com/2026-05-05/maqsam-TasneemMahmoud.302232654.mp3?OSSAccessKeyId=LTAI5t8sBUhKT5YzXBHvmGGq&Expires=1778000615&Signature=AVILvRd219JwTZdIB7Nnj6CCd3k%3D,62745817,2026-05-05,MKT,1,2026-03-20 13:26:38,2026-03-20 13:27:39,EGCC-tasneemmahmoud,前端销售部002组,,已结束,-,未拨打,首次分配,1.0,2026-03-24 21:00 ~ 21:30,end,,,,yes,no,good_need,normal,not_followed_after_trial,price_issue,close_payment,good_need | normal | not_followed_after_trial | price_issue
63096329,EGCC-tasneemmahmoud,2311(Maqsam),2026-05-05 21:26:55,,,,双方接通,http://pd-fscall-record.oss-cn-hongkong.aliyuncs.com/2026-05-05/maqsam-TasneemMahmoud.302231314.mp3?OSSAccessKeyId=LTAI5t8sBUhKT5YzXBHvmGGq&Expires=1778000615&Signature=pl%2BZW5gJ90euhGK0IVlzJpKZ8IU%3D,63096329,2026-05-05,,,,,,,,,,,,1.0,2026-05-05 20:30 ~ 21:00,cancel,,,,yes,no,weak_need,normal,no_issue,schedule_issue,rebook_trial,weak_need | normal | no_issue | schedule_issue
63096329,EGCC-tasneemmahmoud,2311(Maqsam),2026-05-05 21:26:00,,,,双方接通,http://pd-fscall-record.oss-cn-hongkong.aliyuncs.com/2026-05-05/maqsam-TasneemMahmoud.302230921.mp3?OSSAccessKeyId=LTAI5t8sBUhKT5YzXBHvmGGq&Expires=1778000616&Signature=s0kLdU62%2BHd6hZW8KVmz%2BgJ4PhE%3D,63096329,2026-05-05,,,,,,,,,,,,1.0,2026-05-05 20:30 ~ 21:00,cancel,,,,yes,no,weak_need,normal,no_issue,schedule_issue,rebook_trial,weak_need | normal | no_issue | schedule_issue
63101454,51nadamuhammad,2245(Maqsam),2026-05-05 21:23:57,,,,双方接通,http://pd-fscall-record.oss-cn-hongkong.aliyuncs.com/2026-05-05/maqsam-NadaMuhammad.302230088.mp3?OSSAccessKeyId=LTAI5t8sBUhKT5YzXBHvmGGq&Expires=1778000616&Signature=cPu092cDOj6Bid3z9tooEf%2BWDg0%3D,63101454,2026-05-05,,,,,,,,,,,,,,,,,,no,no,no_trial_or_not_aware,normal,no_issue,unknown,manual_review,no_trial_or_not_aware | normal | no_issue | unknown
63096329,EGCC-tasneemmahmoud,2311(Maqsam),2026-05-05 21:17:11,,,,双方接通,http://pd-fscall-record.oss-cn-hongkong.aliyuncs.com/2026-05-05/maqsam-TasneemMahmoud.302227155.mp3?OSSAccessKeyId=LTAI5t8sBUhKT5YzXBHvmGGq&Expires=1778000617&Signature=0swcE9AAanAbOtt2cMwarKb0Osk%3D,63096329,2026-05-05,,,,,,,,,,,,1.0,2026-05-05 20:30 ~ 21:00,cancel,,,,yes,no,weak_need,normal,no_issue,schedule_issue,rebook_trial,weak_need | normal | no_issue | schedule_issue
63096335,EGCC-maiwaheed,2313(Maqsam),2026-05-05 21:07:13,,,,双方接通,http://pd-fscall-record.oss-cn-hongkong.aliyuncs.com/2026-05-05/maqsam-MaiWaheed.302223094.mp3?OSSAccessKeyId=LTAI5t8sBUhKT5YzXBHvmGGq&Expires=1778000618&Signature=XRCKfcu%2BbQQZdndO72rFufI%2BduE%3D,63096335,2026-05-05,,,,,,,,,,,,1.0,2026-05-05 20:00 ~ 20:30,cancel,,,,yes,no,weak_need,normal,no_issue,schedule_issue,rebook_trial,weak_need | normal | no_issue | schedule_issue
62777896,EGCC-fatmamohamed,2310(Maqsam),2026-05-05 21:02:33,,,,双方接通,http://pd-fscall-record.oss-cn-hongkong.aliyuncs.com/2026-05-05/maqsam-FatmaMohamed.302221180.mp3?OSSAccessKeyId=LTAI5t8sBUhKT5YzXBHvmGGq&Expires=1778000619&Signature=xEVdp521VBC8hxlVYS2IT%2FQzNdY%3D,62777896,2026-05-05,MKT,2,2026-03-25 13:13:03,2026-04-15 17:29:56,EGCC-fatmamohamed,前端销售部002组,,已结束,-,未拨打,非首次分配,,,,,,,no,no,no_trial_or_not_aware,normal,no_issue,unknown,manual_review,no_trial_or_not_aware | normal | no_issue | unknown
60502925,EGCC-maiwaheed,2313(Maqsam),2026-05-05 20:59:06,,,,双方接通,http://pd-fscall-record.oss-cn-hongkong.aliyuncs.com/2026-05-05/maqsam-MaiWaheed.302219702.mp3?OSSAccessKeyId=LTAI5t8sBUhKT5YzXBHvmGGq&Expires=1778000620&Signature=7z71FHmP6xJJmkOh8ZXtmzQ%2B8jM%3D,60502925,2026-05-05,,,,,,,,,,,,,,,,,,no,no,no_trial_or_not_aware,normal,no_issue,unknown,manual_review,no_trial_or_not_aware | normal | no_issue | unknown
63101454,51nadamuhammad,2245(Maqsam),2026-05-05 20:50:26,,,,双方接通,http://pd-fscall-record.oss-cn-hongkong.aliyuncs.com/2026-05-05/maqsam-NadaMuhammad.302216111.mp3?OSSAccessKeyId=LTAI5t8sBUhKT5YzXBHvmGGq&Expires=1778000620&Signature=klJUoHb%2F0D%2B1EVCcKV5jPLabZA0%3D,63101454,2026-05-05,,,,,,,,,,,,,,,,,,no,no,no_trial_or_not_aware,normal,no_issue,unknown,manual_review,no_trial_or_not_aware | normal | no_issue | unknown
62875812,EGCC-fatmamohamed,2310(Maqsam),2026-05-05 20:48:55,,,,双方接通,http://pd-fscall-record.oss-cn-hongkong.aliyuncs.com/2026-05-05/maqsam-FatmaMohamed.302215459.mp3?OSSAccessKeyId=LTAI5t8sBUhKT5YzXBHvmGGq&Expires=1778000621&Signature=iJFWoDhd1QFqLz9tpDN5BrkHdbQ%3D,62875812,2026-05-05,MKT,1,2026-04-07 07:05:32,2026-04-07 07:06:33,EGCC-fatmamohamed,前端销售部002组,,未开始或未结束,-,未拨打,首次分配,2.0,2026-05-05 17:00 ~ 17:30,end,,,,yes,no,good_need,normal,not_followed_after_trial,price_issue,close_payment,good_need | normal | not_followed_after_trial | price_issue
61959553,EGCC-tasneemmahmoud,2311(Maqsam),2026-05-05 20:45:05,,,,双方接通,http://pd-fscall-record.oss-cn-hongkong.aliyuncs.com/2026-05-05/maqsam-TasneemMahmoud.302213781.mp3?OSSAccessKeyId=LTAI5t8sBUhKT5YzXBHvmGGq&Expires=1778000623&Signature=N8mUBg1X6sI4O3xIZ1wsqrb9Nlc%3D,61959553,2026-05-05,MKT,2,2025-12-01 18:54:49,2026-03-03 14:02:44,EGCC-tasneemmahmoud,前端销售部002组,,已结束,-,未拨打,非首次分配,2.0,2026-03-04 15:00 ~ 15:30,end,,,,yes,no,good_need,normal,not_followed_after_trial,price_issue,close_payment,good_need | normal | not_followed_after_trial | price_issue
0,51nadamuhammad,2245(Maqsam),2026-05-05 20:38:21,,,,双方接通,http://pd-fscall-record.oss-cn-hongkong.aliyuncs.com/2026-05-05/maqsam-NadaMuhammad.302210692.mp3?OSSAccessKeyId=LTAI5t8sBUhKT5YzXBHvmGGq&Expires=1778000624&Signature=aFEjSWmH4WIFSOhCquPFW1MUAYY%3D,0,2026-05-05,,,,,,,,,,,,,,,,,,no,no,no_trial_or_not_aware,normal,no_issue,unknown,manual_review,no_trial_or_not_aware | normal | no_issue | unknown
62283490,EGCC-maiwaheed,2313(Maqsam),2026-05-05 20:24:56,,,,双方接通,http://pd-fscall-record.oss-cn-hongkong.aliyuncs.com/2026-05-05/maqsam-MaiWaheed.302204657.mp3?OSSAccessKeyId=LTAI5t8sBUhKT5YzXBHvmGGq&Expires=1778000625&Signature=AV5pUieUASGXPhPk5Fw81zJpOlA%3D,62283490,2026-05-05,MKT,2,2026-01-13 21:39:01,2026-04-27 15:29:25,EGCC-maiwaheed,前端销售部002组,,已结束,-,未拨打,非首次分配,,,,,,,no,no,no_trial_or_not_aware,normal,no_issue,unknown,manual_review,no_trial_or_not_aware | normal | no_issue | unknown
0,51nadamuhammad,2245(Maqsam),2026-05-05 20:24:41,,,,双方接通,http://pd-fscall-record.oss-cn-hongkong.aliyuncs.com/2026-05-05/maqsam-NadaMuhammad.302204535.mp3?OSSAccessKeyId=LTAI5t8sBUhKT5YzXBHvmGGq&Expires=1778000626&Signature=Hp5xrKqM2Ih%2Fs0ebQ3Ts7xPpMf8%3D,0,2026-05-05,,,,,,,,,,,,,,,,,,no,no,no_trial_or_not_aware,normal,no_issue,unknown,manual_review,no_trial_or_not_aware | normal | no_issue | unknown
62992183,EGCC-tasneemmahmoud,2311(Maqsam),2026-05-05 20:24:36,,,,双方接通,http://pd-fscall-record.oss-cn-hongkong.aliyuncs.com/2026-05-05/maqsam-TasneemMahmoud.302204502.mp3?OSSAccessKeyId=LTAI5t8sBUhKT5YzXBHvmGGq&Expires=1778000626&Signature=nyQCJ5wgqiXJJ%2Bvq7W2Iie2FFLc%3D,62992183,2026-05-05,REF,1,2026-04-22 13:22:10,2026-04-22 13:22:17,EGCC-tasneemmahmoud,前端销售部002组,,学生缺席,-,未拨打,首次分配,1.0,2026-04-23 15:30 ~ 16:00,s_absent,,,,yes,no,weak_need,normal,no_issue,low_interest,rebook_trial,weak_need | normal | no_issue | low_interest
62283490,EGCC-maiwaheed,2313(Maqsam),2026-05-05 20:22:05,,,,双方接通,http://pd-fscall-record.oss-cn-hongkong.aliyuncs.com/2026-05-05/maqsam-MaiWaheed.302203338.mp3?OSSAccessKeyId=LTAI5t8sBUhKT5YzXBHvmGGq&Expires=1778000627&Signature=AXVtHr4gt452Eo9t3xb4xZPp%2Fyg%3D,62283490,2026-05-05,MKT,2,2026-01-13 21:39:01,2026-04-27 15:29:25,EGCC-maiwaheed,前端销售部002组,,已结束,-,未拨打,非首次分配,,,,,,,no,no,no_trial_or_not_aware,normal,no_issue,unknown,manual_review,no_trial_or_not_aware | normal | no_issue | unknown
62284941,EGCC-maiwaheed,2313(Maqsam),2026-05-05 20:16:23,,,,双方接通,http://pd-fscall-record.oss-cn-hongkong.aliyuncs.com/2026-05-05/maqsam-MaiWaheed.302200778.mp3?OSSAccessKeyId=LTAI5t8sBUhKT5YzXBHvmGGq&Expires=1778000627&Signature=ccrUKyRpgb5%2BL43RKUN%2FTvKnRm8%3D,62284941,2026-05-05,MKT,2,2026-01-14 04:33:46,2026-04-27 15:22:56,EGCC-maiwaheed,前端销售部002组,,已结束,-,未拨打,非首次分配,,,,,,,no,no,no_trial_or_not_aware,normal,no_issue,unknown,manual_review,no_trial_or_not_aware | normal | no_issue | unknown
63030310,EGCC-tasneemmahmoud,2311(Maqsam),2026-05-05 20:12:55,,,,双方接通,http://pd-fscall-record.oss-cn-hongkong.aliyuncs.com/2026-05-05/maqsam-TasneemMahmoud.302199320.mp3?OSSAccessKeyId=LTAI5t8sBUhKT5YzXBHvmGGq&Expires=1778000628&Signature=bRq0Myc251AETpN7mvqdPy3IJzw%3D,63030310,2026-05-05,MKT,1,2026-04-27 01:05:27,2026-04-27 01:06:28,EGCC-tasneemmahmoud,前端销售部002组,,学生缺席,-,未拨打,首次分配,,,,,,,no,no,no_trial_or_not_aware,normal,no_issue,unknown,manual_review,no_trial_or_not_aware | normal | no_issue | unknown
62416752,EGCC-maiwaheed,2313(Maqsam),2026-05-05 20:10:31,,,,双方接通,http://pd-fscall-record.oss-cn-hongkong.aliyuncs.com/2026-05-05/maqsam-MaiWaheed.302198287.mp3?OSSAccessKeyId=LTAI5t8sBUhKT5YzXBHvmGGq&Expires=1778000628&Signature=AjQ18kQS7bG%2FNWC3NHlxbJF%2Bhbk%3D,62416752,2026-05-05,MKT,2,2026-01-30 15:46:56,2026-04-21 12:48:16,EGCC-maiwaheed,前端销售部002组,,已结束,-,未拨打,非首次分配,,,,,,,no,no,no_trial_or_not_aware,normal,no_issue,unknown,manual_review,no_trial_or_not_aware | normal | no_issue | unknown
62416752,EGCC-maiwaheed,2313(Maqsam),2026-05-05 20:09:59,,,,双方接通,http://pd-fscall-record.oss-cn-hongkong.aliyuncs.com/2026-05-05/maqsam-MaiWaheed.302198058.mp3?OSSAccessKeyId=LTAI5t8sBUhKT5YzXBHvmGGq&Expires=1778000629&Signature=w6rsRD0DKcKrAyFp%2BE0DFLeEpss%3D,62416752,2026-05-05,MKT,2,2026-01-30 15:46:56,2026-04-21 12:48:16,EGCC-maiwaheed,前端销售部002组,,已结束,-,未拨打,非首次分配,,,,,,,no,no,no_trial_or_not_aware,normal,no_issue,unknown,manual_review,no_trial_or_not_aware | normal | no_issue | unknown
63096329,EGCC-tasneemmahmoud,2311(Maqsam),2026-05-05 20:06:11,,,,双方接通,http://pd-fscall-record.oss-cn-hongkong.aliyuncs.com/2026-05-05/maqsam-TasneemMahmoud.302196354.mp3?OSSAccessKeyId=LTAI5t8sBUhKT5YzXBHvmGGq&Expires=1778000629&Signature=MKfqDSiMY2%2FxrVvgpHoFmFj8EQA%3D,63096329,2026-05-05,,,,,,,,,,,,1.0,2026-05-05 20:30 ~ 21:00,cancel,,,,yes,no,weak_need,normal,no_issue,schedule_issue,rebook_trial,weak_need | normal | no_issue | schedule_issue
63096329,EGCC-tasneemmahmoud,2311(Maqsam),2026-05-05 20:04:51,,,,双方接通,http://pd-fscall-record.oss-cn-hongkong.aliyuncs.com/2026-05-05/maqsam-TasneemMahmoud.302195766.mp3?OSSAccessKeyId=LTAI5t8sBUhKT5YzXBHvmGGq&Expires=1778000630&Signature=Npcm3XCt83A6IUesGt883g1OkXM%3D,63096329,2026-05-05,,,,,,,,,,,,1.0,2026-05-05 20:30 ~ 21:00,cancel,,,,yes,no,weak_need,normal,no_issue,schedule_issue,rebook_trial,weak_need | normal | no_issue | schedule_issue
62898029,EGCC-fatmamohamed,2310(Maqsam),2026-05-05 20:02:54,,,,双方接通,http://pd-fscall-record.oss-cn-hongkong.aliyuncs.com/2026-05-05/maqsam-FatmaMohamed.302194905.mp3?OSSAccessKeyId=LTAI5t8sBUhKT5YzXBHvmGGq&Expires=1778000630&Signature=gjTy6ikPiDTL3zObPeF9YSeDIOA%3D,62898029,2026-05-05,MKT,2,2026-04-09 23:34:14,2026-04-13 13:43:03,EGCC-fatmamohamed,前端销售部002组,,已取消,-,未拨打,非首次分配,1.0,2026-04-13 15:30 ~ 16:00,cancel,,,,yes,no,weak_need,normal,no_issue,schedule_issue,rebook_trial,weak_need | normal | no_issue | schedule_issue
62912068,EGCC-fatmamohamed,2310(Maqsam),2026-05-05 19:37:39,,,,双方接通,http://pd-fscall-record.oss-cn-hongkong.aliyuncs.com/2026-05-05/maqsam-FatmaMohamed.302182791.mp3?OSSAccessKeyId=LTAI5t8sBUhKT5YzXBHvmGGq&Expires=1778000631&Signature=aAIQzlrMqVV7eJYm%2Fo%2BYZMfXkqA%3D,62912068,2026-05-05,MKT,1,2026-04-11 20:01:08,2026-04-11 20:02:09,EGCC-fatmamohamed,前端销售部002组,,已取消,-,未拨打,首次分配,2.0,2026-05-05 20:00 ~ 20:30,s_absent,,,,yes,no,weak_need,normal,no_issue,low_interest,rebook_trial,weak_need | normal | no_issue | low_interest
62961852,EGCC-fatmamohamed,2310(Maqsam),2026-05-05 19:27:21,,,,双方接通,http://pd-fscall-record.oss-cn-hongkong.aliyuncs.com/2026-05-05/maqsam-FatmaMohamed.302177510.mp3?OSSAccessKeyId=LTAI5t8sBUhKT5YzXBHvmGGq&Expires=1778000631&Signature=lc3I01uSYTNjPzpsbZKSj16KTzw%3D,62961852,2026-05-05,MKT,2,2026-04-18 16:14:02,2026-04-19 12:28:50,EGCC-fatmamohamed,前端销售部002组,,学生缺席,-,未拨打,非首次分配,1.0,2026-04-19 19:30 ~ 20:00,s_absent,,,,yes,no,weak_need,normal,no_issue,low_interest,rebook_trial,weak_need | normal | no_issue | low_interest
63087348,EGCC-maiwaheed,2313(Maqsam),2026-05-05 19:17:19,,,,双方接通,http://pd-fscall-record.oss-cn-hongkong.aliyuncs.com/2026-05-05/maqsam-MaiWaheed.302172877.mp3?OSSAccessKeyId=LTAI5t8sBUhKT5YzXBHvmGGq&Expires=1778000632&Signature=G%2B0MHOh6agJAcicS3d%2FnC%2Fe30N8%3D,63087348,2026-05-05,MKT,1,2026-05-03 17:11:41,2026-05-03 17:12:42,EGCC-maiwaheed,前端销售部002组,,未开始或未结束,-,未拨打,首次分配,2.0,2026-05-05 19:00 ~ 19:30,end,,,,yes,no,good_need,normal,not_followed_after_trial,price_issue,close_payment,good_need | normal | not_followed_after_trial | price_issue
61504669,51nadamuhammad,2245(Maqsam),2026-05-05 19:15:19,,,,双方接通,http://pd-fscall-record.oss-cn-hongkong.aliyuncs.com/2026-05-05/maqsam-NadaMuhammad.302171950.mp3?OSSAccessKeyId=LTAI5t8sBUhKT5YzXBHvmGGq&Expires=1778000633&Signature=%2FmdyYZiQlWg7WB0xaQamF3PFpWA%3D,61504669,2026-05-05,,,,,,,,,,,,,,,,,,no,no,no_trial_or_not_aware,normal,no_issue,unknown,manual_review,no_trial_or_not_aware | normal | no_issue | unknown
59091497,EGCC-maiwaheed,2313(Maqsam),2026-05-05 19:10:52,,,,双方接通,http://pd-fscall-record.oss-cn-hongkong.aliyuncs.com/2026-05-05/maqsam-MaiWaheed.302169905.mp3?OSSAccessKeyId=LTAI5t8sBUhKT5YzXBHvmGGq&Expires=1778000633&Signature=NkPygUy4aWyOzk3Vt%2FxcvLBC0W0%3D,59091497,2026-05-05,,,,,,,,,,,,,,,,,,no,no,no_trial_or_not_aware,normal,no_issue,unknown,manual_review,no_trial_or_not_aware | normal | no_issue | unknown
62971518,EGCC-fatmamohamed,2310(Maqsam),2026-05-05 19:04:08,,,,双方接通,http://pd-fscall-record.oss-cn-hongkong.aliyuncs.com/2026-05-05/maqsam-FatmaMohamed.302166735.mp3?OSSAccessKeyId=LTAI5t8sBUhKT5YzXBHvmGGq&Expires=1778000633&Signature=RIcTks5cOYWZnjWbG9gEkjKyVVc%3D,62971518,2026-05-05,MKT,2,2026-04-19 19:57:07,2026-04-20 13:53:28,EGCC-fatmamohamed,前端销售部002组,,学生缺席,-,未拨打,非首次分配,1.0,2026-04-20 13:00 ~ 13:30,s_absent,,,,yes,no,weak_need,normal,no_issue,low_interest,rebook_trial,weak_need | normal | no_issue | low_interest
62977738,EGCC-fatmamohamed,2310(Maqsam),2026-05-05 19:00:29,,,,双方接通,http://pd-fscall-record.oss-cn-hongkong.aliyuncs.com/2026-05-05/maqsam-FatmaMohamed.302165036.mp3?OSSAccessKeyId=LTAI5t8sBUhKT5YzXBHvmGGq&Expires=1778000634&Signature=mzsnOd4aKG%2Bph0WEVUF0Sv0fhds%3D,62977738,2026-05-05,MKT,1,2026-04-20 16:09:07,2026-04-20 16:10:07,EGCC-fatmamohamed,前端销售部002组,,学生缺席,-,未拨打,首次分配,1.0,2026-04-20 17:00 ~ 17:30,s_absent,,,,yes,no,weak_need,normal,no_issue,low_interest,rebook_trial,weak_need | normal | no_issue | low_interest
63094871,EGCC-tasneemmahmoud,2311(Maqsam),2026-05-05 19:00:09,,,,双方接通,http://pd-fscall-record.oss-cn-hongkong.aliyuncs.com/2026-05-05/maqsam-TasneemMahmoud.302164889.mp3?OSSAccessKeyId=LTAI5t8sBUhKT5YzXBHvmGGq&Expires=1778000636&Signature=CTSyaUCYnbQZxucI7KVlMOgivU4%3D,63094871,2026-05-05,MKT,1,2026-05-04 17:43:20,2026-05-04 17:44:21,EGCC-tasneemmahmoud,前端销售部002组,,已结束,-,接通<20S,首次分配,1.0,2026-05-04 18:30 ~ 19:00,end,,,,yes,no,good_need,normal,not_followed_after_trial,price_issue,close_payment,good_need | normal | not_followed_after_trial | price_issue
63096329,EGCC-tasneemmahmoud,2311(Maqsam),2026-05-05 18:54:39,,,,双方接通,http://pd-fscall-record.oss-cn-hongkong.aliyuncs.com/2026-05-05/maqsam-TasneemMahmoud.302162377.mp3?OSSAccessKeyId=LTAI5t8sBUhKT5YzXBHvmGGq&Expires=1778000637&Signature=nQCjdZYBd6%2BorWXRlWnTTVdpww0%3D,63096329,2026-05-05,,,,,,,,,,,,1.0,2026-05-05 20:30 ~ 21:00,cancel,,,,yes,no,weak_need,normal,no_issue,schedule_issue,rebook_trial,weak_need | normal | no_issue | schedule_issue
63100512,EGCC-maiwaheed,2313(Maqsam),2026-05-05 18:50:28,,,,双方接通,http://pd-fscall-record.oss-cn-hongkong.aliyuncs.com/2026-05-05/maqsam-MaiWaheed.302160423.mp3?OSSAccessKeyId=LTAI5t8sBUhKT5YzXBHvmGGq&Expires=1778000637&Signature=se45F%2FaZxk%2Be9mU6ZYfDyPbO%2Fgg%3D,63100512,2026-05-05,,,,,,,,,,,,3.0,2026-05-06 19:00 ~ 19:30,cancel,,,,yes,no,weak_need,normal,no_issue,schedule_issue,rebook_trial,weak_need | normal | no_issue | schedule_issue
63100711,EGCC-fatmamohamed,2310(Maqsam),2026-05-05 18:49:27,,,,双方接通,http://pd-fscall-record.oss-cn-hongkong.aliyuncs.com/2026-05-05/maqsam-FatmaMohamed.302159927.mp3?OSSAccessKeyId=LTAI5t8sBUhKT5YzXBHvmGGq&Expires=1778000637&Signature=vEUo3gYmP9xphiu0WU0dH%2BtWP2k%3D,63100711,2026-05-05,,,,,,,,,,,,1.0,2026-05-05 14:00 ~ 14:30,end,,,,yes,no,good_need,normal,not_followed_after_trial,price_issue,close_payment,good_need | normal | not_followed_after_trial | price_issue
63087348,EGCC-maiwaheed,2313(Maqsam),2026-05-05 18:48:17,,,,双方接通,http://pd-fscall-record.oss-cn-hongkong.aliyuncs.com/2026-05-05/maqsam-MaiWaheed.302159380.mp3?OSSAccessKeyId=LTAI5t8sBUhKT5YzXBHvmGGq&Expires=1778000638&Signature=aCFBKfoJuDuBnD8m6Yb748wfzxw%3D,63087348,2026-05-05,MKT,1,2026-05-03 17:11:41,2026-05-03 17:12:42,EGCC-maiwaheed,前端销售部002组,,未开始或未结束,-,未拨打,首次分配,2.0,2026-05-05 19:00 ~ 19:30,end,,,,yes,no,good_need,normal,not_followed_after_trial,price_issue,close_payment,good_need | normal | not_followed_after_trial | price_issue
63096657,51nadamuhammad,2245(Maqsam),2026-05-05 18:35:03,,,,双方接通,http://pd-fscall-record.oss-cn-hongkong.aliyuncs.com/2026-05-05/maqsam-NadaMuhammad.302153009.mp3?OSSAccessKeyId=LTAI5t8sBUhKT5YzXBHvmGGq&Expires=1778000639&Signature=Q0ujhKgOkUY8TkW%2BKaeeZS6jSI0%3D,63096657,2026-05-05,,,,,,,,,,,,1.0,2026-05-05 18:30 ~ 19:00,cancel,,,,yes,no,weak_need,normal,no_issue,schedule_issue,rebook_trial,weak_need | normal | no_issue | schedule_issue
63100711,EGCC-fatmamohamed,2310(Maqsam),2026-05-05 18:28:27,,,,双方接通,http://pd-fscall-record.oss-cn-hongkong.aliyuncs.com/2026-05-05/maqsam-FatmaMohamed.302149767.mp3?OSSAccessKeyId=LTAI5t8sBUhKT5YzXBHvmGGq&Expires=1778000639&Signature=taHwIhLv3x1%2BNTOA1%2BTis2MmIe4%3D,63100711,2026-05-05,,,,,,,,,,,,1.0,2026-05-05 14:00 ~ 14:30,end,,,,yes,no,good_need,normal,not_followed_after_trial,price_issue,close_payment,good_need | normal | not_followed_after_trial | price_issue
63088941,EGCC-tasneemmahmoud,2311(Maqsam),2026-05-05 18:26:22,,,,双方接通,http://pd-fscall-record.oss-cn-hongkong.aliyuncs.com/2026-05-05/maqsam-TasneemMahmoud.302148788.mp3?OSSAccessKeyId=LTAI5t8sBUhKT5YzXBHvmGGq&Expires=1778000640&Signature=oToLMcyGN2Nmm%2FwuPXp4Ux5YH9M%3D,63088941,2026-05-05,MKT,1,2026-05-03 22:48:09,2026-05-03 22:49:10,EGCC-tasneemmahmoud,前端销售部002组,,未开始或未结束,-,未拨打,首次分配,1.0,2026-05-05 20:00 ~ 20:30,cancel,,,,yes,no,weak_need,normal,no_issue,schedule_issue,rebook_trial,weak_need | normal | no_issue | schedule_issue
63097282,EGCC-maiwaheed,2313(Maqsam),2026-05-05 18:17:00,,,,双方接通,http://pd-fscall-record.oss-cn-hongkong.aliyuncs.com/2026-05-05/maqsam-MaiWaheed.302143823.mp3?OSSAccessKeyId=LTAI5t8sBUhKT5YzXBHvmGGq&Expires=1778000641&Signature=yc5NfSovcMKyTgXY4swtVoW8K%2B4%3D,63097282,2026-05-05,,,,,,,,,,,,2.0,2026-05-05 20:00 ~ 20:30,s_absent,,,,yes,no,weak_need,normal,no_issue,low_interest,rebook_trial,weak_need | normal | no_issue | low_interest
63100085,EGCC-tasneemmahmoud,2311(Maqsam),2026-05-05 18:05:47,,,,双方接通,http://pd-fscall-record.oss-cn-hongkong.aliyuncs.com/2026-05-05/maqsam-TasneemMahmoud.302137724.mp3?OSSAccessKeyId=LTAI5t8sBUhKT5YzXBHvmGGq&Expires=1778000642&Signature=FnhF3UMsvn7TTEnftzWGjossUYE%3D,63100085,2026-05-05,,,,,,,,,,,,1.0,2026-05-05 14:00 ~ 14:30,cancel,,,,yes,no,weak_need,normal,no_issue,schedule_issue,rebook_trial,weak_need | normal | no_issue | schedule_issue
63082131,EGCC-fatmamohamed,2310(Maqsam),2026-05-05 17:47:09,,,,双方接通,http://pd-fscall-record.oss-cn-hongkong.aliyuncs.com/2026-05-05/maqsam-FatmaMohamed.302127770.mp3?OSSAccessKeyId=LTAI5t8sBUhKT5YzXBHvmGGq&Expires=1778000643&Signature=Vsjc4frpgcFJ3F2CdTc0beXEVks%3D,63082131,2026-05-05,MKT,1,2026-05-03 02:25:39,2026-05-03 02:26:40,EGCC-fatmamohamed,前端销售部002组,,已结束,-,未拨打,首次分配,1.0,2026-05-04 15:30 ~ 16:00,end,,,,yes,no,good_need,normal,not_followed_after_trial,price_issue,close_payment,good_need | normal | not_followed_after_trial | price_issue
63099285,51nadamuhammad,2245(Maqsam),2026-05-05 17:45:44,,,,双方接通,http://pd-fscall-record.oss-cn-hongkong.aliyuncs.com/2026-05-05/maqsam-NadaMuhammad.302127012.mp3?OSSAccessKeyId=LTAI5t8sBUhKT5YzXBHvmGGq&Expires=1778000643&Signature=xIF87hmKD3lEZjc8XC3QbwuDD%2FA%3D,63099285,2026-05-05,,,,,,,,,,,,2.0,2026-05-05 17:00 ~ 17:30,end,,,,yes,no,good_need,normal,not_followed_after_trial,price_issue,close_payment,good_need | normal | not_followed_after_trial | price_issue
63096335,EGCC-maiwaheed,2313(Maqsam),2026-05-05 17:43:10,,,,双方接通,http://pd-fscall-record.oss-cn-hongkong.aliyuncs.com/2026-05-05/maqsam-MaiWaheed.302125730.mp3?OSSAccessKeyId=LTAI5t8sBUhKT5YzXBHvmGGq&Expires=1778000644&Signature=OjXOVk8gEVNBpMaj6JgLeoQkXsM%3D,63096335,2026-05-05,,,,,,,,,,,,1.0,2026-05-05 20:00 ~ 20:30,cancel,,,,yes,no,weak_need,normal,no_issue,schedule_issue,rebook_trial,weak_need | normal | no_issue | schedule_issue
63088418,51nadamuhammad,2245(Maqsam),2026-05-05 17:41:24,,,,双方接通,http://pd-fscall-record.oss-cn-hongkong.aliyuncs.com/2026-05-05/maqsam-NadaMuhammad.302124771.mp3?OSSAccessKeyId=LTAI5t8sBUhKT5YzXBHvmGGq&Expires=1778000644&Signature=0myH4pK1QmfAutbOCawF6np5oyI%3D,63088418,2026-05-05,MKT,1,2026-05-03 20:10:34,2026-05-03 20:11:36,51nadamuhammad,前端销售部002组,,未开始或未结束,-,未拨打,首次分配,1.0,2026-05-05 15:30 ~ 16:00,cancel,,,,yes,no,weak_need,normal,no_issue,schedule_issue,rebook_trial,weak_need | normal | no_issue | schedule_issue
63081910,EGCC-fatmamohamed,2310(Maqsam),2026-05-05 17:41:06,,,,双方接通,http://pd-fscall-record.oss-cn-hongkong.aliyuncs.com/2026-05-05/maqsam-FatmaMohamed.302124612.mp3?OSSAccessKeyId=LTAI5t8sBUhKT5YzXBHvmGGq&Expires=1778000645&Signature=3mzS7%2BCv019IWbGTfyzkZRUnvHU%3D,63081910,2026-05-05,MKT,1,2026-05-02 23:31:45,2026-05-02 23:32:45,EGCC-fatmamohamed,前端销售部002组,,已取消,-,未接通,首次分配,1.0,2026-05-04 20:00 ~ 20:30,cancel,,,,yes,no,weak_need,normal,no_issue,schedule_issue,rebook_trial,weak_need | normal | no_issue | schedule_issue
63096329,EGCC-tasneemmahmoud,2311(Maqsam),2026-05-05 17:33:08,,,,双方接通,http://pd-fscall-record.oss-cn-hongkong.aliyuncs.com/2026-05-05/maqsam-TasneemMahmoud.302120149.mp3?OSSAccessKeyId=LTAI5t8sBUhKT5YzXBHvmGGq&Expires=1778000646&Signature=X9XDNxj2NvlqjxjbDDk7X17KPfk%3D,63096329,2026-05-05,,,,,,,,,,,,1.0,2026-05-05 20:30 ~ 21:00,cancel,,,,yes,no,weak_need,normal,no_issue,schedule_issue,rebook_trial,weak_need | normal | no_issue | schedule_issue
63096233,51nadamuhammad,2245(Maqsam),2026-05-05 17:32:33,,,,双方接通,http://pd-fscall-record.oss-cn-hongkong.aliyuncs.com/2026-05-05/maqsam-NadaMuhammad.302119765.mp3?OSSAccessKeyId=LTAI5t8sBUhKT5YzXBHvmGGq&Expires=1778000646&Signature=%2Bpzq18zrqXUpa8RtXcqQjoPI7FE%3D,63096233,2026-05-05,,,,,,,,,,,,1.0,2026-05-05 12:00 ~ 12:30,s_absent,,,,yes,no,weak_need,normal,no_issue,low_interest,rebook_trial,weak_need | normal | no_issue | low_interest
63096329,EGCC-tasneemmahmoud,2311(Maqsam),2026-05-05 17:31:59,,,,双方接通,http://pd-fscall-record.oss-cn-hongkong.aliyuncs.com/2026-05-05/maqsam-TasneemMahmoud.302119432.mp3?OSSAccessKeyId=LTAI5t8sBUhKT5YzXBHvmGGq&Expires=1778000647&Signature=KCyeMkEmSYo57pPSSdDkNwTT3bY%3D,63096329,2026-05-05,,,,,,,,,,,,1.0,2026-05-05 20:30 ~ 21:00,cancel,,,,yes,no,weak_need,normal,no_issue,schedule_issue,rebook_trial,weak_need | normal | no_issue | schedule_issue
63096423,EGCC-fatmamohamed,2310(Maqsam),2026-05-05 17:30:36,,,,双方接通,http://pd-fscall-record.oss-cn-hongkong.aliyuncs.com/2026-05-05/maqsam-FatmaMohamed.302118633.mp3?OSSAccessKeyId=LTAI5t8sBUhKT5YzXBHvmGGq&Expires=1778000649&Signature=FW0jW0xOcYO2REZev87mBJbjMQQ%3D,63096423,2026-05-05,,,,,,,,,,,,1.0,2026-05-05 19:00 ~ 19:30,cancel,,,,yes,no,weak_need,normal,no_issue,schedule_issue,rebook_trial,weak_need | normal | no_issue | schedule_issue
63088941,EGCC-tasneemmahmoud,2311(Maqsam),2026-05-05 17:21:22,,,,双方接通,http://pd-fscall-record.oss-cn-hongkong.aliyuncs.com/2026-05-05/maqsam-TasneemMahmoud.302113455.mp3?OSSAccessKeyId=LTAI5t8sBUhKT5YzXBHvmGGq&Expires=1778000650&Signature=J8YiS8vUsaN3R7c8boCdIxOw7F8%3D,63088941,2026-05-05,MKT,1,2026-05-03 22:48:09,2026-05-03 22:49:10,EGCC-tasneemmahmoud,前端销售部002组,,未开始或未结束,-,未拨打,首次分配,1.0,2026-05-05 20:00 ~ 20:30,cancel,,,,yes,no,weak_need,normal,no_issue,schedule_issue,rebook_trial,weak_need | normal | no_issue | schedule_issue
63088941,EGCC-tasneemmahmoud,2311(Maqsam),2026-05-05 17:17:27,,,,双方接通,http://pd-fscall-record.oss-cn-hongkong.aliyuncs.com/2026-05-05/maqsam-TasneemMahmoud.302111260.mp3?OSSAccessKeyId=LTAI5t8sBUhKT5YzXBHvmGGq&Expires=1778000650&Signature=HYSKaSRf12YX7AjBHwFvVPFq0c0%3D,63088941,2026-05-05,MKT,1,2026-05-03 22:48:09,2026-05-03 22:49:10,EGCC-tasneemmahmoud,前端销售部002组,,未开始或未结束,-,未拨打,首次分配,1.0,2026-05-05 20:00 ~ 20:30,cancel,,,,yes,no,weak_need,normal,no_issue,schedule_issue,rebook_trial,weak_need | normal | no_issue | schedule_issue
63096595,EGCC-tasneemmahmoud,2311(Maqsam),2026-05-05 17:09:49,,,,双方接通,http://pd-fscall-record.oss-cn-hongkong.aliyuncs.com/2026-05-05/maqsam-TasneemMahmoud.302107124.mp3?OSSAccessKeyId=LTAI5t8sBUhKT5YzXBHvmGGq&Expires=1778000651&Signature=I61FDY0t8uld%2B20wyx4L92JOSm8%3D,63096595,2026-05-05,,,,,,,,,,,,1.0,2026-05-05 15:00 ~ 15:30,cancel,,,,yes,no,weak_need,normal,no_issue,schedule_issue,rebook_trial,weak_need | normal | no_issue | schedule_issue
63096595,EGCC-tasneemmahmoud,2311(Maqsam),2026-05-05 17:06:06,,,,双方接通,http://pd-fscall-record.oss-cn-hongkong.aliyuncs.com/2026-05-05/maqsam-TasneemMahmoud.302105192.mp3?OSSAccessKeyId=LTAI5t8sBUhKT5YzXBHvmGGq&Expires=1778000651&Signature=rDJzda2T5v%2BYqR0aq1IcDjuCF2k%3D,63096595,2026-05-05,,,,,,,,,,,,1.0,2026-05-05 15:00 ~ 15:30,cancel,,,,yes,no,weak_need,normal,no_issue,schedule_issue,rebook_trial,weak_need | normal | no_issue | schedule_issue
0,EGCC-maiwaheed,2313(Maqsam),2026-05-05 01:48:16,,,,双方接通,http://pd-fscall-record.oss-cn-hongkong.aliyuncs.com/2026-05-05/maqsam-MaiWaheed.302001088.mp3?OSSAccessKeyId=LTAI5t8sBUhKT5YzXBHvmGGq&Expires=1778000652&Signature=t4nmxkGiCX1tUREFGzzxN8nA1uI%3D,0,2026-05-05,,,,,,,,,,,,,,,,,,no,no,no_trial_or_not_aware,normal,no_issue,unknown,manual_review,no_trial_or_not_aware | normal | no_issue | unknown
0,EGCC-fatmamohamed,2310(Maqsam),2026-05-05 01:39:22,,,,双方接通,http://pd-fscall-record.oss-cn-hongkong.aliyuncs.com/2026-05-05/maqsam-FatmaMohamed.301999259.mp3?OSSAccessKeyId=LTAI5t8sBUhKT5YzXBHvmGGq&Expires=1778000653&Signature=a6cUIzXM2MqCRSsnSY2eBaPzjQk%3D,0,2026-05-05,,,,,,,,,,,,,,,,,,no,no,no_trial_or_not_aware,normal,no_issue,unknown,manual_review,no_trial_or_not_aware | normal | no_issue | unknown
62453293,EGCC-tasneemmahmoud,2311(Maqsam),2026-05-05 01:35:01,,,,双方接通,http://pd-fscall-record.oss-cn-hongkong.aliyuncs.com/2026-05-05/maqsam-TasneemMahmoud.301998327.mp3?OSSAccessKeyId=LTAI5t8sBUhKT5YzXBHvmGGq&Expires=1778000654&Signature=h736jikJmAl1Un2Kz94pPunFODM%3D,62453293,2026-05-05,MKT,1,2026-02-04 15:05:14,2026-02-04 15:06:14,EGCC-tasneemmahmoud,前端销售部002组,,已结束,-,接通>=20S,首次分配,,,,,,,no,no,no_trial_or_not_aware,normal,no_issue,unknown,manual_review,no_trial_or_not_aware | normal | no_issue | unknown
63054610,EGCC-fatmamohamed,2310(Maqsam),2026-05-05 01:32:47,,,,双方接通,http://pd-fscall-record.oss-cn-hongkong.aliyuncs.com/2026-05-05/maqsam-FatmaMohamed.301997844.mp3?OSSAccessKeyId=LTAI5t8sBUhKT5YzXBHvmGGq&Expires=1778000654&Signature=mtUyvE6cnwxmTnK2YVyDpWLSI9E%3D,63054610,2026-05-05,MKT,2,2026-04-29 10:30:07,2026-04-29 12:03:30,EGCC-fatmamohamed,前端销售部002组,,未开始或未结束,-,接通>=20S,非首次分配,1.0,2026-05-04 20:30 ~ 21:00,end,,,,yes,no,good_need,normal,not_followed_after_trial,price_issue,close_payment,good_need | normal | not_followed_after_trial | price_issue
63094871,EGCC-tasneemmahmoud,2311(Maqsam),2026-05-05 01:31:38,,,,双方接通,http://pd-fscall-record.oss-cn-hongkong.aliyuncs.com/2026-05-05/maqsam-TasneemMahmoud.301997649.mp3?OSSAccessKeyId=LTAI5t8sBUhKT5YzXBHvmGGq&Expires=1778000654&Signature=8TinF1dbW74mCiN21Z9i0dzyfLA%3D,63094871,2026-05-05,MKT,1,2026-05-04 17:43:20,2026-05-04 17:44:21,EGCC-tasneemmahmoud,前端销售部002组,,已结束,-,接通<20S,首次分配,1.0,2026-05-04 18:30 ~ 19:00,end,,,,yes,no,good_need,normal,not_followed_after_trial,price_issue,close_payment,good_need | normal | not_followed_after_trial | price_issue
63094871,EGCC-tasneemmahmoud,2311(Maqsam),2026-05-05 01:30:31,,,,双方接通,http://pd-fscall-record.oss-cn-hongkong.aliyuncs.com/2026-05-05/maqsam-TasneemMahmoud.301997376.mp3?OSSAccessKeyId=LTAI5t8sBUhKT5YzXBHvmGGq&Expires=1778000655&Signature=%2FZ21l%2FtkGIj1NuqeFz9XeM9hnd0%3D,63094871,2026-05-05,MKT,1,2026-05-04 17:43:20,2026-05-04 17:44:21,EGCC-tasneemmahmoud,前端销售部002组,,已结束,-,接通<20S,首次分配,1.0,2026-05-04 18:30 ~ 19:00,end,,,,yes,no,good_need,normal,not_followed_after_trial,price_issue,close_payment,good_need | normal | not_followed_after_trial | price_issue
62865944,EGCC-fatmamohamed,2310(Maqsam),2026-05-05 01:18:47,,,,双方接通,http://pd-fscall-record.oss-cn-hongkong.aliyuncs.com/2026-05-05/maqsam-FatmaMohamed.301994907.mp3?OSSAccessKeyId=LTAI5t8sBUhKT5YzXBHvmGGq&Expires=1778000656&Signature=LmCfSPKsYVX05EJny%2B1YMLbO5BE%3D,62865944,2026-05-05,REF,1,2026-04-05 21:30:56,2026-04-05 21:31:01,EGCC-fatmamohamed,前端销售部002组,,,-,接通>=20S,首次分配,,,,,,,no,no,no_trial_or_not_aware,normal,no_issue,unknown,manual_review,no_trial_or_not_aware | normal | no_issue | unknown
63054610,EGCC-fatmamohamed,2310(Maqsam),2026-05-05 01:15:12,,,,双方接通,http://pd-fscall-record.oss-cn-hongkong.aliyuncs.com/2026-05-05/maqsam-FatmaMohamed.301994118.mp3?OSSAccessKeyId=LTAI5t8sBUhKT5YzXBHvmGGq&Expires=1778000656&Signature=onW%2Ba41CE8RIrA9LZSQjTxlT0aM%3D,63054610,2026-05-05,MKT,2,2026-04-29 10:30:07,2026-04-29 12:03:30,EGCC-fatmamohamed,前端销售部002组,,未开始或未结束,-,接通>=20S,非首次分配,1.0,2026-05-04 20:30 ~ 21:00,end,,,,yes,no,good_need,normal,not_followed_after_trial,price_issue,close_payment,good_need | normal | not_followed_after_trial | price_issue
63058333,51nadamuhammad,2245(Maqsam),2026-05-05 01:13:00,,,,双方接通,http://pd-fscall-record.oss-cn-hongkong.aliyuncs.com/2026-05-05/maqsam-NadaMuhammad.301993632.mp3?OSSAccessKeyId=LTAI5t8sBUhKT5YzXBHvmGGq&Expires=1778000657&Signature=FVrjAy%2F7ZKQD5X6I%2FHusefYbXoQ%3D,63058333,2026-05-05,MKT,1,2026-04-29 17:20:44,2026-04-29 17:21:45,51nadamuhammad,前端销售部002组,,已结束,-,接通>=20S,首次分配,3.0,2026-05-04 19:00 ~ 19:30,end,,,,yes,no,good_need,normal,not_followed_after_trial,price_issue,close_payment,good_need | normal | not_followed_after_trial | price_issue
61513047,EGCC-maiwaheed,2313(Maqsam),2026-05-05 01:07:54,,,,双方接通,http://pd-fscall-record.oss-cn-hongkong.aliyuncs.com/2026-05-05/maqsam-MaiWaheed.301992405.mp3?OSSAccessKeyId=LTAI5t8sBUhKT5YzXBHvmGGq&Expires=1778000657&Signature=DIQr%2FFSlmd4GLiLJwCGpBbBr3pk%3D,61513047,2026-05-05,MKT,2,2025-10-13 18:52:38,2026-04-30 16:10:15,EGCC-maiwaheed,前端销售部002组,,已结束,-,接通>=20S,非首次分配,5.0,2026-05-04 19:00 ~ 19:30,cancel,1.0,600.0,2026-05-05 15:13:48,yes,yes,weak_need,normal,no_issue,schedule_issue,renewal_followup,weak_need | normal | no_issue | schedule_issue
63095217,EGCC-maiwaheed,2313(Maqsam),2026-05-05 01:01:07,,,,双方接通,http://pd-fscall-record.oss-cn-hongkong.aliyuncs.com/2026-05-05/maqsam-MaiWaheed.301990835.mp3?OSSAccessKeyId=LTAI5t8sBUhKT5YzXBHvmGGq&Expires=1778000658&Signature=9YXzB9kTyeaqeUfivlZkG3HAuDY%3D,63095217,2026-05-05,MKT,1,2026-05-04 18:18:05,2026-05-04 18:19:06,EGCC-maiwaheed,前端销售部002组,,已结束,-,接通>=20S,首次分配,2.0,2026-05-05 12:30 ~ 13:00,end,,,,yes,no,good_need,normal,not_followed_after_trial,price_issue,close_payment,good_need | normal | not_followed_after_trial | price_issue
0,51nadamuhammad,2245(Maqsam),2026-05-05 00:52:53,,,,双方接通,http://pd-fscall-record.oss-cn-hongkong.aliyuncs.com/2026-05-05/maqsam-NadaMuhammad.301988921.mp3?OSSAccessKeyId=LTAI5t8sBUhKT5YzXBHvmGGq&Expires=1778000658&Signature=yIOXztHfWhzkv18o1eKUmfpADmc%3D,0,2026-05-05,,,,,,,,,,,,,,,,,,no,no,no_trial_or_not_aware,normal,no_issue,unknown,manual_review,no_trial_or_not_aware | normal | no_issue | unknown
63094763,EGCC-tasneemmahmoud,2311(Maqsam),2026-05-05 00:50:23,,,,双方接通,http://pd-fscall-record.oss-cn-hongkong.aliyuncs.com/2026-05-05/maqsam-TasneemMahmoud.301988290.mp3?OSSAccessKeyId=LTAI5t8sBUhKT5YzXBHvmGGq&Expires=1778000659&Signature=KLYIzjj11KMFtkTd9%2BHXp5YHXUE%3D,63094763,2026-05-05,MKT,2,2026-05-04 17:31:49,2026-05-04 18:43:58,EGCC-maiwaheed,前端销售部002组,,未开始或未结束,-,未拨打,非首次分配,1.0,2026-05-05 20:30 ~ 21:00,end,,,,yes,no,good_need,normal,not_followed_after_trial,price_issue,close_payment,good_need | normal | not_followed_after_trial | price_issue
63058333,51nadamuhammad,2245(Maqsam),2026-05-05 00:37:04,,,,双方接通,http://pd-fscall-record.oss-cn-hongkong.aliyuncs.com/2026-05-05/maqsam-NadaMuhammad.301984715.mp3?OSSAccessKeyId=LTAI5t8sBUhKT5YzXBHvmGGq&Expires=1778000659&Signature=63%2F1yRjLSyX72wPT2ZUo6eSaXpc%3D,63058333,2026-05-05,MKT,1,2026-04-29 17:20:44,2026-04-29 17:21:45,51nadamuhammad,前端销售部002组,,已结束,-,接通>=20S,首次分配,3.0,2026-05-04 19:00 ~ 19:30,end,,,,yes,no,good_need,normal,not_followed_after_trial,price_issue,close_payment,good_need | normal | not_followed_after_trial | price_issue
63083261,EGCC-tasneemmahmoud,2311(Maqsam),2026-05-05 00:33:31,,,,双方接通,http://pd-fscall-record.oss-cn-hongkong.aliyuncs.com/2026-05-05/maqsam-TasneemMahmoud.301983830.mp3?OSSAccessKeyId=LTAI5t8sBUhKT5YzXBHvmGGq&Expires=1778000660&Signature=zjjF3r9%2Bvg%2F8pm9mHLd101ttWTE%3D,63083261,2026-05-05,MKT,1,2026-05-03 07:46:16,2026-05-03 07:47:17,EGCC-tasneemmahmoud,前端销售部002组,,已结束,-,接通>=20S,首次分配,1.0,2026-05-03 19:00 ~ 19:30,end,,,,yes,no,good_need,normal,not_followed_after_trial,price_issue,close_payment,good_need | normal | not_followed_after_trial | price_issue
63095710,EGCC-fatmamohamed,2310(Maqsam),2026-05-05 00:31:23,,,,双方接通,http://pd-fscall-record.oss-cn-hongkong.aliyuncs.com/2026-05-05/maqsam-FatmaMohamed.301983273.mp3?OSSAccessKeyId=LTAI5t8sBUhKT5YzXBHvmGGq&Expires=1778000660&Signature=iKPiFvI0tsO%2F9V6yIc7cGzZIaKY%3D,63095710,2026-05-05,MKT,1,2026-05-04 19:27:43,2026-05-04 19:28:43,EGCC-fatmamohamed,前端销售部002组,,未开始或未结束,-,接通>=20S,首次分配,1.0,2026-05-05 15:30 ~ 16:00,cancel,,,,yes,no,weak_need,normal,no_issue,schedule_issue,rebook_trial,weak_need | normal | no_issue | schedule_issue
61513047,EGCC-maiwaheed,2313(Maqsam),2026-05-05 00:30:29,,,,双方接通,http://pd-fscall-record.oss-cn-hongkong.aliyuncs.com/2026-05-05/maqsam-MaiWaheed.301983035.mp3?OSSAccessKeyId=LTAI5t8sBUhKT5YzXBHvmGGq&Expires=1778000661&Signature=vq3MXATLB4ierDh4nVMj%2FN7kFcM%3D,61513047,2026-05-05,MKT,2,2025-10-13 18:52:38,2026-04-30 16:10:15,EGCC-maiwaheed,前端销售部002组,,已结束,-,接通>=20S,非首次分配,5.0,2026-05-04 19:00 ~ 19:30,cancel,1.0,600.0,2026-05-05 15:13:48,yes,yes,weak_need,normal,no_issue,schedule_issue,renewal_followup,weak_need | normal | no_issue | schedule_issue
63094871,EGCC-tasneemmahmoud,2311(Maqsam),2026-05-04 23:56:28,,,,双方接通,http://pd-fscall-record.oss-cn-hongkong.aliyuncs.com/2026-05-04/maqsam-TasneemMahmoud.301974511.mp3?OSSAccessKeyId=LTAI5t8sBUhKT5YzXBHvmGGq&Expires=1778000663&Signature=%2Fq3X7hAlvdmZKwTi%2FO%2FxLpWOOWY%3D,63094871,2026-05-04,MKT,1,2026-05-04 17:43:20,2026-05-04 17:44:21,EGCC-tasneemmahmoud,前端销售部002组,,已结束,-,接通<20S,首次分配,1.0,2026-05-04 18:30 ~ 19:00,end,,,,yes,no,good_need,normal,not_followed_after_trial,price_issue,close_payment,good_need | normal | not_followed_after_trial | price_issue
0,51nadamuhammad,2245(Maqsam),2026-05-04 23:56:25,,,,双方接通,http://pd-fscall-record.oss-cn-hongkong.aliyuncs.com/2026-05-04/maqsam-NadaMuhammad.301974500.mp3?OSSAccessKeyId=LTAI5t8sBUhKT5YzXBHvmGGq&Expires=1778000664&Signature=2GQuaiChd4%2BfALQhyC8MwbdKw6Q%3D,0,2026-05-04,,,,,,,,,,,,,,,,,,no,no,no_trial_or_not_aware,normal,no_issue,unknown,manual_review,no_trial_or_not_aware | normal | no_issue | unknown
62875812,EGCC-fatmamohamed,2310(Maqsam),2026-05-04 23:54:16,,,,双方接通,http://pd-fscall-record.oss-cn-hongkong.aliyuncs.com/2026-05-04/maqsam-FatmaMohamed.301973996.mp3?OSSAccessKeyId=LTAI5t8sBUhKT5YzXBHvmGGq&Expires=1778000664&Signature=rWssTEV7wyxGq%2FdthmmfLMBUbmU%3D,62875812,2026-05-04,MKT,1,2026-04-07 07:05:32,2026-04-07 07:06:33,EGCC-fatmamohamed,前端销售部002组,,未开始或未结束,-,未拨打,首次分配,2.0,2026-05-05 17:00 ~ 17:30,end,,,,yes,no,good_need,normal,not_followed_after_trial,price_issue,close_payment,good_need | normal | not_followed_after_trial | price_issue
63094479,51nadamuhammad,2245(Maqsam),2026-05-04 23:50:43,,,,双方接通,http://pd-fscall-record.oss-cn-hongkong.aliyuncs.com/2026-05-04/maqsam-NadaMuhammad.301973097.mp3?OSSAccessKeyId=LTAI5t8sBUhKT5YzXBHvmGGq&Expires=1778000665&Signature=Rh4yewSkXvr0iY6Ygrd59hDqXW0%3D,63094479,2026-05-04,MKT,1,2026-05-04 16:59:51,2026-05-04 17:00:51,51nadamuhammad,前端销售部002组,,已取消,-,未拨打,首次分配,1.0,2026-05-05 19:00 ~ 19:30,cancel,,,,yes,no,weak_need,normal,no_issue,schedule_issue,rebook_trial,weak_need | normal | no_issue | schedule_issue
62904749,EGCC-fatmamohamed,2310(Maqsam),2026-05-04 23:49:22,,,,双方接通,http://pd-fscall-record.oss-cn-hongkong.aliyuncs.com/2026-05-04/maqsam-FatmaMohamed.301972764.mp3?OSSAccessKeyId=LTAI5t8sBUhKT5YzXBHvmGGq&Expires=1778000665&Signature=lEooQBsAF3ra6ZHf48x%2FMSM3Mqc%3D,62904749,2026-05-04,MKT,1,2026-04-11 00:26:56,2026-04-11 00:27:58,EGCC-fatmamohamed,前端销售部002组,,学生缺席,-,未拨打,首次分配,1.0,2026-04-12 15:00 ~ 15:30,s_absent,,,,yes,no,weak_need,normal,no_issue,low_interest,rebook_trial,weak_need | normal | no_issue | low_interest
62925080,EGCC-fatmamohamed,2310(Maqsam),2026-05-04 23:45:31,,,,双方接通,http://pd-fscall-record.oss-cn-hongkong.aliyuncs.com/2026-05-04/maqsam-FatmaMohamed.301971741.mp3?OSSAccessKeyId=LTAI5t8sBUhKT5YzXBHvmGGq&Expires=1778000666&Signature=t2dGMMA79ioKBDTZxqtrATh2qh8%3D,62925080,2026-05-04,REF,1,2026-04-13 15:50:08,2026-04-13 15:50:14,EGCC-fatmamohamed,前端销售部002组,,,-,未拨打,首次分配,,,,,,,no,no,no_trial_or_not_aware,normal,no_issue,unknown,manual_review,no_trial_or_not_aware | normal | no_issue | unknown
63078840,EGCC-maiwaheed,2313(Maqsam),2026-05-04 23:43:35,,,,双方接通,http://pd-fscall-record.oss-cn-hongkong.aliyuncs.com/2026-05-04/maqsam-MaiWaheed.301971186.mp3?OSSAccessKeyId=LTAI5t8sBUhKT5YzXBHvmGGq&Expires=1778000667&Signature=w67XOPyTEqWSyy6qnEUV51qnd2Y%3D,63078840,2026-05-04,REF,1,2026-05-02 14:32:38,2026-05-02 14:32:44,EGCC-maiwaheed,前端销售部002组,,,-,未接通,首次分配,,,,,,,no,no,no_trial_or_not_aware,normal,no_issue,unknown,manual_review,no_trial_or_not_aware | normal | no_issue | unknown
0,51nadamuhammad,2245(Maqsam),2026-05-04 23:26:57,,,,双方接通,http://pd-fscall-record.oss-cn-hongkong.aliyuncs.com/2026-05-04/maqsam-NadaMuhammad.301966404.mp3?OSSAccessKeyId=LTAI5t8sBUhKT5YzXBHvmGGq&Expires=1778000668&Signature=RweQnr959hHmYI2CQ4UMv%2Ffed2s%3D,0,2026-05-04,,,,,,,,,,,,,,,,,,no,no,no_trial_or_not_aware,normal,no_issue,unknown,manual_review,no_trial_or_not_aware | normal | no_issue | unknown
63080837,EGCC-fatmamohamed,2310(Maqsam),2026-05-04 23:22:22,,,,双方接通,http://pd-fscall-record.oss-cn-hongkong.aliyuncs.com/2026-05-04/maqsam-FatmaMohamed.301965035.mp3?OSSAccessKeyId=LTAI5t8sBUhKT5YzXBHvmGGq&Expires=1778000668&Signature=7LMf3q4Mw7mnbji4PVnmjtGaelo%3D,63080837,2026-05-04,MKT,2,2026-05-02 19:04:29,2026-05-04 11:05:35,EGCC-fatmamohamed,前端销售部002组,,学生缺席,-,未拨打,非首次分配,1.0,2026-05-04 18:30 ~ 19:00,s_absent,,,,yes,no,weak_need,normal,no_issue,low_interest,rebook_trial,weak_need | normal | no_issue | low_interest
63080837,EGCC-fatmamohamed,2310(Maqsam),2026-05-04 23:21:02,,,,双方接通,http://pd-fscall-record.oss-cn-hongkong.aliyuncs.com/2026-05-04/maqsam-FatmaMohamed.301964641.mp3?OSSAccessKeyId=LTAI5t8sBUhKT5YzXBHvmGGq&Expires=1778000669&Signature=9SupDgI94m3AGL%2FDWfBkn6REaIg%3D,63080837,2026-05-04,MKT,2,2026-05-02 19:04:29,2026-05-04 11:05:35,EGCC-fatmamohamed,前端销售部002组,,学生缺席,-,未拨打,非首次分配,1.0,2026-05-04 18:30 ~ 19:00,s_absent,,,,yes,no,weak_need,normal,no_issue,low_interest,rebook_trial,weak_need | normal | no_issue | low_interest
63094871,EGCC-tasneemmahmoud,2311(Maqsam),2026-05-04 23:10:12,,,,双方接通,http://pd-fscall-record.oss-cn-hongkong.aliyuncs.com/2026-05-04/maqsam-TasneemMahmoud.301961633.mp3?OSSAccessKeyId=LTAI5t8sBUhKT5YzXBHvmGGq&Expires=1778000669&Signature=ojM%2FeU919MY12dLNTlLf8JHcwN8%3D,63094871,2026-05-04,MKT,1,2026-05-04 17:43:20,2026-05-04 17:44:21,EGCC-tasneemmahmoud,前端销售部002组,,已结束,-,接通<20S,首次分配,1.0,2026-05-04 18:30 ~ 19:00,end,,,,yes,no,good_need,normal,not_followed_after_trial,price_issue,close_payment,good_need | normal | not_followed_after_trial | price_issue
63088870,EGCC-maiwaheed,2313(Maqsam),2026-05-04 23:09:40,,,,双方接通,http://pd-fscall-record.oss-cn-hongkong.aliyuncs.com/2026-05-04/maqsam-MaiWaheed.301961479.mp3?OSSAccessKeyId=LTAI5t8sBUhKT5YzXBHvmGGq&Expires=1778000669&Signature=Kbemv5Qqr6PCuQgdTFG%2FW06wSNY%3D,63088870,2026-05-04,MKT,1,2026-05-03 23:23:14,2026-05-03 23:24:15,EGCC-maiwaheed,前端销售部002组,,已结束,-,未拨打,首次分配,1.0,2026-05-04 17:30 ~ 18:00,end,,,,yes,no,good_need,normal,not_followed_after_trial,price_issue,close_payment,good_need | normal | not_followed_after_trial | price_issue
0,EGCC-maiwaheed,2313(Maqsam),2026-05-04 23:09:25,,,,双方接通,http://pd-fscall-record.oss-cn-hongkong.aliyuncs.com/2026-05-04/maqsam-MaiWaheed.301961419.mp3?OSSAccessKeyId=LTAI5t8sBUhKT5YzXBHvmGGq&Expires=1778000670&Signature=Qm7Z%2BrD%2FjeQqksLR2a4HrNoIqcE%3D,0,2026-05-04,,,,,,,,,,,,,,,,,,no,no,no_trial_or_not_aware,normal,no_issue,unknown,manual_review,no_trial_or_not_aware | normal | no_issue | unknown
0,EGCC-maiwaheed,2313(Maqsam),2026-05-04 23:05:09,,,,双方接通,http://pd-fscall-record.oss-cn-hongkong.aliyuncs.com/2026-05-04/maqsam-MaiWaheed.301960171.mp3?OSSAccessKeyId=LTAI5t8sBUhKT5YzXBHvmGGq&Expires=1778000670&Signature=LX3v%2FkEaMnL1UIKHlX7uTbIUymU%3D,0,2026-05-04,,,,,,,,,,,,,,,,,,no,no,no_trial_or_not_aware,normal,no_issue,unknown,manual_review,no_trial_or_not_aware | normal | no_issue | unknown
63050750,EGCC-maiwaheed,2313(Maqsam),2026-05-04 23:01:45,,,,双方接通,http://pd-fscall-record.oss-cn-hongkong.aliyuncs.com/2026-05-04/maqsam-MaiWaheed.301959150.mp3?OSSAccessKeyId=LTAI5t8sBUhKT5YzXBHvmGGq&Expires=1778000671&Signature=Lb%2BjA84MYHBC%2BQVPtAif49QLxiQ%3D,63050750,2026-05-04,MKT,2,2026-04-28 21:45:34,2026-04-29 12:15:53,EGCC-maiwaheed,前端销售部002组,,已结束,-,未接通,非首次分配,2.0,2026-05-04 17:00 ~ 17:30,cancel,,,,yes,no,weak_need,normal,no_issue,schedule_issue,rebook_trial,weak_need | normal | no_issue | schedule_issue
63058333,51nadamuhammad,2245(Maqsam),2026-05-04 22:45:42,,,,双方接通,http://pd-fscall-record.oss-cn-hongkong.aliyuncs.com/2026-05-04/maqsam-NadaMuhammad.301952920.mp3?OSSAccessKeyId=LTAI5t8sBUhKT5YzXBHvmGGq&Expires=1778000671&Signature=wiU4nuKxC4nwTObRa%2FjVr3NbsFo%3D,63058333,2026-05-04,MKT,1,2026-04-29 17:20:44,2026-04-29 17:21:45,51nadamuhammad,前端销售部002组,,已结束,-,接通>=20S,首次分配,3.0,2026-05-04 19:00 ~ 19:30,end,,,,yes,no,good_need,normal,not_followed_after_trial,price_issue,close_payment,good_need | normal | not_followed_after_trial | price_issue
63088870,EGCC-maiwaheed,2313(Maqsam),2026-05-04 22:30:45,,,,双方接通,http://pd-fscall-record.oss-cn-hongkong.aliyuncs.com/2026-05-04/maqsam-MaiWaheed.301946626.mp3?OSSAccessKeyId=LTAI5t8sBUhKT5YzXBHvmGGq&Expires=1778000672&Signature=o8%2F%2B%2BNQtWDvkrw75aylP00HQjy8%3D,63088870,2026-05-04,MKT,1,2026-05-03 23:23:14,2026-05-03 23:24:15,EGCC-maiwaheed,前端销售部002组,,已结束,-,未拨打,首次分配,1.0,2026-05-04 17:30 ~ 18:00,end,,,,yes,no,good_need,normal,not_followed_after_trial,price_issue,close_payment,good_need | normal | not_followed_after_trial | price_issue
63088870,EGCC-maiwaheed,2313(Maqsam),2026-05-04 22:24:14,,,,双方接通,http://pd-fscall-record.oss-cn-hongkong.aliyuncs.com/2026-05-04/maqsam-MaiWaheed.301943821.mp3?OSSAccessKeyId=LTAI5t8sBUhKT5YzXBHvmGGq&Expires=1778000672&Signature=2qzQ0166VrOs5xjCyHj2CVPUqZk%3D,63088870,2026-05-04,MKT,1,2026-05-03 23:23:14,2026-05-03 23:24:15,EGCC-maiwaheed,前端销售部002组,,已结束,-,未拨打,首次分配,1.0,2026-05-04 17:30 ~ 18:00,end,,,,yes,no,good_need,normal,not_followed_after_trial,price_issue,close_payment,good_need | normal | not_followed_after_trial | price_issue
61455845,51nadamuhammad,2245(Maqsam),2026-05-04 21:48:28,,,,双方接通,http://pd-fscall-record.oss-cn-hongkong.aliyuncs.com/2026-05-04/maqsam-NadaMuhammad.301928485.mp3?OSSAccessKeyId=LTAI5t8sBUhKT5YzXBHvmGGq&Expires=1778000673&Signature=82yq%2FvDnJZvxOFmtrik2qNHv%2F4Y%3D,61455845,2026-05-04,,,,,,,,,,,,1.0,2026-02-08 18:00 ~ 18:30,end,1.0,1080.0,2026/2/3 19:59,yes,yes,good_need,normal,no_issue,unknown,renewal_followup,good_need | normal | no_issue | unknown
63078840,EGCC-maiwaheed,2313(Maqsam),2026-05-04 21:47:34,,,,双方接通,http://pd-fscall-record.oss-cn-hongkong.aliyuncs.com/2026-05-04/maqsam-MaiWaheed.301928052.mp3?OSSAccessKeyId=LTAI5t8sBUhKT5YzXBHvmGGq&Expires=1778000673&Signature=rNqIRGV9lF%2FX649ZELau4fUykbA%3D,63078840,2026-05-04,REF,1,2026-05-02 14:32:38,2026-05-02 14:32:44,EGCC-maiwaheed,前端销售部002组,,,-,未接通,首次分配,,,,,,,no,no,no_trial_or_not_aware,normal,no_issue,unknown,manual_review,no_trial_or_not_aware | normal | no_issue | unknown
63090460,51nadamuhammad,2245(Maqsam),2026-05-04 21:42:32,,,,双方接通,http://pd-fscall-record.oss-cn-hongkong.aliyuncs.com/2026-05-04/maqsam-NadaMuhammad.301925611.mp3?OSSAccessKeyId=LTAI5t8sBUhKT5YzXBHvmGGq&Expires=1778000674&Signature=zT%2Fm%2BG%2BC0K%2FKjbDLsSJk%2FoNCzmw%3D,63090460,2026-05-04,MKT,1,2026-05-04 07:19:22,2026-05-04 07:20:23,51nadamuhammad,前端销售部002组,,未开始或未结束,-,未接通,首次分配,1.0,2026-05-05 19:30 ~ 20:00,end,,,,yes,no,good_need,normal,not_followed_after_trial,price_issue,close_payment,good_need | normal | not_followed_after_trial | price_issue
63080870,EGCC-maiwaheed,2313(Maqsam),2026-05-04 21:42:23,,,,双方接通,http://pd-fscall-record.oss-cn-hongkong.aliyuncs.com/2026-05-04/maqsam-MaiWaheed.301925542.mp3?OSSAccessKeyId=LTAI5t8sBUhKT5YzXBHvmGGq&Expires=1778000674&Signature=niSQ0ITtHAiVzqGJb6BY0Ijk0ps%3D,63080870,2026-05-04,MKT,1,2026-05-02 19:50:05,2026-05-02 19:51:05,EGCC-maiwaheed,前端销售部002组,,已结束,-,未拨打,首次分配,2.0,2026-05-04 18:00 ~ 18:30,end,,,,yes,no,good_need,normal,not_followed_after_trial,price_issue,close_payment,good_need | normal | not_followed_after_trial | price_issue
63079252,EGCC-fatmamohamed,2310(Maqsam),2026-05-04 21:40:38,,,,双方接通,http://pd-fscall-record.oss-cn-hongkong.aliyuncs.com/2026-05-04/maqsam-FatmaMohamed.301924688.mp3?OSSAccessKeyId=LTAI5t8sBUhKT5YzXBHvmGGq&Expires=1778000676&Signature=jS9lfxGN0Wi0AILx0JuDkAP3fz4%3D,63079252,2026-05-04,MKT,1,2026-05-02 15:35:41,2026-05-02 15:36:41,EGCC-fatmamohamed,前端销售部002组,,已结束,-,未拨打,首次分配,2.0,2026-05-04 16:00 ~ 16:30,end,,,,yes,no,good_need,normal,not_followed_after_trial,price_issue,close_payment,good_need | normal | not_followed_after_trial | price_issue
63081950,51nadamuhammad,2245(Maqsam),2026-05-04 21:35:43,,,,双方接通,http://pd-fscall-record.oss-cn-hongkong.aliyuncs.com/2026-05-04/maqsam-NadaMuhammad.301922430.mp3?OSSAccessKeyId=LTAI5t8sBUhKT5YzXBHvmGGq&Expires=1778000677&Signature=3cWr1uDeV1lx9KPbwohYkxcO7es%3D,63081950,2026-05-04,MKT,1,2026-05-03 00:49:26,2026-05-03 00:50:27,51nadamuhammad,前端销售部002组,,学生缺席,-,未拨打,首次分配,1.0,2026-05-04 17:00 ~ 17:30,s_absent,,,,yes,no,weak_need,normal,no_issue,low_interest,rebook_trial,weak_need | normal | no_issue | low_interest
63080870,EGCC-maiwaheed,2313(Maqsam),2026-05-04 21:35:22,,,,双方接通,http://pd-fscall-record.oss-cn-hongkong.aliyuncs.com/2026-05-04/maqsam-MaiWaheed.301922289.mp3?OSSAccessKeyId=LTAI5t8sBUhKT5YzXBHvmGGq&Expires=1778000678&Signature=51%2BB8c6xSUvceEVkqbd3pDqkQkU%3D,63080870,2026-05-04,MKT,1,2026-05-02 19:50:05,2026-05-02 19:51:05,EGCC-maiwaheed,前端销售部002组,,已结束,-,未拨打,首次分配,2.0,2026-05-04 18:00 ~ 18:30,end,,,,yes,no,good_need,normal,not_followed_after_trial,price_issue,close_payment,good_need | normal | not_followed_after_trial | price_issue
0,EGCC-tasneemmahmoud,2311(Maqsam),2026-05-04 21:28:30,,,,双方接通,http://pd-fscall-record.oss-cn-hongkong.aliyuncs.com/2026-05-04/maqsam-TasneemMahmoud.301918955.mp3?OSSAccessKeyId=LTAI5t8sBUhKT5YzXBHvmGGq&Expires=1778000678&Signature=mzL7BCFZbyMNCwmEbvxcI0gCA30%3D,0,2026-05-04,,,,,,,,,,,,,,,,,,no,no,no_trial_or_not_aware,normal,no_issue,unknown,manual_review,no_trial_or_not_aware | normal | no_issue | unknown
62453293,EGCC-tasneemmahmoud,2311(Maqsam),2026-05-04 21:15:33,,,,双方接通,http://pd-fscall-record.oss-cn-hongkong.aliyuncs.com/2026-05-04/maqsam-TasneemMahmoud.301912790.mp3?OSSAccessKeyId=LTAI5t8sBUhKT5YzXBHvmGGq&Expires=1778000679&Signature=GzL80%2Be%2FSISRtVVH4sMxii03fFo%3D,62453293,2026-05-04,MKT,1,2026-02-04 15:05:14,2026-02-04 15:06:14,EGCC-tasneemmahmoud,前端销售部002组,,已结束,-,接通>=20S,首次分配,,,,,,,no,no,no_trial_or_not_aware,normal,no_issue,unknown,manual_review,no_trial_or_not_aware | normal | no_issue | unknown
0,EGCC-tasneemmahmoud,2311(Maqsam),2026-05-04 21:14:10,,,,双方接通,http://pd-fscall-record.oss-cn-hongkong.aliyuncs.com/2026-05-04/maqsam-TasneemMahmoud.301912238.mp3?OSSAccessKeyId=LTAI5t8sBUhKT5YzXBHvmGGq&Expires=1778000679&Signature=6KGbM%2BME86x06bJpK%2FgM9Hr3VuU%3D,0,2026-05-04,,,,,,,,,,,,,,,,,,no,no,no_trial_or_not_aware,normal,no_issue,unknown,manual_review,no_trial_or_not_aware | normal | no_issue | unknown
0,EGCC-tasneemmahmoud,2311(Maqsam),2026-05-04 21:12:42,,,,双方接通,http://pd-fscall-record.oss-cn-hongkong.aliyuncs.com/2026-05-04/maqsam-TasneemMahmoud.301911631.mp3?OSSAccessKeyId=LTAI5t8sBUhKT5YzXBHvmGGq&Expires=1778000680&Signature=7aLhxWFsIWvUXIv%2Fzep816Tj%2BFE%3D,0,2026-05-04,,,,,,,,,,,,,,,,,,no,no,no_trial_or_not_aware,normal,no_issue,unknown,manual_review,no_trial_or_not_aware | normal | no_issue | unknown
63082131,EGCC-fatmamohamed,2310(Maqsam),2026-05-04 21:07:52,,,,双方接通,http://pd-fscall-record.oss-cn-hongkong.aliyuncs.com/2026-05-04/maqsam-FatmaMohamed.301909745.mp3?OSSAccessKeyId=LTAI5t8sBUhKT5YzXBHvmGGq&Expires=1778000680&Signature=iuB35rQZnpuxpOjdfsys11NoxIk%3D,63082131,2026-05-04,MKT,1,2026-05-03 02:25:39,2026-05-03 02:26:40,EGCC-fatmamohamed,前端销售部002组,,已结束,-,未拨打,首次分配,1.0,2026-05-04 15:30 ~ 16:00,end,,,,yes,no,good_need,normal,not_followed_after_trial,price_issue,close_payment,good_need | normal | not_followed_after_trial | price_issue
63087348,EGCC-maiwaheed,2313(Maqsam),2026-05-04 21:07:09,,,,双方接通,http://pd-fscall-record.oss-cn-hongkong.aliyuncs.com/2026-05-04/maqsam-MaiWaheed.301909446.mp3?OSSAccessKeyId=LTAI5t8sBUhKT5YzXBHvmGGq&Expires=1778000681&Signature=7Xr%2BE3PYeVP5Lk%2FxhP65d2qtwUE%3D,63087348,2026-05-04,MKT,1,2026-05-03 17:11:41,2026-05-03 17:12:42,EGCC-maiwaheed,前端销售部002组,,未开始或未结束,-,未拨打,首次分配,2.0,2026-05-05 19:00 ~ 19:30,end,,,,yes,no,good_need,normal,not_followed_after_trial,price_issue,close_payment,good_need | normal | not_followed_after_trial | price_issue
63087348,EGCC-maiwaheed,2313(Maqsam),2026-05-04 21:06:40,,,,双方接通,http://pd-fscall-record.oss-cn-hongkong.aliyuncs.com/2026-05-04/maqsam-MaiWaheed.301909251.mp3?OSSAccessKeyId=LTAI5t8sBUhKT5YzXBHvmGGq&Expires=1778000681&Signature=WuCAiVdEbG33ilU39LmfTEUInfE%3D,63087348,2026-05-04,MKT,1,2026-05-03 17:11:41,2026-05-03 17:12:42,EGCC-maiwaheed,前端销售部002组,,未开始或未结束,-,未拨打,首次分配,2.0,2026-05-05 19:00 ~ 19:30,end,,,,yes,no,good_need,normal,not_followed_after_trial,price_issue,close_payment,good_need | normal | not_followed_after_trial | price_issue
62539498,EGCC-maiwaheed,2313(Maqsam),2026-05-04 21:00:41,,,,双方接通,http://pd-fscall-record.oss-cn-hongkong.aliyuncs.com/2026-05-04/maqsam-MaiWaheed.301906937.mp3?OSSAccessKeyId=LTAI5t8sBUhKT5YzXBHvmGGq&Expires=1778000682&Signature=zQqoc3zYuhe%2FCJqGkkFXoYKYDQ4%3D,62539498,2026-05-04,MKT,2,2026-02-17 16:23:49,2026-04-22 15:24:33,EGCC-maiwaheed,前端销售部002组,,已结束,-,未拨打,非首次分配,,,,,,,no,no,no_trial_or_not_aware,normal,no_issue,unknown,manual_review,no_trial_or_not_aware | normal | no_issue | unknown
62108473,51nadamuhammad,2245(Maqsam),2026-05-04 20:58:48,,,,双方接通,http://pd-fscall-record.oss-cn-hongkong.aliyuncs.com/2026-05-04/maqsam-NadaMuhammad.301906165.mp3?OSSAccessKeyId=LTAI5t8sBUhKT5YzXBHvmGGq&Expires=1778000683&Signature=cRkCCCV6noe9nXYKqleFvQiqCl4%3D,62108473,2026-05-04,MKT,2,2025-12-22 00:26:29,2026-01-06 11:22:37,51nadamuhammad,前端销售部002组,,学生缺席,-,未拨打,非首次分配,,,,,,,no,no,no_trial_or_not_aware,normal,no_issue,unknown,manual_review,no_trial_or_not_aware | normal | no_issue | unknown
0,EGCC-maiwaheed,2313(Maqsam),2026-05-04 20:57:08,,,,双方接通,http://pd-fscall-record.oss-cn-hongkong.aliyuncs.com/2026-05-04/maqsam-MaiWaheed.301905540.mp3?OSSAccessKeyId=LTAI5t8sBUhKT5YzXBHvmGGq&Expires=1778000683&Signature=%2FXf9ftbLPO13Uvyr5QBMz1LbIRk%3D,0,2026-05-04,,,,,,,,,,,,,,,,,,no,no,no_trial_or_not_aware,normal,no_issue,unknown,manual_review,no_trial_or_not_aware | normal | no_issue | unknown
63022985,EGCC-fatmamohamed,2310(Maqsam),2026-05-04 20:55:35,,,,双方接通,http://pd-fscall-record.oss-cn-hongkong.aliyuncs.com/2026-05-04/maqsam-FatmaMohamed.301904921.mp3?OSSAccessKeyId=LTAI5t8sBUhKT5YzXBHvmGGq&Expires=1778000684&Signature=vytKO1nLjadiVoqL9xhUO1cys4o%3D,63022985,2026-05-04,,,,,,,,,,,,,,,,,,no,no,no_trial_or_not_aware,normal,no_issue,unknown,manual_review,no_trial_or_not_aware | normal | no_issue | unknown
0,EGCC-fatmamohamed,2310(Maqsam),2026-05-04 20:53:19,,,,双方接通,http://pd-fscall-record.oss-cn-hongkong.aliyuncs.com/2026-05-04/maqsam-FatmaMohamed.301903959.mp3?OSSAccessKeyId=LTAI5t8sBUhKT5YzXBHvmGGq&Expires=1778000684&Signature=eG7jtLYuRJWqH0KvRIk3Dm3E6WQ%3D,0,2026-05-04,,,,,,,,,,,,,,,,,,no,no,no_trial_or_not_aware,normal,no_issue,unknown,manual_review,no_trial_or_not_aware | normal | no_issue | unknown
0,51nadamuhammad,2245(Maqsam),2026-05-04 20:44:52,,,,双方接通,http://pd-fscall-record.oss-cn-hongkong.aliyuncs.com/2026-05-04/maqsam-NadaMuhammad.301900375.mp3?OSSAccessKeyId=LTAI5t8sBUhKT5YzXBHvmGGq&Expires=1778000685&Signature=0jiE4LXz%2F%2F3eYIcyWvvsbfU3xE8%3D,0,2026-05-04,,,,,,,,,,,,,,,,,,no,no,no_trial_or_not_aware,normal,no_issue,unknown,manual_review,no_trial_or_not_aware | normal | no_issue | unknown
62453200,51nadamuhammad,2245(Maqsam),2026-05-04 20:35:35,,,,双方接通,http://pd-fscall-record.oss-cn-hongkong.aliyuncs.com/2026-05-04/maqsam-NadaMuhammad.301896324.mp3?OSSAccessKeyId=LTAI5t8sBUhKT5YzXBHvmGGq&Expires=1778000686&Signature=QxqfBqPX4Q8DaqDFxCMRb07X3xo%3D,62453200,2026-05-04,MKT,2,2026-02-04 15:02:33,2026-02-04 16:50:25,51nadamuhammad,前端销售部002组,,学生缺席,-,未拨打,非首次分配,1.0,2026-02-04 16:30 ~ 17:00,s_absent,,,,yes,no,weak_need,normal,no_issue,low_interest,rebook_trial,weak_need | normal | no_issue | low_interest
0,EGCC-tasneemmahmoud,2311(Maqsam),2026-05-04 20:28:13,,,,双方接通,http://pd-fscall-record.oss-cn-hongkong.aliyuncs.com/2026-05-04/maqsam-TasneemMahmoud.301892941.mp3?OSSAccessKeyId=LTAI5t8sBUhKT5YzXBHvmGGq&Expires=1778000686&Signature=8UTdA6j1d6z5TwqBaJI6KmahCOs%3D,0,2026-05-04,,,,,,,,,,,,,,,,,,no,no,no_trial_or_not_aware,normal,no_issue,unknown,manual_review,no_trial_or_not_aware | normal | no_issue | unknown
63081982,EGCC-tasneemmahmoud,2311(Maqsam),2026-05-04 20:25:43,,,,双方接通,http://pd-fscall-record.oss-cn-hongkong.aliyuncs.com/2026-05-04/maqsam-TasneemMahmoud.301891715.mp3?OSSAccessKeyId=LTAI5t8sBUhKT5YzXBHvmGGq&Expires=1778000687&Signature=7PTuudPS2zdCZiArcHH5Un%2BZTFM%3D,63081982,2026-05-04,MKT,1,2026-05-03 02:01:21,2026-05-03 02:02:22,EGCC-tasneemmahmoud,前端销售部002组,,已结束,-,未接通,首次分配,1.0,2026-05-04 14:30 ~ 15:00,end,,,,yes,no,good_need,normal,not_followed_after_trial,price_issue,close_payment,good_need | normal | not_followed_after_trial | price_issue
63071980,EGCC-maiwaheed,2313(Maqsam),2026-05-04 20:24:02,,,,双方接通,http://pd-fscall-record.oss-cn-hongkong.aliyuncs.com/2026-05-04/maqsam-MaiWaheed.301890880.mp3?OSSAccessKeyId=LTAI5t8sBUhKT5YzXBHvmGGq&Expires=1778000688&Signature=kiIP3bRCVx57U8pfDTWz8zbMQNY%3D,63071980,2026-05-04,MKT,2,2026-05-01 14:31:51,2026-05-02 11:23:40,EGCC-maiwaheed,前端销售部002组,,已结束,-,未拨打,非首次分配,3.0,2026-05-03 20:30 ~ 21:00,cancel,,,,yes,no,weak_need,normal,no_issue,schedule_issue,rebook_trial,weak_need | normal | no_issue | schedule_issue
63059498,EGCC-maiwaheed,2313(Maqsam),2026-05-04 20:21:24,,,,双方接通,http://pd-fscall-record.oss-cn-hongkong.aliyuncs.com/2026-05-04/maqsam-MaiWaheed.301889675.mp3?OSSAccessKeyId=LTAI5t8sBUhKT5YzXBHvmGGq&Expires=1778000690&Signature=c7CjmzCCF32QLXLPwECM9YShBeU%3D,63059498,2026-05-04,MKT,2,2026-04-29 20:00:02,2026-04-30 11:51:05,EGCC-maiwaheed,前端销售部002组,,已取消,-,未拨打,非首次分配,,,,,,,no,no,no_trial_or_not_aware,normal,no_issue,unknown,manual_review,no_trial_or_not_aware | normal | no_issue | unknown
62108473,51nadamuhammad,2245(Maqsam),2026-05-04 20:21:05,,,,双方接通,http://pd-fscall-record.oss-cn-hongkong.aliyuncs.com/2026-05-04/maqsam-NadaMuhammad.301889521.mp3?OSSAccessKeyId=LTAI5t8sBUhKT5YzXBHvmGGq&Expires=1778000690&Signature=%2B1P595aa2Npxpa8d4tJ9Q2VEXS4%3D,62108473,2026-05-04,MKT,2,2025-12-22 00:26:29,2026-01-06 11:22:37,51nadamuhammad,前端销售部002组,,学生缺席,-,未拨打,非首次分配,,,,,,,no,no,no_trial_or_not_aware,normal,no_issue,unknown,manual_review,no_trial_or_not_aware | normal | no_issue | unknown
63054610,EGCC-fatmamohamed,2310(Maqsam),2026-05-04 20:15:01,,,,双方接通,http://pd-fscall-record.oss-cn-hongkong.aliyuncs.com/2026-05-04/maqsam-FatmaMohamed.301886660.mp3?OSSAccessKeyId=LTAI5t8sBUhKT5YzXBHvmGGq&Expires=1778000691&Signature=gKygIdpgCpUmsF9tqIAvzFoooVY%3D,63054610,2026-05-04,MKT,2,2026-04-29 10:30:07,2026-04-29 12:03:30,EGCC-fatmamohamed,前端销售部002组,,未开始或未结束,-,接通>=20S,非首次分配,1.0,2026-05-04 20:30 ~ 21:00,end,,,,yes,no,good_need,normal,not_followed_after_trial,price_issue,close_payment,good_need | normal | not_followed_after_trial | price_issue
61469752,51nadamuhammad,2245(Maqsam),2026-05-04 20:12:22,,,,双方接通,http://pd-fscall-record.oss-cn-hongkong.aliyuncs.com/2026-05-04/maqsam-NadaMuhammad.301885451.mp3?OSSAccessKeyId=LTAI5t8sBUhKT5YzXBHvmGGq&Expires=1778000692&Signature=Gq2YY7DOmIY4ijjg3LV%2B8V5a%2FBM%3D,61469752,2026-05-04,,,,,,,,,,,,,,,,,,no,no,no_trial_or_not_aware,normal,no_issue,unknown,manual_review,no_trial_or_not_aware | normal | no_issue | unknown
63078840,EGCC-maiwaheed,2313(Maqsam),2026-05-04 20:10:42,,,,双方接通,http://pd-fscall-record.oss-cn-hongkong.aliyuncs.com/2026-05-04/maqsam-MaiWaheed.301884685.mp3?OSSAccessKeyId=LTAI5t8sBUhKT5YzXBHvmGGq&Expires=1778000693&Signature=5Yq4UQK13lEIO%2FV3aaQKf6eecpM%3D,63078840,2026-05-04,REF,1,2026-05-02 14:32:38,2026-05-02 14:32:44,EGCC-maiwaheed,前端销售部002组,,,-,未接通,首次分配,,,,,,,no,no,no_trial_or_not_aware,normal,no_issue,unknown,manual_review,no_trial_or_not_aware | normal | no_issue | unknown
61469752,51nadamuhammad,2245(Maqsam),2026-05-04 20:09:55,,,,双方接通,http://pd-fscall-record.oss-cn-hongkong.aliyuncs.com/2026-05-04/maqsam-NadaMuhammad.301884337.mp3?OSSAccessKeyId=LTAI5t8sBUhKT5YzXBHvmGGq&Expires=1778000693&Signature=wyk%2BXOqtx8BcEg4ArDqGgTiqiQ4%3D,61469752,2026-05-04,,,,,,,,,,,,,,,,,,no,no,no_trial_or_not_aware,normal,no_issue,unknown,manual_review,no_trial_or_not_aware | normal | no_issue | unknown
63050750,EGCC-maiwaheed,2313(Maqsam),2026-05-04 20:09:30,,,,双方接通,http://pd-fscall-record.oss-cn-hongkong.aliyuncs.com/2026-05-04/maqsam-MaiWaheed.301884148.mp3?OSSAccessKeyId=LTAI5t8sBUhKT5YzXBHvmGGq&Expires=1778000694&Signature=Zx3jb6b3RGrjbe1TmA4CcdTMZZI%3D,63050750,2026-05-04,MKT,2,2026-04-28 21:45:34,2026-04-29 12:15:53,EGCC-maiwaheed,前端销售部002组,,已结束,-,未接通,非首次分配,2.0,2026-05-04 17:00 ~ 17:30,cancel,,,,yes,no,weak_need,normal,no_issue,schedule_issue,rebook_trial,weak_need | normal | no_issue | schedule_issue
63081910,EGCC-fatmamohamed,2310(Maqsam),2026-05-04 20:09:14,,,,双方接通,http://pd-fscall-record.oss-cn-hongkong.aliyuncs.com/2026-05-04/maqsam-FatmaMohamed.301884031.mp3?OSSAccessKeyId=LTAI5t8sBUhKT5YzXBHvmGGq&Expires=1778000694&Signature=AkRIojB3xHvsOrd1cOmcYoyzcGQ%3D,63081910,2026-05-04,MKT,1,2026-05-02 23:31:45,2026-05-02 23:32:45,EGCC-fatmamohamed,前端销售部002组,,已取消,-,未接通,首次分配,1.0,2026-05-04 20:00 ~ 20:30,cancel,,,,yes,no,weak_need,normal,no_issue,schedule_issue,rebook_trial,weak_need | normal | no_issue | schedule_issue
63081982,EGCC-tasneemmahmoud,2311(Maqsam),2026-05-04 20:04:00,,,,双方接通,http://pd-fscall-record.oss-cn-hongkong.aliyuncs.com/2026-05-04/maqsam-TasneemMahmoud.301881768.mp3?OSSAccessKeyId=LTAI5t8sBUhKT5YzXBHvmGGq&Expires=1778000695&Signature=5ScEheO78eBIb%2BF%2FYa%2FUwTjtFhc%3D,63081982,2026-05-04,MKT,1,2026-05-03 02:01:21,2026-05-03 02:02:22,EGCC-tasneemmahmoud,前端销售部002组,,已结束,-,未接通,首次分配,1.0,2026-05-04 14:30 ~ 15:00,end,,,,yes,no,good_need,normal,not_followed_after_trial,price_issue,close_payment,good_need | normal | not_followed_after_trial | price_issue
63082131,EGCC-fatmamohamed,2310(Maqsam),2026-05-04 20:03:30,,,,双方接通,http://pd-fscall-record.oss-cn-hongkong.aliyuncs.com/2026-05-04/maqsam-FatmaMohamed.301881552.mp3?OSSAccessKeyId=LTAI5t8sBUhKT5YzXBHvmGGq&Expires=1778000696&Signature=JvZwWX9gowjHffPTZMW6dGYx%2FVw%3D,63082131,2026-05-04,MKT,1,2026-05-03 02:25:39,2026-05-03 02:26:40,EGCC-fatmamohamed,前端销售部002组,,已结束,-,未拨打,首次分配,1.0,2026-05-04 15:30 ~ 16:00,end,,,,yes,no,good_need,normal,not_followed_after_trial,price_issue,close_payment,good_need | normal | not_followed_after_trial | price_issue
63078749,EGCC-tasneemmahmoud,2311(Maqsam),2026-05-04 19:37:12,,,,双方接通,http://pd-fscall-record.oss-cn-hongkong.aliyuncs.com/2026-05-04/maqsam-TasneemMahmoud.301870289.mp3?OSSAccessKeyId=LTAI5t8sBUhKT5YzXBHvmGGq&Expires=1778000696&Signature=epoyZCcwxZ0%2Fms3i96IQRNKlgPo%3D,63078749,2026-05-04,MKT,1,2026-05-02 14:35:34,2026-05-02 14:36:34,EGCC-tasneemmahmoud,前端销售部002组,,已结束,-,未拨打,首次分配,1.0,2026-05-04 13:30 ~ 14:00,end,,,,yes,no,good_need,normal,not_followed_after_trial,price_issue,close_payment,good_need | normal | not_followed_after_trial | price_issue
63081982,EGCC-tasneemmahmoud,2311(Maqsam),2026-05-04 19:34:18,,,,双方接通,http://pd-fscall-record.oss-cn-hongkong.aliyuncs.com/2026-05-04/maqsam-TasneemMahmoud.301869027.mp3?OSSAccessKeyId=LTAI5t8sBUhKT5YzXBHvmGGq&Expires=1778000696&Signature=UGuiuBw7ow4QH8POKFZQggnVfGs%3D,63081982,2026-05-04,MKT,1,2026-05-03 02:01:21,2026-05-03 02:02:22,EGCC-tasneemmahmoud,前端销售部002组,,已结束,-,未接通,首次分配,1.0,2026-05-04 14:30 ~ 15:00,end,,,,yes,no,good_need,normal,not_followed_after_trial,price_issue,close_payment,good_need | normal | not_followed_after_trial | price_issue
63081982,EGCC-tasneemmahmoud,2311(Maqsam),2026-05-04 19:17:36,,,,双方接通,http://pd-fscall-record.oss-cn-hongkong.aliyuncs.com/2026-05-04/maqsam-TasneemMahmoud.301861212.mp3?OSSAccessKeyId=LTAI5t8sBUhKT5YzXBHvmGGq&Expires=1778000697&Signature=PtysYuM4VV8B9GT3srMQartIFkw%3D,63081982,2026-05-04,MKT,1,2026-05-03 02:01:21,2026-05-03 02:02:22,EGCC-tasneemmahmoud,前端销售部002组,,已结束,-,未接通,首次分配,1.0,2026-05-04 14:30 ~ 15:00,end,,,,yes,no,good_need,normal,not_followed_after_trial,price_issue,close_payment,good_need | normal | not_followed_after_trial | price_issue
63071980,EGCC-maiwaheed,2313(Maqsam),2026-05-04 19:17:25,,,,双方接通,http://pd-fscall-record.oss-cn-hongkong.aliyuncs.com/2026-05-04/maqsam-MaiWaheed.301861138.mp3?OSSAccessKeyId=LTAI5t8sBUhKT5YzXBHvmGGq&Expires=1778000698&Signature=Srn20I2UIpWbcP8KEdgpsLNEb2s%3D,63071980,2026-05-04,MKT,2,2026-05-01 14:31:51,2026-05-02 11:23:40,EGCC-maiwaheed,前端销售部002组,,已结束,-,未拨打,非首次分配,3.0,2026-05-03 20:30 ~ 21:00,cancel,,,,yes,no,weak_need,normal,no_issue,schedule_issue,rebook_trial,weak_need | normal | no_issue | schedule_issue
63064560,EGCC-fatmamohamed,2310(Maqsam),2026-05-04 19:15:58,,,,双方接通,http://pd-fscall-record.oss-cn-hongkong.aliyuncs.com/2026-05-04/maqsam-FatmaMohamed.301860514.mp3?OSSAccessKeyId=LTAI5t8sBUhKT5YzXBHvmGGq&Expires=1778000698&Signature=T9Q3%2BXPC5XbxFn1O2ivoQNS9MyI%3D,63064560,2026-05-04,MKT,2,2026-04-30 13:30:04,2026-04-30 13:59:31,EGCC-fatmamohamed,前端销售部002组,,已结束,-,未拨打,非首次分配,1.0,2026-05-02 14:30 ~ 15:00,end,,,,yes,no,good_need,normal,not_followed_after_trial,price_issue,close_payment,good_need | normal | not_followed_after_trial | price_issue
63079252,EGCC-fatmamohamed,2310(Maqsam),2026-05-04 19:02:36,,,,双方接通,http://pd-fscall-record.oss-cn-hongkong.aliyuncs.com/2026-05-04/maqsam-FatmaMohamed.301854669.mp3?OSSAccessKeyId=LTAI5t8sBUhKT5YzXBHvmGGq&Expires=1778000699&Signature=q7O8UWSgwLP3WRPKdC1ladl1kfo%3D,63079252,2026-05-04,MKT,1,2026-05-02 15:35:41,2026-05-02 15:36:41,EGCC-fatmamohamed,前端销售部002组,,已结束,-,未拨打,首次分配,2.0,2026-05-04 16:00 ~ 16:30,end,,,,yes,no,good_need,normal,not_followed_after_trial,price_issue,close_payment,good_need | normal | not_followed_after_trial | price_issue
63088640,EGCC-maiwaheed,2313(Maqsam),2026-05-04 18:59:23,,,,双方接通,http://pd-fscall-record.oss-cn-hongkong.aliyuncs.com/2026-05-04/maqsam-MaiWaheed.301853359.mp3?OSSAccessKeyId=LTAI5t8sBUhKT5YzXBHvmGGq&Expires=1778000699&Signature=%2FlJdSUzJQyPz8I6toOkDzC6Vgh0%3D,63088640,2026-05-04,MKT,2,2026-05-03 21:40:11,2026-05-04 10:50:09,EGCC-maiwaheed,前端销售部002组,,学生缺席,-,未拨打,非首次分配,1.0,2026-05-04 12:30 ~ 13:00,s_absent,,,,yes,no,weak_need,normal,no_issue,low_interest,rebook_trial,weak_need | normal | no_issue | low_interest
63088870,EGCC-maiwaheed,2313(Maqsam),2026-05-04 18:58:20,,,,双方接通,http://pd-fscall-record.oss-cn-hongkong.aliyuncs.com/2026-05-04/maqsam-MaiWaheed.301852926.mp3?OSSAccessKeyId=LTAI5t8sBUhKT5YzXBHvmGGq&Expires=1778000700&Signature=qyxS%2FJ%2Fe59vHdGXUvZqGf5RgRRg%3D,63088870,2026-05-04,MKT,1,2026-05-03 23:23:14,2026-05-03 23:24:15,EGCC-maiwaheed,前端销售部002组,,已结束,-,未拨打,首次分配,1.0,2026-05-04 17:30 ~ 18:00,end,,,,yes,no,good_need,normal,not_followed_after_trial,price_issue,close_payment,good_need | normal | not_followed_after_trial | price_issue
63090460,51nadamuhammad,2245(Maqsam),2026-05-04 18:57:34,,,,双方接通,http://pd-fscall-record.oss-cn-hongkong.aliyuncs.com/2026-05-04/maqsam-NadaMuhammad.301852605.mp3?OSSAccessKeyId=LTAI5t8sBUhKT5YzXBHvmGGq&Expires=1778000700&Signature=SxnxrBkI4Z5xCWG6tdUW0MmgqSU%3D,63090460,2026-05-04,MKT,1,2026-05-04 07:19:22,2026-05-04 07:20:23,51nadamuhammad,前端销售部002组,,未开始或未结束,-,未接通,首次分配,1.0,2026-05-05 19:30 ~ 20:00,end,,,,yes,no,good_need,normal,not_followed_after_trial,price_issue,close_payment,good_need | normal | not_followed_after_trial | price_issue
63088870,EGCC-maiwaheed,2313(Maqsam),2026-05-04 18:36:43,,,,双方接通,http://pd-fscall-record.oss-cn-hongkong.aliyuncs.com/2026-05-04/maqsam-MaiWaheed.301843932.mp3?OSSAccessKeyId=LTAI5t8sBUhKT5YzXBHvmGGq&Expires=1778000703&Signature=A%2FsIgBiRGee%2FNG%2BiP6jVwge9re8%3D,63088870,2026-05-04,MKT,1,2026-05-03 23:23:14,2026-05-03 23:24:15,EGCC-maiwaheed,前端销售部002组,,已结束,-,未拨打,首次分配,1.0,2026-05-04 17:30 ~ 18:00,end,,,,yes,no,good_need,normal,not_followed_after_trial,price_issue,close_payment,good_need | normal | not_followed_after_trial | price_issue
63071980,EGCC-maiwaheed,2313(Maqsam),2026-05-04 18:31:40,,,,双方接通,http://pd-fscall-record.oss-cn-hongkong.aliyuncs.com/2026-05-04/maqsam-MaiWaheed.301841818.mp3?OSSAccessKeyId=LTAI5t8sBUhKT5YzXBHvmGGq&Expires=1778000704&Signature=UvDe3Tk7mB%2BHzJui88Da2f%2BsbxI%3D,63071980,2026-05-04,MKT,2,2026-05-01 14:31:51,2026-05-02 11:23:40,EGCC-maiwaheed,前端销售部002组,,已结束,-,未拨打,非首次分配,3.0,2026-05-03 20:30 ~ 21:00,cancel,,,,yes,no,weak_need,normal,no_issue,schedule_issue,rebook_trial,weak_need | normal | no_issue | schedule_issue
63078749,EGCC-tasneemmahmoud,2311(Maqsam),2026-05-04 18:23:51,,,,双方接通,http://pd-fscall-record.oss-cn-hongkong.aliyuncs.com/2026-05-04/maqsam-TasneemMahmoud.301838208.mp3?OSSAccessKeyId=LTAI5t8sBUhKT5YzXBHvmGGq&Expires=1778000704&Signature=JivF5%2BYETq9ROYId3Frcnh1H7AY%3D,63078749,2026-05-04,MKT,1,2026-05-02 14:35:34,2026-05-02 14:36:34,EGCC-tasneemmahmoud,前端销售部002组,,已结束,-,未拨打,首次分配,1.0,2026-05-04 13:30 ~ 14:00,end,,,,yes,no,good_need,normal,not_followed_after_trial,price_issue,close_payment,good_need | normal | not_followed_after_trial | price_issue
63091389,EGCC-maiwaheed,2313(Maqsam),2026-05-04 18:22:08,,,,双方接通,http://pd-fscall-record.oss-cn-hongkong.aliyuncs.com/2026-05-04/maqsam-MaiWaheed.301837418.mp3?OSSAccessKeyId=LTAI5t8sBUhKT5YzXBHvmGGq&Expires=1778000705&Signature=gwMw%2Fn8k9NoDDvZpc6VzkYuH2sY%3D,63091389,2026-05-04,MKT,1,2026-05-04 11:10:16,2026-05-04 11:11:17,EGCC-maiwaheed,前端销售部002组,,未开始或未结束,-,未拨打,首次分配,1.0,2026-05-05 20:30 ~ 21:00,cancel,,,,yes,no,weak_need,normal,no_issue,schedule_issue,rebook_trial,weak_need | normal | no_issue | schedule_issue
63070422,EGCC-tasneemmahmoud,2311(Maqsam),2026-05-04 18:15:41,,,,双方接通,http://pd-fscall-record.oss-cn-hongkong.aliyuncs.com/2026-05-04/maqsam-TasneemMahmoud.301834531.mp3?OSSAccessKeyId=LTAI5t8sBUhKT5YzXBHvmGGq&Expires=1778000705&Signature=lDCMx0WDdlOJB6crxiAjeISkFUQ%3D,63070422,2026-05-04,MKT,2,2026-05-01 08:31:09,2026-05-02 11:24:13,EGCC-tasneemmahmoud,前端销售部002组,,已结束,-,未拨打,非首次分配,1.0,2026-05-03 20:00 ~ 20:30,end,,,,yes,no,good_need,normal,not_followed_after_trial,price_issue,close_payment,good_need | normal | not_followed_after_trial | price_issue
63071611,EGCC-fatmamohamed,2310(Maqsam),2026-05-04 18:06:40,,,,双方接通,http://pd-fscall-record.oss-cn-hongkong.aliyuncs.com/2026-05-04/maqsam-FatmaMohamed.301830505.mp3?OSSAccessKeyId=LTAI5t8sBUhKT5YzXBHvmGGq&Expires=1778000706&Signature=AJf3UUkAsvlcht6NSgtXHisRHaE%3D,63071611,2026-05-04,MKT,1,2026-05-01 12:22:53,2026-05-01 12:23:54,EGCC-fatmamohamed,前端销售部002组,,学生缺席,-,未接通,首次分配,2.0,2026-05-04 20:00 ~ 20:30,cancel,,,,yes,no,weak_need,normal,no_issue,schedule_issue,rebook_trial,weak_need | normal | no_issue | schedule_issue
63088418,51nadamuhammad,2245(Maqsam),2026-05-04 17:58:27,,,,双方接通,http://pd-fscall-record.oss-cn-hongkong.aliyuncs.com/2026-05-04/maqsam-NadaMuhammad.301827173.mp3?OSSAccessKeyId=LTAI5t8sBUhKT5YzXBHvmGGq&Expires=1778000707&Signature=8z7C2Bb4FW9TUPwY2552%2Fgid55E%3D,63088418,2026-05-04,MKT,1,2026-05-03 20:10:34,2026-05-03 20:11:36,51nadamuhammad,前端销售部002组,,未开始或未结束,-,未拨打,首次分配,1.0,2026-05-05 15:30 ~ 16:00,cancel,,,,yes,no,weak_need,normal,no_issue,schedule_issue,rebook_trial,weak_need | normal | no_issue | schedule_issue
63089419,EGCC-fatmamohamed,2310(Maqsam),2026-05-04 17:53:53,,,,双方接通,http://pd-fscall-record.oss-cn-hongkong.aliyuncs.com/2026-05-04/maqsam-FatmaMohamed.301825188.mp3?OSSAccessKeyId=LTAI5t8sBUhKT5YzXBHvmGGq&Expires=1778000708&Signature=GDcFepoFFvb8lJzyX3A%2BeemQQT4%3D,63089419,2026-05-04,MKT,1,2026-05-04 01:30:19,2026-05-04 01:31:21,EGCC-fatmamohamed,前端销售部002组,,已取消,-,未拨打,首次分配,1.0,2026-05-05 20:00 ~ 20:30,cancel,,,,yes,no,weak_need,normal,no_issue,schedule_issue,rebook_trial,weak_need | normal | no_issue | schedule_issue
61504669,EGCC-maiwaheed,2313(Maqsam),2026-05-04 17:50:17,,,,双方接通,http://pd-fscall-record.oss-cn-hongkong.aliyuncs.com/2026-05-04/maqsam-MaiWaheed.301823665.mp3?OSSAccessKeyId=LTAI5t8sBUhKT5YzXBHvmGGq&Expires=1778000708&Signature=8OnwgddmusjGUNY%2FMaYurqy3sEU%3D,61504669,2026-05-04,,,,,,,,,,,,,,,,,,no,no,no_trial_or_not_aware,normal,no_issue,unknown,manual_review,no_trial_or_not_aware | normal | no_issue | unknown
63071980,EGCC-maiwaheed,2313(Maqsam),2026-05-04 17:36:55,,,,双方接通,http://pd-fscall-record.oss-cn-hongkong.aliyuncs.com/2026-05-04/maqsam-MaiWaheed.301817586.mp3?OSSAccessKeyId=LTAI5t8sBUhKT5YzXBHvmGGq&Expires=1778000710&Signature=X7JGC7hNcd45MBgP2EqwdtNPDv4%3D,63071980,2026-05-04,MKT,2,2026-05-01 14:31:51,2026-05-02 11:23:40,EGCC-maiwaheed,前端销售部002组,,已结束,-,未拨打,非首次分配,3.0,2026-05-03 20:30 ~ 21:00,cancel,,,,yes,no,weak_need,normal,no_issue,schedule_issue,rebook_trial,weak_need | normal | no_issue | schedule_issue
63029664,EGCC-maiwaheed,2313(Maqsam),2026-05-04 17:32:37,,,,双方接通,http://pd-fscall-record.oss-cn-hongkong.aliyuncs.com/2026-05-04/maqsam-MaiWaheed.301815660.mp3?OSSAccessKeyId=LTAI5t8sBUhKT5YzXBHvmGGq&Expires=1778000710&Signature=r3eRHa4Adr3taTaEaUPZjrgi%2BFs%3D,63029664,2026-05-04,MKT,1,2026-04-26 22:54:56,2026-04-26 22:55:57,EGCC-maiwaheed,前端销售部002组,,已结束,-,未接通,首次分配,2.0,2026-05-03 20:30 ~ 21:00,end,,,,yes,no,good_need,normal,not_followed_after_trial,price_issue,close_payment,good_need | normal | not_followed_after_trial | price_issue
0,EGCC-maiwaheed,2313(Maqsam),2026-05-04 17:27:14,,,,双方接通,http://pd-fscall-record.oss-cn-hongkong.aliyuncs.com/2026-05-04/maqsam-MaiWaheed.301813279.mp3?OSSAccessKeyId=LTAI5t8sBUhKT5YzXBHvmGGq&Expires=1778000711&Signature=ZVFGslH0legKLmjoV8bV2c4%2F%2FkQ%3D,0,2026-05-04,,,,,,,,,,,,,,,,,,no,no,no_trial_or_not_aware,normal,no_issue,unknown,manual_review,no_trial_or_not_aware | normal | no_issue | unknown
63078749,EGCC-tasneemmahmoud,2311(Maqsam),2026-05-04 17:23:00,,,,双方接通,http://pd-fscall-record.oss-cn-hongkong.aliyuncs.com/2026-05-04/maqsam-TasneemMahmoud.301811375.mp3?OSSAccessKeyId=LTAI5t8sBUhKT5YzXBHvmGGq&Expires=1778000714&Signature=E1%2BDn9ajsc6d4ExSNR5kSqsLgvA%3D,63078749,2026-05-04,MKT,1,2026-05-02 14:35:34,2026-05-02 14:36:34,EGCC-tasneemmahmoud,前端销售部002组,,已结束,-,未拨打,首次分配,1.0,2026-05-04 13:30 ~ 14:00,end,,,,yes,no,good_need,normal,not_followed_after_trial,price_issue,close_payment,good_need | normal | not_followed_after_trial | price_issue
63080837,EGCC-fatmamohamed,2310(Maqsam),2026-05-04 17:20:13,,,,双方接通,http://pd-fscall-record.oss-cn-hongkong.aliyuncs.com/2026-05-04/maqsam-FatmaMohamed.301810186.mp3?OSSAccessKeyId=LTAI5t8sBUhKT5YzXBHvmGGq&Expires=1778000714&Signature=h4WfR96Nk2Lpbs1wDxmjWAsFzK4%3D,63080837,2026-05-04,MKT,2,2026-05-02 19:04:29,2026-05-04 11:05:35,EGCC-fatmamohamed,前端销售部002组,,学生缺席,-,未拨打,非首次分配,1.0,2026-05-04 18:30 ~ 19:00,s_absent,,,,yes,no,weak_need,normal,no_issue,low_interest,rebook_trial,weak_need | normal | no_issue | low_interest
60183897,51nadamuhammad,2245(Maqsam),2026-05-04 01:57:30,,,,双方接通,http://pd-fscall-record.oss-cn-hongkong.aliyuncs.com/2026-05-04/maqsam-NadaMuhammad.301694757.mp3?OSSAccessKeyId=LTAI5t8sBUhKT5YzXBHvmGGq&Expires=1778000715&Signature=on2PSSzD4xATbQ2y0ezJeLLuVwQ%3D,60183897,2026-05-04,,,,,,,,,,,,,,,,,,no,no,no_trial_or_not_aware,normal,no_issue,unknown,manual_review,no_trial_or_not_aware | normal | no_issue | unknown
61845159,EGCC-tasneemmahmoud,2311(Maqsam),2026-05-04 01:56:59,,,,双方接通,http://pd-fscall-record.oss-cn-hongkong.aliyuncs.com/2026-05-04/maqsam-TasneemMahmoud.301694640.mp3?OSSAccessKeyId=LTAI5t8sBUhKT5YzXBHvmGGq&Expires=1778000716&Signature=4Tisp8yLEhP3bs4IHeyRs2%2BETkw%3D,61845159,2026-05-04,,,,,,,,,,,,,,,,,,no,no,no_trial_or_not_aware,normal,no_issue,unknown,manual_review,no_trial_or_not_aware | normal | no_issue | unknown
63070422,EGCC-tasneemmahmoud,2311(Maqsam),2026-05-04 01:53:52,,,,双方接通,http://pd-fscall-record.oss-cn-hongkong.aliyuncs.com/2026-05-04/maqsam-TasneemMahmoud.301693924.mp3?OSSAccessKeyId=LTAI5t8sBUhKT5YzXBHvmGGq&Expires=1778000716&Signature=flaz4Qm2QQ%2BOBWo18%2FfA9hfLvss%3D,63070422,2026-05-04,MKT,2,2026-05-01 08:31:09,2026-05-02 11:24:13,EGCC-tasneemmahmoud,前端销售部002组,,已结束,-,未拨打,非首次分配,1.0,2026-05-03 20:00 ~ 20:30,end,,,,yes,no,good_need,normal,not_followed_after_trial,price_issue,close_payment,good_need | normal | not_followed_after_trial | price_issue
61504669,EGCC-maiwaheed,2313(Maqsam),2026-05-04 01:49:28,,,,双方接通,http://pd-fscall-record.oss-cn-hongkong.aliyuncs.com/2026-05-04/maqsam-MaiWaheed.301692935.mp3?OSSAccessKeyId=LTAI5t8sBUhKT5YzXBHvmGGq&Expires=1778000717&Signature=sWG92m4AgaXoHX4FGPGLWfm%2BQts%3D,61504669,2026-05-04,,,,,,,,,,,,,,,,,,no,no,no_trial_or_not_aware,normal,no_issue,unknown,manual_review,no_trial_or_not_aware | normal | no_issue | unknown
60467797,51nadamuhammad,2245(Maqsam),2026-05-04 01:45:04,,,,双方接通,http://pd-fscall-record.oss-cn-hongkong.aliyuncs.com/2026-05-04/maqsam-NadaMuhammad.301691883.mp3?OSSAccessKeyId=LTAI5t8sBUhKT5YzXBHvmGGq&Expires=1778000718&Signature=yuz0h8Eu8pUfV1u4NNYUEg84Ejo%3D,60467797,2026-05-04,MKT,2,2025-06-09 17:48:16,2025-11-13 11:28:30,51nadamuhammad,前端销售部002组,,已结束,-,未拨打,非首次分配,1.0,2025-12-30 19:00 ~ 19:30,end,,,,yes,no,good_need,normal,not_followed_after_trial,price_issue,close_payment,good_need | normal | not_followed_after_trial | price_issue
59692404,51nadamuhammad,2245(Maqsam),2026-05-04 01:40:32,,,,双方接通,http://pd-fscall-record.oss-cn-hongkong.aliyuncs.com/2026-05-04/maqsam-NadaMuhammad.301690908.mp3?OSSAccessKeyId=LTAI5t8sBUhKT5YzXBHvmGGq&Expires=1778000718&Signature=Htm0RkTr9%2FdiNZorJQ3XVrpDX1E%3D,59692404,2026-05-04,MKT,2,2025-01-12 13:38:00,2025-10-28 10:09:30,51nadamuhammad,前端销售部002组,,学生缺席,-,未拨打,非首次分配,,,,,,,no,no,no_trial_or_not_aware,normal,no_issue,unknown,manual_review,no_trial_or_not_aware | normal | no_issue | unknown
63071980,EGCC-maiwaheed,2313(Maqsam),2026-05-04 01:20:26,,,,双方接通,http://pd-fscall-record.oss-cn-hongkong.aliyuncs.com/2026-05-04/maqsam-MaiWaheed.301686563.mp3?OSSAccessKeyId=LTAI5t8sBUhKT5YzXBHvmGGq&Expires=1778000719&Signature=6tXZ%2Fdp9RlSF5697uGvMhuDO96I%3D,63071980,2026-05-04,MKT,2,2026-05-01 14:31:51,2026-05-02 11:23:40,EGCC-maiwaheed,前端销售部002组,,已结束,-,未拨打,非首次分配,3.0,2026-05-03 20:30 ~ 21:00,cancel,,,,yes,no,weak_need,normal,no_issue,schedule_issue,rebook_trial,weak_need | normal | no_issue | schedule_issue
63019612,EGCC-fatmamohamed,2310(Maqsam),2026-05-04 01:14:15,,,,双方接通,http://pd-fscall-record.oss-cn-hongkong.aliyuncs.com/2026-05-04/maqsam-FatmaMohamed.301685240.mp3?OSSAccessKeyId=LTAI5t8sBUhKT5YzXBHvmGGq&Expires=1778000719&Signature=RMWCgaF0Ct%2BE3aLOXOScx8A1mkk%3D,63019612,2026-05-04,MKT,1,2026-04-26 00:29:07,2026-04-26 00:30:07,EGCC-fatmamohamed,前端销售部002组,,学生缺席,-,未拨打,首次分配,1.0,2026-04-27 13:30 ~ 14:00,on,,,,yes,no,unknown,normal,no_issue,unknown,manual_review,unknown | normal | no_issue | unknown
62936517,51nadamuhammad,2245(Maqsam),2026-05-04 01:11:46,,,,双方接通,http://pd-fscall-record.oss-cn-hongkong.aliyuncs.com/2026-05-04/maqsam-NadaMuhammad.301684750.mp3?OSSAccessKeyId=LTAI5t8sBUhKT5YzXBHvmGGq&Expires=1778000720&Signature=wS41F5izmFWfvgNA65kzXkkk4Jg%3D,62936517,2026-05-04,MKT,2,2026-04-15 05:42:51,2026-04-15 12:40:28,51nadamuhammad,前端销售部002组,,已取消,-,未拨打,非首次分配,1.0,2026-04-15 17:00 ~ 17:30,cancel,,,,yes,no,weak_need,normal,no_issue,schedule_issue,rebook_trial,weak_need | normal | no_issue | schedule_issue
61694375,EGCC-tasneemmahmoud,2311(Maqsam),2026-05-04 01:10:26,,,,双方接通,http://pd-fscall-record.oss-cn-hongkong.aliyuncs.com/2026-05-04/maqsam-TasneemMahmoud.301684487.mp3?OSSAccessKeyId=LTAI5t8sBUhKT5YzXBHvmGGq&Expires=1778000720&Signature=KfkuUGvXOPSTW4rlXq0%2F7z9cqPU%3D,61694375,2026-05-04,MKT,2,2025-11-02 15:13:40,2026-02-26 12:30:15,EGCC-tasneemmahmoud,前端销售部002组,,已结束,-,未拨打,非首次分配,1.0,2026-05-03 19:00 ~ 19:30,end,,,,yes,no,good_need,normal,not_followed_after_trial,price_issue,close_payment,good_need | normal | not_followed_after_trial | price_issue
62072143,EGCC-fatmamohamed,2310(Maqsam),2026-05-04 01:09:17,,,,双方接通,http://pd-fscall-record.oss-cn-hongkong.aliyuncs.com/2026-05-04/maqsam-FatmaMohamed.301684224.mp3?OSSAccessKeyId=LTAI5t8sBUhKT5YzXBHvmGGq&Expires=1778000721&Signature=veEZaaFq18SDhXIDMu6r6QASlKY%3D,62072143,2026-05-04,MKT,2,2025-12-17 06:17:23,2026-04-30 14:08:01,EGCC-fatmamohamed,前端销售部002组,,已结束,-,未拨打,非首次分配,,,,,,,no,no,no_trial_or_not_aware,normal,no_issue,unknown,manual_review,no_trial_or_not_aware | normal | no_issue | unknown
62940330,51nadamuhammad,2245(Maqsam),2026-05-04 01:08:42,,,,双方接通,http://pd-fscall-record.oss-cn-hongkong.aliyuncs.com/2026-05-04/maqsam-NadaMuhammad.301684093.mp3?OSSAccessKeyId=LTAI5t8sBUhKT5YzXBHvmGGq&Expires=1778000721&Signature=VFD7Xzs2xBIzOP8oFW8eQAa7RmM%3D,62940330,2026-05-04,MKT,1,2026-04-15 16:16:10,2026-04-15 16:17:11,51nadamuhammad,前端销售部002组,,已取消,-,未拨打,首次分配,1.0,2026-04-16 15:30 ~ 16:00,cancel,,,,yes,no,weak_need,normal,no_issue,schedule_issue,rebook_trial,weak_need | normal | no_issue | schedule_issue
62283399,EGCC-maiwaheed,2313(Maqsam),2026-05-04 00:59:33,,,,双方接通,http://pd-fscall-record.oss-cn-hongkong.aliyuncs.com/2026-05-04/maqsam-MaiWaheed.301682169.mp3?OSSAccessKeyId=LTAI5t8sBUhKT5YzXBHvmGGq&Expires=1778000722&Signature=QlqwKPqOwsj9CbVbXtX8FY2dNEo%3D,62283399,2026-05-04,,,,,,,,,,,,,,,1.0,319.0,2026/1/13 21:04,no,yes,no_trial_or_not_aware,normal,no_issue,unknown,renewal_followup,no_trial_or_not_aware | normal | no_issue | unknown
63083261,EGCC-tasneemmahmoud,2311(Maqsam),2026-05-04 00:57:33,,,,双方接通,http://pd-fscall-record.oss-cn-hongkong.aliyuncs.com/2026-05-04/maqsam-TasneemMahmoud.301681758.mp3?OSSAccessKeyId=LTAI5t8sBUhKT5YzXBHvmGGq&Expires=1778000722&Signature=D4h9L4KmzSBF4r1ueG4upeOlRTY%3D,63083261,2026-05-04,MKT,1,2026-05-03 07:46:16,2026-05-03 07:47:17,EGCC-tasneemmahmoud,前端销售部002组,,已结束,-,接通>=20S,首次分配,1.0,2026-05-03 19:00 ~ 19:30,end,,,,yes,no,good_need,normal,not_followed_after_trial,price_issue,close_payment,good_need | normal | not_followed_after_trial | price_issue
63070422,EGCC-tasneemmahmoud,2311(Maqsam),2026-05-04 00:55:28,,,,双方接通,http://pd-fscall-record.oss-cn-hongkong.aliyuncs.com/2026-05-04/maqsam-TasneemMahmoud.301681283.mp3?OSSAccessKeyId=LTAI5t8sBUhKT5YzXBHvmGGq&Expires=1778000723&Signature=5OutDUY7VFYJCAU%2FPhR6c37WxPM%3D,63070422,2026-05-04,MKT,2,2026-05-01 08:31:09,2026-05-02 11:24:13,EGCC-tasneemmahmoud,前端销售部002组,,已结束,-,未拨打,非首次分配,1.0,2026-05-03 20:00 ~ 20:30,end,,,,yes,no,good_need,normal,not_followed_after_trial,price_issue,close_payment,good_need | normal | not_followed_after_trial | price_issue
63068131,EGCC-maiwaheed,2313(Maqsam),2026-05-04 00:48:23,,,,双方接通,http://pd-fscall-record.oss-cn-hongkong.aliyuncs.com/2026-05-04/maqsam-MaiWaheed.301679509.mp3?OSSAccessKeyId=LTAI5t8sBUhKT5YzXBHvmGGq&Expires=1778000724&Signature=vvP6M6avvqZ9ta6Xj8Hdmc2pBDQ%3D,63068131,2026-05-04,MKT,2,2026-04-30 22:40:44,2026-05-02 12:06:16,EGCC-maiwaheed,前端销售部002组,,已结束,-,未拨打,非首次分配,2.0,2026-05-03 16:00 ~ 16:30,cancel,,,,yes,no,weak_need,normal,no_issue,schedule_issue,rebook_trial,weak_need | normal | no_issue | schedule_issue
63070422,EGCC-tasneemmahmoud,2311(Maqsam),2026-05-04 00:44:43,,,,双方接通,http://pd-fscall-record.oss-cn-hongkong.aliyuncs.com/2026-05-04/maqsam-TasneemMahmoud.301678511.mp3?OSSAccessKeyId=LTAI5t8sBUhKT5YzXBHvmGGq&Expires=1778000724&Signature=4tp7F5If3YqdoewJq02A6nosHUo%3D,63070422,2026-05-04,MKT,2,2026-05-01 08:31:09,2026-05-02 11:24:13,EGCC-tasneemmahmoud,前端销售部002组,,已结束,-,未拨打,非首次分配,1.0,2026-05-03 20:00 ~ 20:30,end,,,,yes,no,good_need,normal,not_followed_after_trial,price_issue,close_payment,good_need | normal | not_followed_after_trial | price_issue
0,EGCC-maiwaheed,2313(Maqsam),2026-05-04 00:39:02,,,,双方接通,http://pd-fscall-record.oss-cn-hongkong.aliyuncs.com/2026-05-04/maqsam-MaiWaheed.301676924.mp3?OSSAccessKeyId=LTAI5t8sBUhKT5YzXBHvmGGq&Expires=1778000726&Signature=cZf8ujJCCumzpN8DiQWY5ciz5fk%3D,0,2026-05-04,,,,,,,,,,,,,,,,,,no,no,no_trial_or_not_aware,normal,no_issue,unknown,manual_review,no_trial_or_not_aware | normal | no_issue | unknown
63068346,EGCC-maiwaheed,2313(Maqsam),2026-05-04 00:34:11,,,,双方接通,http://pd-fscall-record.oss-cn-hongkong.aliyuncs.com/2026-05-04/maqsam-MaiWaheed.301675733.mp3?OSSAccessKeyId=LTAI5t8sBUhKT5YzXBHvmGGq&Expires=1778000727&Signature=fgK6MCIiYkeW%2FMTgZXzoVHDz2VA%3D,63068346,2026-05-04,MKT,1,2026-05-01 00:22:05,2026-05-01 00:23:06,EGCC-maiwaheed,前端销售部002组,,已结束,-,未拨打,首次分配,2.0,2026-05-03 18:00 ~ 18:30,cancel,,,,yes,no,weak_need,normal,no_issue,schedule_issue,rebook_trial,weak_need | normal | no_issue | schedule_issue
63078373,51nadamuhammad,2245(Maqsam),2026-05-04 00:33:06,,,,双方接通,http://pd-fscall-record.oss-cn-hongkong.aliyuncs.com/2026-05-04/maqsam-NadaMuhammad.301675466.mp3?OSSAccessKeyId=LTAI5t8sBUhKT5YzXBHvmGGq&Expires=1778000727&Signature=Y0EhcxxssUSTVWv58uTg6bxsjaU%3D,63078373,2026-05-04,MKT,1,2026-05-02 14:01:01,2026-05-02 14:02:02,51nadamuhammad,前端销售部002组,,学生缺席,-,未拨打,首次分配,1.0,2026-05-03 20:00 ~ 20:30,s_absent,,,,yes,no,weak_need,normal,no_issue,low_interest,rebook_trial,weak_need | normal | no_issue | low_interest
63081872,EGCC-maiwaheed,2313(Maqsam),2026-05-04 00:21:36,,,,双方接通,http://pd-fscall-record.oss-cn-hongkong.aliyuncs.com/2026-05-04/maqsam-MaiWaheed.301672680.mp3?OSSAccessKeyId=LTAI5t8sBUhKT5YzXBHvmGGq&Expires=1778000728&Signature=koopD2IRXVqRYj6SogMhDi%2BlEFg%3D,63081872,2026-05-04,MKT,2,2026-05-02 15:11:39,2026-05-03 14:45:43,EGCC-maiwaheed,前端销售部002组,,学生缺席,-,未拨打,非首次分配,1.0,2026-05-04 13:30 ~ 14:00,s_absent,,,,yes,no,weak_need,normal,no_issue,low_interest,rebook_trial,weak_need | normal | no_issue | low_interest
63087348,EGCC-maiwaheed,2313(Maqsam),2026-05-04 00:20:34,,,,双方接通,http://pd-fscall-record.oss-cn-hongkong.aliyuncs.com/2026-05-04/maqsam-MaiWaheed.301672449.mp3?OSSAccessKeyId=LTAI5t8sBUhKT5YzXBHvmGGq&Expires=1778000728&Signature=075TLZvFhIrF8kHfqZqrlFxS1NI%3D,63087348,2026-05-04,MKT,1,2026-05-03 17:11:41,2026-05-03 17:12:42,EGCC-maiwaheed,前端销售部002组,,未开始或未结束,-,未拨打,首次分配,2.0,2026-05-05 19:00 ~ 19:30,end,,,,yes,no,good_need,normal,not_followed_after_trial,price_issue,close_payment,good_need | normal | not_followed_after_trial | price_issue
63086973,EGCC-tasneemmahmoud,2311(Maqsam),2026-05-04 00:19:37,,,,双方接通,http://pd-fscall-record.oss-cn-hongkong.aliyuncs.com/2026-05-04/maqsam-TasneemMahmoud.301672221.mp3?OSSAccessKeyId=LTAI5t8sBUhKT5YzXBHvmGGq&Expires=1778000729&Signature=t%2FaMwTDT2%2FIY1hTv9%2BC4cW76Mks%3D,63086973,2026-05-04,MKT,1,2026-05-03 17:02:37,2026-05-03 17:03:38,EGCC-tasneemmahmoud,前端销售部002组,,已取消,-,未拨打,首次分配,1.0,2026-05-04 18:30 ~ 19:00,cancel,,,,yes,no,weak_need,normal,no_issue,schedule_issue,rebook_trial,weak_need | normal | no_issue | schedule_issue
63087505,EGCC-fatmamohamed,2310(Maqsam),2026-05-04 00:11:34,,,,双方接通,http://pd-fscall-record.oss-cn-hongkong.aliyuncs.com/2026-05-04/maqsam-FatmaMohamed.301670260.mp3?OSSAccessKeyId=LTAI5t8sBUhKT5YzXBHvmGGq&Expires=1778000730&Signature=MbZMSf0W6mNrz7EJnc7A5qyn%2FOc%3D,63087505,2026-05-04,MKT,1,2026-05-03 17:34:56,2026-05-03 17:35:56,EGCC-fatmamohamed,前端销售部002组,,已结束,-,未拨打,首次分配,1.0,2026-05-03 18:30 ~ 19:00,end,,,,yes,no,good_need,normal,not_followed_after_trial,price_issue,close_payment,good_need | normal | not_followed_after_trial | price_issue
0,EGCC-maiwaheed,2313(Maqsam),2026-05-04 00:09:48,,,,双方接通,http://pd-fscall-record.oss-cn-hongkong.aliyuncs.com/2026-05-04/maqsam-MaiWaheed.301669830.mp3?OSSAccessKeyId=LTAI5t8sBUhKT5YzXBHvmGGq&Expires=1778000730&Signature=j2JChVqMUt%2BfToC9FVN1kcAs6Ww%3D,0,2026-05-04,,,,,,,,,,,,,,,,,,no,no,no_trial_or_not_aware,normal,no_issue,unknown,manual_review,no_trial_or_not_aware | normal | no_issue | unknown
59602801,51nadamuhammad,2245(Maqsam),2026-05-04 00:08:00,,,,双方接通,http://pd-fscall-record.oss-cn-hongkong.aliyuncs.com/2026-05-04/maqsam-NadaMuhammad.301669374.mp3?OSSAccessKeyId=LTAI5t8sBUhKT5YzXBHvmGGq&Expires=1778000730&Signature=r%2Bg6nS%2FmdbQNJZ2r7N%2F3h%2Bt6Hvc%3D,59602801,2026-05-04,,,,,,,,,,,,,,,,,,no,no,no_trial_or_not_aware,normal,no_issue,unknown,manual_review,no_trial_or_not_aware | normal | no_issue | unknown
0,EGCC-maiwaheed,2313(Maqsam),2026-05-04 00:07:20,,,,双方接通,http://pd-fscall-record.oss-cn-hongkong.aliyuncs.com/2026-05-04/maqsam-MaiWaheed.301669200.mp3?OSSAccessKeyId=LTAI5t8sBUhKT5YzXBHvmGGq&Expires=1778000731&Signature=HxOupZ1LtwXaMUrUfYBW37iSPyQ%3D,0,2026-05-04,,,,,,,,,,,,,,,,,,no,no,no_trial_or_not_aware,normal,no_issue,unknown,manual_review,no_trial_or_not_aware | normal | no_issue | unknown
63079248,EGCC-maiwaheed,2313(Maqsam),2026-05-04 00:05:00,,,,双方接通,http://pd-fscall-record.oss-cn-hongkong.aliyuncs.com/2026-05-04/maqsam-MaiWaheed.301668619.mp3?OSSAccessKeyId=LTAI5t8sBUhKT5YzXBHvmGGq&Expires=1778000731&Signature=wqlcp%2BNEHkR3z%2FZZbRy7SFkylJk%3D,63079248,2026-05-04,MKT,1,2026-05-02 15:34:05,2026-05-02 15:35:06,EGCC-maiwaheed,前端销售部002组,,已结束,-,未拨打,首次分配,2.0,2026-05-03 17:00 ~ 17:30,end,,,,yes,no,good_need,normal,not_followed_after_trial,price_issue,close_payment,good_need | normal | not_followed_after_trial | price_issue
0,51nadamuhammad,2245(Maqsam),2026-05-04 00:03:02,,,,双方接通,http://pd-fscall-record.oss-cn-hongkong.aliyuncs.com/2026-05-04/maqsam-NadaMuhammad.301668145.mp3?OSSAccessKeyId=LTAI5t8sBUhKT5YzXBHvmGGq&Expires=1778000732&Signature=YQpmL6F5gjrRv7xnpkyOOFo70mg%3D,0,2026-05-04,,,,,,,,,,,,,,,,,,no,no,no_trial_or_not_aware,normal,no_issue,unknown,manual_review,no_trial_or_not_aware | normal | no_issue | unknown
61694375,EGCC-tasneemmahmoud,2311(Maqsam),2026-05-04 00:00:54,,,,双方接通,http://pd-fscall-record.oss-cn-hongkong.aliyuncs.com/2026-05-04/maqsam-TasneemMahmoud.301667619.mp3?OSSAccessKeyId=LTAI5t8sBUhKT5YzXBHvmGGq&Expires=1778000732&Signature=SfaoxPcKNGp2zHThowAAm3HzZYs%3D,61694375,2026-05-04,MKT,2,2025-11-02 15:13:40,2026-02-26 12:30:15,EGCC-tasneemmahmoud,前端销售部002组,,已结束,-,未拨打,非首次分配,1.0,2026-05-03 19:00 ~ 19:30,end,,,,yes,no,good_need,normal,not_followed_after_trial,price_issue,close_payment,good_need | normal | not_followed_after_trial | price_issue
61694375,EGCC-tasneemmahmoud,2311(Maqsam),2026-05-03 23:58:13,,,,双方接通,http://pd-fscall-record.oss-cn-hongkong.aliyuncs.com/2026-05-03/maqsam-TasneemMahmoud.301666922.mp3?OSSAccessKeyId=LTAI5t8sBUhKT5YzXBHvmGGq&Expires=1778000733&Signature=ft5Jl%2FKKmWLyjLspt4Vq6GivaLE%3D,61694375,2026-05-03,MKT,2,2025-11-02 15:13:40,2026-02-26 12:30:15,EGCC-tasneemmahmoud,前端销售部002组,,已结束,-,未拨打,非首次分配,1.0,2026-05-03 19:00 ~ 19:30,end,,,,yes,no,good_need,normal,not_followed_after_trial,price_issue,close_payment,good_need | normal | not_followed_after_trial | price_issue
0,EGCC-fatmamohamed,2310(Maqsam),2026-05-03 23:45:36,,,,双方接通,http://pd-fscall-record.oss-cn-hongkong.aliyuncs.com/2026-05-03/maqsam-FatmaMohamed.301663389.mp3?OSSAccessKeyId=LTAI5t8sBUhKT5YzXBHvmGGq&Expires=1778000734&Signature=dd0GraDxrVXhLjtms%2FfkkWS%2F0A4%3D,0,2026-05-03,,,,,,,,,,,,,,,,,,no,no,no_trial_or_not_aware,normal,no_issue,unknown,manual_review,no_trial_or_not_aware | normal | no_issue | unknown
63083261,EGCC-tasneemmahmoud,2311(Maqsam),2026-05-03 23:28:10,,,,双方接通,http://pd-fscall-record.oss-cn-hongkong.aliyuncs.com/2026-05-03/maqsam-TasneemMahmoud.301658624.mp3?OSSAccessKeyId=LTAI5t8sBUhKT5YzXBHvmGGq&Expires=1778000735&Signature=P3pHttzogrsvhCiaRQDKmAnyljA%3D,63083261,2026-05-03,MKT,1,2026-05-03 07:46:16,2026-05-03 07:47:17,EGCC-tasneemmahmoud,前端销售部002组,,已结束,-,接通>=20S,首次分配,1.0,2026-05-03 19:00 ~ 19:30,end,,,,yes,no,good_need,normal,not_followed_after_trial,price_issue,close_payment,good_need | normal | not_followed_after_trial | price_issue
62981788,EGCC-tasneemmahmoud,2311(Maqsam),2026-05-03 23:21:42,,,,双方接通,http://pd-fscall-record.oss-cn-hongkong.aliyuncs.com/2026-05-03/maqsam-TasneemMahmoud.301656889.mp3?OSSAccessKeyId=LTAI5t8sBUhKT5YzXBHvmGGq&Expires=1778000735&Signature=RlfJltGVJwk12w4ITiNcocZ4%2FcE%3D,62981788,2026-05-03,MKT,1,2026-04-21 08:06:29,2026-04-21 08:07:29,EGCC-tasneemmahmoud,前端销售部002组,,已取消,-,未拨打,首次分配,1.0,2026-04-21 19:30 ~ 20:00,cancel,,,,yes,no,weak_need,normal,no_issue,schedule_issue,rebook_trial,weak_need | normal | no_issue | schedule_issue
62981788,EGCC-tasneemmahmoud,2311(Maqsam),2026-05-03 23:20:18,,,,双方接通,http://pd-fscall-record.oss-cn-hongkong.aliyuncs.com/2026-05-03/maqsam-TasneemMahmoud.301656521.mp3?OSSAccessKeyId=LTAI5t8sBUhKT5YzXBHvmGGq&Expires=1778000736&Signature=WwXZmNqnoNuWjgc5G0ZXa970uc8%3D,62981788,2026-05-03,MKT,1,2026-04-21 08:06:29,2026-04-21 08:07:29,EGCC-tasneemmahmoud,前端销售部002组,,已取消,-,未拨打,首次分配,1.0,2026-04-21 19:30 ~ 20:00,cancel,,,,yes,no,weak_need,normal,no_issue,schedule_issue,rebook_trial,weak_need | normal | no_issue | schedule_issue
63087505,EGCC-fatmamohamed,2310(Maqsam),2026-05-03 23:12:31,,,,双方接通,http://pd-fscall-record.oss-cn-hongkong.aliyuncs.com/2026-05-03/maqsam-FatmaMohamed.301654349.mp3?OSSAccessKeyId=LTAI5t8sBUhKT5YzXBHvmGGq&Expires=1778000737&Signature=v4y%2FbVdLdp3tbAxdpTH0m09PnqM%3D,63087505,2026-05-03,MKT,1,2026-05-03 17:34:56,2026-05-03 17:35:56,EGCC-fatmamohamed,前端销售部002组,,已结束,-,未拨打,首次分配,1.0,2026-05-03 18:30 ~ 19:00,end,,,,yes,no,good_need,normal,not_followed_after_trial,price_issue,close_payment,good_need | normal | not_followed_after_trial | price_issue
59602801,51nadamuhammad,2245(Maqsam),2026-05-03 23:07:20,,,,双方接通,http://pd-fscall-record.oss-cn-hongkong.aliyuncs.com/2026-05-03/maqsam-NadaMuhammad.301652901.mp3?OSSAccessKeyId=LTAI5t8sBUhKT5YzXBHvmGGq&Expires=1778000739&Signature=1XGo5O3wDHOOH4AeqlhTI7m%2F8zI%3D,59602801,2026-05-03,,,,,,,,,,,,,,,,,,no,no,no_trial_or_not_aware,normal,no_issue,unknown,manual_review,no_trial_or_not_aware | normal | no_issue | unknown
63084966,EGCC-fatmamohamed,2310(Maqsam),2026-05-03 23:05:32,,,,双方接通,http://pd-fscall-record.oss-cn-hongkong.aliyuncs.com/2026-05-03/maqsam-FatmaMohamed.301652370.mp3?OSSAccessKeyId=LTAI5t8sBUhKT5YzXBHvmGGq&Expires=1778000740&Signature=q4jinA09BL3%2BxPkmRpZ%2FtKAH3Y8%3D,63084966,2026-05-03,MKT,1,2026-05-03 12:48:20,2026-05-03 12:49:21,EGCC-fatmamohamed,前端销售部002组,,已结束,-,未拨打,首次分配,1.0,2026-05-03 14:30 ~ 15:00,end,,,,yes,no,good_need,normal,not_followed_after_trial,price_issue,close_payment,good_need | normal | not_followed_after_trial | price_issue
61504669,EGCC-maiwaheed,2313(Maqsam),2026-05-03 22:56:35,,,,双方接通,http://pd-fscall-record.oss-cn-hongkong.aliyuncs.com/2026-05-03/maqsam-MaiWaheed.301649640.mp3?OSSAccessKeyId=LTAI5t8sBUhKT5YzXBHvmGGq&Expires=1778000740&Signature=nASNHIw%2Fua5Dl93ajjRtpznstKg%3D,61504669,2026-05-03,,,,,,,,,,,,,,,,,,no,no,no_trial_or_not_aware,normal,no_issue,unknown,manual_review,no_trial_or_not_aware | normal | no_issue | unknown
63086292,51nadamuhammad,2245(Maqsam),2026-05-03 22:56:24,,,,双方接通,http://pd-fscall-record.oss-cn-hongkong.aliyuncs.com/2026-05-03/maqsam-NadaMuhammad.301649585.mp3?OSSAccessKeyId=LTAI5t8sBUhKT5YzXBHvmGGq&Expires=1778000740&Signature=2GLnvurqk2mxLm5%2FMP9T%2FdYRn%2FM%3D,63086292,2026-05-03,MKT,1,2026-05-03 15:55:37,2026-05-03 15:56:37,51nadamuhammad,前端销售部002组,,已结束,-,未拨打,首次分配,1.0,2026-05-03 17:30 ~ 18:00,end,,,,yes,no,good_need,normal,not_followed_after_trial,price_issue,close_payment,good_need | normal | not_followed_after_trial | price_issue
63068346,EGCC-maiwaheed,2313(Maqsam),2026-05-03 22:46:49,,,,双方接通,http://pd-fscall-record.oss-cn-hongkong.aliyuncs.com/2026-05-03/maqsam-MaiWaheed.301646316.mp3?OSSAccessKeyId=LTAI5t8sBUhKT5YzXBHvmGGq&Expires=1778000741&Signature=096LJL%2FCeVo0CJnL6wP9ELdwX8g%3D,63068346,2026-05-03,MKT,1,2026-05-01 00:22:05,2026-05-01 00:23:06,EGCC-maiwaheed,前端销售部002组,,已结束,-,未拨打,首次分配,2.0,2026-05-03 18:00 ~ 18:30,cancel,,,,yes,no,weak_need,normal,no_issue,schedule_issue,rebook_trial,weak_need | normal | no_issue | schedule_issue
61504669,EGCC-maiwaheed,2313(Maqsam),2026-05-03 22:45:35,,,,双方接通,http://pd-fscall-record.oss-cn-hongkong.aliyuncs.com/2026-05-03/maqsam-MaiWaheed.301645934.mp3?OSSAccessKeyId=LTAI5t8sBUhKT5YzXBHvmGGq&Expires=1778000741&Signature=yGuRu2NKHhuA%2F2LirjYRfSHFtGQ%3D,61504669,2026-05-03,,,,,,,,,,,,,,,,,,no,no,no_trial_or_not_aware,normal,no_issue,unknown,manual_review,no_trial_or_not_aware | normal | no_issue | unknown
0,51nadamuhammad,2245(Maqsam),2026-05-03 21:54:17,,,,双方接通,http://pd-fscall-record.oss-cn-hongkong.aliyuncs.com/2026-05-03/maqsam-NadaMuhammad.301629457.mp3?OSSAccessKeyId=LTAI5t8sBUhKT5YzXBHvmGGq&Expires=1778000742&Signature=1WROyCKMbTMdM58QPCZwjsk4CEQ%3D,0,2026-05-03,,,,,,,,,,,,,,,,,,no,no,no_trial_or_not_aware,normal,no_issue,unknown,manual_review,no_trial_or_not_aware | normal | no_issue | unknown
62942278,EGCC-tasneemmahmoud,2311(Maqsam),2026-05-03 21:53:30,,,,双方接通,http://pd-fscall-record.oss-cn-hongkong.aliyuncs.com/2026-05-03/maqsam-TasneemMahmoud.301629181.mp3?OSSAccessKeyId=LTAI5t8sBUhKT5YzXBHvmGGq&Expires=1778000743&Signature=i9IlBAhpJ9hhUKZ3RcJA1AgCDUI%3D,62942278,2026-05-03,MKT,1,2026-04-16 00:15:30,2026-04-16 00:16:31,EGCC-tasneemmahmoud,前端销售部002组,,已取消,-,未拨打,首次分配,1.0,2026-04-19 17:30 ~ 18:00,cancel,,,,yes,no,weak_need,normal,no_issue,schedule_issue,rebook_trial,weak_need | normal | no_issue | schedule_issue
0,EGCC-maiwaheed,2313(Maqsam),2026-05-03 21:53:18,,,,双方接通,http://pd-fscall-record.oss-cn-hongkong.aliyuncs.com/2026-05-03/maqsam-MaiWaheed.301629110.mp3?OSSAccessKeyId=LTAI5t8sBUhKT5YzXBHvmGGq&Expires=1778000743&Signature=MD5dBXfhbIDgJnaCnkwMBAELrW0%3D,0,2026-05-03,,,,,,,,,,,,,,,,,,no,no,no_trial_or_not_aware,normal,no_issue,unknown,manual_review,no_trial_or_not_aware | normal | no_issue | unknown
63079248,EGCC-maiwaheed,2313(Maqsam),2026-05-03 21:51:10,,,,双方接通,http://pd-fscall-record.oss-cn-hongkong.aliyuncs.com/2026-05-03/maqsam-MaiWaheed.301628382.mp3?OSSAccessKeyId=LTAI5t8sBUhKT5YzXBHvmGGq&Expires=1778000744&Signature=ybGVGLMZxglj%2BCEotQHMqnU4JwA%3D,63079248,2026-05-03,MKT,1,2026-05-02 15:34:05,2026-05-02 15:35:06,EGCC-maiwaheed,前端销售部002组,,已结束,-,未拨打,首次分配,2.0,2026-05-03 17:00 ~ 17:30,end,,,,yes,no,good_need,normal,not_followed_after_trial,price_issue,close_payment,good_need | normal | not_followed_after_trial | price_issue
62881630,51nadamuhammad,2245(Maqsam),2026-05-03 21:49:50,,,,双方接通,http://pd-fscall-record.oss-cn-hongkong.aliyuncs.com/2026-05-03/maqsam-NadaMuhammad.301627905.mp3?OSSAccessKeyId=LTAI5t8sBUhKT5YzXBHvmGGq&Expires=1778000745&Signature=ZW97EQX%2FWFanwH4Lur7MoyGDs3k%3D,62881630,2026-05-03,REF,1,2026-04-07 21:07:33,2026-04-07 21:07:38,51nadamuhammad,前端销售部002组,,,-,未拨打,首次分配,,,,,,,no,no,no_trial_or_not_aware,normal,no_issue,unknown,manual_review,no_trial_or_not_aware | normal | no_issue | unknown
63068076,51nadamuhammad,2245(Maqsam),2026-05-03 21:40:41,,,,双方接通,http://pd-fscall-record.oss-cn-hongkong.aliyuncs.com/2026-05-03/maqsam-NadaMuhammad.301624684.mp3?OSSAccessKeyId=LTAI5t8sBUhKT5YzXBHvmGGq&Expires=1778000746&Signature=CcdUrUZgK157vZkfoWHAVfhu3YU%3D,63068076,2026-05-03,MKT,1,2026-04-30 22:37:54,2026-04-30 22:38:55,51nadamuhammad,前端销售部002组,,已结束,-,未拨打,首次分配,1.0,2026-05-03 14:00 ~ 14:30,end,,,,yes,no,good_need,normal,not_followed_after_trial,price_issue,close_payment,good_need | normal | not_followed_after_trial | price_issue
63073854,EGCC-maiwaheed,2313(Maqsam),2026-05-03 21:35:06,,,,双方接通,http://pd-fscall-record.oss-cn-hongkong.aliyuncs.com/2026-05-03/maqsam-MaiWaheed.301622748.mp3?OSSAccessKeyId=LTAI5t8sBUhKT5YzXBHvmGGq&Expires=1778000746&Signature=BEgsuoZBiXm2Rt2AqBStg%2F6co2I%3D,63073854,2026-05-03,MKT,1,2026-05-01 21:16:52,2026-05-01 21:17:53,EGCC-maiwaheed,前端销售部002组,,已结束,-,未拨打,首次分配,1.0,2026-05-03 16:00 ~ 16:30,end,,,,yes,no,good_need,normal,not_followed_after_trial,price_issue,close_payment,good_need | normal | not_followed_after_trial | price_issue
63073854,EGCC-maiwaheed,2313(Maqsam),2026-05-03 21:30:13,,,,双方接通,http://pd-fscall-record.oss-cn-hongkong.aliyuncs.com/2026-05-03/maqsam-MaiWaheed.301620929.mp3?OSSAccessKeyId=LTAI5t8sBUhKT5YzXBHvmGGq&Expires=1778000747&Signature=WHVIuDNQBmzhDSM2YjdNDkPdj6M%3D,63073854,2026-05-03,MKT,1,2026-05-01 21:16:52,2026-05-01 21:17:53,EGCC-maiwaheed,前端销售部002组,,已结束,-,未拨打,首次分配,1.0,2026-05-03 16:00 ~ 16:30,end,,,,yes,no,good_need,normal,not_followed_after_trial,price_issue,close_payment,good_need | normal | not_followed_after_trial | price_issue
63073854,EGCC-maiwaheed,2313(Maqsam),2026-05-03 21:08:54,,,,双方接通,http://pd-fscall-record.oss-cn-hongkong.aliyuncs.com/2026-05-03/maqsam-MaiWaheed.301613484.mp3?OSSAccessKeyId=LTAI5t8sBUhKT5YzXBHvmGGq&Expires=1778000748&Signature=GXb5qQy9LiF1SyjLRKSvOdelGb0%3D,63073854,2026-05-03,MKT,1,2026-05-01 21:16:52,2026-05-01 21:17:53,EGCC-maiwaheed,前端销售部002组,,已结束,-,未拨打,首次分配,1.0,2026-05-03 16:00 ~ 16:30,end,,,,yes,no,good_need,normal,not_followed_after_trial,price_issue,close_payment,good_need | normal | not_followed_after_trial | price_issue
63086292,51nadamuhammad,2245(Maqsam),2026-05-03 21:07:32,,,,双方接通,http://pd-fscall-record.oss-cn-hongkong.aliyuncs.com/2026-05-03/maqsam-NadaMuhammad.301613008.mp3?OSSAccessKeyId=LTAI5t8sBUhKT5YzXBHvmGGq&Expires=1778000748&Signature=9ujklyTsj2mzTkrkDVgPoB0NB28%3D,63086292,2026-05-03,MKT,1,2026-05-03 15:55:37,2026-05-03 15:56:37,51nadamuhammad,前端销售部002组,,已结束,-,未拨打,首次分配,1.0,2026-05-03 17:30 ~ 18:00,end,,,,yes,no,good_need,normal,not_followed_after_trial,price_issue,close_payment,good_need | normal | not_followed_after_trial | price_issue
61519863,EGCC-tasneemmahmoud,2311(Maqsam),2026-05-03 21:07:15,,,,双方接通,http://pd-fscall-record.oss-cn-hongkong.aliyuncs.com/2026-05-03/maqsam-TasneemMahmoud.301612926.mp3?OSSAccessKeyId=LTAI5t8sBUhKT5YzXBHvmGGq&Expires=1778000749&Signature=qvheLf3EZYedmovZqOuvUuyED04%3D,61519863,2026-05-03,MKT,2,2025-10-14 12:25:27,2026-04-30 19:36:44,EGCC-tasneemmahmoud,前端销售部002组,,已结束,-,未拨打,非首次分配,,,,,,,no,no,no_trial_or_not_aware,normal,no_issue,unknown,manual_review,no_trial_or_not_aware | normal | no_issue | unknown
63073854,EGCC-maiwaheed,2313(Maqsam),2026-05-03 21:02:37,,,,双方接通,http://pd-fscall-record.oss-cn-hongkong.aliyuncs.com/2026-05-03/maqsam-MaiWaheed.301611251.mp3?OSSAccessKeyId=LTAI5t8sBUhKT5YzXBHvmGGq&Expires=1778000749&Signature=DLCypj%2BhQm6OZ4P3BJnlxMCgwOU%3D,63073854,2026-05-03,MKT,1,2026-05-01 21:16:52,2026-05-01 21:17:53,EGCC-maiwaheed,前端销售部002组,,已结束,-,未拨打,首次分配,1.0,2026-05-03 16:00 ~ 16:30,end,,,,yes,no,good_need,normal,not_followed_after_trial,price_issue,close_payment,good_need | normal | not_followed_after_trial | price_issue
62850652,EGCC-tasneemmahmoud,2311(Maqsam),2026-05-03 21:01:25,,,,双方接通,http://pd-fscall-record.oss-cn-hongkong.aliyuncs.com/2026-05-03/maqsam-TasneemMahmoud.301610841.mp3?OSSAccessKeyId=LTAI5t8sBUhKT5YzXBHvmGGq&Expires=1778000750&Signature=URU4MOCUa%2ByQnqJRu5n655oqhtg%3D,62850652,2026-05-03,MKT,2,2026-04-03 20:41:21,2026-04-04 14:27:24,EGCC-tasneemmahmoud,前端销售部002组,,已取消,-,未拨打,非首次分配,1.0,2026-04-08 21:30 ~ 22:00,cancel,,,,yes,no,weak_need,normal,no_issue,schedule_issue,rebook_trial,weak_need | normal | no_issue | schedule_issue
58987186,EGCC-fatmamohamed,2310(Maqsam),2026-05-03 21:00:01,,,,双方接通,http://pd-fscall-record.oss-cn-hongkong.aliyuncs.com/2026-05-03/maqsam-FatmaMohamed.301610335.mp3?OSSAccessKeyId=LTAI5t8sBUhKT5YzXBHvmGGq&Expires=1778000750&Signature=HsnXISGCbZw3LcjFrDL7eDYWvqo%3D,58987186,2026-05-03,,,,,,,,,,,,,,,,,,no,no,no_trial_or_not_aware,normal,no_issue,unknown,manual_review,no_trial_or_not_aware | normal | no_issue | unknown
63073854,EGCC-maiwaheed,2313(Maqsam),2026-05-03 20:59:26,,,,双方接通,http://pd-fscall-record.oss-cn-hongkong.aliyuncs.com/2026-05-03/maqsam-MaiWaheed.301610124.mp3?OSSAccessKeyId=LTAI5t8sBUhKT5YzXBHvmGGq&Expires=1778000752&Signature=vfmNrJUoCXu0hGqSLFyxmFSxIRo%3D,63073854,2026-05-03,MKT,1,2026-05-01 21:16:52,2026-05-01 21:17:53,EGCC-maiwaheed,前端销售部002组,,已结束,-,未拨打,首次分配,1.0,2026-05-03 16:00 ~ 16:30,end,,,,yes,no,good_need,normal,not_followed_after_trial,price_issue,close_payment,good_need | normal | not_followed_after_trial | price_issue
63068131,EGCC-maiwaheed,2313(Maqsam),2026-05-03 20:55:43,,,,双方接通,http://pd-fscall-record.oss-cn-hongkong.aliyuncs.com/2026-05-03/maqsam-MaiWaheed.301608810.mp3?OSSAccessKeyId=LTAI5t8sBUhKT5YzXBHvmGGq&Expires=1778000753&Signature=YO5IJ%2Ffj4dJ3IsIa9M4Bouf9Q%2Bk%3D,63068131,2026-05-03,MKT,2,2026-04-30 22:40:44,2026-05-02 12:06:16,EGCC-maiwaheed,前端销售部002组,,已结束,-,未拨打,非首次分配,2.0,2026-05-03 16:00 ~ 16:30,cancel,,,,yes,no,weak_need,normal,no_issue,schedule_issue,rebook_trial,weak_need | normal | no_issue | schedule_issue
63073854,EGCC-maiwaheed,2313(Maqsam),2026-05-03 20:55:18,,,,双方接通,http://pd-fscall-record.oss-cn-hongkong.aliyuncs.com/2026-05-03/maqsam-MaiWaheed.301608669.mp3?OSSAccessKeyId=LTAI5t8sBUhKT5YzXBHvmGGq&Expires=1778000753&Signature=vfESmJ5HYYwsVt41urtyUga6V5w%3D,63073854,2026-05-03,MKT,1,2026-05-01 21:16:52,2026-05-01 21:17:53,EGCC-maiwaheed,前端销售部002组,,已结束,-,未拨打,首次分配,1.0,2026-05-03 16:00 ~ 16:30,end,,,,yes,no,good_need,normal,not_followed_after_trial,price_issue,close_payment,good_need | normal | not_followed_after_trial | price_issue
63010693,EGCC-tasneemmahmoud,2311(Maqsam),2026-05-03 20:47:42,,,,双方接通,http://pd-fscall-record.oss-cn-hongkong.aliyuncs.com/2026-05-03/maqsam-TasneemMahmoud.301605793.mp3?OSSAccessKeyId=LTAI5t8sBUhKT5YzXBHvmGGq&Expires=1778000754&Signature=ML69pkTOOsuM4HVnMXUQqDVZAuQ%3D,63010693,2026-05-03,MKT,1,2026-04-24 22:24:54,2026-04-24 22:25:54,EGCC-tasneemmahmoud,前端销售部002组,,已结束,-,未拨打,首次分配,1.0,2026-04-26 17:00 ~ 17:30,end,,,,yes,no,good_need,normal,not_followed_after_trial,price_issue,close_payment,good_need | normal | not_followed_after_trial | price_issue
62180951,51nadamuhammad,2245(Maqsam),2026-05-03 20:41:15,,,,双方接通,http://pd-fscall-record.oss-cn-hongkong.aliyuncs.com/2026-05-03/maqsam-NadaMuhammad.301603288.mp3?OSSAccessKeyId=LTAI5t8sBUhKT5YzXBHvmGGq&Expires=1778000755&Signature=icm28jxE7Ezfn6aEK0LDVy6qicU%3D,62180951,2026-05-03,,,,,,,,,,,,,,,,,,no,no,no_trial_or_not_aware,normal,no_issue,unknown,manual_review,no_trial_or_not_aware | normal | no_issue | unknown
63067657,EGCC-fatmamohamed,2310(Maqsam),2026-05-03 20:40:51,,,,双方接通,http://pd-fscall-record.oss-cn-hongkong.aliyuncs.com/2026-05-03/maqsam-FatmaMohamed.301603133.mp3?OSSAccessKeyId=LTAI5t8sBUhKT5YzXBHvmGGq&Expires=1778000755&Signature=jbBw6Jpemul7Ia8HJ2hUPr1S3x8%3D,63067657,2026-05-03,MKT,1,2026-04-30 20:03:55,2026-04-30 20:04:55,EGCC-fatmamohamed,前端销售部002组,,已结束,-,未拨打,首次分配,2.0,2026-05-03 15:00 ~ 15:30,cancel,,,,yes,no,weak_need,normal,no_issue,schedule_issue,rebook_trial,weak_need | normal | no_issue | schedule_issue
0,51nadamuhammad,2245(Maqsam),2026-05-03 20:23:22,,,,双方接通,http://pd-fscall-record.oss-cn-hongkong.aliyuncs.com/2026-05-03/maqsam-NadaMuhammad.301596467.mp3?OSSAccessKeyId=LTAI5t8sBUhKT5YzXBHvmGGq&Expires=1778000756&Signature=l9beNk3lDmDVETwn5KhkFFvh8QY%3D,0,2026-05-03,,,,,,,,,,,,,,,,,,no,no,no_trial_or_not_aware,normal,no_issue,unknown,manual_review,no_trial_or_not_aware | normal | no_issue | unknown
63081802,EGCC-maiwaheed,2313(Maqsam),2026-05-03 20:22:32,,,,双方接通,http://pd-fscall-record.oss-cn-hongkong.aliyuncs.com/2026-05-03/maqsam-MaiWaheed.301596126.mp3?OSSAccessKeyId=LTAI5t8sBUhKT5YzXBHvmGGq&Expires=1778000757&Signature=NoETMmIGcYhhZlBr5SLLQkH6JNM%3D,63081802,2026-05-03,MKT,2,2026-05-02 22:55:56,2026-05-03 14:45:43,EGCC-maiwaheed,前端销售部002组,,学生缺席,-,未拨打,非首次分配,1.0,2026-05-04 17:30 ~ 18:00,s_absent,,,,yes,no,weak_need,normal,no_issue,low_interest,rebook_trial,weak_need | normal | no_issue | low_interest
62322303,EGCC-fatmamohamed,2310(Maqsam),2026-05-03 20:22:17,,,,双方接通,http://pd-fscall-record.oss-cn-hongkong.aliyuncs.com/2026-05-03/maqsam-FatmaMohamed.301596046.mp3?OSSAccessKeyId=LTAI5t8sBUhKT5YzXBHvmGGq&Expires=1778000757&Signature=vMRQHCYl4WRZ0CmahZdkoxKjNFw%3D,62322303,2026-05-03,,,,,,,,,,,,,,,,,,no,no,no_trial_or_not_aware,normal,no_issue,unknown,manual_review,no_trial_or_not_aware | normal | no_issue | unknown
63068514,EGCC-fatmamohamed,2310(Maqsam),2026-05-03 20:21:18,,,,双方接通,http://pd-fscall-record.oss-cn-hongkong.aliyuncs.com/2026-05-03/maqsam-FatmaMohamed.301595675.mp3?OSSAccessKeyId=LTAI5t8sBUhKT5YzXBHvmGGq&Expires=1778000758&Signature=6O1hY1rf4zPQaTdeACw9QTnVz%2FI%3D,63068514,2026-05-03,MKT,1,2026-05-01 00:34:18,2026-05-01 00:35:19,EGCC-fatmamohamed,前端销售部002组,,已结束,-,未拨打,首次分配,1.0,2026-05-03 15:30 ~ 16:00,end,,,,yes,no,good_need,normal,not_followed_after_trial,price_issue,close_payment,good_need | normal | not_followed_after_trial | price_issue
61519863,EGCC-tasneemmahmoud,2311(Maqsam),2026-05-03 20:19:52,,,,双方接通,http://pd-fscall-record.oss-cn-hongkong.aliyuncs.com/2026-05-03/maqsam-TasneemMahmoud.301595123.mp3?OSSAccessKeyId=LTAI5t8sBUhKT5YzXBHvmGGq&Expires=1778000758&Signature=uK46GRTCgF1Mrr2ND14pvHOM4HM%3D,61519863,2026-05-03,MKT,2,2025-10-14 12:25:27,2026-04-30 19:36:44,EGCC-tasneemmahmoud,前端销售部002组,,已结束,-,未拨打,非首次分配,,,,,,,no,no,no_trial_or_not_aware,normal,no_issue,unknown,manual_review,no_trial_or_not_aware | normal | no_issue | unknown
63067657,EGCC-fatmamohamed,2310(Maqsam),2026-05-03 20:13:48,,,,双方接通,http://pd-fscall-record.oss-cn-hongkong.aliyuncs.com/2026-05-03/maqsam-FatmaMohamed.301592834.mp3?OSSAccessKeyId=LTAI5t8sBUhKT5YzXBHvmGGq&Expires=1778000758&Signature=nFoGpLTi47XywuYA5Q1fFbNiqM0%3D,63067657,2026-05-03,MKT,1,2026-04-30 20:03:55,2026-04-30 20:04:55,EGCC-fatmamohamed,前端销售部002组,,已结束,-,未拨打,首次分配,2.0,2026-05-03 15:00 ~ 15:30,cancel,,,,yes,no,weak_need,normal,no_issue,schedule_issue,rebook_trial,weak_need | normal | no_issue | schedule_issue
63029664,EGCC-maiwaheed,2313(Maqsam),2026-05-03 20:05:50,,,,双方接通,http://pd-fscall-record.oss-cn-hongkong.aliyuncs.com/2026-05-03/maqsam-MaiWaheed.301589597.mp3?OSSAccessKeyId=LTAI5t8sBUhKT5YzXBHvmGGq&Expires=1778000759&Signature=vWs%2BW26vFubFlnd5o3Sj%2FDDsoVE%3D,63029664,2026-05-03,MKT,1,2026-04-26 22:54:56,2026-04-26 22:55:57,EGCC-maiwaheed,前端销售部002组,,已结束,-,未接通,首次分配,2.0,2026-05-03 20:30 ~ 21:00,end,,,,yes,no,good_need,normal,not_followed_after_trial,price_issue,close_payment,good_need | normal | not_followed_after_trial | price_issue
61891212,EGCC-tasneemmahmoud,2311(Maqsam),2026-05-03 20:04:15,,,,双方接通,http://pd-fscall-record.oss-cn-hongkong.aliyuncs.com/2026-05-03/maqsam-TasneemMahmoud.301588977.mp3?OSSAccessKeyId=LTAI5t8sBUhKT5YzXBHvmGGq&Expires=1778000760&Signature=4jyFdm%2FY1%2FNneFMEGDn9EqJ7cww%3D,61891212,2026-05-03,REF-扫码,2,2025-11-23 15:15:42,2026-04-30 19:39:20,EGCC-tasneemmahmoud,前端销售部002组,,,-,未拨打,非首次分配,,,,,,,no,no,no_trial_or_not_aware,normal,no_issue,unknown,manual_review,no_trial_or_not_aware | normal | no_issue | unknown
63071980,EGCC-maiwaheed,2313(Maqsam),2026-05-03 20:04:06,,,,双方接通,http://pd-fscall-record.oss-cn-hongkong.aliyuncs.com/2026-05-03/maqsam-MaiWaheed.301588909.mp3?OSSAccessKeyId=LTAI5t8sBUhKT5YzXBHvmGGq&Expires=1778000760&Signature=x1F4%2BLpr6j66iFlmD7sTp6YWXCU%3D,63071980,2026-05-03,MKT,2,2026-05-01 14:31:51,2026-05-02 11:23:40,EGCC-maiwaheed,前端销售部002组,,已结束,-,未拨打,非首次分配,3.0,2026-05-03 20:30 ~ 21:00,cancel,,,,yes,no,weak_need,normal,no_issue,schedule_issue,rebook_trial,weak_need | normal | no_issue | schedule_issue
63068346,EGCC-maiwaheed,2313(Maqsam),2026-05-03 20:02:41,,,,双方接通,http://pd-fscall-record.oss-cn-hongkong.aliyuncs.com/2026-05-03/maqsam-MaiWaheed.301588357.mp3?OSSAccessKeyId=LTAI5t8sBUhKT5YzXBHvmGGq&Expires=1778000761&Signature=AAajKu2eU6bARaJyLtpo00clyKM%3D,63068346,2026-05-03,MKT,1,2026-05-01 00:22:05,2026-05-01 00:23:06,EGCC-maiwaheed,前端销售部002组,,已结束,-,未拨打,首次分配,2.0,2026-05-03 18:00 ~ 18:30,cancel,,,,yes,no,weak_need,normal,no_issue,schedule_issue,rebook_trial,weak_need | normal | no_issue | schedule_issue
63068131,EGCC-maiwaheed,2313(Maqsam),2026-05-03 19:59:19,,,,双方接通,http://pd-fscall-record.oss-cn-hongkong.aliyuncs.com/2026-05-03/maqsam-MaiWaheed.301587008.mp3?OSSAccessKeyId=LTAI5t8sBUhKT5YzXBHvmGGq&Expires=1778000761&Signature=KDumouvU9QyBOqzaqAdmLyUX%2BvE%3D,63068131,2026-05-03,MKT,2,2026-04-30 22:40:44,2026-05-02 12:06:16,EGCC-maiwaheed,前端销售部002组,,已结束,-,未拨打,非首次分配,2.0,2026-05-03 16:00 ~ 16:30,cancel,,,,yes,no,weak_need,normal,no_issue,schedule_issue,rebook_trial,weak_need | normal | no_issue | schedule_issue
63073854,EGCC-maiwaheed,2313(Maqsam),2026-05-03 19:56:44,,,,双方接通,http://pd-fscall-record.oss-cn-hongkong.aliyuncs.com/2026-05-03/maqsam-MaiWaheed.301585977.mp3?OSSAccessKeyId=LTAI5t8sBUhKT5YzXBHvmGGq&Expires=1778000762&Signature=0B8nhphvpWcRMH579GIOa5GO2rk%3D,63073854,2026-05-03,MKT,1,2026-05-01 21:16:52,2026-05-01 21:17:53,EGCC-maiwaheed,前端销售部002组,,已结束,-,未拨打,首次分配,1.0,2026-05-03 16:00 ~ 16:30,end,,,,yes,no,good_need,normal,not_followed_after_trial,price_issue,close_payment,good_need | normal | not_followed_after_trial | price_issue
63067657,EGCC-fatmamohamed,2310(Maqsam),2026-05-03 19:50:46,,,,双方接通,http://pd-fscall-record.oss-cn-hongkong.aliyuncs.com/2026-05-03/maqsam-FatmaMohamed.301583702.mp3?OSSAccessKeyId=LTAI5t8sBUhKT5YzXBHvmGGq&Expires=1778000763&Signature=tBU2totPv%2BCo7yCkR1ZpgkuPKzQ%3D,63067657,2026-05-03,MKT,1,2026-04-30 20:03:55,2026-04-30 20:04:55,EGCC-fatmamohamed,前端销售部002组,,已结束,-,未拨打,首次分配,2.0,2026-05-03 15:00 ~ 15:30,cancel,,,,yes,no,weak_need,normal,no_issue,schedule_issue,rebook_trial,weak_need | normal | no_issue | schedule_issue
0,EGCC-maiwaheed,2313(Maqsam),2026-05-03 19:47:17,,,,双方接通,http://pd-fscall-record.oss-cn-hongkong.aliyuncs.com/2026-05-03/maqsam-MaiWaheed.301582306.mp3?OSSAccessKeyId=LTAI5t8sBUhKT5YzXBHvmGGq&Expires=1778000763&Signature=gJl1n1uB2Hv1zYEjYtbc6kQt%2FGs%3D,0,2026-05-03,,,,,,,,,,,,,,,,,,no,no,no_trial_or_not_aware,normal,no_issue,unknown,manual_review,no_trial_or_not_aware | normal | no_issue | unknown
61694375,EGCC-tasneemmahmoud,2311(Maqsam),2026-05-03 19:38:55,,,,双方接通,http://pd-fscall-record.oss-cn-hongkong.aliyuncs.com/2026-05-03/maqsam-TasneemMahmoud.301579011.mp3?OSSAccessKeyId=LTAI5t8sBUhKT5YzXBHvmGGq&Expires=1778000766&Signature=qf0kinYO1tzQ8oR7xqbXM7M8ZUw%3D,61694375,2026-05-03,MKT,2,2025-11-02 15:13:40,2026-02-26 12:30:15,EGCC-tasneemmahmoud,前端销售部002组,,已结束,-,未拨打,非首次分配,1.0,2026-05-03 19:00 ~ 19:30,end,,,,yes,no,good_need,normal,not_followed_after_trial,price_issue,close_payment,good_need | normal | not_followed_after_trial | price_issue
63084512,EGCC-maiwaheed,2313(Maqsam),2026-05-03 19:35:02,,,,双方接通,http://pd-fscall-record.oss-cn-hongkong.aliyuncs.com/2026-05-03/maqsam-MaiWaheed.301577308.mp3?OSSAccessKeyId=LTAI5t8sBUhKT5YzXBHvmGGq&Expires=1778000766&Signature=CUfmbrkdbGBX3VLcLdaPZIxCcOo%3D,63084512,2026-05-03,MKT,1,2026-05-03 10:35:28,2026-05-03 10:36:28,EGCC-maiwaheed,前端销售部002组,,已取消,-,未拨打,首次分配,1.0,2026-05-04 16:00 ~ 16:30,cancel,,,,yes,no,weak_need,normal,no_issue,schedule_issue,rebook_trial,weak_need | normal | no_issue | schedule_issue
0,51nadamuhammad,2245(Maqsam),2026-05-03 19:34:53,,,,双方接通,http://pd-fscall-record.oss-cn-hongkong.aliyuncs.com/2026-05-03/maqsam-NadaMuhammad.301577251.mp3?OSSAccessKeyId=LTAI5t8sBUhKT5YzXBHvmGGq&Expires=1778000767&Signature=ePLm938vqRywsUhaGTVLhf6b2ik%3D,0,2026-05-03,,,,,,,,,,,,,,,,,,no,no,no_trial_or_not_aware,normal,no_issue,unknown,manual_review,no_trial_or_not_aware | normal | no_issue | unknown
63080254,51nadamuhammad,2245(Maqsam),2026-05-03 19:31:36,,,,双方接通,http://pd-fscall-record.oss-cn-hongkong.aliyuncs.com/2026-05-03/maqsam-NadaMuhammad.301575606.mp3?OSSAccessKeyId=LTAI5t8sBUhKT5YzXBHvmGGq&Expires=1778000768&Signature=fjxFn5HISt6LraiTlpugCZjpdOI%3D,63080254,2026-05-03,MKT,1,2026-05-02 17:47:01,2026-05-02 17:48:02,51nadamuhammad,前端销售部002组,,已取消,-,未拨打,首次分配,2.0,2026-05-03 20:00 ~ 20:30,cancel,,,,yes,no,weak_need,normal,no_issue,schedule_issue,rebook_trial,weak_need | normal | no_issue | schedule_issue
63080254,51nadamuhammad,2245(Maqsam),2026-05-03 19:31:10,,,,双方接通,http://pd-fscall-record.oss-cn-hongkong.aliyuncs.com/2026-05-03/maqsam-NadaMuhammad.301575303.mp3?OSSAccessKeyId=LTAI5t8sBUhKT5YzXBHvmGGq&Expires=1778000768&Signature=TbHygI4yAUY%2FldAqv%2BDzaqzSpQg%3D,63080254,2026-05-03,MKT,1,2026-05-02 17:47:01,2026-05-02 17:48:02,51nadamuhammad,前端销售部002组,,已取消,-,未拨打,首次分配,2.0,2026-05-03 20:00 ~ 20:30,cancel,,,,yes,no,weak_need,normal,no_issue,schedule_issue,rebook_trial,weak_need | normal | no_issue | schedule_issue
63080254,51nadamuhammad,2245(Maqsam),2026-05-03 19:29:05,,,,双方接通,http://pd-fscall-record.oss-cn-hongkong.aliyuncs.com/2026-05-03/maqsam-NadaMuhammad.301574345.mp3?OSSAccessKeyId=LTAI5t8sBUhKT5YzXBHvmGGq&Expires=1778000769&Signature=sfOdjz36k9twINbSjwUuv7PAISQ%3D,63080254,2026-05-03,MKT,1,2026-05-02 17:47:01,2026-05-02 17:48:02,51nadamuhammad,前端销售部002组,,已取消,-,未拨打,首次分配,2.0,2026-05-03 20:00 ~ 20:30,cancel,,,,yes,no,weak_need,normal,no_issue,schedule_issue,rebook_trial,weak_need | normal | no_issue | schedule_issue
63080870,EGCC-maiwaheed,2313(Maqsam),2026-05-03 19:21:23,,,,双方接通,http://pd-fscall-record.oss-cn-hongkong.aliyuncs.com/2026-05-03/maqsam-MaiWaheed.301570780.mp3?OSSAccessKeyId=LTAI5t8sBUhKT5YzXBHvmGGq&Expires=1778000769&Signature=OU7vaS5L%2F1bq4JBkqj%2FdxOdhVgQ%3D,63080870,2026-05-03,MKT,1,2026-05-02 19:50:05,2026-05-02 19:51:05,EGCC-maiwaheed,前端销售部002组,,已结束,-,未拨打,首次分配,2.0,2026-05-04 18:00 ~ 18:30,end,,,,yes,no,good_need,normal,not_followed_after_trial,price_issue,close_payment,good_need | normal | not_followed_after_trial | price_issue
63075353,EGCC-tasneemmahmoud,2311(Maqsam),2026-05-03 19:05:36,,,,双方接通,http://pd-fscall-record.oss-cn-hongkong.aliyuncs.com/2026-05-03/maqsam-TasneemMahmoud.301563728.mp3?OSSAccessKeyId=LTAI5t8sBUhKT5YzXBHvmGGq&Expires=1778000770&Signature=PduzbGbvw1nGHLKRt04cHFOv8mo%3D,63075353,2026-05-03,MKT,1,2026-05-02 05:09:44,2026-05-02 05:10:45,EGCC-tasneemmahmoud,前端销售部002组,,已取消,-,未拨打,首次分配,1.0,2026-05-03 17:30 ~ 18:00,cancel,,,,yes,no,weak_need,normal,no_issue,schedule_issue,rebook_trial,weak_need | normal | no_issue | schedule_issue
63075088,EGCC-maiwaheed,2313(Maqsam),2026-05-03 19:03:34,,,,双方接通,http://pd-fscall-record.oss-cn-hongkong.aliyuncs.com/2026-05-03/maqsam-MaiWaheed.301562797.mp3?OSSAccessKeyId=LTAI5t8sBUhKT5YzXBHvmGGq&Expires=1778000770&Signature=A0VHuDKvWuPQTSk0Y7aKdQS0xJE%3D,63075088,2026-05-03,MKT,1,2026-05-02 05:10:15,2026-05-02 05:11:16,EGCC-maiwaheed,前端销售部002组,,学生缺席,-,未拨打,首次分配,3.0,2026-05-03 19:00 ~ 19:30,cancel,,,,yes,no,weak_need,normal,no_issue,schedule_issue,rebook_trial,weak_need | normal | no_issue | schedule_issue
63078728,EGCC-maiwaheed,2313(Maqsam),2026-05-03 19:00:14,,,,双方接通,http://pd-fscall-record.oss-cn-hongkong.aliyuncs.com/2026-05-03/maqsam-MaiWaheed.301561491.mp3?OSSAccessKeyId=LTAI5t8sBUhKT5YzXBHvmGGq&Expires=1778000771&Signature=9m3ULi3MGimfsAwR8ioRpF%2BIPKU%3D,63078728,2026-05-03,MKT,2,2026-05-02 14:20:49,2026-05-03 11:20:46,EGCC-maiwaheed,前端销售部002组,,已取消,-,未拨打,非首次分配,1.0,2026-05-03 17:00 ~ 17:30,cancel,,,,yes,no,weak_need,normal,no_issue,schedule_issue,rebook_trial,weak_need | normal | no_issue | schedule_issue
63078749,EGCC-tasneemmahmoud,2311(Maqsam),2026-05-03 18:56:18,,,,双方接通,http://pd-fscall-record.oss-cn-hongkong.aliyuncs.com/2026-05-03/maqsam-TasneemMahmoud.301559810.mp3?OSSAccessKeyId=LTAI5t8sBUhKT5YzXBHvmGGq&Expires=1778000772&Signature=wS9yL0%2FkpQHARqhU%2B7zOedv5bnI%3D,63078749,2026-05-03,MKT,1,2026-05-02 14:35:34,2026-05-02 14:36:34,EGCC-tasneemmahmoud,前端销售部002组,,已结束,-,未拨打,首次分配,1.0,2026-05-04 13:30 ~ 14:00,end,,,,yes,no,good_need,normal,not_followed_after_trial,price_issue,close_payment,good_need | normal | not_followed_after_trial | price_issue
63080254,51nadamuhammad,2245(Maqsam),2026-05-03 18:54:20,,,,双方接通,http://pd-fscall-record.oss-cn-hongkong.aliyuncs.com/2026-05-03/maqsam-NadaMuhammad.301558958.mp3?OSSAccessKeyId=LTAI5t8sBUhKT5YzXBHvmGGq&Expires=1778000772&Signature=ly8P03aLoh99vyBqcxi2jr7pj%2F0%3D,63080254,2026-05-03,MKT,1,2026-05-02 17:47:01,2026-05-02 17:48:02,51nadamuhammad,前端销售部002组,,已取消,-,未拨打,首次分配,2.0,2026-05-03 20:00 ~ 20:30,cancel,,,,yes,no,weak_need,normal,no_issue,schedule_issue,rebook_trial,weak_need | normal | no_issue | schedule_issue
63082131,EGCC-fatmamohamed,2310(Maqsam),2026-05-03 18:49:38,,,,双方接通,http://pd-fscall-record.oss-cn-hongkong.aliyuncs.com/2026-05-03/maqsam-FatmaMohamed.301556884.mp3?OSSAccessKeyId=LTAI5t8sBUhKT5YzXBHvmGGq&Expires=1778000773&Signature=X1pJ4B%2FK0tgSHlF8Zrp0S0TtpvY%3D,63082131,2026-05-03,MKT,1,2026-05-03 02:25:39,2026-05-03 02:26:40,EGCC-fatmamohamed,前端销售部002组,,已结束,-,未拨打,首次分配,1.0,2026-05-04 15:30 ~ 16:00,end,,,,yes,no,good_need,normal,not_followed_after_trial,price_issue,close_payment,good_need | normal | not_followed_after_trial | price_issue
61694375,EGCC-tasneemmahmoud,2311(Maqsam),2026-05-03 18:43:30,,,,双方接通,http://pd-fscall-record.oss-cn-hongkong.aliyuncs.com/2026-05-03/maqsam-TasneemMahmoud.301554313.mp3?OSSAccessKeyId=LTAI5t8sBUhKT5YzXBHvmGGq&Expires=1778000773&Signature=AvUaZOXX0Qk0VPS5lbrvKI51fb0%3D,61694375,2026-05-03,MKT,2,2025-11-02 15:13:40,2026-02-26 12:30:15,EGCC-tasneemmahmoud,前端销售部002组,,已结束,-,未拨打,非首次分配,1.0,2026-05-03 19:00 ~ 19:30,end,,,,yes,no,good_need,normal,not_followed_after_trial,price_issue,close_payment,good_need | normal | not_followed_after_trial | price_issue
63082678,51nadamuhammad,2245(Maqsam),2026-05-03 18:40:24,,,,双方接通,http://pd-fscall-record.oss-cn-hongkong.aliyuncs.com/2026-05-03/maqsam-NadaMuhammad.301553095.mp3?OSSAccessKeyId=LTAI5t8sBUhKT5YzXBHvmGGq&Expires=1778000774&Signature=W5VPN20X%2BpByrKBS2rasXyLGMRU%3D,63082678,2026-05-03,MKT,1,2026-05-03 05:57:12,2026-05-03 05:58:13,51nadamuhammad,前端销售部002组,,学生缺席,-,未拨打,首次分配,2.0,2026-05-04 20:00 ~ 20:30,s_absent,,,,yes,no,weak_need,normal,no_issue,low_interest,rebook_trial,weak_need | normal | no_issue | low_interest
63081669,EGCC-tasneemmahmoud,2311(Maqsam),2026-05-03 18:36:24,,,,双方接通,http://pd-fscall-record.oss-cn-hongkong.aliyuncs.com/2026-05-03/maqsam-TasneemMahmoud.301551536.mp3?OSSAccessKeyId=LTAI5t8sBUhKT5YzXBHvmGGq&Expires=1778000774&Signature=IpN3U6H1UdoE8z9ABgsY4dW35oc%3D,63081669,2026-05-03,MKT,1,2026-05-02 23:22:47,2026-05-02 23:23:48,EGCC-tasneemmahmoud,前端销售部002组,,已取消,-,未拨打,首次分配,1.0,2026-05-04 20:00 ~ 20:30,cancel,,,,yes,no,weak_need,normal,no_issue,schedule_issue,rebook_trial,weak_need | normal | no_issue | schedule_issue
63081669,EGCC-tasneemmahmoud,2311(Maqsam),2026-05-03 18:32:23,,,,双方接通,http://pd-fscall-record.oss-cn-hongkong.aliyuncs.com/2026-05-03/maqsam-TasneemMahmoud.301550096.mp3?OSSAccessKeyId=LTAI5t8sBUhKT5YzXBHvmGGq&Expires=1778000775&Signature=F%2F59aA1%2Bqv3zk3aE6FBtRvCNiXw%3D,63081669,2026-05-03,MKT,1,2026-05-02 23:22:47,2026-05-02 23:23:48,EGCC-tasneemmahmoud,前端销售部002组,,已取消,-,未拨打,首次分配,1.0,2026-05-04 20:00 ~ 20:30,cancel,,,,yes,no,weak_need,normal,no_issue,schedule_issue,rebook_trial,weak_need | normal | no_issue | schedule_issue
63079248,EGCC-maiwaheed,2313(Maqsam),2026-05-03 18:31:57,,,,双方接通,http://pd-fscall-record.oss-cn-hongkong.aliyuncs.com/2026-05-03/maqsam-MaiWaheed.301549933.mp3?OSSAccessKeyId=LTAI5t8sBUhKT5YzXBHvmGGq&Expires=1778000775&Signature=VE8SmH2T4gjNVUNwnwWBpp7M89A%3D,63079248,2026-05-03,MKT,1,2026-05-02 15:34:05,2026-05-02 15:35:06,EGCC-maiwaheed,前端销售部002组,,已结束,-,未拨打,首次分配,2.0,2026-05-03 17:00 ~ 17:30,end,,,,yes,no,good_need,normal,not_followed_after_trial,price_issue,close_payment,good_need | normal | not_followed_after_trial | price_issue
63084966,EGCC-fatmamohamed,2310(Maqsam),2026-05-03 18:31:34,,,,双方接通,http://pd-fscall-record.oss-cn-hongkong.aliyuncs.com/2026-05-03/maqsam-FatmaMohamed.301549803.mp3?OSSAccessKeyId=LTAI5t8sBUhKT5YzXBHvmGGq&Expires=1778000775&Signature=7n7XwlB072IqAWdXEXpiZSWRiHs%3D,63084966,2026-05-03,MKT,1,2026-05-03 12:48:20,2026-05-03 12:49:21,EGCC-fatmamohamed,前端销售部002组,,已结束,-,未拨打,首次分配,1.0,2026-05-03 14:30 ~ 15:00,end,,,,yes,no,good_need,normal,not_followed_after_trial,price_issue,close_payment,good_need | normal | not_followed_after_trial | price_issue
63084966,EGCC-fatmamohamed,2310(Maqsam),2026-05-03 18:25:44,,,,双方接通,http://pd-fscall-record.oss-cn-hongkong.aliyuncs.com/2026-05-03/maqsam-FatmaMohamed.301547629.mp3?OSSAccessKeyId=LTAI5t8sBUhKT5YzXBHvmGGq&Expires=1778000776&Signature=kQidp65Zizxb4zgFBTVm4wp0%2FeM%3D,63084966,2026-05-03,MKT,1,2026-05-03 12:48:20,2026-05-03 12:49:21,EGCC-fatmamohamed,前端销售部002组,,已结束,-,未拨打,首次分配,1.0,2026-05-03 14:30 ~ 15:00,end,,,,yes,no,good_need,normal,not_followed_after_trial,price_issue,close_payment,good_need | normal | not_followed_after_trial | price_issue
63080852,EGCC-tasneemmahmoud,2311(Maqsam),2026-05-03 18:23:19,,,,双方接通,http://pd-fscall-record.oss-cn-hongkong.aliyuncs.com/2026-05-03/maqsam-TasneemMahmoud.301546712.mp3?OSSAccessKeyId=LTAI5t8sBUhKT5YzXBHvmGGq&Expires=1778000776&Signature=hvndc9WWXF8qN6mRfYonpBdlUdc%3D,63080852,2026-05-03,MKT,1,2026-05-02 19:27:01,2026-05-02 19:28:02,EGCC-tasneemmahmoud,前端销售部002组,,已取消,-,未拨打,首次分配,1.0,2026-05-04 19:30 ~ 20:00,cancel,,,,yes,no,weak_need,normal,no_issue,schedule_issue,rebook_trial,weak_need | normal | no_issue | schedule_issue
63067657,EGCC-fatmamohamed,2310(Maqsam),2026-05-03 18:14:24,,,,双方接通,http://pd-fscall-record.oss-cn-hongkong.aliyuncs.com/2026-05-03/maqsam-FatmaMohamed.301543398.mp3?OSSAccessKeyId=LTAI5t8sBUhKT5YzXBHvmGGq&Expires=1778000777&Signature=KQ9zfLOrwBvpmM7ppQnwOwQWKhA%3D,63067657,2026-05-03,MKT,1,2026-04-30 20:03:55,2026-04-30 20:04:55,EGCC-fatmamohamed,前端销售部002组,,已结束,-,未拨打,首次分配,2.0,2026-05-03 15:00 ~ 15:30,cancel,,,,yes,no,weak_need,normal,no_issue,schedule_issue,rebook_trial,weak_need | normal | no_issue | schedule_issue
63079248,EGCC-maiwaheed,2313(Maqsam),2026-05-03 18:13:10,,,,双方接通,http://pd-fscall-record.oss-cn-hongkong.aliyuncs.com/2026-05-03/maqsam-MaiWaheed.301542971.mp3?OSSAccessKeyId=LTAI5t8sBUhKT5YzXBHvmGGq&Expires=1778000777&Signature=xssP7g16HFGoMss4%2B%2Fr1yZWRwyo%3D,63079248,2026-05-03,MKT,1,2026-05-02 15:34:05,2026-05-02 15:35:06,EGCC-maiwaheed,前端销售部002组,,已结束,-,未拨打,首次分配,2.0,2026-05-03 17:00 ~ 17:30,end,,,,yes,no,good_need,normal,not_followed_after_trial,price_issue,close_payment,good_need | normal | not_followed_after_trial | price_issue
61504669,EGCC-maiwaheed,2313(Maqsam),2026-05-03 18:08:42,,,,双方接通,http://pd-fscall-record.oss-cn-hongkong.aliyuncs.com/2026-05-03/maqsam-MaiWaheed.301541358.mp3?OSSAccessKeyId=LTAI5t8sBUhKT5YzXBHvmGGq&Expires=1778000778&Signature=yEGPky3a6idkSXCyQbWBAEd7P3U%3D,61504669,2026-05-03,,,,,,,,,,,,,,,,,,no,no,no_trial_or_not_aware,normal,no_issue,unknown,manual_review,no_trial_or_not_aware | normal | no_issue | unknown
63081982,EGCC-tasneemmahmoud,2311(Maqsam),2026-05-03 17:50:21,,,,双方接通,http://pd-fscall-record.oss-cn-hongkong.aliyuncs.com/2026-05-03/maqsam-TasneemMahmoud.301534305.mp3?OSSAccessKeyId=LTAI5t8sBUhKT5YzXBHvmGGq&Expires=1778000780&Signature=nAiWWUONb1Ltf%2BYA9Uf9Iy7MMzY%3D,63081982,2026-05-03,MKT,1,2026-05-03 02:01:21,2026-05-03 02:02:22,EGCC-tasneemmahmoud,前端销售部002组,,已结束,-,未接通,首次分配,1.0,2026-05-04 14:30 ~ 15:00,end,,,,yes,no,good_need,normal,not_followed_after_trial,price_issue,close_payment,good_need | normal | not_followed_after_trial | price_issue
63081671,EGCC-maiwaheed,2313(Maqsam),2026-05-03 17:47:18,,,,双方接通,http://pd-fscall-record.oss-cn-hongkong.aliyuncs.com/2026-05-03/maqsam-MaiWaheed.301533118.mp3?OSSAccessKeyId=LTAI5t8sBUhKT5YzXBHvmGGq&Expires=1778000780&Signature=dS0Vz%2FgGH7PxTHwvMlXMOF0zSO8%3D,63081671,2026-05-03,MKT,1,2026-05-02 23:25:45,2026-05-02 23:26:45,EGCC-maiwaheed,前端销售部002组,,学生缺席,-,未拨打,首次分配,3.0,2026-05-04 15:00 ~ 15:30,s_absent,,,,yes,no,weak_need,normal,no_issue,low_interest,rebook_trial,weak_need | normal | no_issue | low_interest
63080254,51nadamuhammad,2245(Maqsam),2026-05-03 17:42:00,,,,双方接通,http://pd-fscall-record.oss-cn-hongkong.aliyuncs.com/2026-05-03/maqsam-NadaMuhammad.301530879.mp3?OSSAccessKeyId=LTAI5t8sBUhKT5YzXBHvmGGq&Expires=1778000781&Signature=ixKF0IOvAHXdex7DAQ8kjV67Dm8%3D,63080254,2026-05-03,MKT,1,2026-05-02 17:47:01,2026-05-02 17:48:02,51nadamuhammad,前端销售部002组,,已取消,-,未拨打,首次分配,2.0,2026-05-03 20:00 ~ 20:30,cancel,,,,yes,no,weak_need,normal,no_issue,schedule_issue,rebook_trial,weak_need | normal | no_issue | schedule_issue
63081671,EGCC-maiwaheed,2313(Maqsam),2026-05-03 17:39:44,,,,双方接通,http://pd-fscall-record.oss-cn-hongkong.aliyuncs.com/2026-05-03/maqsam-MaiWaheed.301529947.mp3?OSSAccessKeyId=LTAI5t8sBUhKT5YzXBHvmGGq&Expires=1778000782&Signature=DNf0wDmJtjllNW4CZgk9ec7Xank%3D,63081671,2026-05-03,MKT,1,2026-05-02 23:25:45,2026-05-02 23:26:45,EGCC-maiwaheed,前端销售部002组,,学生缺席,-,未拨打,首次分配,3.0,2026-05-04 15:00 ~ 15:30,s_absent,,,,yes,no,weak_need,normal,no_issue,low_interest,rebook_trial,weak_need | normal | no_issue | low_interest
63070422,EGCC-tasneemmahmoud,2311(Maqsam),2026-05-03 17:39:13,,,,双方接通,http://pd-fscall-record.oss-cn-hongkong.aliyuncs.com/2026-05-03/maqsam-TasneemMahmoud.301529731.mp3?OSSAccessKeyId=LTAI5t8sBUhKT5YzXBHvmGGq&Expires=1778000782&Signature=Q%2FGty1kGxQaHpLUR3OnUUmPzLdU%3D,63070422,2026-05-03,MKT,2,2026-05-01 08:31:09,2026-05-02 11:24:13,EGCC-tasneemmahmoud,前端销售部002组,,已结束,-,未拨打,非首次分配,1.0,2026-05-03 20:00 ~ 20:30,end,,,,yes,no,good_need,normal,not_followed_after_trial,price_issue,close_payment,good_need | normal | not_followed_after_trial | price_issue
63081671,EGCC-maiwaheed,2313(Maqsam),2026-05-03 17:33:13,,,,双方接通,http://pd-fscall-record.oss-cn-hongkong.aliyuncs.com/2026-05-03/maqsam-MaiWaheed.301527297.mp3?OSSAccessKeyId=LTAI5t8sBUhKT5YzXBHvmGGq&Expires=1778000783&Signature=sOzo%2BJwjt4khgnC6FhG%2F2aLQr4Y%3D,63081671,2026-05-03,MKT,1,2026-05-02 23:25:45,2026-05-02 23:26:45,EGCC-maiwaheed,前端销售部002组,,学生缺席,-,未拨打,首次分配,3.0,2026-05-04 15:00 ~ 15:30,s_absent,,,,yes,no,weak_need,normal,no_issue,low_interest,rebook_trial,weak_need | normal | no_issue | low_interest
63079252,EGCC-fatmamohamed,2310(Maqsam),2026-05-03 17:32:50,,,,双方接通,http://pd-fscall-record.oss-cn-hongkong.aliyuncs.com/2026-05-03/maqsam-FatmaMohamed.301527164.mp3?OSSAccessKeyId=LTAI5t8sBUhKT5YzXBHvmGGq&Expires=1778000783&Signature=AGdm7ye0A6cxAFDWYTrmVXZ6QSA%3D,63079252,2026-05-03,MKT,1,2026-05-02 15:35:41,2026-05-02 15:36:41,EGCC-fatmamohamed,前端销售部002组,,已结束,-,未拨打,首次分配,2.0,2026-05-04 16:00 ~ 16:30,end,,,,yes,no,good_need,normal,not_followed_after_trial,price_issue,close_payment,good_need | normal | not_followed_after_trial | price_issue
0,51nadamuhammad,2245(Maqsam),2026-05-03 17:29:02,,,,双方接通,http://pd-fscall-record.oss-cn-hongkong.aliyuncs.com/2026-05-03/maqsam-NadaMuhammad.301525991.mp3?OSSAccessKeyId=LTAI5t8sBUhKT5YzXBHvmGGq&Expires=1778000783&Signature=xdG56q4b4qiKt4jj%2FvthYEHRVLI%3D,0,2026-05-03,,,,,,,,,,,,,,,,,,no,no,no_trial_or_not_aware,normal,no_issue,unknown,manual_review,no_trial_or_not_aware | normal | no_issue | unknown
63083261,EGCC-tasneemmahmoud,2311(Maqsam),2026-05-03 17:27:29,,,,双方接通,http://pd-fscall-record.oss-cn-hongkong.aliyuncs.com/2026-05-03/maqsam-TasneemMahmoud.301525517.mp3?OSSAccessKeyId=LTAI5t8sBUhKT5YzXBHvmGGq&Expires=1778000784&Signature=Z8FnFQU8UQIAiPbxVcMR0kjL1jg%3D,63083261,2026-05-03,MKT,1,2026-05-03 07:46:16,2026-05-03 07:47:17,EGCC-tasneemmahmoud,前端销售部002组,,已结束,-,接通>=20S,首次分配,1.0,2026-05-03 19:00 ~ 19:30,end,,,,yes,no,good_need,normal,not_followed_after_trial,price_issue,close_payment,good_need | normal | not_followed_after_trial | price_issue
63014247,51nadamuhammad,2245(Maqsam),2026-05-02 20:42:33,,,,双方接通,http://pd-fscall-record.oss-cn-hongkong.aliyuncs.com/2026-05-02/maqsam-NadaMuhammad.301334959.mp3?OSSAccessKeyId=LTAI5t8sBUhKT5YzXBHvmGGq&Expires=1778000786&Signature=C6MVG%2B3u6T8A7gYpKE7T63uK%2Bws%3D,63014247,2026-05-02,MKT,2,2026-04-25 10:44:41,2026-04-25 13:23:25,51nadamuhammad,前端销售部002组,,学生缺席,-,未拨打,非首次分配,1.0,2026-04-26 19:00 ~ 19:30,s_absent,,,,yes,no,weak_need,normal,no_issue,low_interest,rebook_trial,weak_need | normal | no_issue | low_interest
58321605,EGCC-tasneemmahmoud,2311(Maqsam),2026-05-02 20:36:19,,,,双方接通,http://pd-fscall-record.oss-cn-hongkong.aliyuncs.com/2026-05-02/maqsam-TasneemMahmoud.301332904.mp3?OSSAccessKeyId=LTAI5t8sBUhKT5YzXBHvmGGq&Expires=1778000786&Signature=YHTzrimJUg2DHquej2cKAgxD8aY%3D,58321605,2026-05-02,,,,,,,,,,,,,,,,,,no,no,no_trial_or_not_aware,normal,no_issue,unknown,manual_review,no_trial_or_not_aware | normal | no_issue | unknown
63067657,EGCC-fatmamohamed,2310(Maqsam),2026-05-02 20:23:43,,,,双方接通,http://pd-fscall-record.oss-cn-hongkong.aliyuncs.com/2026-05-02/maqsam-FatmaMohamed.301328749.mp3?OSSAccessKeyId=LTAI5t8sBUhKT5YzXBHvmGGq&Expires=1778000787&Signature=6bywyOpoZWmtFyPp3GkVzHxgfR0%3D,63067657,2026-05-02,MKT,1,2026-04-30 20:03:55,2026-04-30 20:04:55,EGCC-fatmamohamed,前端销售部002组,,已结束,-,未拨打,首次分配,2.0,2026-05-03 15:00 ~ 15:30,cancel,,,,yes,no,weak_need,normal,no_issue,schedule_issue,rebook_trial,weak_need | normal | no_issue | schedule_issue
63029664,EGCC-maiwaheed,2313(Maqsam),2026-05-02 20:22:14,,,,双方接通,http://pd-fscall-record.oss-cn-hongkong.aliyuncs.com/2026-05-02/maqsam-MaiWaheed.301328252.mp3?OSSAccessKeyId=LTAI5t8sBUhKT5YzXBHvmGGq&Expires=1778000787&Signature=rCplRwaIPeq69J%2Bn3OkhIrxSvvc%3D,63029664,2026-05-02,MKT,1,2026-04-26 22:54:56,2026-04-26 22:55:57,EGCC-maiwaheed,前端销售部002组,,已结束,-,未接通,首次分配,2.0,2026-05-03 20:30 ~ 21:00,end,,,,yes,no,good_need,normal,not_followed_after_trial,price_issue,close_payment,good_need | normal | not_followed_after_trial | price_issue
0,EGCC-tasneemmahmoud,2311(Maqsam),2026-05-02 20:14:59,,,,双方接通,http://pd-fscall-record.oss-cn-hongkong.aliyuncs.com/2026-05-02/maqsam-TasneemMahmoud.301325892.mp3?OSSAccessKeyId=LTAI5t8sBUhKT5YzXBHvmGGq&Expires=1778000788&Signature=bUty3CNOLTPo%2BQU68aPw%2BA2CIsA%3D,0,2026-05-02,,,,,,,,,,,,,,,,,,no,no,no_trial_or_not_aware,normal,no_issue,unknown,manual_review,no_trial_or_not_aware | normal | no_issue | unknown
58313356,51nadamuhammad,2245(Maqsam),2026-05-02 20:14:06,,,,双方接通,http://pd-fscall-record.oss-cn-hongkong.aliyuncs.com/2026-05-02/maqsam-NadaMuhammad.301325617.mp3?OSSAccessKeyId=LTAI5t8sBUhKT5YzXBHvmGGq&Expires=1778000789&Signature=ga5ly1u8G7gb%2FPyWiV6ccNaURAQ%3D,58313356,2026-05-02,,,,,,,,,,,,,,,,,,no,no,no_trial_or_not_aware,normal,no_issue,unknown,manual_review,no_trial_or_not_aware | normal | no_issue | unknown
63068514,EGCC-fatmamohamed,2310(Maqsam),2026-05-02 20:11:38,,,,双方接通,http://pd-fscall-record.oss-cn-hongkong.aliyuncs.com/2026-05-02/maqsam-FatmaMohamed.301324839.mp3?OSSAccessKeyId=LTAI5t8sBUhKT5YzXBHvmGGq&Expires=1778000789&Signature=zMzq%2BQ3EdFvuwPwSC9NCel5ROZE%3D,63068514,2026-05-02,MKT,1,2026-05-01 00:34:18,2026-05-01 00:35:19,EGCC-fatmamohamed,前端销售部002组,,已结束,-,未拨打,首次分配,1.0,2026-05-03 15:30 ~ 16:00,end,,,,yes,no,good_need,normal,not_followed_after_trial,price_issue,close_payment,good_need | normal | not_followed_after_trial | price_issue
61859893,EGCC-tasneemmahmoud,2311(Maqsam),2026-05-02 20:08:46,,,,双方接通,http://pd-fscall-record.oss-cn-hongkong.aliyuncs.com/2026-05-02/maqsam-TasneemMahmoud.301323950.mp3?OSSAccessKeyId=LTAI5t8sBUhKT5YzXBHvmGGq&Expires=1778000790&Signature=kRy2odGemx562p1ZOjQxAJIvAEI%3D,61859893,2026-05-02,MKT,2,2025-11-19 22:02:40,2026-04-30 19:30:24,EGCC-tasneemmahmoud,前端销售部002组,,已结束,-,未拨打,非首次分配,,,,,,,no,no,no_trial_or_not_aware,normal,no_issue,unknown,manual_review,no_trial_or_not_aware | normal | no_issue | unknown
63068514,EGCC-fatmamohamed,2310(Maqsam),2026-05-02 20:08:17,,,,双方接通,http://pd-fscall-record.oss-cn-hongkong.aliyuncs.com/2026-05-02/maqsam-FatmaMohamed.301323803.mp3?OSSAccessKeyId=LTAI5t8sBUhKT5YzXBHvmGGq&Expires=1778000790&Signature=i1m%2BArh4k6LFBJJ2YR%2FPXrXtWRc%3D,63068514,2026-05-02,MKT,1,2026-05-01 00:34:18,2026-05-01 00:35:19,EGCC-fatmamohamed,前端销售部002组,,已结束,-,未拨打,首次分配,1.0,2026-05-03 15:30 ~ 16:00,end,,,,yes,no,good_need,normal,not_followed_after_trial,price_issue,close_payment,good_need | normal | not_followed_after_trial | price_issue
63068131,EGCC-maiwaheed,2313(Maqsam),2026-05-02 20:04:06,,,,双方接通,http://pd-fscall-record.oss-cn-hongkong.aliyuncs.com/2026-05-02/maqsam-MaiWaheed.301322433.mp3?OSSAccessKeyId=LTAI5t8sBUhKT5YzXBHvmGGq&Expires=1778000791&Signature=R9FLfT3N4EdpLYuYXumKiqNeKTs%3D,63068131,2026-05-02,MKT,2,2026-04-30 22:40:44,2026-05-02 12:06:16,EGCC-maiwaheed,前端销售部002组,,已结束,-,未拨打,非首次分配,2.0,2026-05-03 16:00 ~ 16:30,cancel,,,,yes,no,weak_need,normal,no_issue,schedule_issue,rebook_trial,weak_need | normal | no_issue | schedule_issue
63024271,EGCC-maiwaheed,2313(Maqsam),2026-05-02 20:03:14,,,,双方接通,http://pd-fscall-record.oss-cn-hongkong.aliyuncs.com/2026-05-02/maqsam-MaiWaheed.301322138.mp3?OSSAccessKeyId=LTAI5t8sBUhKT5YzXBHvmGGq&Expires=1778000791&Signature=MCFFHEtRPVgC%2BzT01%2BaQA3YZR%2FA%3D,63024271,2026-05-02,MKT,1,2026-04-26 12:29:33,2026-04-26 12:30:33,EGCC-maiwaheed,前端销售部002组,,已取消,-,未拨打,首次分配,1.0,2026-04-26 14:30 ~ 15:00,cancel,,,,yes,no,weak_need,normal,no_issue,schedule_issue,rebook_trial,weak_need | normal | no_issue | schedule_issue
63078868,51nadamuhammad,2245(Maqsam),2026-05-02 20:01:59,,,,双方接通,http://pd-fscall-record.oss-cn-hongkong.aliyuncs.com/2026-05-02/maqsam-NadaMuhammad.301321735.mp3?OSSAccessKeyId=LTAI5t8sBUhKT5YzXBHvmGGq&Expires=1778000793&Signature=aPtQSqMSM51uaasM8bD%2FFi49Rb8%3D,63078868,2026-05-02,REF,1,2026-05-02 14:50:02,2026-05-02 14:50:08,51nadamuhammad,前端销售部002组,,,-,未拨打,首次分配,,,,,,,no,no,no_trial_or_not_aware,normal,no_issue,unknown,manual_review,no_trial_or_not_aware | normal | no_issue | unknown
63075353,EGCC-tasneemmahmoud,2311(Maqsam),2026-05-02 19:58:34,,,,双方接通,http://pd-fscall-record.oss-cn-hongkong.aliyuncs.com/2026-05-02/maqsam-TasneemMahmoud.301320661.mp3?OSSAccessKeyId=LTAI5t8sBUhKT5YzXBHvmGGq&Expires=1778000793&Signature=%2BLMyyXWttp29HyuRqHX3soap50o%3D,63075353,2026-05-02,MKT,1,2026-05-02 05:09:44,2026-05-02 05:10:45,EGCC-tasneemmahmoud,前端销售部002组,,已取消,-,未拨打,首次分配,1.0,2026-05-03 17:30 ~ 18:00,cancel,,,,yes,no,weak_need,normal,no_issue,schedule_issue,rebook_trial,weak_need | normal | no_issue | schedule_issue
63078868,51nadamuhammad,2245(Maqsam),2026-05-02 19:49:10,,,,双方接通,http://pd-fscall-record.oss-cn-hongkong.aliyuncs.com/2026-05-02/maqsam-NadaMuhammad.301317852.mp3?OSSAccessKeyId=LTAI5t8sBUhKT5YzXBHvmGGq&Expires=1778000794&Signature=GbrGWSyVIEObFziXtZdWgCR2Ap4%3D,63078868,2026-05-02,REF,1,2026-05-02 14:50:02,2026-05-02 14:50:08,51nadamuhammad,前端销售部002组,,,-,未拨打,首次分配,,,,,,,no,no,no_trial_or_not_aware,normal,no_issue,unknown,manual_review,no_trial_or_not_aware | normal | no_issue | unknown
61702293,EGCC-fatmamohamed,2310(Maqsam),2026-05-02 19:38:48,,,,双方接通,http://pd-fscall-record.oss-cn-hongkong.aliyuncs.com/2026-05-02/maqsam-FatmaMohamed.301314679.mp3?OSSAccessKeyId=LTAI5t8sBUhKT5YzXBHvmGGq&Expires=1778000795&Signature=njckAHdtX%2BqYkKyUHoHq%2FWMT7Cs%3D,61702293,2026-05-02,MKT,2,2025-11-03 11:54:26,2026-04-30 14:06:31,EGCC-fatmamohamed,前端销售部002组,,已结束,-,未拨打,非首次分配,1.0,2026-05-02 14:00 ~ 14:30,end,,,,yes,no,good_need,normal,not_followed_after_trial,price_issue,close_payment,good_need | normal | not_followed_after_trial | price_issue
61891212,EGCC-tasneemmahmoud,2311(Maqsam),2026-05-02 19:37:54,,,,双方接通,http://pd-fscall-record.oss-cn-hongkong.aliyuncs.com/2026-05-02/maqsam-TasneemMahmoud.301314371.mp3?OSSAccessKeyId=LTAI5t8sBUhKT5YzXBHvmGGq&Expires=1778000795&Signature=fWdXporxl3kd9Ni9zgEmMeOOLPY%3D,61891212,2026-05-02,REF-扫码,2,2025-11-23 15:15:42,2026-04-30 19:39:20,EGCC-tasneemmahmoud,前端销售部002组,,,-,未拨打,非首次分配,,,,,,,no,no,no_trial_or_not_aware,normal,no_issue,unknown,manual_review,no_trial_or_not_aware | normal | no_issue | unknown
63078373,51nadamuhammad,2245(Maqsam),2026-05-02 19:34:46,,,,双方接通,http://pd-fscall-record.oss-cn-hongkong.aliyuncs.com/2026-05-02/maqsam-NadaMuhammad.301313346.mp3?OSSAccessKeyId=LTAI5t8sBUhKT5YzXBHvmGGq&Expires=1778000796&Signature=SgxoXPPfy4pzZdnxJWIHFjwdkLU%3D,63078373,2026-05-02,MKT,1,2026-05-02 14:01:01,2026-05-02 14:02:02,51nadamuhammad,前端销售部002组,,学生缺席,-,未拨打,首次分配,1.0,2026-05-03 20:00 ~ 20:30,s_absent,,,,yes,no,weak_need,normal,no_issue,low_interest,rebook_trial,weak_need | normal | no_issue | low_interest
63068311,EGCC-tasneemmahmoud,2311(Maqsam),2026-05-02 19:23:03,,,,双方接通,http://pd-fscall-record.oss-cn-hongkong.aliyuncs.com/2026-05-02/maqsam-TasneemMahmoud.301309600.mp3?OSSAccessKeyId=LTAI5t8sBUhKT5YzXBHvmGGq&Expires=1778000796&Signature=4rEFavNSQuZ9GGg%2Bv9M3116pHuk%3D,63068311,2026-05-02,MKT,1,2026-04-30 23:29:14,2026-04-30 23:30:16,EGCC-tasneemmahmoud,前端销售部002组,,已取消,-,未拨打,首次分配,1.0,2026-05-03 14:30 ~ 15:00,cancel,,,,yes,no,weak_need,normal,no_issue,schedule_issue,rebook_trial,weak_need | normal | no_issue | schedule_issue
63064560,EGCC-fatmamohamed,2310(Maqsam),2026-05-02 19:22:29,,,,双方接通,http://pd-fscall-record.oss-cn-hongkong.aliyuncs.com/2026-05-02/maqsam-FatmaMohamed.301309428.mp3?OSSAccessKeyId=LTAI5t8sBUhKT5YzXBHvmGGq&Expires=1778000797&Signature=jlXNyGojii6wpzMJG5d%2FAMNgvXw%3D,63064560,2026-05-02,MKT,2,2026-04-30 13:30:04,2026-04-30 13:59:31,EGCC-fatmamohamed,前端销售部002组,,已结束,-,未拨打,非首次分配,1.0,2026-05-02 14:30 ~ 15:00,end,,,,yes,no,good_need,normal,not_followed_after_trial,price_issue,close_payment,good_need | normal | not_followed_after_trial | price_issue
0,EGCC-maiwaheed,2313(Maqsam),2026-05-02 19:10:02,,,,双方接通,http://pd-fscall-record.oss-cn-hongkong.aliyuncs.com/2026-05-02/maqsam-MaiWaheed.301305190.mp3?OSSAccessKeyId=LTAI5t8sBUhKT5YzXBHvmGGq&Expires=1778000797&Signature=rN9us1sw4qEZ%2Fqa5SXWeUbB10as%3D,0,2026-05-02,,,,,,,,,,,,,,,,,,no,no,no_trial_or_not_aware,normal,no_issue,unknown,manual_review,no_trial_or_not_aware | normal | no_issue | unknown
62180951,51nadamuhammad,2245(Maqsam),2026-05-02 19:00:24,,,,双方接通,http://pd-fscall-record.oss-cn-hongkong.aliyuncs.com/2026-05-02/maqsam-NadaMuhammad.301301793.mp3?OSSAccessKeyId=LTAI5t8sBUhKT5YzXBHvmGGq&Expires=1778000798&Signature=XmtIGBq%2FqXQNNb5ZRmLyqlrtHVE%3D,62180951,2026-05-02,,,,,,,,,,,,,,,,,,no,no,no_trial_or_not_aware,normal,no_issue,unknown,manual_review,no_trial_or_not_aware | normal | no_issue | unknown
63050750,EGCC-maiwaheed,2313(Maqsam),2026-05-02 18:57:58,,,,双方接通,http://pd-fscall-record.oss-cn-hongkong.aliyuncs.com/2026-05-02/maqsam-MaiWaheed.301301014.mp3?OSSAccessKeyId=LTAI5t8sBUhKT5YzXBHvmGGq&Expires=1778000798&Signature=3eFHI0m9hBoKHNDf9tEaeexNEEU%3D,63050750,2026-05-02,MKT,2,2026-04-28 21:45:34,2026-04-29 12:15:53,EGCC-maiwaheed,前端销售部002组,,已结束,-,未接通,非首次分配,2.0,2026-05-04 17:00 ~ 17:30,cancel,,,,yes,no,weak_need,normal,no_issue,schedule_issue,rebook_trial,weak_need | normal | no_issue | schedule_issue
63028943,51nadamuhammad,2245(Maqsam),2026-05-02 18:55:16,,,,双方接通,http://pd-fscall-record.oss-cn-hongkong.aliyuncs.com/2026-05-02/maqsam-NadaMuhammad.301300164.mp3?OSSAccessKeyId=LTAI5t8sBUhKT5YzXBHvmGGq&Expires=1778000799&Signature=6q6FdBWdXlEABlxJAj05sZGkou4%3D,63028943,2026-05-02,MKT,1,2026-04-26 19:41:29,2026-04-26 19:42:30,51nadamuhammad,前端销售部002组,,已结束,-,未拨打,首次分配,1.0,2026-04-27 14:00 ~ 14:30,end,,,,yes,no,good_need,normal,not_followed_after_trial,price_issue,close_payment,good_need | normal | not_followed_after_trial | price_issue
63070422,EGCC-tasneemmahmoud,2311(Maqsam),2026-05-02 18:48:27,,,,双方接通,http://pd-fscall-record.oss-cn-hongkong.aliyuncs.com/2026-05-02/maqsam-TasneemMahmoud.301297975.mp3?OSSAccessKeyId=LTAI5t8sBUhKT5YzXBHvmGGq&Expires=1778000799&Signature=vt2WWWx9ANS1a256GrtyQwcD3WU%3D,63070422,2026-05-02,MKT,2,2026-05-01 08:31:09,2026-05-02 11:24:13,EGCC-tasneemmahmoud,前端销售部002组,,已结束,-,未拨打,非首次分配,1.0,2026-05-03 20:00 ~ 20:30,end,,,,yes,no,good_need,normal,not_followed_after_trial,price_issue,close_payment,good_need | normal | not_followed_after_trial | price_issue
61702293,EGCC-fatmamohamed,2310(Maqsam),2026-05-02 18:47:12,,,,双方接通,http://pd-fscall-record.oss-cn-hongkong.aliyuncs.com/2026-05-02/maqsam-FatmaMohamed.301297526.mp3?OSSAccessKeyId=LTAI5t8sBUhKT5YzXBHvmGGq&Expires=1778000800&Signature=heTtAySik1i%2BMAmsNP2Nq%2F0RZRg%3D,61702293,2026-05-02,MKT,2,2025-11-03 11:54:26,2026-04-30 14:06:31,EGCC-fatmamohamed,前端销售部002组,,已结束,-,未拨打,非首次分配,1.0,2026-05-02 14:00 ~ 14:30,end,,,,yes,no,good_need,normal,not_followed_after_trial,price_issue,close_payment,good_need | normal | not_followed_after_trial | price_issue
62146402,EGCC-maiwaheed,2313(Maqsam),2026-05-02 18:45:39,,,,双方接通,http://pd-fscall-record.oss-cn-hongkong.aliyuncs.com/2026-05-02/maqsam-MaiWaheed.301296983.mp3?OSSAccessKeyId=LTAI5t8sBUhKT5YzXBHvmGGq&Expires=1778000800&Signature=qiT9i1AkOG%2FOis%2FVigZKxrB3Dxo%3D,62146402,2026-05-02,MKT,1,2025-12-27 06:10:33,2025-12-27 06:11:33,EGCC-maiwaheed,前端销售部002组,,已结束,-,未拨打,首次分配,1.0,2025-12-28 20:00 ~ 20:30,end,,,,yes,no,good_need,normal,not_followed_after_trial,price_issue,close_payment,good_need | normal | not_followed_after_trial | price_issue
61469752,51nadamuhammad,2245(Maqsam),2026-05-02 18:41:49,,,,双方接通,http://pd-fscall-record.oss-cn-hongkong.aliyuncs.com/2026-05-02/maqsam-NadaMuhammad.301295571.mp3?OSSAccessKeyId=LTAI5t8sBUhKT5YzXBHvmGGq&Expires=1778000801&Signature=Vmj%2B3EQD4Xbdcp25urOu84nLGkg%3D,61469752,2026-05-02,,,,,,,,,,,,,,,,,,no,no,no_trial_or_not_aware,normal,no_issue,unknown,manual_review,no_trial_or_not_aware | normal | no_issue | unknown
0,EGCC-fatmamohamed,2310(Maqsam),2026-05-02 18:36:32,,,,双方接通,http://pd-fscall-record.oss-cn-hongkong.aliyuncs.com/2026-05-02/maqsam-FatmaMohamed.301293652.mp3?OSSAccessKeyId=LTAI5t8sBUhKT5YzXBHvmGGq&Expires=1778000801&Signature=I%2BV%2FPNemXhPWI6uvAShrt4KKfcI%3D,0,2026-05-02,,,,,,,,,,,,,,,,,,no,no,no_trial_or_not_aware,normal,no_issue,unknown,manual_review,no_trial_or_not_aware | normal | no_issue | unknown
61914351,51nadamuhammad,2245(Maqsam),2026-05-02 18:34:05,,,,双方接通,http://pd-fscall-record.oss-cn-hongkong.aliyuncs.com/2026-05-02/maqsam-NadaMuhammad.301292824.mp3?OSSAccessKeyId=LTAI5t8sBUhKT5YzXBHvmGGq&Expires=1778000802&Signature=OE0rMM3pELkEmQwFKkheyHJF1vo%3D,61914351,2026-05-02,MKT,2,2025-11-26 10:16:03,2026-04-30 15:38:16,51nadamuhammad,前端销售部002组,,已结束,-,未拨打,非首次分配,,,,,,,no,no,no_trial_or_not_aware,normal,no_issue,unknown,manual_review,no_trial_or_not_aware | normal | no_issue | unknown
63073573,51nadamuhammad,2245(Maqsam),2026-05-02 18:29:54,,,,双方接通,http://pd-fscall-record.oss-cn-hongkong.aliyuncs.com/2026-05-02/maqsam-NadaMuhammad.301291429.mp3?OSSAccessKeyId=LTAI5t8sBUhKT5YzXBHvmGGq&Expires=1778000803&Signature=AaFR3rihlp3VIhaN4pV64yjUTz0%3D,63073573,2026-05-02,MKT,1,2026-05-01 20:00:29,2026-05-01 20:01:30,51nadamuhammad,前端销售部002组,,已取消,-,未拨打,首次分配,1.0,2026-05-04 20:00 ~ 20:30,cancel,,,,yes,no,weak_need,normal,no_issue,schedule_issue,rebook_trial,weak_need | normal | no_issue | schedule_issue
63050936,EGCC-maiwaheed,2313(Maqsam),2026-05-02 18:29:43,,,,双方接通,http://pd-fscall-record.oss-cn-hongkong.aliyuncs.com/2026-05-02/maqsam-MaiWaheed.301291376.mp3?OSSAccessKeyId=LTAI5t8sBUhKT5YzXBHvmGGq&Expires=1778000803&Signature=hh3MvNlAPpXSHC4P95YEQpuJYhE%3D,63050936,2026-05-02,MKT,2,2026-04-28 22:09:07,2026-04-29 12:03:12,EGCC-maiwaheed,前端销售部002组,,已取消,-,未拨打,非首次分配,,,,,,,no,no,no_trial_or_not_aware,normal,no_issue,unknown,manual_review,no_trial_or_not_aware | normal | no_issue | unknown
63072131,EGCC-fatmamohamed,2310(Maqsam),2026-05-02 18:18:36,,,,双方接通,http://pd-fscall-record.oss-cn-hongkong.aliyuncs.com/2026-05-02/maqsam-FatmaMohamed.301288118.mp3?OSSAccessKeyId=LTAI5t8sBUhKT5YzXBHvmGGq&Expires=1778000804&Signature=6kZZ9uaTCj5Kqh4qucjp6SkEtYg%3D,63072131,2026-05-02,MKT,2,2026-05-01 14:32:28,2026-05-02 12:04:38,EGCC-fatmamohamed,前端销售部002组,,学生缺席,-,未拨打,非首次分配,2.0,2026-05-03 16:00 ~ 16:30,s_absent,,,,yes,no,weak_need,normal,no_issue,low_interest,rebook_trial,weak_need | normal | no_issue | low_interest
63070940,EGCC-tasneemmahmoud,2311(Maqsam),2026-05-02 18:03:36,,,,双方接通,http://pd-fscall-record.oss-cn-hongkong.aliyuncs.com/2026-05-02/maqsam-TasneemMahmoud.301283505.mp3?OSSAccessKeyId=LTAI5t8sBUhKT5YzXBHvmGGq&Expires=1778000807&Signature=rc43tJrNPq%2Fw2%2FsQ0NpOh%2FVare4%3D,63070940,2026-05-02,MKT,1,2026-05-01 10:47:34,2026-05-01 10:48:35,EGCC-tasneemmahmoud,前端销售部002组,,已取消,-,未拨打,首次分配,2.0,2026-05-03 18:30 ~ 19:00,cancel,,,,yes,no,weak_need,normal,no_issue,schedule_issue,rebook_trial,weak_need | normal | no_issue | schedule_issue
58313356,51nadamuhammad,2245(Maqsam),2026-05-02 18:01:38,,,,双方接通,http://pd-fscall-record.oss-cn-hongkong.aliyuncs.com/2026-05-02/maqsam-NadaMuhammad.301282834.mp3?OSSAccessKeyId=LTAI5t8sBUhKT5YzXBHvmGGq&Expires=1778000807&Signature=JfIBduApEv215Jrcorl6NuDsTgg%3D,58313356,2026-05-02,,,,,,,,,,,,,,,,,,no,no,no_trial_or_not_aware,normal,no_issue,unknown,manual_review,no_trial_or_not_aware | normal | no_issue | unknown
63070940,EGCC-tasneemmahmoud,2311(Maqsam),2026-05-02 17:57:37,,,,双方接通,http://pd-fscall-record.oss-cn-hongkong.aliyuncs.com/2026-05-02/maqsam-TasneemMahmoud.301281457.mp3?OSSAccessKeyId=LTAI5t8sBUhKT5YzXBHvmGGq&Expires=1778000808&Signature=QM%2FgXpOKVIpHXf4Npmys242wq2A%3D,63070940,2026-05-02,MKT,1,2026-05-01 10:47:34,2026-05-01 10:48:35,EGCC-tasneemmahmoud,前端销售部002组,,已取消,-,未拨打,首次分配,2.0,2026-05-03 18:30 ~ 19:00,cancel,,,,yes,no,weak_need,normal,no_issue,schedule_issue,rebook_trial,weak_need | normal | no_issue | schedule_issue
63070940,EGCC-tasneemmahmoud,2311(Maqsam),2026-05-02 17:55:56,,,,双方接通,http://pd-fscall-record.oss-cn-hongkong.aliyuncs.com/2026-05-02/maqsam-TasneemMahmoud.301280861.mp3?OSSAccessKeyId=LTAI5t8sBUhKT5YzXBHvmGGq&Expires=1778000808&Signature=UGKupbDODE9ZnvhY%2FdPC97Y%2BZwc%3D,63070940,2026-05-02,MKT,1,2026-05-01 10:47:34,2026-05-01 10:48:35,EGCC-tasneemmahmoud,前端销售部002组,,已取消,-,未拨打,首次分配,2.0,2026-05-03 18:30 ~ 19:00,cancel,,,,yes,no,weak_need,normal,no_issue,schedule_issue,rebook_trial,weak_need | normal | no_issue | schedule_issue
63068346,EGCC-maiwaheed,2313(Maqsam),2026-05-02 17:46:16,,,,双方接通,http://pd-fscall-record.oss-cn-hongkong.aliyuncs.com/2026-05-02/maqsam-MaiWaheed.301277220.mp3?OSSAccessKeyId=LTAI5t8sBUhKT5YzXBHvmGGq&Expires=1778000809&Signature=x69LxxUXV5vaLtwJcWaYBreg7bg%3D,63068346,2026-05-02,MKT,1,2026-05-01 00:22:05,2026-05-01 00:23:06,EGCC-maiwaheed,前端销售部002组,,已结束,-,未拨打,首次分配,2.0,2026-05-03 18:00 ~ 18:30,cancel,,,,yes,no,weak_need,normal,no_issue,schedule_issue,rebook_trial,weak_need | normal | no_issue | schedule_issue
63070913,EGCC-maiwaheed,2313(Maqsam),2026-05-02 17:39:55,,,,双方接通,http://pd-fscall-record.oss-cn-hongkong.aliyuncs.com/2026-05-02/maqsam-MaiWaheed.301274614.mp3?OSSAccessKeyId=LTAI5t8sBUhKT5YzXBHvmGGq&Expires=1778000810&Signature=iJIRZvQr9rdv2wnGNwukIMMNkQg%3D,63070913,2026-05-02,MKT,2,2026-05-01 10:16:12,2026-05-02 12:05:26,EGCC-maiwaheed,前端销售部002组,,已取消,-,未拨打,非首次分配,1.0,2026-05-03 15:00 ~ 15:30,cancel,,,,yes,no,weak_need,normal,no_issue,schedule_issue,rebook_trial,weak_need | normal | no_issue | schedule_issue
63071980,EGCC-maiwaheed,2313(Maqsam),2026-05-02 17:34:01,,,,双方接通,http://pd-fscall-record.oss-cn-hongkong.aliyuncs.com/2026-05-02/maqsam-MaiWaheed.301272272.mp3?OSSAccessKeyId=LTAI5t8sBUhKT5YzXBHvmGGq&Expires=1778000811&Signature=3fmnmVZNryFGPaOh2OxSq4nA840%3D,63071980,2026-05-02,MKT,2,2026-05-01 14:31:51,2026-05-02 11:23:40,EGCC-maiwaheed,前端销售部002组,,已结束,-,未拨打,非首次分配,3.0,2026-05-03 20:30 ~ 21:00,cancel,,,,yes,no,weak_need,normal,no_issue,schedule_issue,rebook_trial,weak_need | normal | no_issue | schedule_issue
63073854,EGCC-maiwaheed,2313(Maqsam),2026-05-02 17:32:35,,,,双方接通,http://pd-fscall-record.oss-cn-hongkong.aliyuncs.com/2026-05-02/maqsam-MaiWaheed.301271673.mp3?OSSAccessKeyId=LTAI5t8sBUhKT5YzXBHvmGGq&Expires=1778000811&Signature=gHh%2Bo452W%2Fc7f1QIf5Fvxqwv1ZU%3D,63073854,2026-05-02,MKT,1,2026-05-01 21:16:52,2026-05-01 21:17:53,EGCC-maiwaheed,前端销售部002组,,已结束,-,未拨打,首次分配,1.0,2026-05-03 16:00 ~ 16:30,end,,,,yes,no,good_need,normal,not_followed_after_trial,price_issue,close_payment,good_need | normal | not_followed_after_trial | price_issue
0,EGCC-tasneemmahmoud,2311(Maqsam),2026-05-02 17:29:06,,,,双方接通,http://pd-fscall-record.oss-cn-hongkong.aliyuncs.com/2026-05-02/maqsam-TasneemMahmoud.301270276.mp3?OSSAccessKeyId=LTAI5t8sBUhKT5YzXBHvmGGq&Expires=1778000811&Signature=hjR5wEOarQkW8ff3TmVC%2BXofINk%3D,0,2026-05-02,,,,,,,,,,,,,,,,,,no,no,no_trial_or_not_aware,normal,no_issue,unknown,manual_review,no_trial_or_not_aware | normal | no_issue | unknown
63014247,51nadamuhammad,2245(Maqsam),2026-05-01 02:19:01,,,,双方接通,http://pd-fscall-record.oss-cn-hongkong.aliyuncs.com/2026-05-01/maqsam-NadaMuhammad.301005561.mp3?OSSAccessKeyId=LTAI5t8sBUhKT5YzXBHvmGGq&Expires=1778000813&Signature=bV5D%2FfOYVgqHD6oxoBTDsmDChQM%3D,63014247,2026-05-01,MKT,2,2026-04-25 10:44:41,2026-04-25 13:23:25,51nadamuhammad,前端销售部002组,,学生缺席,-,未拨打,非首次分配,1.0,2026-04-26 19:00 ~ 19:30,s_absent,,,,yes,no,weak_need,normal,no_issue,low_interest,rebook_trial,weak_need | normal | no_issue | low_interest
62874755,EGCC-tasneemmahmoud,2311(Maqsam),2026-05-01 01:31:40,,,,双方接通,http://pd-fscall-record.oss-cn-hongkong.aliyuncs.com/2026-05-01/maqsam-TasneemMahmoud.300996998.mp3?OSSAccessKeyId=LTAI5t8sBUhKT5YzXBHvmGGq&Expires=1778000814&Signature=K9smGUnTTxMPWffOkmGNwBsmfgA%3D,62874755,2026-05-01,MKT,2,2026-04-07 04:38:21,2026-04-07 17:33:08,EGCC-tasneemmahmoud,前端销售部002组,,已结束,-,未拨打,非首次分配,1.0,2026-04-09 17:30 ~ 18:00,end,,,,yes,no,good_need,normal,not_followed_after_trial,price_issue,close_payment,good_need | normal | not_followed_after_trial | price_issue
58313356,51nadamuhammad,2245(Maqsam),2026-05-01 01:20:25,,,,双方接通,http://pd-fscall-record.oss-cn-hongkong.aliyuncs.com/2026-05-01/maqsam-NadaMuhammad.300994960.mp3?OSSAccessKeyId=LTAI5t8sBUhKT5YzXBHvmGGq&Expires=1778000814&Signature=xbxLgt8rt5xe9zeUktlpLZvO1Es%3D,58313356,2026-05-01,,,,,,,,,,,,,,,,,,no,no,no_trial_or_not_aware,normal,no_issue,unknown,manual_review,no_trial_or_not_aware | normal | no_issue | unknown
62338760,EGCC-maiwaheed,2313(Maqsam),2026-05-01 01:17:01,,,,双方接通,http://pd-fscall-record.oss-cn-hongkong.aliyuncs.com/2026-05-01/maqsam-MaiWaheed.300994429.mp3?OSSAccessKeyId=LTAI5t8sBUhKT5YzXBHvmGGq&Expires=1778000815&Signature=qqr4uR2YWFMU%2Bz2HIWBIZUebU7c%3D,62338760,2026-05-01,,,,,,,,,,,,,,,,,,no,no,no_trial_or_not_aware,normal,no_issue,unknown,manual_review,no_trial_or_not_aware | normal | no_issue | unknown
63046589,51nadamuhammad,2245(Maqsam),2026-05-01 01:06:43,,,,双方接通,http://pd-fscall-record.oss-cn-hongkong.aliyuncs.com/2026-05-01/maqsam-NadaMuhammad.300992643.mp3?OSSAccessKeyId=LTAI5t8sBUhKT5YzXBHvmGGq&Expires=1778000815&Signature=Mn4WjW7AC2NU7y7tL4Fcb0tHtn0%3D,63046589,2026-05-01,MKT,2,2026-04-28 14:11:23,2026-04-29 12:30:23,51nadamuhammad,前端销售部002组,,已结束,-,未拨打,非首次分配,,,,,,,no,no,no_trial_or_not_aware,normal,no_issue,unknown,manual_review,no_trial_or_not_aware | normal | no_issue | unknown
61850055,EGCC-tasneemmahmoud,2311(Maqsam),2026-05-01 00:56:12,,,,双方接通,http://pd-fscall-record.oss-cn-hongkong.aliyuncs.com/2026-05-01/maqsam-TasneemMahmoud.300990401.mp3?OSSAccessKeyId=LTAI5t8sBUhKT5YzXBHvmGGq&Expires=1778000816&Signature=Oksm4%2FfDQ8n7eBdIFDiFnfFF4Zs%3D,61850055,2026-05-01,MKT,2,2025-11-18 20:45:19,2026-04-30 19:31:34,EGCC-tasneemmahmoud,前端销售部002组,,已结束,-,未拨打,非首次分配,,,,,,,no,no,no_trial_or_not_aware,normal,no_issue,unknown,manual_review,no_trial_or_not_aware | normal | no_issue | unknown
61504669,EGCC-maiwaheed,2313(Maqsam),2026-05-01 00:55:59,,,,双方接通,http://pd-fscall-record.oss-cn-hongkong.aliyuncs.com/2026-05-01/maqsam-MaiWaheed.300990356.mp3?OSSAccessKeyId=LTAI5t8sBUhKT5YzXBHvmGGq&Expires=1778000816&Signature=BhktDWoKGDy0ah6%2FLrOH7gV1de8%3D,61504669,2026-05-01,,,,,,,,,,,,,,,,,,no,no,no_trial_or_not_aware,normal,no_issue,unknown,manual_review,no_trial_or_not_aware | normal | no_issue | unknown
62955658,51nadamuhammad,2245(Maqsam),2026-05-01 00:55:32,,,,双方接通,http://pd-fscall-record.oss-cn-hongkong.aliyuncs.com/2026-05-01/maqsam-NadaMuhammad.300990252.mp3?OSSAccessKeyId=LTAI5t8sBUhKT5YzXBHvmGGq&Expires=1778000817&Signature=vxZDqU5vMvbHD5g38bYIJTniaTA%3D,62955658,2026-05-01,MKT,2,2026-04-17 21:47:13,2026-04-30 19:54:38,51nadamuhammad,前端销售部002组,,已结束,-,未拨打,非首次分配,,,,,,,no,no,no_trial_or_not_aware,normal,no_issue,unknown,manual_review,no_trial_or_not_aware | normal | no_issue | unknown
0,EGCC-maiwaheed,2313(Maqsam),2026-05-01 00:44:36,,,,双方接通,http://pd-fscall-record.oss-cn-hongkong.aliyuncs.com/2026-05-01/maqsam-MaiWaheed.300987743.mp3?OSSAccessKeyId=LTAI5t8sBUhKT5YzXBHvmGGq&Expires=1778000819&Signature=x6q%2B3yfV8BZOPHeKqlSbzDCjUZU%3D,0,2026-05-01,,,,,,,,,,,,,,,,,,no,no,no_trial_or_not_aware,normal,no_issue,unknown,manual_review,no_trial_or_not_aware | normal | no_issue | unknown
63029054,EGCC-maiwaheed,2313(Maqsam),2026-05-01 00:40:48,,,,双方接通,http://pd-fscall-record.oss-cn-hongkong.aliyuncs.com/2026-05-01/maqsam-MaiWaheed.300986796.mp3?OSSAccessKeyId=LTAI5t8sBUhKT5YzXBHvmGGq&Expires=1778000819&Signature=jJ%2FublFbN4FhrtkQs6Pw43Rldh8%3D,63029054,2026-05-01,REF,1,2026-04-26 20:07:20,2026-04-26 20:07:26,EGCC-maiwaheed,前端销售部002组,,,-,未拨打,首次分配,,,,,,,no,no,no_trial_or_not_aware,normal,no_issue,unknown,manual_review,no_trial_or_not_aware | normal | no_issue | unknown
62470538,EGCC-tasneemmahmoud,2311(Maqsam),2026-05-01 00:40:23,,,,双方接通,http://pd-fscall-record.oss-cn-hongkong.aliyuncs.com/2026-05-01/maqsam-TasneemMahmoud.300986690.mp3?OSSAccessKeyId=LTAI5t8sBUhKT5YzXBHvmGGq&Expires=1778000820&Signature=xuxECxVLzPqE25WCfld1osIjbMk%3D,62470538,2026-05-01,MKT,2,2026-02-06 17:05:56,2026-04-30 19:30:54,EGCC-tasneemmahmoud,前端销售部002组,,已结束,-,未拨打,非首次分配,,,,,,,no,no,no_trial_or_not_aware,normal,no_issue,unknown,manual_review,no_trial_or_not_aware | normal | no_issue | unknown
0,EGCC-tasneemmahmoud,2311(Maqsam),2026-05-01 00:37:49,,,,双方接通,http://pd-fscall-record.oss-cn-hongkong.aliyuncs.com/2026-05-01/maqsam-TasneemMahmoud.300986078.mp3?OSSAccessKeyId=LTAI5t8sBUhKT5YzXBHvmGGq&Expires=1778000821&Signature=IilW1yyLklfLegzev12iKcMlTBY%3D,0,2026-05-01,,,,,,,,,,,,,,,,,,no,no,no_trial_or_not_aware,normal,no_issue,unknown,manual_review,no_trial_or_not_aware | normal | no_issue | unknown
0,EGCC-tasneemmahmoud,2311(Maqsam),2026-05-01 00:37:00,,,,双方接通,http://pd-fscall-record.oss-cn-hongkong.aliyuncs.com/2026-05-01/maqsam-TasneemMahmoud.300985907.mp3?OSSAccessKeyId=LTAI5t8sBUhKT5YzXBHvmGGq&Expires=1778000821&Signature=GPoce09Y4evN%2F7iL0ATcNg2PMog%3D,0,2026-05-01,,,,,,,,,,,,,,,,,,no,no,no_trial_or_not_aware,normal,no_issue,unknown,manual_review,no_trial_or_not_aware | normal | no_issue | unknown
0,EGCC-tasneemmahmoud,2311(Maqsam),2026-05-01 00:36:15,,,,双方接通,http://pd-fscall-record.oss-cn-hongkong.aliyuncs.com/2026-05-01/maqsam-TasneemMahmoud.300985732.mp3?OSSAccessKeyId=LTAI5t8sBUhKT5YzXBHvmGGq&Expires=1778000821&Signature=8BcRVI8gtjt5SAUkiQbQrV6GQKc%3D,0,2026-05-01,,,,,,,,,,,,,,,,,,no,no,no_trial_or_not_aware,normal,no_issue,unknown,manual_review,no_trial_or_not_aware | normal | no_issue | unknown
0,EGCC-tasneemmahmoud,2311(Maqsam),2026-05-01 00:34:33,,,,双方接通,http://pd-fscall-record.oss-cn-hongkong.aliyuncs.com/2026-05-01/maqsam-TasneemMahmoud.300985330.mp3?OSSAccessKeyId=LTAI5t8sBUhKT5YzXBHvmGGq&Expires=1778000822&Signature=STpOHrY%2FIhMaTodiUA%2BJLlI%2FeuA%3D,0,2026-05-01,,,,,,,,,,,,,,,,,,no,no,no_trial_or_not_aware,normal,no_issue,unknown,manual_review,no_trial_or_not_aware | normal | no_issue | unknown
62338760,EGCC-maiwaheed,2313(Maqsam),2026-05-01 00:34:25,,,,双方接通,http://pd-fscall-record.oss-cn-hongkong.aliyuncs.com/2026-05-01/maqsam-MaiWaheed.300985304.mp3?OSSAccessKeyId=LTAI5t8sBUhKT5YzXBHvmGGq&Expires=1778000822&Signature=o6gcBpdWDDnfdiPHdtL4Q1R%2BM98%3D,62338760,2026-05-01,,,,,,,,,,,,,,,,,,no,no,no_trial_or_not_aware,normal,no_issue,unknown,manual_review,no_trial_or_not_aware | normal | no_issue | unknown
0,EGCC-tasneemmahmoud,2311(Maqsam),2026-05-01 00:33:26,,,,双方接通,http://pd-fscall-record.oss-cn-hongkong.aliyuncs.com/2026-05-01/maqsam-TasneemMahmoud.300985059.mp3?OSSAccessKeyId=LTAI5t8sBUhKT5YzXBHvmGGq&Expires=1778000823&Signature=xVuVbtI2nKD1P8Q%2FQvIdks4P0hM%3D,0,2026-05-01,,,,,,,,,,,,,,,,,,no,no,no_trial_or_not_aware,normal,no_issue,unknown,manual_review,no_trial_or_not_aware | normal | no_issue | unknown
62338760,EGCC-maiwaheed,2313(Maqsam),2026-05-01 00:33:10,,,,双方接通,http://pd-fscall-record.oss-cn-hongkong.aliyuncs.com/2026-05-01/maqsam-MaiWaheed.300984998.mp3?OSSAccessKeyId=LTAI5t8sBUhKT5YzXBHvmGGq&Expires=1778000823&Signature=3ZJkl4jh19Y3GNMnlyfdGJf4axQ%3D,62338760,2026-05-01,,,,,,,,,,,,,,,,,,no,no,no_trial_or_not_aware,normal,no_issue,unknown,manual_review,no_trial_or_not_aware | normal | no_issue | unknown
63026872,EGCC-maiwaheed,2313(Maqsam),2026-05-01 00:29:59,,,,双方接通,http://pd-fscall-record.oss-cn-hongkong.aliyuncs.com/2026-05-01/maqsam-MaiWaheed.300984234.mp3?OSSAccessKeyId=LTAI5t8sBUhKT5YzXBHvmGGq&Expires=1778000823&Signature=2lU6WATdvMPFG%2Bjpa1cFbEocb9o%3D,63026872,2026-05-01,MKT,1,2026-04-26 15:54:14,2026-04-26 15:55:16,EGCC-maiwaheed,前端销售部002组,,已结束,-,未拨打,首次分配,2.0,2026-04-27 16:00 ~ 16:30,s_absent,,,,yes,no,weak_need,normal,no_issue,low_interest,rebook_trial,weak_need | normal | no_issue | low_interest
63056306,51nadamuhammad,2245(Maqsam),2026-05-01 00:27:02,,,,双方接通,http://pd-fscall-record.oss-cn-hongkong.aliyuncs.com/2026-05-01/maqsam-NadaMuhammad.300983531.mp3?OSSAccessKeyId=LTAI5t8sBUhKT5YzXBHvmGGq&Expires=1778000824&Signature=ChLdWLJV0HrcYCAvVE%2B%2Fh%2BuQA%2BM%3D,63056306,2026-05-01,REF,1,2026-04-29 13:41:07,2026-04-29 13:41:13,51nadamuhammad,前端销售部002组,,已结束,-,未拨打,首次分配,1.0,2026-04-30 19:00 ~ 19:30,end,,,,yes,no,good_need,normal,not_followed_after_trial,price_issue,close_payment,good_need | normal | not_followed_after_trial | price_issue
62969756,EGCC-maiwaheed,2313(Maqsam),2026-05-01 00:23:57,,,,双方接通,http://pd-fscall-record.oss-cn-hongkong.aliyuncs.com/2026-05-01/maqsam-MaiWaheed.300982798.mp3?OSSAccessKeyId=LTAI5t8sBUhKT5YzXBHvmGGq&Expires=1778000824&Signature=sVCkSYibw3l5KuHkU%2FdZkm9jT0o%3D,62969756,2026-05-01,MKT,1,2026-04-19 16:46:42,2026-04-19 16:47:43,EGCC-maiwaheed,前端销售部002组,,已结束,-,未拨打,首次分配,1.0,2026-04-19 19:00 ~ 19:30,end,,,,yes,no,good_need,normal,not_followed_after_trial,price_issue,close_payment,good_need | normal | not_followed_after_trial | price_issue
62539498,EGCC-maiwaheed,2313(Maqsam),2026-05-01 00:17:42,,,,双方接通,http://pd-fscall-record.oss-cn-hongkong.aliyuncs.com/2026-05-01/maqsam-MaiWaheed.300981380.mp3?OSSAccessKeyId=LTAI5t8sBUhKT5YzXBHvmGGq&Expires=1778000825&Signature=WmkR%2F%2Fflqwg3%2BpvAjWvL166O1zc%3D,62539498,2026-05-01,MKT,2,2026-02-17 16:23:49,2026-04-22 15:24:33,EGCC-maiwaheed,前端销售部002组,,已结束,-,未拨打,非首次分配,,,,,,,no,no,no_trial_or_not_aware,normal,no_issue,unknown,manual_review,no_trial_or_not_aware | normal | no_issue | unknown
62874755,EGCC-tasneemmahmoud,2311(Maqsam),2026-05-01 00:17:06,,,,双方接通,http://pd-fscall-record.oss-cn-hongkong.aliyuncs.com/2026-05-01/maqsam-TasneemMahmoud.300981248.mp3?OSSAccessKeyId=LTAI5t8sBUhKT5YzXBHvmGGq&Expires=1778000825&Signature=TWKmJ2lVyUdcZWXUEoH34tvuLho%3D,62874755,2026-05-01,MKT,2,2026-04-07 04:38:21,2026-04-07 17:33:08,EGCC-tasneemmahmoud,前端销售部002组,,已结束,-,未拨打,非首次分配,1.0,2026-04-09 17:30 ~ 18:00,end,,,,yes,no,good_need,normal,not_followed_after_trial,price_issue,close_payment,good_need | normal | not_followed_after_trial | price_issue
63017073,EGCC-tasneemmahmoud,2311(Maqsam),2026-05-01 00:13:54,,,,双方接通,http://pd-fscall-record.oss-cn-hongkong.aliyuncs.com/2026-05-01/maqsam-TasneemMahmoud.300980581.mp3?OSSAccessKeyId=LTAI5t8sBUhKT5YzXBHvmGGq&Expires=1778000826&Signature=AaKz%2FDzMqDys1cJkQm5uGEB1YSI%3D,63017073,2026-05-01,MKT,1,2026-04-25 16:25:09,2026-04-25 16:26:09,EGCC-tasneemmahmoud,前端销售部002组,,已结束,-,未拨打,首次分配,1.0,2026-04-26 16:30 ~ 17:00,end,,,,yes,no,good_need,normal,not_followed_after_trial,price_issue,close_payment,good_need | normal | not_followed_after_trial | price_issue
62174096,EGCC-maiwaheed,2313(Maqsam),2026-05-01 00:01:16,,,,双方接通,http://pd-fscall-record.oss-cn-hongkong.aliyuncs.com/2026-05-01/maqsam-MaiWaheed.300977903.mp3?OSSAccessKeyId=LTAI5t8sBUhKT5YzXBHvmGGq&Expires=1778000827&Signature=i8oKKDYUoZuT99tdyWotk0maMck%3D,62174096,2026-05-01,,,,,,,,,,,,,,,1.0,319.0,2025/12/30 20:40,no,yes,no_trial_or_not_aware,normal,no_issue,unknown,renewal_followup,no_trial_or_not_aware | normal | no_issue | unknown
0,EGCC-maiwaheed,2313(Maqsam),2026-05-05 22:52:19,,,,双方接通,http://pd-fscall-record.oss-cn-hongkong.aliyuncs.com/2026-05-05/maqsam-MaiWaheed.302264427.mp3?OSSAccessKeyId=LTAI5t8sBUhKT5YzXBHvmGGq&Expires=1778000610&Signature=5e%2B0rQoBhjLGWoEksrdrDAcbBXA%3D,0,2026-05-05,,,,,,,,,,,,,,,,,,no,no,no_trial_or_not_aware,normal,no_issue,unknown,manual_review,no_trial_or_not_aware | normal | no_issue | unknown
63087348,EGCC-maiwaheed,2313(Maqsam),2026-05-05 22:51:38,,,,双方接通,http://pd-fscall-record.oss-cn-hongkong.aliyuncs.com/2026-05-05/maqsam-MaiWaheed.302264225.mp3?OSSAccessKeyId=LTAI5t8sBUhKT5YzXBHvmGGq&Expires=1778000611&Signature=uNYpaVrr%2F3DodsZ2NVZxtqjSgT4%3D,63087348,2026-05-05,MKT,1,2026-05-03 17:11:41,2026-05-03 17:12:42,EGCC-maiwaheed,前端销售部002组,,未开始或未结束,-,未拨打,首次分配,2.0,2026-05-05 19:00 ~ 19:30,end,,,,yes,no,good_need,normal,not_followed_after_trial,price_issue,close_payment,good_need | normal | not_followed_after_trial | price_issue
62875812,EGCC-fatmamohamed,2310(Maqsam),2026-05-05 22:31:08,,,,双方接通,http://pd-fscall-record.oss-cn-hongkong.aliyuncs.com/2026-05-05/maqsam-FatmaMohamed.302256858.mp3?OSSAccessKeyId=LTAI5t8sBUhKT5YzXBHvmGGq&Expires=1778000611&Signature=8FBf%2FrhxkjHxX108Q%2FK4wj6nC0k%3D,62875812,2026-05-05,MKT,1,2026-04-07 07:05:32,2026-04-07 07:06:33,EGCC-fatmamohamed,前端销售部002组,,未开始或未结束,-,未拨打,首次分配,2.0,2026-05-05 17:00 ~ 17:30,end,,,,yes,no,good_need,normal,not_followed_after_trial,price_issue,close_payment,good_need | normal | not_followed_after_trial | price_issue
63096335,EGCC-maiwaheed,2313(Maqsam),2026-05-05 21:36:55,,,,双方接通,http://pd-fscall-record.oss-cn-hongkong.aliyuncs.com/2026-05-05/maqsam-MaiWaheed.302235405.mp3?OSSAccessKeyId=LTAI5t8sBUhKT5YzXBHvmGGq&Expires=1778000614&Signature=hnF9NCTqLqZ6b6nRSrGXXgg0OYk%3D,63096335,2026-05-05,,,,,,,,,,,,1.0,2026-05-05 20:00 ~ 20:30,cancel,,,,yes,no,weak_need,normal,no_issue,schedule_issue,rebook_trial,weak_need | normal | no_issue | schedule_issue
